doctor_name,qualification,specialization,designation,chamber,division,image_url,profile_url,,
Prof. Dr. Mahboob-E-Haseeb Shahryar Sabet,"MBBS, FCPS (Surgery), MD (USA)","Neurosurgery (Brain, Nerve, Spine Surgery) Specialist","Senior Consultant, Neurosurgery",Uttara Adhunik Medical College & Hospital,Barishal,https://doctorsdirectory.com.bd/wp-content/uploads/2025/02/Dr.-M.H.-Shahryer-Sabet.jpg,https://doctorsdirectory.com.bd/add-doctor/prof-dr-mahboob-e-haseeb-shahryar-sabet/,,
Prof. Dr. Golam Mahmud Selim,"MBBS, FCPS (Medicine), FACP (USA), FRCP (Glasgow), FRCP (Edinburgh)",Medicine Specialist,"Former Professor & Head, Department of Medicine",Sher-E-Bangla Medical College & Hospital,Barishal,https://doctorsdirectory.com.bd/wp-content/uploads/2025/02/Prof.-Dr.-Golam-Mahmud-Selim.jpg,https://doctorsdirectory.com.bd/add-doctor/prof-dr-golam-mahmud-selim/,,
Dr. Masum Ahmed,"MBBS, FCPS (Medicine), MD (Chest Diseases)",Chest Diseases & Medicine Specialist,"Assistant Professor, Respiratory Medicine",Sher-E-Bangla Medical College & Hospital,Barishal,https://doctorsdirectory.com.bd/wp-content/uploads/2025/02/Dr.-Masum-Ahmed.jpg,https://doctorsdirectory.com.bd/add-doctor/dr-masum-ahmed/,,
Dr. M. Saleh Uddin,"MBBS, MCPS (Medicine), MD (Cardiology), FICC, FCSI, FACP, FISC, FCCP (USA)","Medicine, Cardiology, Rheumatology & Hypertension Specialist","Associate Professor & Head, Cardiology",Sher-E-Bangla Medical College & Hospital,Barishal,https://doctorsdirectory.com.bd/wp-content/uploads/2025/02/Dr.-M.-Saleh-Uddin.jpg,https://doctorsdirectory.com.bd/add-doctor/dr-m-saleh-uddin/,,
Dr. Md. Mohsin Howlader,"MBBS, FCPS (Radiotherapy)",Cancer Specialist,"Consultant, Radiotherapy",Sher-E-Bangla Medical College & Hospital,Barishal,https://doctorsdirectory.com.bd/wp-content/uploads/2025/02/Dr.-Md.-Mohsin-Howlader.jpg,https://doctorsdirectory.com.bd/add-doctor/dr-md-mohsin-howlader/,,
Dr. Amitabh Sarkar,"MBBS, MD (Neurology)","Brain, Stroke, Nerve, Medicine & Neuromedicine Specialist","Consultant, Neurology",Sher-E-Bangla Medical College & Hospital,Barishal,https://doctorsdirectory.com.bd/wp-content/uploads/2025/02/Dr.-Amitabh-Sarkar.jpg,https://doctorsdirectory.com.bd/add-doctor/dr-amitabh-sarkar/,,
Dr. Shahnaz Shimul,"MBBS, BCS (Health), DGO (BSMMU)",Gynecologist & Surgeon,"Consultant, Gynecology & Obstetrics",Sher-E-Bangla Medical College & Hospital,Barishal,https://doctorsdirectory.com.bd/wp-content/uploads/2025/02/Dr.-Shahnaz-Shimul.jpg,https://doctorsdirectory.com.bd/add-doctor/dr-shahnaz-shimul/,,
Dr. Md. Mushfiquzzaman,"MBBS, BCS (Health), D-CARD (NICVD)",Cardiology & Heart Specialist,"Consultant, Cardiology",Sher-E-Bangla Medical College & Hospital,Barishal,https://doctorsdirectory.com.bd/wp-content/uploads/2025/02/Dr.-Md.-Mushfiquzzaman.jpg,https://doctorsdirectory.com.bd/add-doctor/dr-md-mushfiquzzaman/,,
Dr. Shamim Ahmed,"MBBS, BCS (Health), FCPS (Medicine), MD (Cardiology)","Cardiology, Diabetes & Medicine Specialist","Consultant, Cardiology",National Institute of Cardiovascular Diseases & Hospital,Barishal,https://doctorsdirectory.com.bd/wp-content/uploads/2025/02/Dr.-Shamim-Ahmed.jpg,https://doctorsdirectory.com.bd/add-doctor/dr-shamim-ahmed/,,
Dr. A K Choudhary Apurba,"MBBS, BCS (Health), MS (CVTS)",Cardiovascular & Thoracic Specialist Surgeon,"Consultant Surgeon, Cardiac Surgery",Sher-E-Bangla Medical College & Hospital,Barishal,https://doctorsdirectory.com.bd/wp-content/uploads/2025/02/Dr.-A-K-Choudhary-Apurba.jpg,https://doctorsdirectory.com.bd/add-doctor/dr-a-k-choudhary-apurba/,,
Dr. Md. Afjal Hossain,"MBBS, BCS (Health), MD (Cardiology), MACP (USA)","Cardiology (Heart Diseases, Hypertension, Rheumatic Fever) Specialist","Cardiologist, Cardiology",Sher-E-Bangla Medical College & Hospital,Barishal,https://doctorsdirectory.com.bd/wp-content/uploads/2025/02/Dr.-Md.-Afjal-Hossain.jpg,https://doctorsdirectory.com.bd/add-doctor/dr-md-afjal-hossain/,,
Dr. Sharafat Nurul Islam,"MBBS (DMC), BCS (Health), FCPS (Medicine), MD (Cardiology)",Cardiology & Medicine Specialist,"Associate Professor & Head, Cardiology",Sher-E-Bangla Medical College & Hospital,Barishal,https://doctorsdirectory.com.bd/wp-content/uploads/2025/02/Dr.-Sharafat-Nurul-Islam.jpg,https://doctorsdirectory.com.bd/add-doctor/dr-sharafat-nurul-islam/,,
Dr. Sirajus Salekin,"MBBS, BCS (Health), MD (Oncology)",Cancer Specialist,Indoor Medical Officer,Sher-E-Bangla Medical College & Hospital,Barishal,https://doctorsdirectory.com.bd/wp-content/uploads/2025/02/Dr-Sirajus-Salekin.jpg,https://doctorsdirectory.com.bd/add-doctor/dr-sirajus-salekin/,,
Dr. Farhana Khan,"MBBS, BCS (Health), MD (Oncology)",Cancer Specialist,"Consultant, Radiotherapy",Sher-E-Bangla Medical College & Hospital,Barishal,https://doctorsdirectory.com.bd/wp-content/uploads/2025/02/Dr.-Farhana-Khan.jpg,https://doctorsdirectory.com.bd/add-doctor/dr-farhana-khan/,,
Dr. A.N.M. Mainul Islam,"MBBS (Dhaka), BCS (Health), MPhil (Radiotherapy)",Cancer & Tumor Specialist,"Assistant Professor & Head, Radiotherapy",Sher-E-Bangla Medical College & Hospital,Barishal,https://doctorsdirectory.com.bd/wp-content/uploads/2025/02/Dr.-A.N.M.-Mainul-Islam.jpg,https://doctorsdirectory.com.bd/add-doctor/dr-a-n-m-mainul-islam/,,
Dr. Masreful Islam Saikat,"MBBS, BCS (Health), D-ORTHO (NITOR)","Bone-Joint, Arthritis, Orthopedic Specialist & Trauma Surgeon","Consultant, Orthopedic Surgery",Sher-E-Bangla Medical College & Hospital,Barishal,https://doctorsdirectory.com.bd/wp-content/uploads/2025/02/Dr.-Masreful-Islam-Saikat.jpg,https://doctorsdirectory.com.bd/add-doctor/dr-masreful-islam-saikat/,,
Dr. Anwar Hossain Bablu,"MBBS, FCPS (Medicine), MD (Neurology)","Brain, Nerve, Spine, Stroke & Neuromedicine Specialist","Assistant Professor, Neuromedicine",Sher-E-Bangla Medical College & Hospital,Barishal,https://doctorsdirectory.com.bd/wp-content/uploads/2025/02/Dr.-Anwar-Hossain-Bablu.jpg,https://doctorsdirectory.com.bd/add-doctor/dr-anwar-hossain-bablu/,,
Dr. Indrani Kar,"MBBS (DU), BCS (Health), FCPS (OBGYN)",Gynecologist & Surgeon,"Consultant, Gynecology & Obstetrics",Sher-E-Bangla Medical College & Hospital,Barishal,https://doctorsdirectory.com.bd/wp-content/uploads/2025/02/Dr.-Indrani-Kar.jpg,https://doctorsdirectory.com.bd/add-doctor/dr-indrani-kar/,,
Dr. Md. Aminul Haque,"MBBS, BCS (Health), FCPS (ENT)","Ear, Nose, Throat Specialist & Head Neck Surgeon","Consultant, ENT",Sher-E-Bangla Medical College & Hospital,Barishal,https://doctorsdirectory.com.bd/wp-content/uploads/2025/02/Dr.-Md.-Aminul-Haque.jpg,https://doctorsdirectory.com.bd/add-doctor/dr-md-aminul-haque/,,
Prof. Dr. Syed Zahid Hossain,"MBBS, FCPS (Pediatrics), D-MED (AU), Fellow (AU)",Child Diseases Specialist,"Former Professor & Head, Pediatrics",Sher-E-Bangla Medical College & Hospital,Barishal,https://doctorsdirectory.com.bd/wp-content/uploads/2025/02/Prof.-Dr.-Syed-Zahid-Hossain.jpg,https://doctorsdirectory.com.bd/add-doctor/prof-dr-syed-zahid-hossain/,,
Dr. M.K. Zaman,"MBBS, FMD (Medicine), CCD (BIRDEM)",Medicine & Diabetes Specialist,"Consultant, Department of Medicine",Sher-E-Bangla Medical College & Hospital,Barishal,https://doctorsdirectory.com.bd/wp-content/uploads/2025/02/Dr.-M.K.-Zaman.jpg,https://doctorsdirectory.com.bd/add-doctor/dr-m-k-zaman/,,
Dr. Mohammed Ali Rumi,"MBBS, BCS (Health), MD (Nephrology)",Kidney Diseases Specialist,"Assistant Professor & Head, Nephrology",Sher-E-Bangla Medical College & Hospital,Barishal,https://doctorsdirectory.com.bd/wp-content/uploads/2025/02/Dr.-Mohammed-Ali-Rumi.jpg,https://doctorsdirectory.com.bd/add-doctor/dr-mohammed-ali-rumi/,,
Dr. Md. Samsul Arafin (Rana),"MBBS (MMC), BCS (HEALTH), MD (HEPATOLOGY)-BSMMU",Gastro-Liver & Medicine Specialist,"Consultant, Hepatology",Sher-E-Bangla Medical College & Hospital,Barishal,https://doctorsdirectory.com.bd/wp-content/uploads/2025/02/Dr.-Md.-Samsul-Arafin-Rana.jpg,https://doctorsdirectory.com.bd/add-doctor/dr-md-samsul-arafin-rana/,,
Dr. Md. Nazmul Islam,"MBBS, BCS (Health), FCPS (ENT), MCPS (ENT), DLO (ENT)",ENT Specialist & Head Neck Surgeon,"Consultant, ENT","General Hospital, Barisal",Barishal,https://doctorsdirectory.com.bd/wp-content/uploads/2025/02/Dr.-Nazmul-Islam.jpg,https://doctorsdirectory.com.bd/add-doctor/dr-md-nazmul-islam/,,
Dr. Manabendra Das,"MBBS, MD (Nephrology)","Kidney Diseases, Dialysis & Medicine Specialist","Resident Physician, Nephrology",Sher-E-Bangla Medical College & Hospital,Barishal,https://doctorsdirectory.com.bd/wp-content/uploads/2025/02/Dr.-Manabendra-Das.jpg,https://doctorsdirectory.com.bd/add-doctor/dr-manabendra-das/,,
Dr. M. Shariful Islam Rumen,"MBBS (Dhaka), BCS (Health), FCPS (ENT)","Ear, Nose, Throat Specialist & Head Neck Surgeon",Higher Training in Ear Microsurgery & Endoscopic Sinus Surgery (India),Sher-E-Bangla Medical College & Hospital,Barishal,https://doctorsdirectory.com.bd/wp-content/uploads/2025/02/Dr.-M.-Shariful-Islam-Rumen.jpg,https://doctorsdirectory.com.bd/add-doctor/dr-m-shariful-islam-rumen/,,
Dr. Md. Nurul Alam,"MBBS, DCH, FCPS (Pediatrics)",Child Specialist,"Resident Physician, Pediatrics",Sher-E-Bangla Medical College & Hospital,Barishal,https://doctorsdirectory.com.bd/wp-content/uploads/2025/02/Dr.-Md.-Nurul-Alam.jpg,https://doctorsdirectory.com.bd/add-doctor/dr-md-nurul-alam/,,
Prof. Dr. M.R. Talukdar Mujib,"MBBS (Dhaka), MD (Child Health)","Neonatal, Adolescent & Child Diseases Specialist","Professor & Head, Pediatrics",Sher-E-Bangla Medical College & Hospital,Barishal,https://doctorsdirectory.com.bd/wp-content/uploads/2025/02/Prof.-Dr.-M.R.-Talukdar-Mujib.jpg,https://doctorsdirectory.com.bd/add-doctor/prof-dr-m-r-talukdar-mujib/,,
Dr. Mahmudul Hasan Banna,"MBBS, BCS (Health), DTCD (BSMMU), CCD (BIRDEM), FCCP (USA)",Chest Diseases & Diabetes Specialist,"Consultant, Chest Diseases","TB Hospital, Barisal",Barishal,https://doctorsdirectory.com.bd/wp-content/uploads/2025/02/Dr.-Mahmudul-Hasan-Banna.jpg,https://doctorsdirectory.com.bd/add-doctor/dr-mahmudul-hasan-banna/,,
Dr. Biplob Kumar Das,"MBBS, DDV","Skin, Allergy, Leprosy & Sex Diseases Specialist","Associate Professor, Dermatology",Sher-E-Bangla Medical College & Hospital,Barishal,https://doctorsdirectory.com.bd/wp-content/uploads/2025/02/Dr.-Biplob-Kumar-Das-.jpg,https://doctorsdirectory.com.bd/add-doctor/dr-biplob-kumar-das/,,
Dr. S. M. Zahid Hasan,"MBBS, MD (Russia), CO (EYE), PhD (EYE)",Eye Specialist & Phaco Surgeon,"Consultant, Eye","BellView Hospital & Medical Services, Barisal",Barishal,https://doctorsdirectory.com.bd/wp-content/uploads/2025/02/Dr.-S.-M.-Zahid-Hasan-.jpg,https://doctorsdirectory.com.bd/add-doctor/dr-s-m-zahid-hasan/,,
Dr. Ashish Kumar Halder,"MBBS (Dhaka), DCH (Pediatrics), FCPS (Pediatrics)",Neonatal & Child Diseases Specialist,"Assistant Professor, Pediatrics",Sher-E-Bangla Medical College & Hospital,Barishal,https://doctorsdirectory.com.bd/wp-content/uploads/2025/02/Dr.-Ashish-Kumar-Halder.jpg,https://doctorsdirectory.com.bd/add-doctor/dr-ashish-kumar-halder/,,
Prof. Dr. Md. Zakir Hossain,"MBBS (Dhaka), PGT (Medicine), FRCP (EDEN), D-CARD (NICVD), FACC (USA)","Cardiology, Hypertension & Rheumatology Specialist",Professor (Cardiology),Sher-E-Bangla Medical College & Hospital,Barishal,https://doctorsdirectory.com.bd/wp-content/uploads/2025/02/Prof.-Dr.-Md.-Zakir-Hossain.jpg,https://doctorsdirectory.com.bd/add-doctor/prof-dr-md-zakir-hossain/,,
Dr. Sheikh Shawkat Kamal,"MBBS, FCPS (ENT)","Ear, Nose, Throat Specialist & Head Neck Surgeon","Surgiscope Hospital, Chittagong",,Chittagong,https://doctorsdirectory.com.bd/wp-content/uploads/2025/02/Dr.-Sheikh-Shawkat-Kamal.jpg,https://doctorsdirectory.com.bd/add-doctor/dr-sheikh-shawkat-kamal/,,
Dr. Mohammad Emran,"MBBS, BCS (Health), DLO (BSMMU)","ENT (Ear, Nose, Throat) Specialist & Head Neck Surgeon",Chittagong Medical College & Hospital,"Consultant, ENT",Chittagong,https://doctorsdirectory.com.bd/wp-content/uploads/2025/02/Dr.-Mohammad-Emran.jpg,https://doctorsdirectory.com.bd/add-doctor/dr-mohammad-emran/,,
Dr. Feroza Meher,"MBBS (CMC), Post Graduate Diploma in Dermatology (South Wales University, UK)",Aesthetic Dermatology & Cosmetology Specialist,"Surecell Medical, Chattogram","Consultant, Dermatology",Chittagong,https://doctorsdirectory.com.bd/wp-content/uploads/2025/02/Dr.-Feroza-Meher.jpg,https://doctorsdirectory.com.bd/add-doctor/dr-feroza-meher/,,
Dr. Nishith Ranjan Dey,"MBBS, FRCP, MD (SKIN & VD)","Aesthetic Dermatology, Cosmetology & Regenerative Medicine Specialist",Chittagong Medical College & Hospital,"Associate Professor, Dermatology",Chittagong,https://doctorsdirectory.com.bd/wp-content/uploads/2025/02/Dr.-Nishith-Ranjan-Dey.jpg,https://doctorsdirectory.com.bd/add-doctor/dr-nishith-ranjan-dey/,,
Dr. Pritish Barua,"MBBS (CU), DGUM (UK), DD (Australia)","Skin, Allergy, Hair, Nail, Sexual Diseases Specialist","Lab One Health Services, Chittagong","Consultant, Dermatology & Venereology",Chittagong,https://doctorsdirectory.com.bd/wp-content/uploads/2025/02/Dr.-Pritish-Barua.jpg,https://doctorsdirectory.com.bd/add-doctor/dr-pritish-barua/,,
Dr. Md. Jahangir Alam Chowdhury,"MBBS, FCPS (Physical Medicine)","Arthritis, Pain, Paralysis, Physical Medicine Rehabilitation Specialist",Chattogram Maa-O-Shishu Hospital Medical College,"Associate Professor & Head, Physical Medicine & Rehabilitation",Chittagong,https://doctorsdirectory.com.bd/wp-content/uploads/2025/02/Dr.-Md.-Jahangir-Alam-Chowdhury.jpg,https://doctorsdirectory.com.bd/add-doctor/dr-md-jahangir-alam-chowdhury/,,
Dr. Nazmun Nahar Rosy,"MBBS, FCPS (Obs & Gyne)","Gynecology, Obstetrics, Infertility Specialist & Laparoscopic Surgeon","Health View Maternity & Child Hospital, Chittagong",Fellowship in Infertility & Reproductive Medicine,Chittagong,https://doctorsdirectory.com.bd/wp-content/uploads/2025/02/Dr.-Nazmun-Nahar-Rosy.jpg,https://doctorsdirectory.com.bd/add-doctor/dr-nazmun-nahar-rosy/,,
Prof. Col. Dr. Sohel Ahmed,"MBBS (CU), FCPS (Surgery), FACS (USA)","General, Laparoscopic & Colorectal Surgery Specialist","Apollo Imperial Hospital, Chittagong",Post Graduate Training in Colorectal Surgery,Chittagong,https://doctorsdirectory.com.bd/wp-content/uploads/2025/02/Porf.-Col.-Dr.-Sohel-Ahmed.jpg,https://doctorsdirectory.com.bd/add-doctor/prof-col-dr-sohel-ahmed/,,
Dr. Prasenjit Barua,"MBBS, FCPS (Medicine), MACP (USA)",Medicine & Diabetes Specialist,Chittagong Medical College & Hospital,Fellowship Training in Gastroenterology & Liver Diseases,Chittagong,https://doctorsdirectory.com.bd/wp-content/uploads/2025/02/Dr.-Prasenjit-Barua.jpg,https://doctorsdirectory.com.bd/add-doctor/dr-prasenjit-barua/,,
Prof. Dr. Md. Akbar Husain Bhuiyan,"MBBS, MS (Pediatric Surgery), Trained in Plastic Surgery (Japan)",Child & Plastic Surgery Specialist,Chittagong Medical College & Hospital,"Professor & Head (Ex), Pediatric Surgery",Chittagong,https://doctorsdirectory.com.bd/wp-content/uploads/2025/02/Prof.-Dr.-Md.-Akbar-Husain-Bhuiy.jpg,https://doctorsdirectory.com.bd/add-doctor/prof-dr-md-akbar-husain-bhuiyan/,,
Prof. Dr. S.M. Ashraf Ali,"MBBS, FCPS (Surgery), FMAS (India), FACS (USA)",General & Advanced Laparoscopic Surgeon,Marine City Medical College & Hospital,Higher Training in Advanced Laparoscopic Surgery (Singapore & Japan),Chittagong,https://doctorsdirectory.com.bd/wp-content/uploads/2025/02/Prof.-Dr.-S.M.-Ashraf-Ali.jpg,https://doctorsdirectory.com.bd/add-doctor/prof-dr-s-m-ashraf-ali/,,
Dr. Mohammed Maksudul Karim,"MBBS, BCS (Health), FCPS (Medicine), MCPS (Medicine)",Medicine Specialist,Chittagong Medical College & Hospital,"Consultant, Medicine",Chittagong,https://doctorsdirectory.com.bd/wp-content/uploads/2025/02/Dr.-Mohammed-Maksudul-Karim.jpg,https://doctorsdirectory.com.bd/add-doctor/dr-mohammed-maksudul-karim/,,
Dr. M. A. Yousuf Chowdhury,"MBBS, BCS (Health), MD (Internal Medicine), Fellow in Diabetology (BIRDEM)",Medicine & Diabetes Specialist,Chittagong Medical College & Hospital,"Associate Professor, Medicine",Chittagong,https://doctorsdirectory.com.bd/wp-content/uploads/2025/02/Dr.-MA-Yousuf-Chowdhury.jpg,https://doctorsdirectory.com.bd/add-doctor/dr-m-a-yousuf-chowdhury/,,
Dr. Ashfaq Ahmad,"MBBS, FCPS (ENT)","ENT (Ear, Nose, Throat) Specialist & Head Neck Surgeon",Chittagong Medical College & Hospital,"Associate Professor, ENT",Chittagong,https://doctorsdirectory.com.bd/wp-content/uploads/2025/02/Dr.-Ashfaq-Ahmad.jpg,https://doctorsdirectory.com.bd/add-doctor/dr-ashfaq-ahmad/,,
Dr. Md. Minhajul Haque,"MBBS, BCS (Health), FCPS (ENT)","Ear, Nose, Throat Specialist & Head Neck Surgeon",Chittagong General Hospital,"Medical Officer, ENT",Chittagong,https://doctorsdirectory.com.bd/wp-content/uploads/2025/02/Dr.-Md.-Minhajul-Haque.jpg,https://doctorsdirectory.com.bd/add-doctor/dr-md-minhajul-haque/,,
Dr. Rupasree Biswas,"MBBS, FCPS (OBGYN)","Gynecology, Obstetrics Specialist & Surgeon",Southern Medical College & Hospital,"Assistant Professor, Gynecology & Obstetrics",Chittagong,https://doctorsdirectory.com.bd/wp-content/uploads/2025/02/Dr.-Rupasree-Biswas.jpg,https://doctorsdirectory.com.bd/add-doctor/dr-rupasree-biswas/,,
Dr. Mohammad Khaled Hossain,"MBBS (DMC), BCS (Health), FCPS (Pediatrics)",Child Diseases Specialist,"Parkview Hospital, Chittagong","Consultant, Pediatrics",Chittagong,https://doctorsdirectory.com.bd/wp-content/uploads/2025/02/Dr.-Mohammad-Khaled-Hossain.jpg,https://doctorsdirectory.com.bd/add-doctor/dr-mohammad-khaled-hossain/,,
Prof. Dr. Muslim Uddin Sobuj,"MBBS, DCH, MD (Child Health)","Newborn, Adolescent & Child Diseases Specialist",Chittagong Medical College & Hospital,"Professor & Head, Pediatrics",Chittagong,https://doctorsdirectory.com.bd/wp-content/uploads/2025/02/Prof.-Dr.-Muslim-Uddin-Sobuj.jpg,https://doctorsdirectory.com.bd/add-doctor/prof-dr-muslim-uddin-sobuj/,,
Dr. Mohammadul Haque Mezbah,"MBBS, BCS (Health), DO (BSMMU), MCPS (EYE)",Eye Specialist & Phaco Surgeon,Chittagong Medical College & Hospital,"Consultant, Ophthalmology",Chittagong,https://doctorsdirectory.com.bd/wp-content/uploads/2025/02/Dr.-Mohammadul-Haque-Mezbah.jpg,https://doctorsdirectory.com.bd/add-doctor/dr-mohammadul-haque-mezbah/,,
Prof. Dr. Ahmed Sharif,"MBBS, MS (ENT)","ENT (Ear, Nose, Throat) Specialist & Head Neck Surgeon",Chittagong Medical College & Hospital,"Professor & Head, ENT & HNS Department",Chittagong,https://doctorsdirectory.com.bd/wp-content/uploads/2025/02/Prof.-Dr.-Ahmed-Sharif.jpg,https://doctorsdirectory.com.bd/add-doctor/prof-dr-ahmed-sharif/,,
Dr. Aloke Kumar Raha,"MBBS (Dhaka), MCPS (Medicine), MD (Hepatology)",Liver Diseases Specialist,Chittagong Medical College & Hospital,"Associate Professor & Head, Hepatology",Chittagong,https://doctorsdirectory.com.bd/wp-content/uploads/2025/02/Dr.-Aloke-Kumar-Raha.jpg,https://doctorsdirectory.com.bd/add-doctor/dr-aloke-kumar-raha/,,
Dr. Bijan Kumar Nath,"MBBS, FCPS (Surgery)",General & Laparoscopic Specialist Surgeon,"General Hospital, Chittagong","Senior Consultant, Surgery",Chittagong,https://doctorsdirectory.com.bd/wp-content/uploads/2025/02/Dr.-Bijan-Kumar-Nath.jpg,https://doctorsdirectory.com.bd/add-doctor/dr-bijan-kumar-nath/,,
Prof. Dr. Md. Mizanur Rahman Chowdhury,"MBBS, MS (Orthopedic), Training in Arthroplasty (India)","Orthopedics (Bone, Joint, Fractures, Sports Injury, Trauma) & Spine Surgeon",Chittagong Medical College & Hospital,"Professor & Head, Orthopedic Surgery",Chittagong,https://doctorsdirectory.com.bd/wp-content/uploads/2025/02/Dr.-Md.-Mizanur-Rahman-Chowdhury.jpg,https://doctorsdirectory.com.bd/add-doctor/prof-dr-md-mizanur-rahman-chowdhury/,,
Prof. Dr. Md. Nur Hossain Bhuiyan,"MBBS, FCPS (Surgery), FMAS (India), FACS (USA), FRCS (UK)","General, Colorectal, Endo-Laparoscopic & Laser Surgeon",Dhaka Medical College & Hospital,"Specially Trained in Advanced Endo-Laparoscopy, Colorectal Surgery & Laser Proctology",Chittagong,https://doctorsdirectory.com.bd/wp-content/uploads/2025/02/Dr.-Md.-Nur-Hossain-Bhuiyan-Shah.jpg,https://doctorsdirectory.com.bd/add-doctor/prof-dr-md-nur-hossain-bhuiyan/,,
Dr. Aminur Rahman Azad,"MBBS, MS (Neurosurgery)","Neurosurgery (Brain, Stroke, Spine Surgery) Specialist",Chittagong Medical College & Hospital,"Fellow Micro Neurosurgery (Japan), Fellow Endoscopy & Microscopy (Japan), Neurosurgery (Germany)",Chittagong,https://doctorsdirectory.com.bd/wp-content/uploads/2025/02/Dr.-Aminur-Rahman-Azad.jpg,https://doctorsdirectory.com.bd/add-doctor/dr-aminur-rahman-azad/,,
Dr. Shantanu Biswas,"MBBS, BCS (Health), FCPS (Surgery)","Gastrointestinal, Hepatobiliary & Pancreatic Specialist Surgeon",National Gastroliver Institute & Hospital,"Consultant, Surgical Gastroenterology",Chittagong,https://doctorsdirectory.com.bd/wp-content/uploads/2025/02/Dr.-Shantanu-Biswas.jpg,https://doctorsdirectory.com.bd/add-doctor/dr-shantanu-biswas/,,
Dr. Sheikh Mohammad Murad,"MBBS, MCPS (EYE), Training (Phaco Surgery)",Eye Specialist & Phaco Surgeon,"Lions Charitable Eye Hospital, Chittagong","Consultant, Ophthalmology",Chittagong,https://doctorsdirectory.com.bd/wp-content/uploads/2025/02/Dr.-Sheikh-Mohammad-Murad.jpg,https://doctorsdirectory.com.bd/add-doctor/dr-sheikh-mohammad-murad/,,
Dr. SM. Mizanul Hoque,"MBBS, DCO, Training in Phaco Surgery",Eye Specialist & Phaco Surgeon,"Lions Charitable Eye Hospital, Chittagong","Consultant, Ophthalmology",Chittagong,https://doctorsdirectory.com.bd/wp-content/uploads/2025/02/Dr.-SM.-Mizanul-Hoque.jpg,https://doctorsdirectory.com.bd/add-doctor/dr-sm-mizanul-hoque/,,
Prof. Dr. G. M. Zakir Hossain,"MBBS, FCPS (Surgery), FCPS (Urology), FRCS (Glassgow)",General & Urological Surgeon,Chittagong Medical College & Hospital,"Professor, Urology",Chittagong,https://doctorsdirectory.com.bd/wp-content/uploads/2025/02/Prof.-Dr.-G.-M.-Zakir-Hossain.jpg,https://doctorsdirectory.com.bd/add-doctor/prof-dr-g-m-zakir-hossain/,,
Dr. Mohammed Rashed Mirjada,"MBBS, FCPS (Medicine)",Medicine Specialist,Chittagong Medical College & Hospital,"Associate Professor, Medicine",Chittagong,https://doctorsdirectory.com.bd/wp-content/uploads/2025/02/Dr.-Rashed-Mirjada.jpg,https://doctorsdirectory.com.bd/add-doctor/dr-mohammed-rashed-mirjada/,,
Dr. Mirza Nurul Karim,"MBBS, FCPS (Medicine)","Medicine, Diabetes, Rheumatology & Chest Disease Specialist",Chittagong Medical College & Hospital,"Assistant Professor, Department of Medicine",Chittagong,https://doctorsdirectory.com.bd/wp-content/uploads/2025/02/Dr.-Mirza-Nurul-Karim.jpg,https://doctorsdirectory.com.bd/add-doctor/dr-mirza-nurul-karim/,,
Dr. Razuana Rahman,"MBBS (SSMC), DIRM (Germany), Fellowship IVF & Infertility (Germany), ADMU (USA)",Infertility & Reproductive Hormone Specialist,Sir Salimullah Medical College & Mitford Hospital,"Consultant, Infertility",Chittagong,https://doctorsdirectory.com.bd/wp-content/uploads/2025/02/Dr.-Razuana-Rahman.jpg,https://doctorsdirectory.com.bd/add-doctor/dr-razuana-rahman/,,
Dr. S.M. Ishtiaque Ali Rubel,MBBS. FCPS (Surgery),"General, Laparoscopic. Colorectal. Breast & Trauma Surgeon",Rangamati Medical College & Hospital,"Assistant Professor, Surgery",Chittagong,https://doctorsdirectory.com.bd/wp-content/uploads/2025/02/Dr.-S.M.-Ishtiaque-Ali-Rubel.jpg,https://doctorsdirectory.com.bd/add-doctor/dr-s-m-ishtiaque-ali-rubel/,,
Dr. Md. Nazibur Rahman Khokon,"MBBS, MCPS (Medicine), MD (Rheumatology), ECRD (Switzerland)","Rheumatology, Arthritis & Medicine Specialist","Parkview Hospital Ltd, Chittagong","Consultant, Medicine",Chittagong,https://doctorsdirectory.com.bd/wp-content/uploads/2025/02/Dr.-Md.-Nazibur-Rahman-Khokon.jpg,https://doctorsdirectory.com.bd/add-doctor/dr-md-nazibur-rahman-khokon/,,
Dr. Shirin Fatema,"MBBS, MCPS, DGO, FCPS","Gynecology, Obstetrics Specialist & Surgeon","Apollo Imperial Hospital, Chittagong","Consultant, Gynecology & Obstetrics",Chittagong,https://doctorsdirectory.com.bd/wp-content/uploads/2025/02/Dr.-Shirin-Fatema.jpg,https://doctorsdirectory.com.bd/add-doctor/dr-shirin-fatema/,,
Dr. Shaifur Rahman Shohel,"MBBS, D-CARD","Cardiology (Heart Diseases, Hypertension & Rheumatic Fever) Specialist","Fortis Escorts Heart Institute, Chittagong","Consultant, Cardiology",Chittagong,https://doctorsdirectory.com.bd/wp-content/uploads/2025/02/Dr.-Shaifur-Rahman-Shohel.jpg,https://doctorsdirectory.com.bd/add-doctor/dr-shaifur-rahman-shohel/,,
Dr. Shahryar Ahmed Milan,"MBBS, BCS (Health), DEM (BIRDEM)","Endocrinology (Diabetes, Thyroid & Hormonal Diseases) Specialist",Chittagong Medical College & Hospital,"Assistant Professor, Endocrinology",Chittagong,https://doctorsdirectory.com.bd/wp-content/uploads/2025/02/Dr.-Shahryar-Ahmed-Milan.jpg,https://doctorsdirectory.com.bd/add-doctor/dr-shahryar-ahmed-milan/,,
Dr. M. Mahbub Alam,"MBBS (CMC), PhD (Physical Medicine), Advanced Clinical Education (Rheumatology)","Physical Medicine, Pain & Rheumatology Specialist",Chattogram Metropolitan Hospital,"Consultant, Physical Medicine",Chittagong,https://doctorsdirectory.com.bd/wp-content/uploads/2025/02/Dr.-M.-Mahbub-Alam.jpg,https://doctorsdirectory.com.bd/add-doctor/dr-m-mahbub-alam/,,
Prof. Dr. Mohammed Hasan Meah,"MBBS, MS (Urology)","Urology (Kidneys, Bladder, Ureters, Prostate) Specialist & Surgeon",Chattogram International Medical College & Hospital,"Professor, Urology",Chittagong,https://doctorsdirectory.com.bd/wp-content/uploads/2025/02/Prof.-Dr.-Mohammed-Hasan-Meah.jpg,https://doctorsdirectory.com.bd/add-doctor/prof-dr-mohammed-hasan-meah/,,
Dr. Monzurul Karim,"MBBS, FCPS (Surgery), FICS (USA)","General, Laparoscopic & Colorectal Surgeon",Ibn Sina Hospital & Diagnostic Center,"Senior Consultant, Surgery",Chittagong,https://doctorsdirectory.com.bd/wp-content/uploads/2025/01/Dr.-Monzurul-Karim.jpg,https://doctorsdirectory.com.bd/add-doctor/dr-monzurul-karim/,,
Dr. T.K. Roy,"MBBS, FCPS (Pediatrics), PGPN (Child Nutrition, USA)",Neonatal & Child Diseases Specialist,"Bangabandhu Memorial Hospital, USTC, Chittagong","Assistant Professor, Pediatrics",Chittagong,https://doctorsdirectory.com.bd/wp-content/uploads/2025/01/Dr.-T.K.-Roy.jpg,https://doctorsdirectory.com.bd/add-doctor/dr-t-k-roy/,,
Dr. Shanjida Kabir,"MBBS, MCPS (OBGYN), FCPS (OBGYN), DMU (Ultra)","Gynecology, Obstetrics, Infertility Specialist & Laparoscopic Surgeon","Evercare Hospital, Chittagong","Consultant, Gynecology & Obstetrics",Chittagong,https://doctorsdirectory.com.bd/wp-content/uploads/2025/01/Dr.-Sanjida-Kabir.jpg,https://doctorsdirectory.com.bd/add-doctor/dr-shanjida-kabir/,,
Dr. Mohammad Ilias,"MBBS, FCPS (Physical Medicine), FCGP, FIPM (India & Taiwan)","Arthritis, Pain, Paralysis, Sports Injury, Physical Medicine & Rehabilitation Specialist","Bangabandhu Memorial Hospital, USTC, Chittagong","Associate Professor, Physical Medicine",Chittagong,https://doctorsdirectory.com.bd/wp-content/uploads/2025/01/Dr.-Mohammad-Ilias.jpg,https://doctorsdirectory.com.bd/add-doctor/dr-mohammad-ilias/,,
Dr. Abu Sayeed,"MBBS, BCS (Health), MD (Internal Medicine)",Medicine Specialist,Chittagong Medical College & Hospital,"Consultant, Medicine",Chittagong,https://doctorsdirectory.com.bd/wp-content/uploads/2025/01/Dr.-Abu-Sayeed.jpg,https://doctorsdirectory.com.bd/add-doctor/dr-abu-sayeed/,,
Dr. M. S. Chowdhury,"MBBS, BCS (Health), PGT (Medicine), CMU (Ultrasound)",Medicine Specialist,"Max Hospital & Diagnostic, Chittagong","Consultant, Medicine",Chittagong,https://doctorsdirectory.com.bd/wp-content/uploads/2025/01/Dr.-M.-S.-Chowdhury.jpg,https://doctorsdirectory.com.bd/add-doctor/dr-m-s-chowdhury/,,
Dr. Nushrat Zahan Khondaker,"MBBS, CCD (BIRDEM), PGT (Medicine & Dermatology)","Skin, Allergy, Venereal Disease & Anti-Aging Specialist","Labaid Diagnostic, Chittagong","Consultant, Dermatology",Chittagong,https://doctorsdirectory.com.bd/wp-content/uploads/2025/01/Dr.-Nushrat-Zahan-Khondaker.jpg,https://doctorsdirectory.com.bd/add-doctor/dr-nushrat-zahan-khondaker/,,
Dr. A. B. M. Maruf ul Kader,"MBBS, BCS (Health), MCPS (Medicine), MD (Medicine)",Medicine Specialist,Chittagong Medical College & Hospital,"Consultant, Medicine",Chittagong,https://doctorsdirectory.com.bd/wp-content/uploads/2025/01/Dr.-A.-B.-M.-Maruf-ul-Kader.jpg,https://doctorsdirectory.com.bd/add-doctor/dr-a-b-m-maruf-ul-kader/,,
Dr. Fahmida Islam Chowdhury,"MBBS, BCS (Health), FCPS (OBGYN)",Gynecologist & Surgeon,Chittagong Medical College & Hospital,"Assistant Professor, Gynecology & Obstetrics",Chittagong,https://doctorsdirectory.com.bd/wp-content/uploads/2025/01/Dr.-Fahmida-Islam-Chowdhury.jpg,https://doctorsdirectory.com.bd/add-doctor/dr-fahmida-islam-chowdhury/,,
Dr. K.M. Faisal,"MBBS (DMC), BCS (Health), MD (Nephrology)","Kidney, High Blood Pressure & Medicine Specialist",Chittagong Medical College & Hospital,"Consultant, Nephrology",Chittagong,https://doctorsdirectory.com.bd/wp-content/uploads/2025/01/Dr.-K.M.-Faisal.jpg,https://doctorsdirectory.com.bd/add-doctor/dr-k-m-faisal/,,
Dr. Kamrun Nahar Lima,"MBBS, BCS (Health), DGO, MCPS (OBGYN), FCPS (OBGYN)",Gynecologist & Laparoscopic Surgeon,Chittagong Medical College & Hospital,"Consultant, Gynecology & Obstetrics",Chittagong,https://doctorsdirectory.com.bd/wp-content/uploads/2025/01/Dr.-Kamrun-Nahar-Lima.jpg,https://doctorsdirectory.com.bd/add-doctor/dr-kamrun-nahar-lima/,,
Dr. Md. Ibrahim Khalil,"MBBS, BCS (Health), MD (Neurology)",Neuromedicine Specialist,Chittagong Medical College & Hospital,"Assistant Professor, Neurology",Chittagong,https://doctorsdirectory.com.bd/wp-content/uploads/2025/01/Dr.-Md.-Ibrahim-Khalil.jpg,https://doctorsdirectory.com.bd/add-doctor/dr-md-ibrahim-khalil/,,
Dr. S.M. Miftahul Alam,"MBBS (CU), BCS (Health), MD (Gastroenterology)","Gastrointestinal, Liver, Pancreas & Biliary Specialist",Chittagong Medical College & Hospital,"Consultant, Gastroenterology",Chittagong,https://doctorsdirectory.com.bd/wp-content/uploads/2025/01/Dr.-S.M.-Miftahul-Alam.jpg,https://doctorsdirectory.com.bd/add-doctor/dr-s-m-miftahul-alam/,,
Dr. Nushrat Jahan,"MBBS, FCPS (Pediatrics), MD (Neonatology)","Newborn, Adolescent & Child Diseases Specialist",Chittagong Medical College & Hospital,"Assistant Professor, Neonatology",Chittagong,https://doctorsdirectory.com.bd/wp-content/uploads/2025/01/Dr.-Nushrat-Jahan.jpg,https://doctorsdirectory.com.bd/add-doctor/dr-nushrat-jahan-ctg/,,
Dr. Mohammad Mohiuddin,"MBBS, BCS (Health), FCPS (ENT)",Ear Nose Throat Specialist & Head Neck Surgeon,Chittagong Medical College & Hospital,"Resident Surgeon, ENT",Chittagong,https://doctorsdirectory.com.bd/wp-content/uploads/2025/01/Dr.-Mohammad-Mohiuddin.jpg,https://doctorsdirectory.com.bd/add-doctor/dr-mohammad-mohiuddin/,,
Dr. Aysha Siddika Nishi,"MBBS, BCS (Health), MD (Cardiology)","Cardiology, Hypertension & Heart Specialist",Chittagong Medical College & Hospital,"Consultant, Cardiology",Chittagong,https://doctorsdirectory.com.bd/wp-content/uploads/2025/01/Dr.-Aysha-Siddika-Nishi.jpg,https://doctorsdirectory.com.bd/add-doctor/dr-aysha-siddika-nishi/,,
Dr. Mostafa Tarek Ullah,"MBBS (DMC), BCS (Health), MD (Neurology)",Neuromedicine Specialist,Chittagong Medical College & Hospital,"Consultant, Neurology",Chittagong,https://doctorsdirectory.com.bd/wp-content/uploads/2025/01/Dr.-Mostafa-Tarek-Ullah.jpg,https://doctorsdirectory.com.bd/add-doctor/dr-mostafa-tarek-ullah/,,
Dr. Mohammad Moinul Islam,"MBBS, BCS (Health), MCPS, FCPS (Medicine)",Medicine Specialist,Chittagong Medical College & Hospital,"Consultant, Medicine",Chittagong,https://doctorsdirectory.com.bd/wp-content/uploads/2025/01/Dr.-Mohammad-Moinul-Islam.jpg,https://doctorsdirectory.com.bd/add-doctor/dr-mohammad-moinul-islam/,,
Dr. Abul Quasem,"MBBS, DO",Eye Specialist & Phaco Surgeon,Chittagong Eye Infirmary & Training Complex,"Associate Professor, Ophthalmology",Chittagong,https://doctorsdirectory.com.bd/wp-content/uploads/2025/01/Dr.-Abul-Quasem.jpg,https://doctorsdirectory.com.bd/add-doctor/dr-abul-quasem/,,
Dr. A N M Ashik-E-Elahi,"MBBS (CMC), BCS (Health), FCPS (Medicine)",Medicine Specialist,Marine City Medical College & Hospital,"Assistant Professor, Medicine",Chittagong,https://doctorsdirectory.com.bd/wp-content/uploads/2025/01/Dr.-A-N-M-Ashik-E-Elahi.jpg,https://doctorsdirectory.com.bd/add-doctor/dr-a-n-m-ashik-e-elahi/,,
Dr. Shakhawat Hossain,"MBBS, BCS (Health), FCPS (ENT)",Ear Nose Throat Specialist & Head Neck Surgeon,Chittagong Medical College & Hospital,"Consultant, ENT",Chittagong,https://doctorsdirectory.com.bd/wp-content/uploads/2025/01/Dr.-Shakhawat-Hossain.jpg,https://doctorsdirectory.com.bd/add-doctor/dr-shakhawat-hossain-ctg/,,
Dr. Zarin Nawar,"MBBS, BCS (Health), FCPS (OBGYN)",Gynecologist & Surgeon,Feni General Hospital,"Consultant, Gynecology",Chittagong,https://doctorsdirectory.com.bd/wp-content/uploads/2025/01/Dr.-Zarin-Nawar.jpg,https://doctorsdirectory.com.bd/add-doctor/dr-zarin-nawar/,,
Dr. Abida Sultana Rina,"MBBS (CMC), DCH, FCPS (Pediatrics)",Newborn & Child Diseases Specialist,Cox’s Bazar Medical College & Hospital,"Associate Professor & Head, Pediatrics",Chittagong,https://doctorsdirectory.com.bd/wp-content/uploads/2025/01/Dr.-Abida-Sultana-Rina.jpg,https://doctorsdirectory.com.bd/add-doctor/dr-abida-sultana-rina/,,
Dr. Md. Main Uddin Mahmud,"MBBS (DMC), BCS, MD (Nephrology)",Kidney Diseases & Medicine Specialist,Chittagong Medical College & Hospital,"Registrar, Nephrology",Chittagong,https://doctorsdirectory.com.bd/wp-content/uploads/2025/01/Dr.-Md.-Main-Uddin-Mahmud.jpg,https://doctorsdirectory.com.bd/add-doctor/dr-md-main-uddin-mahmud/,,
Prof. Dr. Hasina Akhter,"MBBS, MCPS, FCPS (OBGYN)",Gynecologist & Surgeon,BGC Trust Medical College & Hospital,"Professor & Head, Gynecology & Obstetrics",Chittagong,https://doctorsdirectory.com.bd/wp-content/uploads/2025/01/Prof.-Dr.-Hasina-Akhter.jpg,https://doctorsdirectory.com.bd/add-doctor/prof-dr-hasina-akhter/,,
Dr. A S M Ashraful Islam,"MBBS, FCPS (Surgery), FMAS (India), MS (Colorectal Surgery)","Colorectal, Laparoscopic & General Surgeon",Chittagong Medical College & Hospital,"Assistant Professor, Colorectal Surgery",Chittagong,https://doctorsdirectory.com.bd/wp-content/uploads/2025/01/Dr.-A-S-M-Ashraful-Islam.jpg,https://doctorsdirectory.com.bd/add-doctor/dr-a-s-m-ashraful-islam/,,
Dr. Sumaiya Binte Jalil,"MBBS, BCS (Health), FCPS (OBGYN)",Gynecologist & Surgeon,Feni General Hospital,"Consultant, Gynecology",Chittagong,https://doctorsdirectory.com.bd/wp-content/uploads/2025/01/Dr.-Sumaiya-Binte-Jalil.jpg,https://doctorsdirectory.com.bd/add-doctor/dr-sumaiya-binte-jalil/,,
Dr. Kafil Uddin,"MBBS (DMC), BCS (Health), FCPS (Medicine)","Medicine Specialist, Diabetologist & Rheumatologist",Dhaka Medical College & Hospital,"Assistant Professor, Medicine",Chittagong,https://doctorsdirectory.com.bd/wp-content/uploads/2025/01/Dr.-Kafil-Uddin.jpg,https://doctorsdirectory.com.bd/add-doctor/dr-kafil-uddin/,,
Prof. Dr. Mohammad Omar Faruque,"MBBS, DO, FCPS (EYE)","Glaucoma, Phaco & Eye Specialist Surgeon",Chittagong Medical College & Hospital,"Professor, Glaucoma",Chittagong,https://doctorsdirectory.com.bd/wp-content/uploads/2025/01/Prof.-Dr.-Mohammad-Omar-Faruque.jpg,https://doctorsdirectory.com.bd/add-doctor/prof-dr-mohammad-omar-faruque/,,
Dr. Sujan Debnath,"MBBS, BCS (Health), MD (Cardiology)","Cardiology, Rheumatic Fever & Medicine Specialist",Chittagong Medical College & Hospital,"Cardiologist, Cardiology",Chittagong,https://doctorsdirectory.com.bd/wp-content/uploads/2025/01/Dr.-Sujan-Debnath.jpg,https://doctorsdirectory.com.bd/add-doctor/dr-sujan-debnath/,,
Dr. Mohammad Mostafa Monowar,"MBBS, MCPS, MD (Nephrology), FRCP, Fellow (ISN), FASN (USA)","Kidney Specialist, Interventional Nephrologist",Max Hospital & Diagnostic,"Consultant, Nephrology",Chittagong,https://doctorsdirectory.com.bd/wp-content/uploads/2025/01/Dr.-Mohammad-Mostafa-Monowar.jpg,https://doctorsdirectory.com.bd/add-doctor/dr-mohammad-mostafa-monowar/,,
Dr. Hasina Begum,"MBBS, BCS (Health), DCH (BSMMU), MD (Neurology)",Neuromedicine Specialist,Chittagong Medical College & Hospital,"Consultant, Neurology",Chittagong,https://doctorsdirectory.com.bd/wp-content/uploads/2025/01/Dr.-Hasina-Begum.jpg,https://doctorsdirectory.com.bd/add-doctor/dr-hasina-begum/,,
Dr. Priti Partho Barua,"MBBS, BCS (Health), FCPS (Surgery)",General & Laparoscopic Surgeon,Cox’s Bazar Medical College & Hospital,"Consultant, Surgery",Chittagong,https://doctorsdirectory.com.bd/wp-content/uploads/2025/01/Dr.-Priti-Partho-Barua.jpg,https://doctorsdirectory.com.bd/add-doctor/dr-priti-partho-barua/,,
Dr. Mohammed Badruddoza,"MBBS, FCPS (Surgery), MS (Neurosurgery)","Brain, Nerve, Spinal Cord & Tumor Specialist Surgeon","Bangabandhu Memorial Hospital, USTC, Chittagong","Associate Professor, Neurosurgery",Chittagong,https://doctorsdirectory.com.bd/wp-content/uploads/2025/01/Dr.-Mohammed-Badruddoza.jpg,https://doctorsdirectory.com.bd/add-doctor/dr-mohammed-badruddoza/,,
Dr. Pradip Kumar Sarker,"MBBS, DCH, FCPS (Pediatrics)","Newborn, Adolescent & Child Diseases Specialist","Epic Healthcare, Chittagong","Senior Consultant, Pediatrics",Chittagong,https://doctorsdirectory.com.bd/wp-content/uploads/2025/01/Dr.-Pradip-Kumar-Sarker.jpg,https://doctorsdirectory.com.bd/add-doctor/dr-pradip-kumar-sarker/,,
Dr. Romen Das,"MBBS (CMC), BCS (Health), MD (Endocrinology)","Diabetes, Thyroid & Hormone Specialist",Chittagong Medical College & Hospital,"Consultant, Endocrinology",Chittagong,https://doctorsdirectory.com.bd/wp-content/uploads/2025/01/Dr.-Romen-Das.jpg,https://doctorsdirectory.com.bd/add-doctor/dr-romen-das/,,
Dr. Fahima Afrin Jhinu,"MBBS, BCS (Health), MD (Dermatology)",Skin & Venereal Diseases Specialist,Chittagong Medical College & Hospital,"Consultant, Dermatology",Chittagong,https://doctorsdirectory.com.bd/wp-content/uploads/2025/01/Dr.-Fahima-Afrin-Jhinu.jpg,https://doctorsdirectory.com.bd/add-doctor/dr-fahima-afrin-jhinu/,,
Dr. Md. Saiful Islam,"MBBS, MCPS (Medicine), MD (Cardiology), FCPS (Medicine)","Cardiology, Diabetes & Medicine Specialist",Chittagong Medical College & Hospital,"Assistant Professor, Cardiology",Chittagong,https://doctorsdirectory.com.bd/wp-content/uploads/2025/01/Dr.-Md.-Saiful-Islam.jpg,https://doctorsdirectory.com.bd/add-doctor/dr-md-saiful-islam-ctg/,,
Prof. Dr. Mohammad Al-Amin,"MBBS, BCS (Health), DO, MS (EYE)","Cornea, Phaco & Lasik Specialist",Chittagong Medical College & Hospital,"Professor, Eye",Chittagong,https://doctorsdirectory.com.bd/wp-content/uploads/2025/01/Prof.-Dr.-Mohammad-Al-Amin.jpg,https://doctorsdirectory.com.bd/add-doctor/prof-dr-mohammad-al-amin/,,
Dr. Shajeda Begum,"MBBS, BCS (Health), DGO, FCPS (OBGYN)",Gynecologist & Surgeon,Chittagong Medical College & Hospital,"Consultant, Gynecology & Obstetrics",Chittagong,https://doctorsdirectory.com.bd/wp-content/uploads/2025/01/Dr.-Shajeda-Begum.jpg,https://doctorsdirectory.com.bd/add-doctor/dr-shajeda-begum/,,
Dr. Didarul Islam,"MBBS, BCS (Health), MD (Hepatology)","Liver, Gastrointestinal & Medicine Specialist",Chittagong Medical College & Hospital,"Assistant Professor, Hepatology",Chittagong,https://doctorsdirectory.com.bd/wp-content/uploads/2025/01/Dr.-Didarul-Islam.jpg,https://doctorsdirectory.com.bd/add-doctor/dr-didarul-islam/,,
Dr. Arnab Chowdhury,"MBBS, MCPS, FCPS (Pediatrics)",Child Diseases Specialist,"Mount Hospital Ltd, Chittagong","Consultant, Pediatrics",Chittagong,https://doctorsdirectory.com.bd/wp-content/uploads/2025/01/Dr.-Arnab-Chowdhury.jpg,https://doctorsdirectory.com.bd/add-doctor/dr-arnab-chowdhury/,,
Dr. Nazmun Nahar Eva,"MBBS (CMC), BCS (Health), FCPS (Surgery), MS (General Surgery)",General Surgeon,Cox’s Bazar Medical College & Hospital,"Assistant Professor, Surgery",Chittagong,https://doctorsdirectory.com.bd/wp-content/uploads/2025/01/Dr.-Nazmun-Nahar-Eva.jpg,https://doctorsdirectory.com.bd/add-doctor/dr-nazmun-nahar-eva/,,
Dr. Abul Mansur Md. Abdullah,"MBBS, MCPS (Medicine), MD (Internal Medicine)","Medicine, Arthritis, Diabetes & Neuromedicine Specialist",Chattogram International Medical College & Hospital,"Associate Professor, Medicine",Chittagong,https://doctorsdirectory.com.bd/wp-content/uploads/2025/01/Dr.-Abul-Mansur-Md.-Abdullah.jpg,https://doctorsdirectory.com.bd/add-doctor/dr-abul-mansur-md-abdullah/,,
Dr. F M A Qader,"MBBS, BCS (Health), FCPS (Physical Medicine)",Arthritis & Pain Specialist,Chattogram Maa-O-Shishu Hospital Medical College,"Associate Professor, Physical Medicine",Chittagong,https://doctorsdirectory.com.bd/wp-content/uploads/2025/01/Dr.-F-M-A-Qader.jpg,https://doctorsdirectory.com.bd/add-doctor/dr-f-m-a-qader/,,
Dr. Sanchita Das,"MBBS, BCS (Health), FCPS (OBGYN)",Gynecologist & Surgeon,"General Hospital, Chittagong","Consultant, Gynecology",Chittagong,https://doctorsdirectory.com.bd/wp-content/uploads/2025/01/Dr.-Sanchita-Das.jpg,https://doctorsdirectory.com.bd/add-doctor/dr-sanchita-das/,,
Dr. Md. Saiful Huq,"MBBS (DMC), BCS (Health), MRCP (UK)",Medicine & Diabetes Specialist,Chittagong Medical College & Hospital,"Consultant, Medicine",Chittagong,https://doctorsdirectory.com.bd/wp-content/uploads/2025/01/Dr.-Md.-Saiful-Huq.jpg,https://doctorsdirectory.com.bd/add-doctor/dr-md-saiful-huq/,,
Dr. Zinat Maruf,"MBBS, FCPS (Obs & Gynae)",Gynecologist & Surgeon,Chittagong Medical College & Hospital,"Assistant Professor, Gynecology & Obstetrics",Chittagong,https://doctorsdirectory.com.bd/wp-content/uploads/2025/01/Dr.-Zinat-Maruf.jpg,https://doctorsdirectory.com.bd/add-doctor/dr-zinat-maruf/,,
Dr. Md. Farhad Uddin,"MBBS (DMC), MD (Pediatrics)",Newborn & Child Diseases Specialist,"Max Hospital & Diagnostic, Chittagong","Specialist, Pediatrics",Chittagong,https://doctorsdirectory.com.bd/wp-content/uploads/2025/01/Dr.-Md.-Farhad-Uddin.jpg,https://doctorsdirectory.com.bd/add-doctor/dr-md-farhad-uddin/,,
Dr. Zabeer Ahmed,"MBBS (CMC), BCS (Health), MD (Cardiology)",Cardiology & Medicine Specialist,Chittagong Medical College & Hospital,"Resident Physician, Cardiology",Chittagong,https://doctorsdirectory.com.bd/wp-content/uploads/2025/01/Dr.-Zabeer-Ahmed.jpg,https://doctorsdirectory.com.bd/add-doctor/dr-zabeer-ahmed/,,
Dr. Mohammad Jahangir Alam,"MBBS (SSMC), BCS (Health), D-ORTHO, MS (Ortho)","Orthopedics, Arthroscopy & Joint Replacement Surgeon",Chittagong Medical College & Hospital,"Assistant Professor, Orthopedic Surgery",Chittagong,https://doctorsdirectory.com.bd/wp-content/uploads/2025/01/Dr.-Mohammad-Jahangir-Alam.jpg,https://doctorsdirectory.com.bd/add-doctor/dr-mohammad-jahangir-alam/,,
Prof. Dr. Mizanur Rahman,"MBBS, MCPS (Medicine), MD (Medicine)",Medicine Specialist,Chattogram Maa-O-Shishu Hospital Medical College,"Professor, Medicine",Chittagong,https://doctorsdirectory.com.bd/wp-content/uploads/2025/01/Prof.-Dr.-Mizanur-Rahman.jpg,https://doctorsdirectory.com.bd/add-doctor/prof-dr-mizanur-rahman/,,
Dr. Farhana Yasmeen,"MBBS (CU), FCPS (Obs & Gynae)",Gynecologist & Surgeon,BGC Trust Medical College & Hospital,"Assistant Professor, Gynecology & Obstetrics",Chittagong,https://doctorsdirectory.com.bd/wp-content/uploads/2025/01/Dr.-Farhana-Yasmeen.jpg,https://doctorsdirectory.com.bd/add-doctor/dr-farhana-yasmeen/,,
Dr. Md. Tareq-Ul-Kader,"MBBS, BCS, FCPS (Medicine)","Medicine, Diabetologist & Rheumatology Specialist",Chattogram Maa-O-Shishu Hospital Medical College,"Registrar, Medicine",Chittagong,https://doctorsdirectory.com.bd/wp-content/uploads/2025/01/Dr.-Md.-Tareq-Ul-Kader.jpg,https://doctorsdirectory.com.bd/add-doctor/dr-md-tareq-ul-kader/,,
Dr. Masuda Nesa,"MBBS, FCPS (Obs & Gynae), DGO, MCPS (Obs & Gynae)",Gynecologist & Surgeon,"Institute of Applied Health Sciences (IAHS), Chittagong","Associate Professor, Gynecology & Obstetrics",Chittagong,https://doctorsdirectory.com.bd/wp-content/uploads/2025/01/Dr.-Masuda-Nesa.jpg,https://doctorsdirectory.com.bd/add-doctor/dr-masuda-nesa/,,
Dr. Lutfur Rahman,"MBBS, FCPS (Medicine), MD (Neurology)",Neuromedicine Specialist,"General Hospital, Chittagong","Senior Consultant, Neuromedicine",Chittagong,https://doctorsdirectory.com.bd/wp-content/uploads/2025/01/Dr.-Lutfur-Rahman.jpg,https://doctorsdirectory.com.bd/add-doctor/dr-lutfur-rahman/,,
Dr. Tahmina Begum,"MBBS, FCPS, DGO",Gynecology & Obstetrics Specialist,"Imperial Hospital Limited, Chattogram","Consultant, Gynecology & Obstetrics",Chittagong,https://doctorsdirectory.com.bd/wp-content/uploads/2025/01/Dr.-Tahmina-Begum.jpg,https://doctorsdirectory.com.bd/add-doctor/dr-tahmina-begum/,,
Dr. Md. Shah Newaz,"MBBS, D-CARD, MD (Cardiology)","Cardiology (Heart Diseases, Rheumatic Fever) Specialist",Feni Diabetes Hospital,"Consultant, Cardiology",Chittagong,https://doctorsdirectory.com.bd/wp-content/uploads/2025/01/Dr.-Md.-Shah-Newaz.jpg,https://doctorsdirectory.com.bd/add-doctor/dr-md-shah-newaz/,,
Dr. Farhana Halim,"MBBS (SSMC), BCS (Health), FCPS (Medicine), MACP (USA)",Medicine Specialist,Chittagong Medical College & Hospital,"Consultant, Medicine",Chittagong,https://doctorsdirectory.com.bd/wp-content/uploads/2025/01/Dr.-Farhana-Halim.jpg,https://doctorsdirectory.com.bd/add-doctor/dr-farhana-halim/,,
Dr. Hasina Akhter,"MBBS, FCPS (Surgery), FMAS, FIAGES","General, Breast & Laparoscopic Surgeon","Imperial Hospital Limited, Chattogram","Consultant, General Surgery",Chittagong,https://doctorsdirectory.com.bd/wp-content/uploads/2025/01/Dr.-Hasina-Akhter.jpg,https://doctorsdirectory.com.bd/add-doctor/dr-hasina-akhter/,,
Dr. Bipul Kanti Paul,"MBBS, MCPS (Medicine), MD (Neuromedicine)",Neuromedicine Specialist,National Institute of Neurosciences & Hospital,"Consultant, Neuromedicine",Chittagong,https://doctorsdirectory.com.bd/wp-content/uploads/2025/01/Dr.-Bipul-Kanti-Paul.jpg,https://doctorsdirectory.com.bd/add-doctor/dr-bipul-kanti-paul/,,
Dr. Sumon Das,"MBBS (CMC), BCS (Health), MCPS, FCPS (ENT)",Ear Nose Throat Specialist & Head Neck Surgeon,Chittagong Medical College & Hospital,"Consultant, ENT",Chittagong,https://doctorsdirectory.com.bd/wp-content/uploads/2025/01/Dr.-Sumon-Das.jpg,https://doctorsdirectory.com.bd/add-doctor/dr-sumon-das/,,
Dr. Arup Ratan Das,"MBBS (DMC), BCS (Health), FCPS (Medicine), MCPS (Medicine)",Medicine Specialist,Chittagong Medical College & Hospital,"Consultant, Medicine",Chittagong,https://doctorsdirectory.com.bd/wp-content/uploads/2025/01/Dr.-Arup-Ratan-Das.jpg,https://doctorsdirectory.com.bd/add-doctor/dr-arup-ratan-das/,,
Prof. Dr. Ferdousi Begum,"MBBS, FCPS (Obstetrics and Gynaecology)",Gynecology & Obstetrics Specialist,Chattogram Maa-O-Shishu Hospital Medical College,"Professor & Head, Gynecology & Obstetrics",Chittagong,https://doctorsdirectory.com.bd/wp-content/uploads/2025/01/Prof.-Dr.-Ferdousi-Begum.jpg,https://doctorsdirectory.com.bd/add-doctor/prof-dr-ferdousi-begum/,,
Dr. A T M Moinuddin,"MBBS, DLO, MCPS (ENT)","Ear, Nose, Throat Specialist & Surgeon","Feni Clinic, Feni","Consultant, ENT",Chittagong,https://doctorsdirectory.com.bd/wp-content/uploads/2025/01/Dr.-A-T-M-Moinuddin.jpg,https://doctorsdirectory.com.bd/add-doctor/dr-a-t-m-moinuddin/,,
Dr. Suman Talukder,"MBBS, BCS (Health), MD (Cardiology)",Cardiology & Rheumatic Fever Specialist,Chittagong Medical College & Hospital,"Assistant Professor, Cardiology",Chittagong,https://doctorsdirectory.com.bd/wp-content/uploads/2025/01/Dr.-Suman-Talukder.jpg,https://doctorsdirectory.com.bd/add-doctor/dr-suman-talukder/,,
Dr. Rubina Yasmin,"MBBS, MCPS (OBGYN), DGO, FCPS (OBGYN)",Gynecologist & Surgeon,Chittagong Medical College & Hospital,"Associate Professor, Gynecology & Obstetrics",Chittagong,https://doctorsdirectory.com.bd/wp-content/uploads/2025/01/Dr.-Rubina-Yasmin.jpg,https://doctorsdirectory.com.bd/add-doctor/dr-rubina-yasmin/,,
Dr. Soumitra Das,"MBBS, MD (Neurology)",Neuromedicine Specialist,"General Hospital, Chittagong","Junior Consultant, Neuromedicine",Chittagong,https://doctorsdirectory.com.bd/wp-content/uploads/2025/01/Dr.-Soumitra-Das.jpg,https://doctorsdirectory.com.bd/add-doctor/dr-soumitra-das/,,
Dr. Md. Nazmul Haque Talukdar,"MBBS, MD (Chest Disease)","Chest, Asthma, COPD, Tuberculosis Specialist",Chittagong Medical College & Hospital,"Assistant Professor, Pulmonology",Chittagong,https://doctorsdirectory.com.bd/wp-content/uploads/2025/01/Dr.-Md.-Nazmul-Haque-Talukdar.jpg,https://doctorsdirectory.com.bd/add-doctor/dr-md-nazmul-haque-talukdar/,,
Prof. Dr. Syed Khurshid Mahmood,"MBBS, FCPS (ENT)","Ear, Nose, Throat Specialist & Head Neck Surgeon",Marine City Medical College & Hospital,"Professor & Head, ENT",Chittagong,https://doctorsdirectory.com.bd/wp-content/uploads/2025/01/Prof.-Dr.-Syed-Khurshid-Mahmood.jpg,https://doctorsdirectory.com.bd/add-doctor/prof-dr-syed-khurshid-mahmood/,,
Dr. Muniruddin Ahmed,"MBBS (CU), FCPS (Medicine)","Medicine, Diabetes & Hormone Specialist",Cox’s Bazar Medical College & Hospital,"Assistant Professor, Medicine",Chittagong,https://doctorsdirectory.com.bd/wp-content/uploads/2025/01/Dr.-Muniruddin-Ahmed.jpg,https://doctorsdirectory.com.bd/add-doctor/dr-muniruddin-ahmed/,,
Dr. Nusrat Jahan (Zenia),"MBBS, DGO, MCPS (OBGYN)","Gynecologist, Surgeon & Infertility Specialist",BGC Trust Medical College & Hospital,"Consultant, Gynecology",Chittagong,https://doctorsdirectory.com.bd/wp-content/uploads/2025/01/Dr.-Nusrat-Jahan-Zenia.jpg,https://doctorsdirectory.com.bd/add-doctor/dr-nusrat-jahan-zenia/,,
Dr. Saquiba Ananna,"MBBS, FCPS (Psychiatry)","Psychiatry Specialist (Mental, Brain, Sexual, Headache, Epilepsy, Drug Addiction)",Chittagong Medical College & Hospital,"Consultant, Psychiatry",Chittagong,https://doctorsdirectory.com.bd/wp-content/uploads/2025/01/Dr.-Saquiba-Ananna.jpg,https://doctorsdirectory.com.bd/add-doctor/dr-saquiba-ananna/,,
Prof. Dr. Suvash Ranjan Dey,"MBBS, DA (DU), MD (Neurology)",Neuromedicine Specialist,Chattogram Maa-O-Shishu Hospital Medical College,"Professor & Head, Neurology",Chittagong,https://doctorsdirectory.com.bd/wp-content/uploads/2025/01/Prof.-Dr.-Suvash-Ranjan-Dey.jpg,https://doctorsdirectory.com.bd/add-doctor/prof-dr-suvash-ranjan-dey/,,
Dr. Monisha Chowdhury,"MBBS, DGO, FCPS (Obs & Gynae)",Gynecology & Obstetrics Specialist,"Imperial Hospital Limited, Chattogram","Consultant, Gynecology & Obstetrics",Chittagong,https://doctorsdirectory.com.bd/wp-content/uploads/2025/01/Dr.-Monisha-Chowdhury.jpg,https://doctorsdirectory.com.bd/add-doctor/dr-monisha-chowdhury/,,
Dr. Nushrat Binte Kamal,"MBBS (CMC), BCS (Health), D-CARD (BSMMU)",Cardiologist & Echocardiographer,Chittagong Medical College & Hospital,"Consultant, Cardiology",Chittagong,https://doctorsdirectory.com.bd/wp-content/uploads/2025/01/Dr.-Nushrat-Binte-Kamal.jpg,https://doctorsdirectory.com.bd/add-doctor/dr-nushrat-binte-kamal/,,
Dr. Nigar Sultana,"MBBS, FCPS (OBGYN), MS (OBGYN)",Gynecologist & Surgeon,BGC Trust Medical College & Hospital,"Assistant Professor, Gynecology & Obstetrics",Chittagong,https://doctorsdirectory.com.bd/wp-content/uploads/2025/01/Dr.-Nigar-Sultana.jpg,https://doctorsdirectory.com.bd/add-doctor/dr-nigar-sultana/,,
Dr. A S M Monowar Tariq,"MBBS (SSMC), BCS (Health), MD (Cardiology)","Cardiology (Heart Diseases, Rheumatic Fever) Specialist",Chittagong Medical College & Hospital,"Consultant, Cardiology",Chittagong,https://doctorsdirectory.com.bd/wp-content/uploads/2025/01/Dr.-A-S-M-Monowar-Tariq.jpg,https://doctorsdirectory.com.bd/add-doctor/dr-a-s-m-monowar-tariq/,,
Dr. Nur Nobi Bitu,"MBBS (DMC), BCS (Health), MD (Nephrology)",Kidney Diseases & Medicine Specialist,Chittagong Medical College & Hospital,"Assistant Professor, Nephrology",Chittagong,https://doctorsdirectory.com.bd/wp-content/uploads/2025/01/Dr.-Nur-Nobi-Bitu.jpg,https://doctorsdirectory.com.bd/add-doctor/dr-nur-nobi-bitu/,,
Dr. Nazia Huq,"MBBS (Dhaka), MCPS (OBGYN), DGO, FCPS (OBGYN)",Gynecologist & Surgeon,"General Hospital, Chittagong","Consultant, Gynecology & Obstetrics",Chittagong,https://doctorsdirectory.com.bd/wp-content/uploads/2025/01/Dr.-Nazia-Huq.jpg,https://doctorsdirectory.com.bd/add-doctor/dr-nazia-huq/,,
Prof. Dr. Mohammad Masud Karim,"MBBS, BCS (Health), DCH, MD (Child)",Child Diseases Specialist,Cox’s Bazar Medical College & Hospital,"Professor & Head, Pediatrics",Chittagong,https://doctorsdirectory.com.bd/wp-content/uploads/2025/01/Prof.-Dr.-Mohammad-Masud-Karim.jpg,https://doctorsdirectory.com.bd/add-doctor/prof-dr-mohammad-masud-karim/,,
Dr. Abanti Deb Nath,"MBBS (DU), BCS (Health), FCPS (Medicine)",Medicine & Neuromedicine Specialist,Chittagong Medical College & Hospital,"Assistant Professor, Medicine",Chittagong,https://doctorsdirectory.com.bd/wp-content/uploads/2025/01/Dr.-Abanti-Deb-Nath.jpg,https://doctorsdirectory.com.bd/add-doctor/dr-abanti-deb-nath/,,
Dr. Nahida Akter Joly,"MBBS, DGO, MCPS (OBGYN), MRCOG (UK)",Gynecologist & Surgeon,"Evercare Hospital, Chittagong","Consultant, Gynecology & Obstetrics",Chittagong,https://doctorsdirectory.com.bd/wp-content/uploads/2025/01/Dr.-Nahida-Akter-Joly.jpg,https://doctorsdirectory.com.bd/add-doctor/dr-nahida-akter-joly/,,
Dr. Ashish Kumur Das,"MBBS, BCS (Health), FCPS (Surgery)",General & Laparoscopic Specialist Surgeon,Cox’s Bazar Medical College & Hospital,"Assistant Professor, Surgery",Chittagong,https://doctorsdirectory.com.bd/wp-content/uploads/2025/01/Dr.-Ashish-Kumur-Das.jpg,https://doctorsdirectory.com.bd/add-doctor/dr-ashish-kumur-das/,,
Dr. Tahmina Yeasmin Rozy,"MBBS, BCS (Health), FCPS (OBGYN)",Gynecologist & Surgeon,Chittagong Medical College & Hospital,"Consultant, Gynecology & Obstetrics",Chittagong,https://doctorsdirectory.com.bd/wp-content/uploads/2025/01/Dr.-Tahmina-Yeasmin-Rozy.jpg,https://doctorsdirectory.com.bd/add-doctor/dr-tahmina-yeasmin-rozy/,,
Dr. Abul Fazal Muhammad Nazimuddin,"MBBS, FCPS (Medicine)",Medicine Specialist,Chattogram Maa-O-Shishu Hospital Medical College,"Associate Professor, Medicine",Chittagong,https://doctorsdirectory.com.bd/wp-content/uploads/2025/01/Dr.-A.-F.-M.-Nazimuddin.jpg,https://doctorsdirectory.com.bd/add-doctor/dr-abul-fazal-muhammad-nazimuddin/,,
Prof. Dr. Shahena Akter,"MBBS, DGO, FCPS (OBGYN)","Gynecology, Obstetrics, Infertility Specialist & Surgeon",Chittagong Medical College & Hospital,"Professor, Gynecology & Obstetrics",Chittagong,https://doctorsdirectory.com.bd/wp-content/uploads/2025/01/Prof.-Dr.-Shahena-Akter.jpg,https://doctorsdirectory.com.bd/add-doctor/prof-dr-shahena-akter/,,
Dr. Mohammad Rezaul Karim,"MBBS, DCH, FCPS (Pediatrics)",Child Diseases Specialist,Cox’s Bazar District Hospital,"Consultant, Pediatrics",Chittagong,https://doctorsdirectory.com.bd/wp-content/uploads/2025/01/Dr.-Mohammad-Rezaul-Karim.jpg,https://doctorsdirectory.com.bd/add-doctor/dr-mohammad-rezaul-karim/,,
Dr. Md. Mofizur Rahman,"MBBS, FCPS (Physical Medicine)",Pain & Rheumatology Specialist,"Treatment Hospital, Chittagong","Consultant, Rheumatology",Chittagong,https://doctorsdirectory.com.bd/wp-content/uploads/2025/01/Dr.-Md.-Mofizur-Rahman.jpg,https://doctorsdirectory.com.bd/add-doctor/dr-md-mofizur-rahman/,,
Dr. Shamima Akhter Chowdhury,"MBBS, DGO, MCPS (OBGYN)",Gynecologist & Obstetrician,Chittagong Medical College & Hospital,"Former Consultant, Gynecology",Chittagong,https://doctorsdirectory.com.bd/wp-content/uploads/2025/01/Dr.-Shamima-Akhter-Chowdhury.jpg,https://doctorsdirectory.com.bd/add-doctor/dr-shamima-akhter-chowdhury/,,
Dr. Shafiul Hasan,"MBBS (DMC), BCS (Health), D-CARD (BSMMU)",Cardiologist & Echocardiographer,Feni General Hospital,"Consultant, Cardiology",Chittagong,https://doctorsdirectory.com.bd/wp-content/uploads/2025/01/Dr.-Shafiul-Hasan.jpg,https://doctorsdirectory.com.bd/add-doctor/dr-shafiul-hasan/,,
Dr. Rummana Khan,"MBBS (DMC), MD (Pediatrics)",Neonatal & Child Diseases Specialist,"Parkview Hospital, Chittagong","Consultant, Pediatrics",Chittagong,https://doctorsdirectory.com.bd/wp-content/uploads/2025/01/Dr.-Rummana-Khan.jpg,https://doctorsdirectory.com.bd/add-doctor/dr-rummana-khan/,,
Prof. Dr. Emran Bin Yunus,"MBBS (Dhaka), FCPS (Medicine), MACP (USA), FACP (USA)",Medicine & Nephrology Specialist,Chittagong Medical College & Hospital,"Former Professor, Nephrology",Chittagong,https://doctorsdirectory.com.bd/wp-content/uploads/2025/01/Prof.-Dr.-Emran-Bin-Yunus.jpg,https://doctorsdirectory.com.bd/add-doctor/prof-dr-emran-bin-yunus/,,
Dr. Shamima Akther,"MBBS, DGO, MCPS, MS (OBGYN)",Gynecology & Obstetrics Specialist,"Imperial Hospital Limited, Chattogram","Consultant, Gynecology & Obstetrics",Chittagong,https://doctorsdirectory.com.bd/wp-content/uploads/2025/01/Dr.-Shamima-Akther.jpg,https://doctorsdirectory.com.bd/add-doctor/dr-shamima-akther/,,
Dr. Md. Omar Faruque,"MBBS (DMC), BCS, FCPS (Surgery), MRCS (Edinburgh, UK), FACS (USA), MS (Pediatric Surgery)","General, Laparoscopic & Pediatric Surgeon",Chittagong Medical College & Hospital,"Assistant Professor, Pediatric Surgery",Chittagong,https://doctorsdirectory.com.bd/wp-content/uploads/2025/01/Dr.-Md.-Omar-Faruque.jpg,https://doctorsdirectory.com.bd/add-doctor/dr-md-omar-faruque/,,
Dr. Mostafa Mahfuzul Anwar,"MBBS (CMC), BCS (Health), MD (Cardiology)",Cardiology & Medicine Specialist,"General Hospital, Chittagong","Consultant, Cardiology",Chittagong,https://doctorsdirectory.com.bd/wp-content/uploads/2025/01/Dr.-Mostafa-Mahfuzul-Anwar.jpg,https://doctorsdirectory.com.bd/add-doctor/dr-mostafa-mahfuzul-anwar/,,
Dr. Farhana Mahmud Siddiqui,"MBBS, BCS (Health), DGO, FCPS (OBGYN)",Gynecologist & Surgeon,Chittagong Medical College & Hospital,"Consultant, Gynecology",Chittagong,https://doctorsdirectory.com.bd/wp-content/uploads/2025/01/Dr.-Farhana-Mahmud-Siddiqui.jpg,https://doctorsdirectory.com.bd/add-doctor/dr-farhana-mahmud-siddiqui/,,
Dr. A.H.M. Mohiuddin,"MBBS, DO",Eye Specialist & Phaco Surgeon,Chittagong Eye Infirmary & Training Complex,"Consultant, Ophthalmology",Chittagong,https://doctorsdirectory.com.bd/wp-content/uploads/2025/01/Dr.-A.H.M.-Mohiuddin.jpg,https://doctorsdirectory.com.bd/add-doctor/dr-a-h-m-mohiuddin/,,
Dr. Fowaz Hossain Shuvo,"MBBS, MD (Chest Diseases)","Chest, Allergy, TB, Asthma Specialist & Bronchoscopist",Chest Disease Hospital,"Consultant, Respiratory Medicine",Chittagong,https://doctorsdirectory.com.bd/wp-content/uploads/2025/01/Dr.-Fowaz-Hossain-Shuvo.jpg,https://doctorsdirectory.com.bd/add-doctor/dr-fowaz-hossain-shuvo/,,
Dr. Ishrat Jahan,"MBBS, PGT (Medicine), D-CARD (BSMMU)","Cardiologist, Echocardiographer & Medicine Specialist","Feni Clinic, Feni","Consultant, Cardiology",Chittagong,https://doctorsdirectory.com.bd/wp-content/uploads/2025/01/Dr.-Ishrat-Jahan.jpg,https://doctorsdirectory.com.bd/add-doctor/dr-ishrat-jahan-ctg/,,
Dr. A T M Khaled Zaman,"MBBS, BCS (Health), D-ORTHO",Orthopedic Specialist & Surgeon,"Labaid Diagnostic, Chittagong","Consultant, Orthopedics",Chittagong,https://doctorsdirectory.com.bd/wp-content/uploads/2025/01/Dr.-A-T-M-Khaled-Zaman.jpg,https://doctorsdirectory.com.bd/add-doctor/dr-a-t-m-khaled-zaman/,,
Prof. Dr. Boshir Ahmed,"MBBS, MCPS (Surgery), MS (Ortho)","Orthopedic, Spine, Trauma Specialist & Surgeon",Chittagong Medical College & Hospital,"Professor, Orthopedic Surgery",Chittagong,https://doctorsdirectory.com.bd/wp-content/uploads/2025/01/Prof.-Dr.-Boshir-Ahmed.jpg,https://doctorsdirectory.com.bd/add-doctor/prof-dr-boshir-ahmed/,,
Dr. Suraiya Akter,"MBBS, DGO, MCPS (OBGYN)",Gynecologist & Surgeon,Feni District Hospital,"Consultant, Gynecology",Chittagong,https://doctorsdirectory.com.bd/wp-content/uploads/2025/01/Dr.-Suraiya-Akter.jpg,https://doctorsdirectory.com.bd/add-doctor/dr-suraiya-akter/,,
Dr. Kazi Mahfuzur Rahman,"MBBS, DCH",Child Diseases Specialist,Chattogram Maa-O-Shishu Hospital Medical College,"Assistant Professor, Pediatrics",Chittagong,https://doctorsdirectory.com.bd/wp-content/uploads/2025/01/Dr.-Kazi-Mahfuzur-Rahman.jpg,https://doctorsdirectory.com.bd/add-doctor/dr-kazi-mahfuzur-rahman/,,
Dr. Mostafa Kamal,"MBBS, MCPS (Medicine), MD (Gastroenterology)","Gastrointestinal, Liver Disease Specialist & Interventional Endoscopist",BGC Trust Medical College & Hospital,"Assistant Professor, Gastroenterology",Chittagong,https://doctorsdirectory.com.bd/wp-content/uploads/2025/01/Dr.-Mostafa-Kamal.jpg,https://doctorsdirectory.com.bd/add-doctor/dr-mostafa-kamal/,,
Dr. Saima Shah Alam,"MBBS (SSMC), BCS (Health), FCPS (OBGYN)",Gynecologist & Surgeon,Chittagong Medical College & Hospital,"Consultant, Gynecology & Obstetrics",Chittagong,https://doctorsdirectory.com.bd/wp-content/uploads/2025/01/Dr.-Saima-Shah-Alam.jpg,https://doctorsdirectory.com.bd/add-doctor/dr-saima-shah-alam/,,
Prof. Dr. Shahanara Chowdhury,"MBBS (Dhaka), FCPS (OBGYN), Fellow (WHO), Advanced Training (Thailand)","Gynecology, Obstetrics Specialist & Laparoscopic Surgeon",Chittagong Medical College & Hospital,"Former Professor & Head, Gynecology & Obstetrics",Chittagong,https://doctorsdirectory.com.bd/wp-content/uploads/2025/01/Prof.-Dr.-Shahanara-Chowdhury.jpg,https://doctorsdirectory.com.bd/add-doctor/prof-dr-shahanara-chowdhury/,,
Dr. Abidur Rahman,"MBBS, MCPS, DCH","Newborn, Adolescent & Child Specialist",National Hospital,"Consultant, Pediatrics",Chittagong,https://doctorsdirectory.com.bd/wp-content/uploads/2025/01/Dr.-Abidur-Rahman.jpg,https://doctorsdirectory.com.bd/add-doctor/dr-abidur-rahman/,,
Dr. Mursheda Yesmin,"MBBS (CMC), BCS (Health), FCPS (OBGYN)","Gynecologist, Surgeon & Infertility Specialist",Cox’s Bazar Medical College & Hospital,"Consultant, Gynecology & Obstetrics",Chittagong,https://doctorsdirectory.com.bd/wp-content/uploads/2025/01/Dr.-Mursheda-Yesmin.jpg,https://doctorsdirectory.com.bd/add-doctor/dr-mursheda-yesmin/,,
Prof. Dr. Farzana Neowaj,"MBBS, FCPS (Surgery)",General & Laparoscopic Specialist Surgeon,Southern Medical College & Hospital,"Professor & Head, Surgery",Chittagong,https://doctorsdirectory.com.bd/wp-content/uploads/2025/01/Prof.-Dr.-Farzana-Neowaj.jpg,https://doctorsdirectory.com.bd/add-doctor/prof-dr-farzana-neowaj/,,
Dr. Md. Mainuddin,"MBBS (DU), BCS (Health), MD (Cardiology)","Cardiology, Medicine & Rheumatic Fever Specialist",Chittagong Medical College & Hospital,"Consultant, Cardiology",Chittagong,https://doctorsdirectory.com.bd/wp-content/uploads/2025/01/Dr.-Md.-Mainuddin.jpg,https://doctorsdirectory.com.bd/add-doctor/dr-md-mainuddin/,,
Dr. Syeda Nur-A-Lina,"MBBS (DU), FCPS (OBGYN), MRCOG (UK)",Gynecology & Obstetrics Specialist,Chattogram Maa-O-Shishu Hospital Medical College,"Assistant Professor, Gynecology & Obstetrics",Chittagong,https://doctorsdirectory.com.bd/wp-content/uploads/2025/01/Dr.-Syeda-Nur-A-Lina.jpg,https://doctorsdirectory.com.bd/add-doctor/dr-syeda-nur-a-lina/,,
Dr. Ujjal Kanti Das,"MBBS (DMC), BCS (Health), MD (Chest Diseases)","Chest, Asthma & Pulmonology Specialist",Cox’s Bazar Medical College & Hospital,"Assistant Professor, Respiratory Medicine",Chittagong,https://doctorsdirectory.com.bd/wp-content/uploads/2025/01/Dr.-Ujjal-Kanti-Das.jpg,https://doctorsdirectory.com.bd/add-doctor/dr-ujjal-kanti-das/,,
Dr. Md. Ehteshamul Haque,"MBBS, MD (Cardiology)","Heart Diseases, Cardiology, Hypertension Specialist",Cox’s Bazar Medical College & Hospital,"Assistant Professor, Cardiology",Chittagong,https://doctorsdirectory.com.bd/wp-content/uploads/2025/01/Dr.-Md.-Ehteshamul-Haque.jpg,https://doctorsdirectory.com.bd/add-doctor/dr-md-ehteshamul-haque/,,
Dr. Rokshana Hoque,"MBBS, DGO, MCPS (OBGYN)",Gynecologist & Surgeon,"Chevron Clinical Laboratory, Chittagong","Consultant, Gynecology",Chittagong,https://doctorsdirectory.com.bd/wp-content/uploads/2025/01/Dr.-Rokshana-Hoque.jpg,https://doctorsdirectory.com.bd/add-doctor/dr-rokshana-hoque/,,
Dr. F.M.A. Zahid,"MBBS, MCPS, FCPS (Medicine)","Medicine, Diabetology & Neuromedicine Specialist",Chittagong Medical College & Hospital,"Assistant Professor, Medicine",Chittagong,https://doctorsdirectory.com.bd/wp-content/uploads/2025/01/Dr.-F.M.A.-Zahid.jpg,https://doctorsdirectory.com.bd/add-doctor/dr-f-m-a-zahid/,,
Prof. Dr. Muhammad Ishaque,"MBBS, FCPS (Medicine), MD (Neurology)",Neuromedicine Specialist,"General Hospital, Chittagong","Former Head, Neuromedicine",Chittagong,https://doctorsdirectory.com.bd/wp-content/uploads/2025/01/Prof.-Dr.-Muhammad-Ishaque.jpg,https://doctorsdirectory.com.bd/add-doctor/prof-dr-muhammad-ishaque/,,
Dr. Kamrunnessa Runa,"MBBS (DMC), BCS (Health), FCPS (OBGYN)",Gynecologist & Surgeon,"General Hospital, Chittagong","Consultant, Gynecology",Chittagong,https://doctorsdirectory.com.bd/wp-content/uploads/2025/01/Dr.-Kamrunnessa-Runa.jpg,https://doctorsdirectory.com.bd/add-doctor/dr-kamrunnessa-runa/,,
Dr. A Z M Sakhawat Hossain,"MBBS, BCS (Health), MCPS (Medicine), FCPS (Medicine), FRCP (UK)",Medicine Specialist,Marine City Medical College & Hospital,"Associate Professor, Medicine",Chittagong,https://doctorsdirectory.com.bd/wp-content/uploads/2025/01/Dr.-A-Z-M-Sakhawat-Hossain.jpg,https://doctorsdirectory.com.bd/add-doctor/dr-a-z-m-sakhawat-hossain/,,
Dr. M.A. Hassan Chowdhury,"MBBS, FCPS, FRCP (Edin), FACP (USA)",Medicine Specialist,Chittagong Medical College & Hospital,"Professor, Department of Medicine",Chittagong,https://doctorsdirectory.com.bd/wp-content/uploads/2025/01/Dr.-M.A.-Hassan-Chowdhury.jpg,https://doctorsdirectory.com.bd/add-doctor/dr-m-a-hassan-chowdhury/,,
Dr. Fahima Islam Chowdhury,"MBBS (Dhaka), FCPS (OBGYN), Fellow in IVF & Reproductive Medicine (India)",Gynecology & Infertility Specialist,CSCR Hospital,"Consultant, Gynecology",Chittagong,https://doctorsdirectory.com.bd/wp-content/uploads/2025/01/Dr.-Fahima-Islam-Chowdhury.jpg,https://doctorsdirectory.com.bd/add-doctor/dr-fahima-islam-chowdhury/,,
Dr. Masihuzzaman Alpha,"MBBS (DMC), MS (CV&TS)","Cardiac Surgery (Heart, Lung & Vascular) Specialist",Chittagong Medical College & Hospital,"Assistant Professor, Cardiac Surgery",Chittagong,https://doctorsdirectory.com.bd/wp-content/uploads/2025/01/Dr.-Masihuzzaman-Alpha.jpg,https://doctorsdirectory.com.bd/add-doctor/dr-masihuzzaman-alpha/,,
Dr. Mostafa Nuruddin,"MBBS, MCPS, MD (Pediatrics)",Child Diseases Specialist,Chattogram International Medical College & Hospital,"Associate Professor, Pediatrics",Chittagong,https://doctorsdirectory.com.bd/wp-content/uploads/2025/01/Dr.-Mostafa-Nuruddin.jpg,https://doctorsdirectory.com.bd/add-doctor/dr-mostafa-nuruddin/,,
Dr. A S M Fazlul Karim,"MBBS, FCPS (Surgery)","General, Colorectal & Laparoscopic Surgeon",Chittagong Medical College & Hospital,"Former Associate Professor, Surgery",Chittagong,https://doctorsdirectory.com.bd/wp-content/uploads/2025/01/Dr.-A-S-M-Fazlul-Karim.jpg,https://doctorsdirectory.com.bd/add-doctor/dr-a-s-m-fazlul-karim/,,
Dr. Tahrima Khanom,"MBBS, BCS (Health), FCPS (OBGYN), MRCOG (London)","Gynecology, Obstetrics Specialist & Surgeon",Chittagong Medical College & Hospital,"Consultant, Gynecology & Obstetrics",Chittagong,https://doctorsdirectory.com.bd/wp-content/uploads/2025/01/Dr.-Tahrima-Khanom.jpg,https://doctorsdirectory.com.bd/add-doctor/dr-tahrima-khanom/,,
Dr. Sanat Kumar Barua,"MBBS (CMC), DCH (BIRDEM), FCPS (Pediatrics)",Child Diseases Specialist,Chittagong Medical College & Hospital,"Consultant, Pediatrics",Chittagong,https://doctorsdirectory.com.bd/wp-content/uploads/2025/01/Dr.-Sanat-Kumar-Barua.jpg,https://doctorsdirectory.com.bd/add-doctor/dr-sanat-kumar-barua/,,
Prof. Dr. Abul Kasem,"MBBS, FCPS, MS, FACS",General & Laparoscopic Surgeon,BGC Trust Medical College & Hospital,"Professor, Surgery",Chittagong,https://doctorsdirectory.com.bd/wp-content/uploads/2025/01/Prof.-Dr.-Abul-Kasem.jpg,https://doctorsdirectory.com.bd/add-doctor/prof-dr-abul-kasem/,,
Dr. Masuda Novera,"MBBS, BCS (Health), FCPS (OBGYN)",Gynecologist & Surgeon,"Health View Maternity & Child Hospital, Chittagong","Consultant, Gynecology & Obstetrics",Chittagong,https://doctorsdirectory.com.bd/wp-content/uploads/2025/01/Dr.-Masuda-Novera.jpg,https://doctorsdirectory.com.bd/add-doctor/dr-masuda-novera/,,
Dr. Md. Abu Taher,"MBBS, FCPS (Medicine)",Medicine Specialist,"Max Hospital & Diagnostic, Chittagong","Consultant, Medicine",Chittagong,https://doctorsdirectory.com.bd/wp-content/uploads/2025/01/Dr.-Md.-Abu-Taher.jpg,https://doctorsdirectory.com.bd/add-doctor/dr-md-abu-taher/,,
Dr. Shajedur Rahman,"MBBS, BCS (Health), MD (Cardiology)","Cardiology (Heart Diseases, Rheumatic Fever) Specialist",Chittagong Medical College & Hospital,"Assistant Professor, Cardiology",Chittagong,https://doctorsdirectory.com.bd/wp-content/uploads/2025/01/Dr.-Shajedur-Rahman.jpg,https://doctorsdirectory.com.bd/add-doctor/dr-shajedur-rahman/,,
Prof. Dr. Rowshan Morshed,"MBBS, FCPS (Obs & Gynae)",Gynecologist & Surgeon,Chattogram Maa-O-Shishu Hospital Medical College,"Professor, Gynecology & Obstetrics",Chittagong,https://doctorsdirectory.com.bd/wp-content/uploads/2025/01/Prof.-Dr.-Rowshan-Morshed.jpg,https://doctorsdirectory.com.bd/add-doctor/prof-dr-rowshan-morshed/,,
Dr. Anupam Barua,"MBBS, MD (Neurology)","Brain, Stroke, Nerve & Neuromedicine Specialist",Cox’s Bazar Medical College & Hospital,"Assistant Professor, Neurology",Chittagong,https://doctorsdirectory.com.bd/wp-content/uploads/2025/01/Dr.-Anupam-Barua.jpg,https://doctorsdirectory.com.bd/add-doctor/dr-anupam-barua/,,
Dr. Hasina Akhter,"MBBS, BCS (Health), MCPS, FCPS (OBGYN)",Gynecologist & Surgeon,Chittagong Medical College & Hospital,"Consultant, Gynecology & Obstetrics",Chittagong,https://doctorsdirectory.com.bd/wp-content/uploads/2025/01/Dr.-Hasina-Akhter-1.jpg,https://doctorsdirectory.com.bd/add-doctor/dr-hasina-akhter-ctg/,,
Dr. Abul Mansur Md. Abdullah,"MBBS, MCPS (Medicine), MD (Internal Medicine)","Medicine, Arthritis, Diabetes & Neuromedicine Specialist",Chattogram International Medical College & Hospital,"Associate Professor, Medicine",Chittagong,https://doctorsdirectory.com.bd/wp-content/uploads/2025/01/Dr.-Abul-Mansur-Md.-Abdullah.jpg,https://doctorsdirectory.com.bd/add-doctor/dr-abul-mansur-md-abdullah/,,
Dr. F M A Qader,"MBBS, BCS (Health), FCPS (Physical Medicine)",Arthritis & Pain Specialist,Chattogram Maa-O-Shishu Hospital Medical College,"Associate Professor, Physical Medicine",Chittagong,https://doctorsdirectory.com.bd/wp-content/uploads/2025/01/Dr.-F-M-A-Qader.jpg,https://doctorsdirectory.com.bd/add-doctor/dr-f-m-a-qader/,,
Dr. Sanchita Das,"MBBS, BCS (Health), FCPS (OBGYN)",Gynecologist & Surgeon,"General Hospital, Chittagong","Consultant, Gynecology",Chittagong,https://doctorsdirectory.com.bd/wp-content/uploads/2025/01/Dr.-Sanchita-Das.jpg,https://doctorsdirectory.com.bd/add-doctor/dr-sanchita-das/,,
Dr. Md. Saiful Huq,"MBBS (DMC), BCS (Health), MRCP (UK)",Medicine & Diabetes Specialist,Chittagong Medical College & Hospital,"Consultant, Medicine",Chittagong,https://doctorsdirectory.com.bd/wp-content/uploads/2025/01/Dr.-Md.-Saiful-Huq.jpg,https://doctorsdirectory.com.bd/add-doctor/dr-md-saiful-huq/,,
Dr. Zinat Maruf,"MBBS, FCPS (Obs & Gynae)",Gynecologist & Surgeon,Chittagong Medical College & Hospital,"Assistant Professor, Gynecology & Obstetrics",Chittagong,https://doctorsdirectory.com.bd/wp-content/uploads/2025/01/Dr.-Zinat-Maruf.jpg,https://doctorsdirectory.com.bd/add-doctor/dr-zinat-maruf/,,
Dr. Md. Farhad Uddin,"MBBS (DMC), MD (Pediatrics)",Newborn & Child Diseases Specialist,"Max Hospital & Diagnostic, Chittagong","Specialist, Pediatrics",Chittagong,https://doctorsdirectory.com.bd/wp-content/uploads/2025/01/Dr.-Md.-Farhad-Uddin.jpg,https://doctorsdirectory.com.bd/add-doctor/dr-md-farhad-uddin/,,
Dr. Zabeer Ahmed,"MBBS (CMC), BCS (Health), MD (Cardiology)",Cardiology & Medicine Specialist,Chittagong Medical College & Hospital,"Resident Physician, Cardiology",Chittagong,https://doctorsdirectory.com.bd/wp-content/uploads/2025/01/Dr.-Zabeer-Ahmed.jpg,https://doctorsdirectory.com.bd/add-doctor/dr-zabeer-ahmed/,,
Dr. Mohammad Jahangir Alam,"MBBS (SSMC), BCS (Health), D-ORTHO, MS (Ortho)","Orthopedics, Arthroscopy & Joint Replacement Surgeon",Chittagong Medical College & Hospital,"Assistant Professor, Orthopedic Surgery",Chittagong,https://doctorsdirectory.com.bd/wp-content/uploads/2025/01/Dr.-Mohammad-Jahangir-Alam.jpg,https://doctorsdirectory.com.bd/add-doctor/dr-mohammad-jahangir-alam/,,
Prof. Dr. Mizanur Rahman,"MBBS, MCPS (Medicine), MD (Medicine)",Medicine Specialist,Chattogram Maa-O-Shishu Hospital Medical College,"Professor, Medicine",Chittagong,https://doctorsdirectory.com.bd/wp-content/uploads/2025/01/Prof.-Dr.-Mizanur-Rahman.jpg,https://doctorsdirectory.com.bd/add-doctor/prof-dr-mizanur-rahman/,,
Dr. Farhana Yasmeen,"MBBS (CU), FCPS (Obs & Gynae)",Gynecologist & Surgeon,BGC Trust Medical College & Hospital,"Assistant Professor, Gynecology & Obstetrics",Chittagong,https://doctorsdirectory.com.bd/wp-content/uploads/2025/01/Dr.-Farhana-Yasmeen.jpg,https://doctorsdirectory.com.bd/add-doctor/dr-farhana-yasmeen/,,
Dr. Md. Tareq-Ul-Kader,"MBBS, BCS, FCPS (Medicine)","Medicine, Diabetologist & Rheumatology Specialist",Chattogram Maa-O-Shishu Hospital Medical College,"Registrar, Medicine",Chittagong,https://doctorsdirectory.com.bd/wp-content/uploads/2025/01/Dr.-Md.-Tareq-Ul-Kader.jpg,https://doctorsdirectory.com.bd/add-doctor/dr-md-tareq-ul-kader/,,
Dr. Masuda Nesa,"MBBS, FCPS (Obs & Gynae), DGO, MCPS (Obs & Gynae)",Gynecologist & Surgeon,"Institute of Applied Health Sciences (IAHS), Chittagong","Associate Professor, Gynecology & Obstetrics",Chittagong,https://doctorsdirectory.com.bd/wp-content/uploads/2025/01/Dr.-Masuda-Nesa.jpg,https://doctorsdirectory.com.bd/add-doctor/dr-masuda-nesa/,,
Dr. Lutfur Rahman,"MBBS, FCPS (Medicine), MD (Neurology)",Neuromedicine Specialist,"General Hospital, Chittagong","Senior Consultant, Neuromedicine",Chittagong,https://doctorsdirectory.com.bd/wp-content/uploads/2025/01/Dr.-Lutfur-Rahman.jpg,https://doctorsdirectory.com.bd/add-doctor/dr-lutfur-rahman/,,
Dr. Tahmina Begum,"MBBS, FCPS, DGO",Gynecology & Obstetrics Specialist,"Imperial Hospital Limited, Chattogram","Consultant, Gynecology & Obstetrics",Chittagong,https://doctorsdirectory.com.bd/wp-content/uploads/2025/01/Dr.-Tahmina-Begum.jpg,https://doctorsdirectory.com.bd/add-doctor/dr-tahmina-begum/,,
Dr. Md. Shah Newaz,"MBBS, D-CARD, MD (Cardiology)","Cardiology (Heart Diseases, Rheumatic Fever) Specialist",Feni Diabetes Hospital,"Consultant, Cardiology",Chittagong,https://doctorsdirectory.com.bd/wp-content/uploads/2025/01/Dr.-Md.-Shah-Newaz.jpg,https://doctorsdirectory.com.bd/add-doctor/dr-md-shah-newaz/,,
Dr. Farhana Halim,"MBBS (SSMC), BCS (Health), FCPS (Medicine), MACP (USA)",Medicine Specialist,Chittagong Medical College & Hospital,"Consultant, Medicine",Chittagong,https://doctorsdirectory.com.bd/wp-content/uploads/2025/01/Dr.-Farhana-Halim.jpg,https://doctorsdirectory.com.bd/add-doctor/dr-farhana-halim/,,
Dr. Hasina Akhter,"MBBS, FCPS (Surgery), FMAS, FIAGES","General, Breast & Laparoscopic Surgeon","Imperial Hospital Limited, Chattogram","Consultant, General Surgery",Chittagong,https://doctorsdirectory.com.bd/wp-content/uploads/2025/01/Dr.-Hasina-Akhter.jpg,https://doctorsdirectory.com.bd/add-doctor/dr-hasina-akhter/,,
Dr. Bipul Kanti Paul,"MBBS, MCPS (Medicine), MD (Neuromedicine)",Neuromedicine Specialist,National Institute of Neurosciences & Hospital,"Consultant, Neuromedicine",Chittagong,https://doctorsdirectory.com.bd/wp-content/uploads/2025/01/Dr.-Bipul-Kanti-Paul.jpg,https://doctorsdirectory.com.bd/add-doctor/dr-bipul-kanti-paul/,,
Dr. Sumon Das,"MBBS (CMC), BCS (Health), MCPS, FCPS (ENT)",Ear Nose Throat Specialist & Head Neck Surgeon,Chittagong Medical College & Hospital,"Consultant, ENT",Chittagong,https://doctorsdirectory.com.bd/wp-content/uploads/2025/01/Dr.-Sumon-Das.jpg,https://doctorsdirectory.com.bd/add-doctor/dr-sumon-das/,,
Dr. Arup Ratan Das,"MBBS (DMC), BCS (Health), FCPS (Medicine), MCPS (Medicine)",Medicine Specialist,Chittagong Medical College & Hospital,"Consultant, Medicine",Chittagong,https://doctorsdirectory.com.bd/wp-content/uploads/2025/01/Dr.-Arup-Ratan-Das.jpg,https://doctorsdirectory.com.bd/add-doctor/dr-arup-ratan-das/,,
Prof. Dr. Ferdousi Begum,"MBBS, FCPS (Obstetrics and Gynaecology)",Gynecology & Obstetrics Specialist,Chattogram Maa-O-Shishu Hospital Medical College,"Professor & Head, Gynecology & Obstetrics",Chittagong,https://doctorsdirectory.com.bd/wp-content/uploads/2025/01/Prof.-Dr.-Ferdousi-Begum.jpg,https://doctorsdirectory.com.bd/add-doctor/prof-dr-ferdousi-begum/,,
Dr. A T M Moinuddin,"MBBS, DLO, MCPS (ENT)","Ear, Nose, Throat Specialist & Surgeon","Feni Clinic, Feni","Consultant, ENT",Chittagong,https://doctorsdirectory.com.bd/wp-content/uploads/2025/01/Dr.-A-T-M-Moinuddin.jpg,https://doctorsdirectory.com.bd/add-doctor/dr-a-t-m-moinuddin/,,
Dr. Suman Talukder,"MBBS, BCS (Health), MD (Cardiology)",Cardiology & Rheumatic Fever Specialist,Chittagong Medical College & Hospital,"Assistant Professor, Cardiology",Chittagong,https://doctorsdirectory.com.bd/wp-content/uploads/2025/01/Dr.-Suman-Talukder.jpg,https://doctorsdirectory.com.bd/add-doctor/dr-suman-talukder/,,
Dr. Rubina Yasmin,"MBBS, MCPS (OBGYN), DGO, FCPS (OBGYN)",Gynecologist & Surgeon,Chittagong Medical College & Hospital,"Associate Professor, Gynecology & Obstetrics",Chittagong,https://doctorsdirectory.com.bd/wp-content/uploads/2025/01/Dr.-Rubina-Yasmin.jpg,https://doctorsdirectory.com.bd/add-doctor/dr-rubina-yasmin/,,
Dr. Soumitra Das,"MBBS, MD (Neurology)",Neuromedicine Specialist,"General Hospital, Chittagong","Junior Consultant, Neuromedicine",Chittagong,https://doctorsdirectory.com.bd/wp-content/uploads/2025/01/Dr.-Soumitra-Das.jpg,https://doctorsdirectory.com.bd/add-doctor/dr-soumitra-das/,,
Dr. Md. Nazmul Haque Talukdar,"MBBS, MD (Chest Disease)","Chest, Asthma, COPD, Tuberculosis Specialist",Chittagong Medical College & Hospital,"Assistant Professor, Pulmonology",Chittagong,https://doctorsdirectory.com.bd/wp-content/uploads/2025/01/Dr.-Md.-Nazmul-Haque-Talukdar.jpg,https://doctorsdirectory.com.bd/add-doctor/dr-md-nazmul-haque-talukdar/,,
Dr. Md. Nasir Uddin,"MBBS (CU), MD (Neurology)","Brain, Nerve, Spine, Stroke & Neuromedicine Specialist",Chittagong Medical College & Hospital,"Assistant Professor, Neurology",Chittagong,https://doctorsdirectory.com.bd/wp-content/uploads/2025/01/Dr.-Md.-Nasir-Uddin.jpg,https://doctorsdirectory.com.bd/add-doctor/dr-md-nasir-uddin/,,
Dr. Muhammad Shafiul Azam,"MBBS, MD (Neurology)","Brain, Stroke, Nerve & Neuromedicine Specialist",Chittagong Medical College & Hospital,"Consultant, Neurology",Chittagong,https://doctorsdirectory.com.bd/wp-content/uploads/2025/01/Dr.-Muhammad-Shafiul-Azam.jpg,https://doctorsdirectory.com.bd/add-doctor/dr-muhammad-shafiul-azam/,,
Dr. S.M. Muazzem Hossain,"MBBS (DMC), BCS (Health), MD (Neurology)","Brain, Nerve, Stroke & Neuromedicine Specialist",Chittagong Medical College & Hospital,"Consultant, Neurology",Chittagong,https://doctorsdirectory.com.bd/wp-content/uploads/2025/01/Dr.-S.M.-Muazzem-Hossain.jpg,https://doctorsdirectory.com.bd/add-doctor/dr-s-m-muazzem-hossain/,,
Dr. Md. Nurul Absar Beg,"MBBS, BCS (Health), MD (Neurology)",Neuromedicine Specialist,Chittagong Medical College & Hospital,"Assistant Professor, Neurology",Chittagong,https://doctorsdirectory.com.bd/wp-content/uploads/2025/01/Dr.-Md.-Nurul-Absar-Beg.jpg,https://doctorsdirectory.com.bd/add-doctor/dr-md-nurul-absar-beg/,,
Dr. Atanu Saha,"MBBS, BCS (Health), MD (Neurology)",Neuromedicine Specialist,Chittagong Medical College & Hospital,"Assistant Professor, Neurology",Chittagong,https://doctorsdirectory.com.bd/wp-content/uploads/2025/01/Dr.-Atanu-Saha.jpg,https://doctorsdirectory.com.bd/add-doctor/dr-atanu-saha/,,
Dr. M.A. Shakoor,"MBBS, BCS (Health), MD (Internal Medicine), MD (Neurology)","Medicine, Brain & Neuromedicine Specialist",Chittagong Medical College & Hospital,"Assistant Professor, Neurology",Chittagong,https://doctorsdirectory.com.bd/wp-content/uploads/2025/01/Dr.-M.A.-Shakoor.jpg,https://doctorsdirectory.com.bd/add-doctor/dr-m-a-shakoor/,,
Prof. Dr. Mansurul Alam,"MBBS, MD (Dermatology)",Skin & Venereal Diseases Specialist,Chittagong Medical College & Hospital,"Professor & Head, Dermatology",Chittagong,https://doctorsdirectory.com.bd/wp-content/uploads/2025/01/Prof.-Dr.-Mansurul-Alam.jpg,https://doctorsdirectory.com.bd/add-doctor/prof-dr-mansurul-alam/,,
Dr. Md. Shaukat Hossain,"MBBS, MD (Dermatology)",Skin & Venereal Diseases Specialist,Chittagong Medical College & Hospital,"Associate Professor, Dermatology",Chittagong,https://doctorsdirectory.com.bd/wp-content/uploads/2025/01/Dr.-Md.-Shaukat-Hossain.jpg,https://doctorsdirectory.com.bd/add-doctor/dr-md-shaukat-hossain/,,
Dr. S.M. Ali Ahmed Nazmul,"MBBS, DDV",Skin & Venereal Diseases Specialist,Chittagong Medical College & Hospital,"Assistant Professor, Dermatology",Chittagong,https://doctorsdirectory.com.bd/wp-content/uploads/2025/01/Dr.-S.M.-Ali-Ahmed-Nazmul.jpg,https://doctorsdirectory.com.bd/add-doctor/dr-s-m-ali-ahmed-nazmul/,,
Dr. Rezwana Ahmed,"MBBS, DDV, MD (Dermatology)",Skin & Venereal Diseases Specialist,Chittagong Medical College & Hospital,"Consultant, Dermatology",Chittagong,https://doctorsdirectory.com.bd/wp-content/uploads/2025/01/Dr.-Rezwana-Ahmed.jpg,https://doctorsdirectory.com.bd/add-doctor/dr-rezwana-ahmed/,,
Dr. G.M. Moniruddin,"MBBS, MS (Neurosurgery)",Brain & Spine Surgeon,Chittagong Medical College & Hospital,"Assistant Professor, Neurosurgery",Chittagong,https://doctorsdirectory.com.bd/wp-content/uploads/2025/01/Dr.-G.M.-Moniruddin.jpg,https://doctorsdirectory.com.bd/add-doctor/dr-g-m-moniruddin/,,
Dr. S.M. Noble Kumar Barua,"MBBS, MS (Neurosurgery)","Brain, Spine & Nerve Surgeon",Chittagong Medical College & Hospital,"Assistant Professor, Neurosurgery",Chittagong,https://doctorsdirectory.com.bd/wp-content/uploads/2025/01/Dr.-S.M.-Noble-Kumar-Barua.jpg,https://doctorsdirectory.com.bd/add-doctor/dr-s-m-noble-kumar-barua/,,
Dr. Md. Saiful Alam,"MBBS, MS (Neurosurgery)","Brain, Nerve & Spine Specialist Surgeon",Chittagong Medical College & Hospital,"Associate Professor, Neurosurgery",Chittagong,https://doctorsdirectory.com.bd/wp-content/uploads/2025/01/Dr.-Md.-Saiful-Alam.jpg,https://doctorsdirectory.com.bd/add-doctor/dr-md-saiful-alam/,,
Prof. Dr. Md. Kamal Uddin,"MBBS, MS (Neurosurgery)","Brain, Nerve & Spine Surgeon",Chittagong Medical College & Hospital,"Professor & Head, Neurosurgery",Chittagong,https://doctorsdirectory.com.bd/wp-content/uploads/2025/01/Prof.-Dr.-Md.-Kamal-Uddin.jpg,https://doctorsdirectory.com.bd/add-doctor/prof-dr-md-kamal-uddin/,,
Dr. Md. Towhidul Alam,"MBBS, FCPS (Surgery), MS (Neurosurgery)","Brain, Nerve & Spine Specialist Surgeon",Chittagong Medical College & Hospital,"Consultant, Neurosurgery",Chittagong,https://doctorsdirectory.com.bd/wp-content/uploads/2025/01/Dr.-Md.-Towhidul-Alam.jpg,https://doctorsdirectory.com.bd/add-doctor/dr-md-towhidul-alam/,,
Dr. Mohammad Salahuddin Faruq,"MBBS, MS (Surgery), MS (Urology)",Urology Specialist & Surgeon,Chittagong Medical College & Hospital,"Associate Professor, Urology",Chittagong,https://doctorsdirectory.com.bd/wp-content/uploads/2025/01/Dr.-Mohammad-Salahuddin-Faruq.jpg,https://doctorsdirectory.com.bd/add-doctor/dr-mohammad-salahuddin-faruq/,,
Dr. Md. Nurul Absar,"MBBS, FCPS (Surgery), MS (Urology)","Urology (Kidney, Ureter, Bladder, Prostate) Specialist Surgeon",Chittagong Medical College & Hospital,"Consultant, Urology",Chittagong,https://doctorsdirectory.com.bd/wp-content/uploads/2025/01/Dr.-Md.-Nurul-Absar.jpg,https://doctorsdirectory.com.bd/add-doctor/dr-md-nurul-absar/,,
Dr. Mohammed Belayet Hossain,"MBBS, BCS (Health), MS (Urology)","Kidney, Ureter, Bladder & Prostate Specialist Surgeon",Chittagong Medical College & Hospital,"Consultant, Urology",Chittagong,https://doctorsdirectory.com.bd/wp-content/uploads/2025/01/Dr.-Mohammed-Belayet-Hossain.jpg,https://doctorsdirectory.com.bd/add-doctor/dr-mohammed-belayet-hossain/,,
Dr. Muhammad Shofique Ur Rahman,"MBBS, MS (Urology)",Urology Specialist & Surgeon,Chittagong Medical College & Hospital,"Assistant Professor, Urology",Chittagong,https://doctorsdirectory.com.bd/wp-content/uploads/2025/01/Dr.-Muhammad-Shofique-Ur-Rahman.jpg,https://doctorsdirectory.com.bd/add-doctor/dr-muhammad-shofique-ur-rahman/,,
Dr. Md. Abdul Mobin,"MBBS, BCS (Health), FCPS (Surgery), MS (Urology)",Urologist & Surgeon,Chittagong Medical College & Hospital,"Assistant Professor, Urology",Chittagong,https://doctorsdirectory.com.bd/wp-content/uploads/2025/01/Dr.-Md.-Abdul-Mobin.jpg,https://doctorsdirectory.com.bd/add-doctor/dr-md-abdul-mobin/,,
Dr. Md. Manzurul Hoque,"MBBS, MS (Urology)",Urology Specialist & Surgeon,Chittagong Medical College & Hospital,"Assistant Professor, Urology",Chittagong,https://doctorsdirectory.com.bd/wp-content/uploads/2025/01/Dr.-Md.-Manzurul-Hoque.jpg,https://doctorsdirectory.com.bd/add-doctor/dr-md-manzurul-hoque/,,
Dr. Kamrul Hasan,"MBBS (Dhaka), BCS (Health), MD (Urology)",Urology Specialist & Surgeon,Chittagong Medical College & Hospital,"Assistant Professor, Urology",Chittagong,https://doctorsdirectory.com.bd/wp-content/uploads/2025/01/Dr.-Kamrul-Hasan.jpg,https://doctorsdirectory.com.bd/add-doctor/dr-kamrul-hasan/,,
Dr. Mohammed Sanaullah Shetu,"MBBS, MS (Urology)","Urology (Kidney, Ureter, Bladder, Prostate) Surgeon",Chittagong Medical College & Hospital,"Assistant Professor, Urology",Chittagong,https://doctorsdirectory.com.bd/wp-content/uploads/2025/01/Dr.-Mohammed-Sanaullah-Shetu.jpg,https://doctorsdirectory.com.bd/add-doctor/dr-mohammed-sanaullah-shetu/,,
Dr. Mohammad Saiful Hoque,"MBBS, FCPS (Medicine), MD (Cardiology)",Cardiology & Medicine Specialist,Chittagong Medical College & Hospital,"Assistant Professor, Cardiology",Chittagong,https://doctorsdirectory.com.bd/wp-content/uploads/2025/01/Dr.-Mohammad-Saiful-Hoque.jpg,https://doctorsdirectory.com.bd/add-doctor/dr-mohammad-saiful-hoque/,,
Dr. Abu Tarek Iqbal,"MBBS, FCPS (Medicine), MD (Cardiology)",Cardiology & Medicine Specialist,Chittagong Medical College & Hospital,"Associate Professor, Cardiology",Chittagong,https://doctorsdirectory.com.bd/wp-content/uploads/2025/01/Dr.-Abu-Tarek-Iqbal.jpg,https://doctorsdirectory.com.bd/add-doctor/dr-abu-tarek-iqbal/,,
Dr. Md. Ibrahim Chowdhury,"MBBS, FCPS (Medicine), MD (Cardiology)","Cardiology, Rheumatic Fever & Medicine Specialist",Chittagong Medical College & Hospital,"Associate Professor, Cardiology",Chittagong,https://doctorsdirectory.com.bd/wp-content/uploads/2025/01/Dr.-Md.-Ibrahim-Chowdhury.jpg,https://doctorsdirectory.com.bd/add-doctor/dr-md-ibrahim-chowdhury/,,
Dr. Ashish Dey,"MBBS, FCPS (Medicine), MD (Cardiology)",Cardiology & Medicine Specialist,Chittagong Medical College & Hospital,"Assistant Professor, Cardiology",Chittagong,https://doctorsdirectory.com.bd/wp-content/uploads/2025/01/Dr.-Ashish-Dey.jpg,https://doctorsdirectory.com.bd/add-doctor/dr-ashish-dey/,,
Dr. Prabir Kumar Das,"MBBS, FCPS (Medicine), MD (Cardiology)",Cardiology & Medicine Specialist,Chittagong Medical College & Hospital,"Associate Professor, Cardiology",Chittagong,https://doctorsdirectory.com.bd/wp-content/uploads/2025/01/Dr.-Prabir-Kumar-Das.jpg,https://doctorsdirectory.com.bd/add-doctor/dr-prabir-kumar-das/,,
Prof. Dr. Mohammad Ibrahim,"MBBS, FCPS (Medicine), MD (Cardiology)",Cardiology & Medicine Specialist,Chittagong Medical College & Hospital,"Professor & Head, Cardiology",Chittagong,https://doctorsdirectory.com.bd/wp-content/uploads/2025/01/Prof.-Dr.-Mohammad-Ibrahim.jpg,https://doctorsdirectory.com.bd/add-doctor/prof-dr-mohammad-ibrahim/,,
Dr. Md. Arifur Rahman,"MBBS, D-CARD, MD (Cardiology)",Cardiology & Rheumatic Fever Specialist,Chittagong Medical College & Hospital,"Consultant, Cardiology",Chittagong,https://doctorsdirectory.com.bd/wp-content/uploads/2025/01/Dr.-Arifur-Rahman.jpg,https://doctorsdirectory.com.bd/add-doctor/dr-md-arifur-rahman/,,
Dr. S.M. Miftahul Alam,"MBBS (CU), BCS (Health), MD (Gastroenterology)","Gastrointestinal, Liver, Pancreas & Biliary Specialist",Chittagong Medical College & Hospital,"Consultant, Gastroenterology",Chittagong,https://doctorsdirectory.com.bd/wp-content/uploads/2025/01/Dr.-S.M.-Miftahul-Alam.jpg,https://doctorsdirectory.com.bd/add-doctor/dr-s-m-miftahul-alam/,,
Dr. Binoy Paul,"MBBS, MD (Gastroenterology)","Gastrointestinal, Liver, Pancreas & Biliary Specialist",Chittagong Medical College & Hospital,"Assistant Professor, Gastroenterology",Chittagong,https://doctorsdirectory.com.bd/wp-content/uploads/2025/01/Dr.-Binoy-Paul.jpg,https://doctorsdirectory.com.bd/add-doctor/dr-binoy-paul/,,
Dr. Alak Kumar Raha,"MBBS, MCPS (Medicine), MD (Hepatology)",Liver & Medicine Specialist,Chittagong Medical College & Hospital,"Associate Professor & Head, Hepatology",Chittagong,https://doctorsdirectory.com.bd/wp-content/uploads/2025/01/Dr.-Alak-Kumar-Raha.jpg,https://doctorsdirectory.com.bd/add-doctor/dr-alak-kumar-raha/,,
Dr. Aloke Kumar Raha,"MBBS (Dhaka), MCPS (Medicine), MD (Hepatology)",Liver Diseases Specialist,Chittagong Medical College & Hospital,"Associate Professor & Head, Hepatology",Chittagong,https://doctorsdirectory.com.bd/wp-content/uploads/2025/02/Dr.-Aloke-Kumar-Raha.jpg,https://doctorsdirectory.com.bd/add-doctor/dr-aloke-kumar-raha/,,
Dr. Sumit Ranjan Paul,"MBBS, BCS (Health), MD (Nephrology)",Kidney Diseases & Medicine Specialist,Chittagong Medical College & Hospital,"Assistant Professor, Nephrology",Chittagong,https://doctorsdirectory.com.bd/wp-content/uploads/2025/01/Dr.-Sumit-Ranjan-Paul.jpg,https://doctorsdirectory.com.bd/add-doctor/dr-sumit-ranjan-paul/,,
Dr. Md. Nurul Absar Beg,"MBBS, BCS (Health), MD (Nephrology)",Kidney Diseases & Medicine Specialist,Chittagong Medical College & Hospital,"Assistant Professor, Nephrology",Chittagong,https://doctorsdirectory.com.bd/wp-content/uploads/2025/01/Dr.-Md.-Nurul-Absar-Beg-Kidney.jpg,https://doctorsdirectory.com.bd/add-doctor/dr-md-nurul-absar-beg-kidney/,,
Prof. Dr. Md. Enayet Karim,"MBBS, MD (Nephrology)",Kidney Diseases Specialist,Chittagong Medical College & Hospital,"Professor & Head, Nephrology",Chittagong,https://doctorsdirectory.com.bd/wp-content/uploads/2025/01/Prof.-Dr.-Md.-Enayet-Karim.jpg,https://doctorsdirectory.com.bd/add-doctor/prof-dr-md-enayet-karim/,,
Dr. K.M. Faisal,"MBBS (DMC), BCS (Health), MD (Nephrology)","Kidney, High Blood Pressure & Medicine Specialist",Chittagong Medical College & Hospital,"Consultant, Nephrology",Chittagong,https://doctorsdirectory.com.bd/wp-content/uploads/2025/01/Dr.-K.M.-Faisal.jpg,https://doctorsdirectory.com.bd/add-doctor/dr-k-m-faisal/,,
Dr. Kamrul Hasan,"MBBS (Dhaka), BCS (Health), MD (Endocrinology)","Diabetes, Thyroid & Hormone Specialist",Chittagong Medical College & Hospital,"Assistant Professor & Head, Endocrinology",Chittagong,https://doctorsdirectory.com.bd/wp-content/uploads/2025/01/Dr.-Kamrul-Hasan-Endo.jpg,https://doctorsdirectory.com.bd/add-doctor/dr-kamrul-hasan-endo/,,
Dr. Farhana Akter,"MBBS, FCPS (Medicine), MD (Endocrinology)","Diabetes, Thyroid & Hormone Specialist",Chittagong Medical College & Hospital,"Assistant Professor, Endocrinology",Chittagong,https://doctorsdirectory.com.bd/wp-content/uploads/2025/01/Dr.-Farhana-Akter.jpg,https://doctorsdirectory.com.bd/add-doctor/dr-farhana-akter/,,
Dr. Shahryar Ahmed Milan,"MBBS, BCS (Health), DEM (BIRDEM)","Endocrinology (Diabetes, Thyroid & Hormonal Diseases) Specialist",Chittagong Medical College & Hospital,"Assistant Professor, Endocrinology",Chittagong,https://doctorsdirectory.com.bd/wp-content/uploads/2025/02/Dr.-Shahryar-Ahmed-Milan.jpg,https://doctorsdirectory.com.bd/add-doctor/dr-shahryar-ahmed-milan/,,
Dr. Md. Nazmul Haque Talukdar,"MBBS, MD (Chest Disease)","Chest, Asthma, COPD, Tuberculosis Specialist",Chittagong Medical College & Hospital,"Assistant Professor, Pulmonology",Chittagong,https://doctorsdirectory.com.bd/wp-content/uploads/2025/01/Dr.-Md.-Nazmul-Haque-Talukdar.jpg,https://doctorsdirectory.com.bd/add-doctor/dr-md-nazmul-haque-talukdar/,,
Dr. Muniruddin Ahmed,"MBBS (CU), FCPS (Medicine)","Medicine, Diabetes & Hormone Specialist",Cox’s Bazar Medical College & Hospital,"Assistant Professor, Medicine",Chittagong,https://doctorsdirectory.com.bd/wp-content/uploads/2025/01/Dr.-Muniruddin-Ahmed.jpg,https://doctorsdirectory.com.bd/add-doctor/dr-muniruddin-ahmed/,,
Dr. Md. Tareq-Ul-Kader,"MBBS, BCS, FCPS (Medicine)","Medicine, Diabetologist & Rheumatology Specialist",Chattogram Maa-O-Shishu Hospital Medical College,"Registrar, Medicine",Chittagong,https://doctorsdirectory.com.bd/wp-content/uploads/2025/01/Dr.-Md.-Tareq-Ul-Kader.jpg,https://doctorsdirectory.com.bd/add-doctor/dr-md-tareq-ul-kader/,,
Dr. A Z M Sakhawat Hossain,"MBBS, BCS (Health), MCPS (Medicine), FCPS (Medicine), FRCP (UK)",Medicine Specialist,Marine City Medical College & Hospital,"Associate Professor, Medicine",Chittagong,https://doctorsdirectory.com.bd/wp-content/uploads/2025/01/Dr.-A-Z-M-Sakhawat-Hossain.jpg,https://doctorsdirectory.com.bd/add-doctor/dr-a-z-m-sakhawat-hossain/,,
Dr. M.A. Hassan Chowdhury,"MBBS, FCPS, FRCP (Edin), FACP (USA)",Medicine Specialist,Chittagong Medical College & Hospital,"Professor, Department of Medicine",Chittagong,https://doctorsdirectory.com.bd/wp-content/uploads/2025/01/Dr.-M.A.-Hassan-Chowdhury.jpg,https://doctorsdirectory.com.bd/add-doctor/dr-m-a-hassan-chowdhury/,,
Dr. Abul Fazal Muhammad Nazimuddin,"MBBS, FCPS (Medicine)",Medicine Specialist,Chattogram Maa-O-Shishu Hospital Medical College,"Associate Professor, Medicine",Chittagong,https://doctorsdirectory.com.bd/wp-content/uploads/2025/01/Dr.-A.-F.-M.-Nazimuddin.jpg,https://doctorsdirectory.com.bd/add-doctor/dr-abul-fazal-muhammad-nazimuddin/,,
Dr. Md. Abu Taher,"MBBS, FCPS (Medicine)",Medicine Specialist,Max Hospital & Diagnostic,"Consultant, Medicine",Chittagong,https://doctorsdirectory.com.bd/wp-content/uploads/2025/01/Dr.-Md.-Abu-Taher.jpg,https://doctorsdirectory.com.bd/add-doctor/dr-md-abu-taher/,,
Dr. Md. Saiful Huq,"MBBS (DMC), BCS (Health), MRCP (UK)",Medicine & Diabetes Specialist,Chittagong Medical College & Hospital,"Consultant, Medicine",Chittagong,https://doctorsdirectory.com.bd/wp-content/uploads/2025/01/Dr.-Md.-Saiful-Huq.jpg,https://doctorsdirectory.com.bd/add-doctor/dr-md-saiful-huq/,,
Prof. Dr. Mizanur Rahman,"MBBS, MCPS (Medicine), MD (Medicine)",Medicine Specialist,Chattogram Maa-O-Shishu Hospital Medical College,"Professor, Medicine",Chittagong,https://doctorsdirectory.com.bd/wp-content/uploads/2025/01/Prof.-Dr.-Mizanur-Rahman.jpg,https://doctorsdirectory.com.bd/add-doctor/prof-dr-mizanur-rahman/,,
Dr. Abanti Deb Nath,"MBBS (DU), BCS (Health), FCPS (Medicine)",Medicine & Neuromedicine Specialist,Chittagong Medical College & Hospital,"Assistant Professor, Medicine",Chittagong,https://doctorsdirectory.com.bd/wp-content/uploads/2025/01/Dr.-Abanti-Deb-Nath.jpg,https://doctorsdirectory.com.bd/add-doctor/dr-abanti-deb-nath/,,
Dr. F.M.A. Zahid,"MBBS, MCPS, FCPS (Medicine)","Medicine, Diabetology & Neuromedicine Specialist",Chittagong Medical College & Hospital,"Assistant Professor, Medicine",Chittagong,https://doctorsdirectory.com.bd/wp-content/uploads/2025/01/Dr.-F.M.A.-Zahid.jpg,https://doctorsdirectory.com.bd/add-doctor/dr-f-m-a-zahid/,,
Prof. Dr. Emran Bin Yunus,"MBBS (Dhaka), FCPS (Medicine), MACP (USA), FACP (USA)",Medicine & Nephrology Specialist,Chittagong Medical College & Hospital,"Former Professor, Nephrology",Chittagong,https://doctorsdirectory.com.bd/wp-content/uploads/2025/01/Prof.-Dr.-Emran-Bin-Yunus.jpg,https://doctorsdirectory.com.bd/add-doctor/prof-dr-emran-bin-yunus/,,
Dr. Kafil Uddin,"MBBS (DMC), BCS (Health), FCPS (Medicine)","Medicine Specialist, Diabetologist & Rheumatologist",Dhaka Medical College & Hospital,"Assistant Professor, Medicine",Chittagong,https://doctorsdirectory.com.bd/wp-content/uploads/2025/01/Dr.-Kafil-Uddin.jpg,https://doctorsdirectory.com.bd/add-doctor/dr-kafil-uddin/,,
Dr. Arup Ratan Das,"MBBS (DMC), BCS (Health), FCPS (Medicine), MCPS (Medicine)",Medicine Specialist,Chittagong Medical College & Hospital,"Consultant, Medicine",Chittagong,https://doctorsdirectory.com.bd/wp-content/uploads/2025/01/Dr.-Arup-Ratan-Das.jpg,https://doctorsdirectory.com.bd/add-doctor/dr-arup-ratan-das/,,
Dr. Abu Sayeed,"MBBS, BCS (Health), MD (Internal Medicine)",Medicine Specialist,Chittagong Medical College & Hospital,"Consultant, Medicine",Chittagong,https://doctorsdirectory.com.bd/wp-content/uploads/2025/01/Dr.-Abu-Sayeed.jpg,https://doctorsdirectory.com.bd/add-doctor/dr-abu-sayeed/,,
Dr. Mohammad Moinul Islam,"MBBS, BCS (Health), MCPS, FCPS (Medicine)",Medicine Specialist,Chittagong Medical College & Hospital,"Consultant, Medicine",Chittagong,https://doctorsdirectory.com.bd/wp-content/uploads/2025/01/Dr.-Mohammad-Moinul-Islam.jpg,https://doctorsdirectory.com.bd/add-doctor/dr-mohammad-moinul-islam/,,
Dr. Farhana Halim,"MBBS (SSMC), BCS (Health), FCPS (Medicine), MACP (USA)",Medicine Specialist,Chittagong Medical College & Hospital,"Consultant, Medicine",Chittagong,https://doctorsdirectory.com.bd/wp-content/uploads/2025/01/Dr.-Farhana-Halim.jpg,https://doctorsdirectory.com.bd/add-doctor/dr-farhana-halim/,,
Dr. A N M Ashik-E-Elahi,"MBBS (CMC), BCS (Health), FCPS (Medicine)",Medicine Specialist,Marine City Medical College & Hospital,"Assistant Professor, Medicine",Chittagong,https://doctorsdirectory.com.bd/wp-content/uploads/2025/01/Dr.-A-N-M-Ashik-E-Elahi.jpg,https://doctorsdirectory.com.bd/add-doctor/dr-a-n-m-ashik-e-elahi/,,
Dr. M. S. Chowdhury,"MBBS, BCS (Health), PGT (Medicine), CMU (Ultrasound)",Medicine Specialist,Max Hospital & Diagnostic,"Consultant, Medicine",Chittagong,https://doctorsdirectory.com.bd/wp-content/uploads/2025/01/Dr.-M.-S.-Chowdhury.jpg,https://doctorsdirectory.com.bd/add-doctor/dr-m-s-chowdhury/,,
Dr. Mohammad Maksudul Karim,"MBBS, BCS (Health), FCPS (Medicine), MCPS (Medicine)",Medicine Specialist,Chittagong Medical College & Hospital,"Consultant, Medicine",Chittagong,https://doctorsdirectory.com.bd/wp-content/uploads/2025/02/Dr.-Mohammed-Maksudul-Karim.jpg,https://doctorsdirectory.com.bd/add-doctor/dr-mohammed-maksudul-karim/,,
Dr. M. A. Yousuf Chowdhury,"MBBS, BCS (Health), MD (Internal Medicine), Fellow in Diabetology (BIRDEM)",Medicine & Diabetes Specialist,Chittagong Medical College & Hospital,"Associate Professor, Medicine",Chittagong,https://doctorsdirectory.com.bd/wp-content/uploads/2025/02/Dr.-MA-Yousuf-Chowdhury.jpg,https://doctorsdirectory.com.bd/add-doctor/dr-m-a-yousuf-chowdhury/,,
Dr. Prasenjit Barua,"MBBS, FCPS (Medicine), MACP (USA)",Medicine & Diabetes Specialist,Chittagong Medical College & Hospital,Fellowship Training in Gastroenterology & Liver Diseases,Chittagong,https://doctorsdirectory.com.bd/wp-content/uploads/2025/02/Dr.-Prasenjit-Barua.jpg,https://doctorsdirectory.com.bd/add-doctor/dr-prasenjit-barua/,,
Dr. Mohammed Rashed Mirjada,"MBBS, FCPS (Medicine)",Medicine Specialist,Chittagong Medical College & Hospital,"Associate Professor, Medicine",Chittagong,https://doctorsdirectory.com.bd/wp-content/uploads/2025/02/Dr.-Rashed-Mirjada.jpg,https://doctorsdirectory.com.bd/add-doctor/dr-mohammed-rashed-mirjada/,,
Dr. Mirza Nurul Karim,"MBBS, FCPS (Medicine)","Medicine, Diabetes, Rheumatology & Chest Disease Specialist",Chittagong Medical College & Hospital,"Assistant Professor, Department of Medicine",Chittagong,https://doctorsdirectory.com.bd/wp-content/uploads/2025/02/Dr.-Mirza-Nurul-Karim.jpg,https://doctorsdirectory.com.bd/add-doctor/dr-mirza-nurul-karim/,,
Dr. Sumon Das,"MBBS (CMC), BCS (Health), MCPS, FCPS (ENT)",Ear Nose Throat Specialist & Head Neck Surgeon,Chittagong Medical College & Hospital,"Consultant, ENT",Chittagong,https://doctorsdirectory.com.bd/wp-content/uploads/2025/01/Dr.-Sumon-Das.jpg,https://doctorsdirectory.com.bd/add-doctor/dr-sumon-das/,,
Dr. A T M Moinuddin,"MBBS, DLO, MCPS (ENT)","Ear, Nose, Throat Specialist & Surgeon",Feni Clinic, Feni,"Consultant, ENT",Chittagong,https://doctorsdirectory.com.bd/wp-content/uploads/2025/01/Dr.-A-T-M-Moinuddin.jpg,https://doctorsdirectory.com.bd/add-doctor/dr-a-t-m-moinuddin/,
Dr. Mohammad Mohiuddin,"MBBS, BCS (Health), FCPS (ENT)",Ear Nose Throat Specialist & Head Neck Surgeon,Chittagong Medical College & Hospital,"Resident Surgeon, ENT",Chittagong,https://doctorsdirectory.com.bd/wp-content/uploads/2025/01/Dr.-Mohammad-Mohiuddin.jpg,https://doctorsdirectory.com.bd/add-doctor/dr-mohammad-moiuddin/,,
Dr. Shakhawat Hossain,"MBBS, BCS (Health), FCPS (ENT)",Ear Nose Throat Specialist & Head Neck Surgeon,Chittagong Medical College & Hospital,"Consultant, ENT",Chittagong,https://doctorsdirectory.com.bd/wp-content/uploads/2025/01/Dr.-Shakhawat-Hossain.jpg,https://doctorsdirectory.com.bd/add-doctor/dr-shakhawat-hossain-ctg/,,
Prof. Dr. Ahmed Sharif,"MBBS, MS (ENT)","ENT (Ear, Nose, Throat) Specialist & Head Neck Surgeon",Chittagong Medical College & Hospital,"Professor & Head, ENT & HNS Department",Chittagong,https://doctorsdirectory.com.bd/wp-content/uploads/2025/02/Prof.-Dr.-Ahmed-Sharif.jpg,https://doctorsdirectory.com.bd/add-doctor/prof-dr-ahmed-sharif/,,
Dr. Ashfaq Ahmad,"MBBS, FCPS (ENT)","ENT (Ear, Nose, Throat) Specialist & Head Neck Surgeon",Chittagong Medical College & Hospital,"Associate Professor, ENT",Chittagong,https://doctorsdirectory.com.bd/wp-content/uploads/2025/02/Dr.-Ashfaq-Ahmad.jpg,https://doctorsdirectory.com.bd/add-doctor/dr-ashfaq-ahmad/,,
Dr. Md. Minhajul Haque,"MBBS, BCS (Health), FCPS (ENT)","Ear, Nose, Throat Specialist & Head Neck Surgeon",Chittagong General Hospital,"Medical Officer, ENT",Chittagong,https://doctorsdirectory.com.bd/wp-content/uploads/2025/02/Dr.-Md.-Minhajul-Haque.jpg,https://doctorsdirectory.com.bd/add-doctor/dr-md-minhajul-haque/,,
Dr. Mohammad Emran,"MBBS, BCS (Health), DLO (BSMMU)","ENT (Ear, Nose, Throat) Specialist & Head Neck Surgeon",Chittagong Medical College & Hospital,"Consultant, ENT",Chittagong,https://doctorsdirectory.com.bd/wp-content/uploads/2025/02/Dr.-Mohammad-Emran.jpg,https://doctorsdirectory.com.bd/add-doctor/dr-mohammad-emran/,,
Dr. Sheikh Shawkat Kamal,"MBBS, FCPS (ENT)","Ear, Nose, Throat Specialist & Head Neck Surgeon",Surgiscope Hospital, Chittagong,,Chittagong,https://doctorsdirectory.com.bd/wp-content/uploads/2025/02/Dr.-Sheikh-Shawkat-Kamal.jpg,https://doctorsdirectory.com.bd/add-doctor/dr-sheikh-shawkat-kamal/,
Dr. Didarul Islam,"MBBS, BCS (Health), MD (Hepatology)","Liver, Gastrointestinal & Medicine Specialist",Chittagong Medical College & Hospital,"Assistant Professor, Hepatology",Chittagong,https://doctorsdirectory.com.bd/wp-content/uploads/2025/01/Dr.-Didarul-Islam.jpg,https://doctorsdirectory.com.bd/add-doctor/dr-didarul-islam/,,
Dr. Rokshana Hoque,"MBBS, DGO, MCPS (OBGYN)",Gynecologist & Surgeon,Chevron Clinical Laboratory, Chittagong,"Consultant, Gynecology",Chittagong,https://doctorsdirectory.com.bd/wp-content/uploads/2025/01/Dr.-Rokshana-Hoque.jpg,https://doctorsdirectory.com.bd/add-doctor/dr-rokshana-hoque/,
Dr. Farhana Mahmud Siddiqui,"MBBS, BCS (Health), DGO, FCPS (OBGYN)",Gynecologist & Surgeon,Chittagong Medical College & Hospital,"Consultant, Gynecology",Chittagong,https://doctorsdirectory.com.bd/wp-content/uploads/2025/01/Dr.-Farhana-Mahmud-Siddiqui.jpg,https://doctorsdirectory.com.bd/add-doctor/dr-farhana-mahmud-siddiqui/,,
Dr. Zarin Nawar,"MBBS, BCS (Health), FCPS (OBGYN)",Gynecologist & Surgeon,Feni General Hospital,"Consultant, Gynecology",Chittagong,https://doctorsdirectory.com.bd/wp-content/uploads/2025/01/Dr.-Zarin-Nawar.jpg,https://doctorsdirectory.com.bd/add-doctor/dr-zarin-nawar/,,
Dr. Sumaiya Binte Jalil,"MBBS, BCS (Health), FCPS (OBGYN)",Gynecologist & Surgeon,Feni General Hospital,"Consultant, Gynecology",Chittagong,https://doctorsdirectory.com.bd/wp-content/uploads/2025/01/Dr.-Sumaiya-Binte-Jalil.jpg,https://doctorsdirectory.com.bd/add-doctor/dr-sumaiya-binte-jalil/,,
Dr. Kamrunnessa Runa,"MBBS (DMC), BCS (Health), FCPS (OBGYN)",Gynecologist & Surgeon,General Hospital, Chittagong,"Consultant, Gynecology",Chittagong,https://doctorsdirectory.com.bd/wp-content/uploads/2025/01/Dr.-Kamrunnessa-Runa.jpg,https://doctorsdirectory.com.bd/add-doctor/dr-kamrunnessa-runa/,
Dr. Suraiya Akter,"MBBS, DGO, MCPS (OBGYN)",Gynecologist & Surgeon,Feni District Hospital,"Consultant, Gynecology",Chittagong,https://doctorsdirectory.com.bd/wp-content/uploads/2025/01/Dr.-Suraiya-Akter.jpg,https://doctorsdirectory.com.bd/add-doctor/dr-suraiya-akter/,,
Dr. Nazia Huq,"MBBS (Dhaka), MCPS (OBGYN), DGO, FCPS (OBGYN)",Gynecologist & Surgeon,General Hospital, Chittagong,"Consultant, Gynecology & Obstetrics",Chittagong,https://doctorsdirectory.com.bd/wp-content/uploads/2025/01/Dr.-Nazia-Huq.jpg,https://doctorsdirectory.com.bd/add-doctor/dr-nazia-huq/,
Dr. Nusrat Jahan (Zenia),"MBBS, DGO, MCPS (OBGYN)","Gynecologist, Surgeon & Infertility Specialist",BGC Trust Medical College & Hospital,"Consultant, Gynecology",Chittagong,https://doctorsdirectory.com.bd/wp-content/uploads/2025/01/Dr.-Nusrat-Jahan-Zenia.jpg,https://doctorsdirectory.com.bd/add-doctor/dr-nusrat-jahan-zenia/,,
Dr. Saima Shah Alam,"MBBS (SSMC), BCS (Health), FCPS (OBGYN)",Gynecologist & Surgeon,Chittagong Medical College & Hospital,"Consultant, Gynecology & Obstetrics",Chittagong,https://doctorsdirectory.com.bd/wp-content/uploads/2025/01/Dr.-Saima-Shah-Alam.jpg,https://doctorsdirectory.com.bd/add-doctor/dr-saima-shah-alam/,,
Dr. Mursheda Yesmin,"MBBS (CMC), BCS (Health), FCPS (OBGYN)","Gynecologist, Surgeon & Infertility Specialist",Cox’s Bazar Medical College & Hospital,"Consultant, Gynecology & Obstetrics",Chittagong,https://doctorsdirectory.com.bd/wp-content/uploads/2025/01/Dr.-Mursheda-Yesmin.jpg,https://doctorsdirectory.com.bd/add-doctor/dr-mursheda-yesmin/,,
Dr. Shajeda Begum,"MBBS, BCS (Health), DGO, FCPS (OBGYN)",Gynecologist & Surgeon,Chittagong Medical College & Hospital,"Consultant, Gynecology & Obstetrics",Chittagong,https://doctorsdirectory.com.bd/wp-content/uploads/2025/01/Dr.-Shajeda-Begum.jpg,https://doctorsdirectory.com.bd/add-doctor/dr-shajeda-begum/,,
Dr. Kamrun Nahar Lima,"MBBS, BCS (Health), DGO, MCPS (OBGYN), FCPS (OBGYN)",Gynecologist & Laparoscopic Surgeon,Chittagong Medical College & Hospital,"Consultant, Gynecology & Obstetrics",Chittagong,https://doctorsdirectory.com.bd/wp-content/uploads/2025/01/Dr.-Kamrun-Nahar-Lima.jpg,https://doctorsdirectory.com.bd/add-doctor/dr-kamrun-nahar-lima/,,
Dr. Tahmina Yeasmin Rozy,"MBBS, BCS (Health), FCPS (OBGYN)",Gynecologist & Surgeon,Chittagong Medical College & Hospital,"Consultant, Gynecology & Obstetrics",Chittagong,https://doctorsdirectory.com.bd/wp-content/uploads/2025/01/Dr.-Tahmina-Yeasmin-Rozy.jpg,https://doctorsdirectory.com.bd/add-doctor/dr-tahmina-yeasmin-rozy/,,
Dr. Sanchita Das,"MBBS, BCS (Health), FCPS (OBGYN)",Gynecologist & Surgeon,General Hospital, Chittagong,"Consultant, Gynecology",Chittagong,https://doctorsdirectory.com.bd/wp-content/uploads/2025/01/Dr.-Sanchita-Das.jpg,https://doctorsdirectory.com.bd/add-doctor/dr-sanchita-das/,
Dr. Hasina Akhter,"MBBS, BCS (Health), MCPS, FCPS (OBGYN)",Gynecologist & Surgeon,Chittagong Medical College & Hospital,"Consultant, Gynecology & Obstetrics",Chittagong,https://doctorsdirectory.com.bd/wp-content/uploads/2025/01/Dr.-Hasina-Akhter-1.jpg,https://doctorsdirectory.com.bd/add-doctor/dr-hasina-akhter-ctg/,,
Dr. Tahrima Khanom,"MBBS, BCS (Health), FCPS (OBGYN), MRCOG (London)","Gynecology, Obstetrics Specialist & Surgeon",Chittagong Medical College & Hospital,"Consultant, Gynecology & Obstetrics",Chittagong,https://doctorsdirectory.com.bd/wp-content/uploads/2025/01/Dr.-Tahrima-Khanom.jpg,https://doctorsdirectory.com.bd/add-doctor/dr-tahrima-khanom/,,
Dr. Fahmida Islam Chowdhury,"MBBS, BCS (Health), FCPS (OBGYN)",Gynecologist & Surgeon,Chittagong Medical College & Hospital,"Assistant Professor, Gynecology & Obstetrics",Chittagong,https://doctorsdirectory.com.bd/wp-content/uploads/2025/01/Dr.-Fahmida-Islam-Chowdhury.jpg,https://doctorsdirectory.com.bd/add-doctor/dr-fahmida-islam-chowdhury/,,
Dr. Syeda Nur-A-Lina,"MBBS (DU), FCPS (OBGYN), MRCOG (UK)",Gynecology & Obstetrics Specialist,Chattogram Maa-O-Shishu Hospital Medical College,"Assistant Professor, Gynecology & Obstetrics",Chittagong,https://doctorsdirectory.com.bd/wp-content/uploads/2025/01/Dr.-Syeda-Nur-A-Lina.jpg,https://doctorsdirectory.com.bd/add-doctor/dr-syeda-nur-a-lina/,,
Dr. Zinat Maruf,"MBBS, FCPS (Obs & Gynae)",Gynecologist & Surgeon,Chittagong Medical College & Hospital,"Assistant Professor, Gynecology & Obstetrics",Chittagong,https://doctorsdirectory.com.bd/wp-content/uploads/2025/01/Dr.-Zinat-Maruf.jpg,https://doctorsdirectory.com.bd/add-doctor/dr-zinat-maruf/,,
Dr. Rubina Yasmin,"MBBS, MCPS (OBGYN), DGO, FCPS (OBGYN)",Gynecologist & Surgeon,Chittagong Medical College & Hospital,"Associate Professor, Gynecology & Obstetrics",Chittagong,https://doctorsdirectory.com.bd/wp-content/uploads/2025/01/Dr.-Rubina-Yasmin.jpg,https://doctorsdirectory.com.bd/add-doctor/dr-rubina-yasmin/,,
Dr. Nigar Sultana,"MBBS, FCPS (OBGYN), MS (OBGYN)",Gynecologist & Surgeon,BGC Trust Medical College & Hospital,"Assistant Professor, Gynecology & Obstetrics",Chittagong,https://doctorsdirectory.com.bd/wp-content/uploads/2025/01/Dr.-Nigar-Sultana.jpg,https://doctorsdirectory.com.bd/add-doctor/dr-nigar-sultana/,,
Dr. Farhana Yasmeen,"MBBS (CU), FCPS (Obs & Gynae)",Gynecologist & Surgeon,BGC Trust Medical College & Hospital,"Assistant Professor, Gynecology & Obstetrics",Chittagong,https://doctorsdirectory.com.bd/wp-content/uploads/2025/01/Dr.-Farhana-Yasmeen.jpg,https://doctorsdirectory.com.bd/add-doctor/dr-farhana-yasmeen/,,
Dr. Masuda Novera,"MBBS, BCS (Health), FCPS (OBGYN)",Gynecologist & Surgeon,Health View Maternity & Child Hospital, Chittagong,"Consultant, Gynecology & Obstetrics",Chittagong,https://doctorsdirectory.com.bd/wp-content/uploads/2025/01/Dr.-Masuda-Novera.jpg,https://doctorsdirectory.com.bd/add-doctor/dr-masuda-novera/,
Prof. Dr. Hasina Akhter,"MBBS, MCPS, FCPS (OBGYN)",Gynecologist & Surgeon,BGC Trust Medical College & Hospital,"Professor & Head, Gynecology & Obstetrics",Chittagong,https://doctorsdirectory.com.bd/wp-content/uploads/2025/01/Prof.-Dr.-Hasina-Akhter.jpg,https://doctorsdirectory.com.bd/add-doctor/prof-dr-hasina-akhter/,,
Prof. Dr. Rowshan Morshed,"MBBS, FCPS (Obs & Gynae)",Gynecologist & Surgeon,Chattogram Maa-O-Shishu Hospital Medical College,"Professor, Gynecology & Obstetrics",Chittagong,https://doctorsdirectory.com.bd/wp-content/uploads/2025/01/Prof.-Dr.-Rowshan-Morshed.jpg,https://doctorsdirectory.com.bd/add-doctor/prof-dr-rowshan-morshed/,,
Prof. Dr. Shahena Akter,"MBBS, DGO, FCPS (OBGYN)","Gynecology, Obstetrics, Infertility Specialist & Surgeon",Chittagong Medical College & Hospital,"Professor, Gynecology & Obstetrics",Chittagong,https://doctorsdirectory.com.bd/wp-content/uploads/2025/01/Prof.-Dr.-Shahena-Akter.jpg,https://doctorsdirectory.com.bd/add-doctor/prof-dr-shahena-akter/,,
Prof. Dr. Shahanara Chowdhury,"MBBS (Dhaka), FCPS (OBGYN), Fellow (WHO), Advanced Training (Thailand)","Gynecology, Obstetrics Specialist & Laparoscopic Surgeon",Chittagong Medical College & Hospital,"Former Professor & Head, Gynecology & Obstetrics",Chittagong,https://doctorsdirectory.com.bd/wp-content/uploads/2025/01/Prof.-Dr.-Shahanara-Chowdhury.jpg,https://doctorsdirectory.com.bd/add-doctor/prof-dr-shahanara-chowdhury/,,
Prof. Dr. Ferdousi Begum,"MBBS, FCPS (Obstetrics and Gynaecology)",Gynecology & Obstetrics Specialist,Chattogram Maa-O-Shishu Hospital Medical College,"Professor & Head, Gynecology & Obstetrics",Chittagong,https://doctorsdirectory.com.bd/wp-content/uploads/2025/01/Prof.-Dr.-Ferdousi-Begum.jpg,https://doctorsdirectory.com.bd/add-doctor/prof-dr-ferdousi-begum/,,
Dr. Shirin Fatema,"MBBS, MCPS, DGO, FCPS","Gynecology, Obstetrics Specialist & Surgeon",Apollo Imperial Hospital, Chittagong,"Consultant, Gynecology & Obstetrics",Chittagong,https://doctorsdirectory.com.bd/wp-content/uploads/2025/02/Dr.-Shirin-Fatema.jpg,https://doctorsdirectory.com.bd/add-doctor/dr-shirin-fatema/,
Dr. Rupasree Biswas,"MBBS, FCPS (OBGYN)","Gynecology, Obstetrics Specialist & Surgeon",Southern Medical College & Hospital,"Assistant Professor, Gynecology & Obstetrics",Chittagong,https://doctorsdirectory.com.bd/wp-content/uploads/2025/02/Dr.-Rupasree-Biswas.jpg,https://doctorsdirectory.com.bd/add-doctor/dr-rupasree-biswas/,,
Dr. Nazmun Nahar Rosy,"MBBS, FCPS (Obs & Gyne)","Gynecology, Obstetrics, Infertility Specialist & Laparoscopic Surgeon",Health View Maternity & Child Hospital, Chittagong,Fellowship in Infertility & Reproductive Medicine,Chittagong,https://doctorsdirectory.com.bd/wp-content/uploads/2025/02/Dr.-Nazmun-Nahar-Rosy.jpg,https://doctorsdirectory.com.bd/add-doctor/dr-nazmun-nahar-rosy/,
Dr. Ishrat Jahan,"MBBS, PGT (Medicine), D-CARD (BSMMU)","Cardiologist, Echocardiographer & Medicine Specialist",Feni Clinic, Feni,"Consultant, Cardiology",Chittagong,https://doctorsdirectory.com.bd/wp-content/uploads/2025/01/Dr.-Ishrat-Jahan.jpg,https://doctorsdirectory.com.bd/add-doctor/dr-ishrat-jahan-ctg/,
Dr. Sujan Debnath,"MBBS, BCS (Health), MD (Cardiology)","Cardiology, Rheumatic Fever & Medicine Specialist",Chittagong Medical College & Hospital,"Cardiologist, Cardiology",Chittagong,https://doctorsdirectory.com.bd/wp-content/uploads/2025/01/Dr.-Sujan-Debnath.jpg,https://doctorsdirectory.com.bd/add-doctor/dr-sujan-debnath/,,
Dr. Aysha Siddika Nishi,"MBBS, BCS (Health), MD (Cardiology)","Cardiology, Hypertension & Heart Specialist",Chittagong Medical College & Hospital,"Consultant, Cardiology",Chittagong,https://doctorsdirectory.com.bd/wp-content/uploads/2025/01/Dr.-Aysha-Siddika-Nishi.jpg,https://doctorsdirectory.com.bd/add-doctor/dr-aysha-siddika-nishi/,,
Dr. Md. Mainuddin,"MBBS (DU), BCS (Health), MD (Cardiology)","Cardiology, Medicine & Rheumatic Fever Specialist",Chittagong Medical College & Hospital,"Consultant, Cardiology",Chittagong,https://doctorsdirectory.com.bd/wp-content/uploads/2025/01/Dr.-Md.-Mainuddin.jpg,https://doctorsdirectory.com.bd/add-doctor/dr-md-mainuddin/,,
Dr. Suman Talukder,"MBBS, BCS (Health), MD (Cardiology)",Cardiology & Rheumatic Fever Specialist,Chittagong Medical College & Hospital,"Assistant Professor, Cardiology",Chittagong,https://doctorsdirectory.com.bd/wp-content/uploads/2025/01/Dr.-Suman-Talukder.jpg,https://doctorsdirectory.com.bd/add-doctor/dr-suman-talukder/,,
Dr. Nushrat Binte Kamal,"MBBS (CMC), BCS (Health), D-CARD (BSMMU)",Cardiologist & Echocardiographer,Chittagong Medical College & Hospital,"Consultant, Cardiology",Chittagong,https://doctorsdirectory.com.bd/wp-content/uploads/2025/01/Dr.-Nushrat-Binte-Kamal.jpg,https://doctorsdirectory.com.bd/add-doctor/dr-nushrat-binte-kamal/,,
Dr. Zabeer Ahmed,"MBBS (CMC), BCS (Health), MD (Cardiology)",Cardiology & Medicine Specialist,Chittagong Medical College & Hospital,"Resident Physician, Cardiology",Chittagong,https://doctorsdirectory.com.bd/wp-content/uploads/2025/01/Dr.-Zabeer-Ahmed.jpg,https://doctorsdirectory.com.bd/add-doctor/dr-zabeer-ahmed/,,
Dr. Md. Saiful Islam,"MBBS, MCPS (Medicine), MD (Cardiology), FCPS (Medicine)","Cardiology, Diabetes & Medicine Specialist",Chittagong Medical College & Hospital,"Assistant Professor, Cardiology",Chittagong,https://doctorsdirectory.com.bd/wp-content/uploads/2025/01/Dr.-Md.-Saiful-Islam.jpg,https://doctorsdirectory.com.bd/add-doctor/dr-md-saiful-islam-ctg/,,
Dr. Shajedur Rahman,"MBBS, BCS (Health), MD (Cardiology)","Cardiology (Heart Diseases, Rheumatic Fever) Specialist",Chittagong Medical College & Hospital,"Assistant Professor, Cardiology",Chittagong,https://doctorsdirectory.com.bd/wp-content/uploads/2025/01/Dr.-Shajedur-Rahman.jpg,https://doctorsdirectory.com.bd/add-doctor/dr-shajedur-rahman/,,
Dr. Shafiul Hasan,"MBBS (DMC), BCS (Health), D-CARD (BSMMU)",Cardiologist & Echocardiographer,Feni General Hospital,"Consultant, Cardiology",Chittagong,https://doctorsdirectory.com.bd/wp-content/uploads/2025/01/Dr.-Shafiul-Hasan.jpg,https://doctorsdirectory.com.bd/add-doctor/dr-shafiul-hasan/,,
Dr. A S M Monowar Tariq,"MBBS (SSMC), BCS (Health), MD (Cardiology)","Cardiology (Heart Diseases, Rheumatic Fever) Specialist",Chittagong Medical College & Hospital,"Consultant, Cardiology",Chittagong,https://doctorsdirectory.com.bd/wp-content/uploads/2025/01/Dr.-A-S-M-Monowar-Tariq.jpg,https://doctorsdirectory.com.bd/add-doctor/dr-a-s-m-monowar-tariq/,,
Dr. Md. Ehteshamul Haque,"MBBS, MD (Cardiology)","Heart Diseases, Cardiology, Hypertension Specialist",Cox’s Bazar Medical College & Hospital,"Assistant Professor, Cardiology",Chittagong,https://doctorsdirectory.com.bd/wp-content/uploads/2025/01/Dr.-Md.-Ehteshamul-Haque.jpg,https://doctorsdirectory.com.bd/add-doctor/dr-md-ehteshamul-haque/,,
Dr. Shaifur Rahman Shohel,"MBBS, D-CARD","Cardiology (Heart Diseases, Hypertension & Rheumatic Fever) Specialist",Fortis Escorts Heart Institute, Chittagong,"Consultant, Cardiology",Chittagong,https://doctorsdirectory.com.bd/wp-content/uploads/2025/02/Dr.-Shaifur-Rahman-Shohel.jpg,https://doctorsdirectory.com.bd/add-doctor/dr-shaifur-rahman-shohel/,
Dr. Md. Shah Newaz,"MBBS, D-CARD, MD (Cardiology)","Cardiology (Heart Diseases, Rheumatic Fever) Specialist",Feni Diabetes Hospital,"Consultant, Cardiology",Chittagong,https://doctorsdirectory.com.bd/wp-content/uploads/2025/01/Dr.-Md.-Shah-Newaz.jpg,https://doctorsdirectory.com.bd/add-doctor/dr-md-shah-newaz/,,
Dr. Mohammad Ilias,"MBBS, FCPS (Physical Medicine), FCGP, FIPM (India & Taiwan)","Arthritis, Pain, Paralysis, Sports Injury, Physical Medicine & Rehabilitation Specialist",Bangabandhu Memorial Hospital, USTC, Chittagong,"Associate Professor, Physical Medicine",Chittagong,https://doctorsdirectory.com.bd/wp-content/uploads/2025/01/Dr.-Mohammad-Ilias.jpg,https://doctorsdirectory.com.bd/add-doctor/dr-mohammad-ilias/
Dr. Md. Jahangir Alam Chowdhury,"MBBS, FCPS (Physical Medicine)","Arthritis, Pain, Paralysis, Physical Medicine Rehabilitation Specialist",Chattogram Maa-O-Shishu Hospital Medical College,"Associate Professor & Head, Physical Medicine & Rehabilitation",Chittagong,https://doctorsdirectory.com.bd/wp-content/uploads/2025/02/Dr.-Md.-Jahangir-Alam-Chowdhury.jpg,https://doctorsdirectory.com.bd/add-doctor/dr-md-jahangir-alam-chowdhury/,,
Dr. M. Mahbub Alam,"MBBS (CMC), PhD (Physical Medicine), Advanced Clinical Education (Rheumatology)","Physical Medicine, Pain & Rheumatology Specialist",Chattogram Metropolitan Hospital,"Consultant, Physical Medicine",Chittagong,https://doctorsdirectory.com.bd/wp-content/uploads/2025/02/Dr.-M.-Mahbub-Alam.jpg,https://doctorsdirectory.com.bd/add-doctor/dr-m-mahbub-alam/,,
Dr. F M A Qader,"MBBS, BCS (Health), FCPS (Physical Medicine)",Arthritis & Pain Specialist,Chattogram Maa-O-Shishu Hospital Medical College,"Associate Professor, Physical Medicine",Chittagong,https://doctorsdirectory.com.bd/wp-content/uploads/2025/01/Dr.-F-M-A-Qader.jpg,https://doctorsdirectory.com.bd/add-doctor/dr-f-m-a-qader/,,
Dr. Md. Mofizur Rahman,"MBBS, FCPS (Physical Medicine)",Pain & Rheumatology Specialist,Treatment Hospital, Chittagong,"Consultant, Rheumatology",Chittagong,https://doctorsdirectory.com.bd/wp-content/uploads/2025/01/Dr.-Md.-Mofizur-Rahman.jpg,https://doctorsdirectory.com.bd/add-doctor/dr-md-mofizur-rahman/,
Dr. Mostafa Nuruddin,"MBBS, MCPS, MD (Pediatrics)",Child Diseases Specialist,Chattogram International Medical College & Hospital,"Associate Professor, Pediatrics",Chittagong,https://doctorsdirectory.com.bd/wp-content/uploads/2025/01/Dr.-Mostafa-Nuruddin.jpg,https://doctorsdirectory.com.bd/add-doctor/dr-mostafa-nuruddin/,,
Dr. Abidur Rahman,"MBBS, MCPS, DCH","Newborn, Adolescent & Child Specialist",National Hospital,"Consultant, Pediatrics",Chittagong,https://doctorsdirectory.com.bd/wp-content/uploads/2025/01/Dr.-Abidur-Rahman.jpg,https://doctorsdirectory.com.bd/add-doctor/dr-abidur-rahman/,,
Dr. Kazi Mahfuzur Rahman,"MBBS, DCH",Child Diseases Specialist,Chattogram Maa-O-Shishu Hospital Medical College,"Assistant Professor, Pediatrics",Chittagong,https://doctorsdirectory.com.bd/wp-content/uploads/2025/01/Dr.-Kazi-Mahfuzur-Rahman.jpg,https://doctorsdirectory.com.bd/add-doctor/dr-kazi-mahfuzur-rahman/,,
Dr. Abida Sultana Rina,"MBBS (CMC), DCH, FCPS (Pediatrics)",Newborn & Child Diseases Specialist,Cox’s Bazar Medical College & Hospital,"Associate Professor & Head, Pediatrics",Chittagong,https://doctorsdirectory.com.bd/wp-content/uploads/2025/01/Dr.-Abida-Sultana-Rina.jpg,https://doctorsdirectory.com.bd/add-doctor/dr-abida-sultana-rina/,,
Dr. Mohammad Rezaul Karim,"MBBS, DCH, FCPS (Pediatrics)",Child Diseases Specialist,Cox’s Bazar District Hospital,"Consultant, Pediatrics",Chittagong,https://doctorsdirectory.com.bd/wp-content/uploads/2025/01/Dr.-Mohammad-Rezaul-Karim.jpg,https://doctorsdirectory.com.bd/add-doctor/dr-mohammad-rezaul-karim/,,
Dr. Rummana Khan,"MBBS (DMC), MD (Pediatrics)",Neonatal & Child Diseases Specialist,Parkview Hospital, Chittagong,"Consultant, Pediatrics",Chittagong,https://doctorsdirectory.com.bd/wp-content/uploads/2025/01/Dr.-Rummana-Khan.jpg,https://doctorsdirectory.com.bd/add-doctor/dr-rummana-khan/,
Dr. Md. Farhad Uddin,"MBBS (DMC), MD (Pediatrics)",Newborn & Child Diseases Specialist,Max Hospital & Diagnostic, Chittagong,"Specialist, Pediatrics",Chittagong,https://doctorsdirectory.com.bd/wp-content/uploads/2025/01/Dr.-Md.-Farhad-Uddin.jpg,https://doctorsdirectory.com.bd/add-doctor/dr-md-farhad-uddin/,
Dr. Sanat Kumar Barua,"MBBS (CMC), DCH (BIRDEM), FCPS (Pediatrics)",Child Diseases Specialist,Chittagong Medical College & Hospital,"Consultant, Pediatrics",Chittagong,https://doctorsdirectory.com.bd/wp-content/uploads/2025/01/Dr.-Sanat-Kumar-Barua.jpg,https://doctorsdirectory.com.bd/add-doctor/dr-sanat-kumar-barua/,,
Dr. Nushrat Jahan,"MBBS, FCPS (Pediatrics), MD (Neonatology)","Newborn, Adolescent & Child Diseases Specialist",Chittagong Medical College & Hospital,"Assistant Professor, Neonatology",Chittagong,https://doctorsdirectory.com.bd/wp-content/uploads/2025/01/Dr.-Nushrat-Jahan.jpg,https://doctorsdirectory.com.bd/add-doctor/dr-nushrat-jahan-ctg/,,
Dr. Arnab Chowdhury,"MBBS, MCPS, FCPS (Pediatrics)",Child Diseases Specialist,Mount Hospital Ltd, Chittagong,"Consultant, Pediatrics",Chittagong,https://doctorsdirectory.com.bd/wp-content/uploads/2025/01/Dr.-Arnab-Chowdhury.jpg,https://doctorsdirectory.com.bd/add-doctor/dr-arnab-chowdhury/,
Dr. Pradip Kumar Sarker,"MBBS, DCH, FCPS (Pediatrics)","Newborn, Adolescent & Child Diseases Specialist",Epic Healthcare, Chittagong,"Senior Consultant, Pediatrics",Chittagong,https://doctorsdirectory.com.bd/wp-content/uploads/2025/01/Dr.-Pradip-Kumar-Sarker.jpg,https://doctorsdirectory.com.bd/add-doctor/dr-pradip-kumar-sarker/,
Prof. Dr. Mohammad Masud Karim,"MBBS, BCS (Health), DCH, MD (Child)",Child Diseases Specialist,Cox’s Bazar Medical College & Hospital,"Professor & Head, Pediatrics",Chittagong,https://doctorsdirectory.com.bd/wp-content/uploads/2025/01/Prof.-Dr.-Mohammad-Masud-Karim.jpg,https://doctorsdirectory.com.bd/add-doctor/prof-dr-mohammad-masud-karim/,,
Dr. Mohammad Khaled Hossain,"MBBS (DMC), BCS (Health), FCPS (Pediatrics)",Child Diseases Specialist,Parkview Hospital, Chittagong,"Consultant, Pediatrics",Chittagong,https://doctorsdirectory.com.bd/wp-content/uploads/2025/02/Dr.-Mohammad-Khaled-Hossain.jpg,https://doctorsdirectory.com.bd/add-doctor/dr-mohammad-khaled-hossain/,
Prof. Dr. Muslim Uddin Sobuj,"MBBS, DCH, MD (Child Health)","Newborn, Adolescent & Child Diseases Specialist",Chittagong Medical College & Hospital,"Professor & Head, Pediatrics",Chittagong,https://doctorsdirectory.com.bd/wp-content/uploads/2025/02/Prof.-Dr.-Muslim-Uddin-Sobuj.jpg,https://doctorsdirectory.com.bd/add-doctor/prof-dr-muslim-uddin-sobuj/,,
Dr. T.K. Roy,"MBBS, FCPS (Pediatrics), PGPN (Child Nutrition, USA)",Neonatal & Child Diseases Specialist,Bangabandhu Memorial Hospital, USTC, Chittagong,"Assistant Professor, Pediatrics",Chittagong,https://doctorsdirectory.com.bd/wp-content/uploads/2025/02/Dr.-T.K.-Roy.jpg,https://doctorsdirectory.com.bd/add-doctor/dr-t-k-roy/
Dr. Fahima Afrin Jhinu,"MBBS, BCS (Health), MD (Dermatology)",Skin & Venereal Diseases Specialist,Chittagong Medical College & Hospital,"Consultant, Dermatology",Chittagong,https://doctorsdirectory.com.bd/wp-content/uploads/2025/01/Dr.-Fahima-Afrin-Jhinu.jpg,https://doctorsdirectory.com.bd/add-doctor/dr-fahima-afrin-jhinu/,,
Dr. Nushrat Zahan Khondaker,"MBBS, CCD (BIRDEM), PGT (Medicine & Dermatology)","Skin, Allergy, Venereal Disease & Anti-Aging Specialist",Labaid Diagnostic, Chittagong,"Consultant, Dermatology",Chittagong,https://doctorsdirectory.com.bd/wp-content/uploads/2025/01/Dr.-Nushrat-Zahan-Khondaker.jpg,https://doctorsdirectory.com.bd/add-doctor/dr-nushrat-zahan-khondaker/,
Dr. Nishith Ranjan Dey,"MBBS, FRCP, MD (SKIN & VD)","Aesthetic Dermatology, Cosmetology & Regenerative Medicine Specialist",Chittagong Medical College & Hospital,"Associate Professor, Dermatology",Chittagong,https://doctorsdirectory.com.bd/wp-content/uploads/2025/02/Dr.-Nishith-Ranjan-Dey.jpg,https://doctorsdirectory.com.bd/add-doctor/dr-nishith-ranjan-dey/,,
Dr. Pritish Barua,"MBBS (CU), DGUM (UK), DD (Australia)","Skin, Allergy, Hair, Nail, Sexual Diseases Specialist",Lab One Health Services, Chittagong,"Consultant, Dermatology & Venereology",Chittagong,https://doctorsdirectory.com.bd/wp-content/uploads/2025/02/Dr.-Pritish-Barua.jpg,https://doctorsdirectory.com.bd/add-doctor/dr-pritish-barua/,
Dr. Feroza Meher,"MBBS (CMC), Post Graduate Diploma in Dermatology (South Wales University, UK)",Aesthetic Dermatology & Cosmetology Specialist,Surecell Medical, Chattogram,"Consultant, Dermatology",Chittagong,https://doctorsdirectory.com.bd/wp-content/uploads/2025/02/Dr.-Feroza-Meher.jpg,https://doctorsdirectory.com.bd/add-doctor/dr-feroza-meher/,
Dr. Mohammadul Haque Mezbah,"MBBS, BCS (Health), DO (BSMMU), MCPS (EYE)",Eye Specialist & Phaco Surgeon,Chittagong Medical College & Hospital,"Consultant, Ophthalmology",Chittagong,https://doctorsdirectory.com.bd/wp-content/uploads/2025/02/Dr.-Mohammadul-Haque-Mezbah.jpg,https://doctorsdirectory.com.bd/add-doctor/dr-mohammadul-haque-mezbah/,,
Dr. Abul Quasem,"MBBS, DO",Eye Specialist & Phaco Surgeon,Chittagong Eye Infirmary & Training Complex,"Associate Professor, Ophthalmology",Chittagong,https://doctorsdirectory.com.bd/wp-content/uploads/2025/01/Dr.-Abul-Quasem.jpg,https://doctorsdirectory.com.bd/add-doctor/dr-abul-quasem/,,
Dr. A.H.M. Mohiuddin,"MBBS, DO",Eye Specialist & Phaco Surgeon,Chittagong Eye Infirmary & Training Complex,"Consultant, Ophthalmology",Chittagong,https://doctorsdirectory.com.bd/wp-content/uploads/2025/01/Dr.-A.H.M.-Mohiuddin.jpg,https://doctorsdirectory.com.bd/add-doctor/dr-a-h-m-mohiuddin/,,
Dr. SM. Mizanul Hoque,"MBBS, DCO, Training in Phaco Surgery",Eye Specialist & Phaco Surgeon,Lions Charitable Eye Hospital, Chittagong,"Consultant, Ophthalmology",Chittagong,https://doctorsdirectory.com.bd/wp-content/uploads/2025/02/Dr.-SM.-Mizanul-Hoque.jpg,https://doctorsdirectory.com.bd/add-doctor/dr-sm-mizanul-hoque/,
Dr. Sheikh Mohammad Murad,"MBBS, MCPS (EYE), Training (Phaco Surgery)",Eye Specialist & Phaco Surgeon,Lions Charitable Eye Hospital, Chittagong,"Consultant, Ophthalmology",Chittagong,https://doctorsdirectory.com.bd/wp-content/uploads/2025/02/Dr.-Sheikh-Mohammad-Murad.jpg,https://doctorsdirectory.com.bd/add-doctor/dr-sheikh-mohammad-murad/,
Prof. Dr. Mohammad Al-Amin,"MBBS, BCS (Health), DO, MS (EYE)","Cornea, Phaco & Lasik Specialist",Chittagong Medical College & Hospital,"Professor, Eye",Chittagong,https://doctorsdirectory.com.bd/wp-content/uploads/2025/01/Prof.-Dr.-Mohammad-Al-Amin.jpg,https://doctorsdirectory.com.bd/add-doctor/prof-dr-mohammad-al-amin/,,
Prof. Dr. Mohammad Omar Faruque,"MBBS, DO, FCPS (EYE)","Glaucoma, Phaco & Eye Specialist Surgeon",Chittagong Medical College & Hospital,"Professor, Glaucoma",Chittagong,https://doctorsdirectory.com.bd/wp-content/uploads/2025/01/Prof.-Dr.-Mohammad-Omar-Faruque.jpg,https://doctorsdirectory.com.bd/add-doctor/prof-dr-mohammad-omar-faruque/,,
Dr. Md. Ibrahim Khalil,"MBBS, BCS (Health), MD (Neurology)",Neuromedicine Specialist,Chittagong Medical College & Hospital,"Assistant Professor, Neurology",Chittagong,https://doctorsdirectory.com.bd/wp-content/uploads/2025/01/Dr.-Md.-Ibrahim-Khalil.jpg,https://doctorsdirectory.com.bd/add-doctor/dr-md-ibrahim-khalil/,,
Dr. Mostafa Tarek Ullah,"MBBS (DMC), BCS (Health), MD (Neurology)",Neuromedicine Specialist,Chittagong Medical College & Hospital,"Consultant, Neurology",Chittagong,https://doctorsdirectory.com.bd/wp-content/uploads/2025/01/Dr.-Mostafa-Tarek-Ullah.jpg,https://doctorsdirectory.com.bd/add-doctor/dr-mostafa-tarek-ullah/,,
Dr. Lutfur Rahman,"MBBS, FCPS (Medicine), MD (Neurology)",Neuromedicine Specialist,General Hospital, Chittagong,"Senior Consultant, Neuromedicine",Chittagong,https://doctorsdirectory.com.bd/wp-content/uploads/2025/01/Dr.-Lutfur-Rahman.jpg,https://doctorsdirectory.com.bd/add-doctor/dr-lutfur-rahman/,
Dr. Bipul Kanti Paul,"MBBS, MCPS (Medicine), MD (Neuromedicine)",Neuromedicine Specialist,National Institute of Neurosciences & Hospital,"Consultant, Neuromedicine",Chittagong,https://doctorsdirectory.com.bd/wp-content/uploads/2025/01/Dr.-Bipul-Kanti-Paul.jpg,https://doctorsdirectory.com.bd/add-doctor/dr-bipul-kanti-paul/,,
Dr. Soumitra Das,"MBBS, MD (Neurology)",Neuromedicine Specialist,General Hospital, Chittagong,"Junior Consultant, Neuromedicine",Chittagong,https://doctorsdirectory.com.bd/wp-content/uploads/2025/01/Dr.-Soumitra-Das.jpg,https://doctorsdirectory.com.bd/add-doctor/dr-soumitra-das/,
Prof. Dr. Suvash Ranjan Dey,"MBBS, DA (DU), MD (Neurology)",Neuromedicine Specialist,Chattogram Maa-O-Shishu Hospital Medical College,"Professor & Head, Neurology",Chittagong,https://doctorsdirectory.com.bd/wp-content/uploads/2025/01/Prof.-Dr.-Suvash-Ranjan-Dey.jpg,https://doctorsdirectory.com.bd/add-doctor/prof-dr-suvash-ranjan-dey/,,
Prof. Dr. Muhammad Ishaque,"MBBS, FCPS (Medicine), MD (Neurology)",Neuromedicine Specialist,General Hospital, Chittagong,"Former Head, Neuromedicine",Chittagong,https://doctorsdirectory.com.bd/wp-content/uploads/2025/01/Prof.-Dr.-Muhammad-Ishaque.jpg,https://doctorsdirectory.com.bd/add-doctor/prof-dr-muhammad-ishaque/,
Dr. Md. Faruk Ahmed,"MBBS, MS (Urology)",Urology Specialist & Surgeon,Chittagong Medical College & Hospital,"Assistant Professor, Urology",Chittagong,https://doctorsdirectory.com.bd/wp-content/uploads/2025/01/Dr.-Md.-Faruk-Ahmed.jpg,https://doctorsdirectory.com.bd/add-doctor/dr-md-faruk-ahmed/,,
Dr. Mohammad Mostafa Monowar,"MBBS, MCPS, MD (Nephrology), FRCP, Fellow (ISN), FASN (USA)","Kidney Specialist, Interventional Nephrologist",Max Hospital & Diagnostic,"Consultant, Nephrology",Chittagong,https://doctorsdirectory.com.bd/wp-content/uploads/2025/01/Dr.-Mohammad-Mostafa-Monowar.jpg,https://doctorsdirectory.com.bd/add-doctor/dr-mohammad-mostafa-monowar/,,
Dr. Md. Main Uddin Mahmud,"MBBS (DMC), BCS, MD (Nephrology)",Kidney Diseases & Medicine Specialist,Chittagong Medical College & Hospital,"Registrar, Nephrology",Chittagong,https://doctorsdirectory.com.bd/wp-content/uploads/2025/01/Dr.-Md.-Main-Uddin-Mahmud.jpg,https://doctorsdirectory.com.bd/add-doctor/dr-md-main-uddin-mahmud/,,
Dr. Nur Nobi Bitu,"MBBS (DMC), BCS (Health), MD (Nephrology)",Kidney Diseases & Medicine Specialist,Chittagong Medical College & Hospital,"Assistant Professor, Nephrology",Chittagong,https://doctorsdirectory.com.bd/wp-content/uploads/2025/01/Dr.-Nur-Nobi-Bitu.jpg,https://doctorsdirectory.com.bd/add-doctor/dr-nur-nobi-bitu/,,
Dr. Kamrul Hasan,"MBBS (Dhaka), BCS (Health), MD (Nephrology)",Kidney Diseases Specialist,Chittagong Medical College & Hospital,"Assistant Professor, Nephrology",Chittagong,https://doctorsdirectory.com.bd/wp-content/uploads/2025/01/Dr.-Kamrul-Hasan-Kidney.jpg,https://doctorsdirectory.com.bd/add-doctor/dr-kamrul-hasan-kidney/,,
Dr. Muhammad Shofiur Rahman,"MBBS, MD (Nephrology)",Kidney Diseases & Medicine Specialist,Chittagong Medical College & Hospital,"Assistant Professor, Nephrology",Chittagong,https://doctorsdirectory.com.bd/wp-content/uploads/2025/01/Dr.-Muhammad-Shofiur-Rahman.jpg,https://doctorsdirectory.com.bd/add-doctor/dr-muhammad-shofiur-rahman/,,
Dr. Md. Nazibur Rahman Khokon,"MBBS, MCPS (Medicine), MD (Rheumatology), ECRD (Switzerland)","Rheumatology, Arthritis & Medicine Specialist",Parkview Hospital Ltd, Chittagong,"Consultant, Medicine",Chittagong,https://doctorsdirectory.com.bd/wp-content/uploads/2025/02/Dr.-Md.-Nazibur-Rahman-Khokon.jpg,https://doctorsdirectory.com.bd/add-doctor/dr-md-nazibur-rahman-khokon/,
Dr. Mohammed Badruddoza,"MBBS, FCPS (Surgery), MS (Neurosurgery)","Brain, Nerve, Spinal Cord & Tumor Specialist Surgeon",Bangabandhu Memorial Hospital, USTC, Chittagong,"Associate Professor, Neurosurgery",Chittagong,https://doctorsdirectory.com.bd/wp-content/uploads/2025/01/Dr.-Mohammed-Badruddoza.jpg,https://doctorsdirectory.com.bd/add-doctor/dr-mohammed-badruddoza/
Dr. Aminur Rahman Azad,"MBBS, MS (Neurosurgery)","Neurosurgery (Brain, Stroke, Spine Surgery) Specialist",Chittagong Medical College & Hospital,"Fellow Micro Neurosurgery (Japan), Fellow Endoscopy & Microscopy (Japan), Neurosurgery (Germany)",Chittagong,https://doctorsdirectory.com.bd/wp-content/uploads/2025/02/Dr.-Aminur-Rahman-Azad.jpg,https://doctorsdirectory.com.bd/add-doctor/dr-aminur-rahman-azad/,,
Dr. Md. Ibrahim Khalil,"MBBS, BCS (Health), MD (Neurology)",Neuromedicine Specialist,Chittagong Medical College & Hospital,"Assistant Professor, Neurology",Chittagong,https://doctorsdirectory.com.bd/wp-content/uploads/2025/01/Dr.-Md.-Ibrahim-Khalil.jpg,https://doctorsdirectory.com.bd/add-doctor/dr-md-ibrahim-khalil/,,
Dr. Mostafa Tarek Ullah,"MBBS (DMC), BCS (Health), MD (Neurology)",Neuromedicine Specialist,Chittagong Medical College & Hospital,"Consultant, Neurology",Chittagong,https://doctorsdirectory.com.bd/wp-content/uploads/2025/01/Dr.-Mostafa-Tarek-Ullah.jpg,https://doctorsdirectory.com.bd/add-doctor/dr-mostafa-tarek-ullah/,,
Dr. Md. Nasir Uddin,"MBBS (CU), MD (Neurology)","Brain, Nerve, Spine, Stroke & Neuromedicine Specialist",Chittagong Medical College & Hospital,"Assistant Professor, Neurology",Chittagong,https://doctorsdirectory.com.bd/wp-content/uploads/2025/01/Dr.-Md.-Nasir-Uddin.jpg,https://doctorsdirectory.com.bd/add-doctor/dr-md-nasir-uddin/,,
Dr. Muhammad Shafiul Azam,"MBBS, MD (Neurology)","Brain, Stroke, Nerve & Neuromedicine Specialist",Chittagong Medical College & Hospital,"Consultant, Neurology",Chittagong,https://doctorsdirectory.com.bd/wp-content/uploads/2025/01/Dr.-Muhammad-Shafiul-Azam.jpg,https://doctorsdirectory.com.bd/add-doctor/dr-muhammad-shafiul-azam/,,
Dr. S.M. Muazzem Hossain,"MBBS (DMC), BCS (Health), MD (Neurology)","Brain, Nerve, Stroke & Neuromedicine Specialist",Chittagong Medical College & Hospital,"Consultant, Neurology",Chittagong,https://doctorsdirectory.com.bd/wp-content/uploads/2025/01/Dr.-S.M.-Muazzem-Hossain.jpg,https://doctorsdirectory.com.bd/add-doctor/dr-s-m-muazzem-hossain/,,
Dr. Md. Nurul Absar Beg,"MBBS, BCS (Health), MD (Neurology)",Neuromedicine Specialist,Chittagong Medical College & Hospital,"Assistant Professor, Neurology",Chittagong,https://doctorsdirectory.com.bd/wp-content/uploads/2025/01/Dr.-Md.-Nurul-Absar-Beg.jpg,https://doctorsdirectory.com.bd/add-doctor/dr-md-nurul-absar-beg/,,
Dr. Atanu Saha,"MBBS, BCS (Health), MD (Neurology)",Neuromedicine Specialist,Chittagong Medical College & Hospital,"Assistant Professor, Neurology",Chittagong,https://doctorsdirectory.com.bd/wp-content/uploads/2025/01/Dr.-Atanu-Saha.jpg,https://doctorsdirectory.com.bd/add-doctor/dr-atanu-saha/,,
Dr. M.A. Shakoor,"MBBS, BCS (Health), MD (Internal Medicine), MD (Neurology)","Medicine, Brain & Neuromedicine Specialist",Chittagong Medical College & Hospital,"Assistant Professor, Neurology",Chittagong,https://doctorsdirectory.com.bd/wp-content/uploads/2025/01/Dr.-M.A.-Shakoor.jpg,https://doctorsdirectory.com.bd/add-doctor/dr-m-a-shakoor/,,
Prof. Dr. Mansurul Alam,"MBBS, MD (Dermatology)",Skin & Venereal Diseases Specialist,Chittagong Medical College & Hospital,"Professor & Head, Dermatology",Chittagong,https://doctorsdirectory.com.bd/wp-content/uploads/2025/01/Prof.-Dr.-Mansurul-Alam.jpg,https://doctorsdirectory.com.bd/add-doctor/prof-dr-mansurul-alam/,,
Dr. Md. Shaukat Hossain,"MBBS, MD (Dermatology)",Skin & Venereal Diseases Specialist,Chittagong Medical College & Hospital,"Associate Professor, Dermatology",Chittagong,https://doctorsdirectory.com.bd/wp-content/uploads/2025/01/Dr.-Md.-Shaukat-Hossain.jpg,https://doctorsdirectory.com.bd/add-doctor/dr-md-shaukat-hossain/,,
Dr. S.M. Ali Ahmed Nazmul,"MBBS, DDV",Skin & Venereal Diseases Specialist,Chittagong Medical College & Hospital,"Assistant Professor, Dermatology",Chittagong,https://doctorsdirectory.com.bd/wp-content/uploads/2025/01/Dr.-S.M.-Ali-Ahmed-Nazmul.jpg,https://doctorsdirectory.com.bd/add-doctor/dr-s-m-ali-ahmed-nazmul/,,
Dr. Rezwana Ahmed,"MBBS, DDV, MD (Dermatology)",Skin & Venereal Diseases Specialist,Chittagong Medical College & Hospital,"Consultant, Dermatology",Chittagong,https://doctorsdirectory.com.bd/wp-content/uploads/2025/01/Dr.-Rezwana-Ahmed.jpg,https://doctorsdirectory.com.bd/add-doctor/dr-rezwana-ahmed/,,
Dr. G.M. Moniruddin,"MBBS, MS (Neurosurgery)",Brain & Spine Surgeon,Chittagong Medical College & Hospital,"Assistant Professor, Neurosurgery",Chittagong,https://doctorsdirectory.com.bd/wp-content/uploads/2025/01/Dr.-G.M.-Moniruddin.jpg,https://doctorsdirectory.com.bd/add-doctor/dr-g-m-moniruddin/,,
Dr. S.M. Noble Kumar Barua,"MBBS, MS (Neurosurgery)","Brain, Spine & Nerve Surgeon",Chittagong Medical College & Hospital,"Assistant Professor, Neurosurgery",Chittagong,https://doctorsdirectory.com.bd/wp-content/uploads/2025/01/Dr.-S.M.-Noble-Kumar-Barua.jpg,https://doctorsdirectory.com.bd/add-doctor/dr-s-m-noble-kumar-barua/,,
Dr. Md. Saiful Alam,"MBBS, MS (Neurosurgery)","Brain, Nerve & Spine Specialist Surgeon",Chittagong Medical College & Hospital,"Associate Professor, Neurosurgery",Chittagong,https://doctorsdirectory.com.bd/wp-content/uploads/2025/01/Dr.-Md.-Saiful-Alam.jpg,https://doctorsdirectory.com.bd/add-doctor/dr-md-saiful-alam/,,
Prof. Dr. Md. Kamal Uddin,"MBBS, MS (Neurosurgery)","Brain, Nerve & Spine Surgeon",Chittagong Medical College & Hospital,"Professor & Head, Neurosurgery",Chittagong,https://doctorsdirectory.com.bd/wp-content/uploads/2025/01/Prof.-Dr.-Md.-Kamal-Uddin.jpg,https://doctorsdirectory.com.bd/add-doctor/prof-dr-md-kamal-uddin/,,
Dr. Md. Towhidul Alam,"MBBS, FCPS (Surgery), MS (Neurosurgery)","Brain, Nerve & Spine Specialist Surgeon",Chittagong Medical College & Hospital,"Consultant, Neurosurgery",Chittagong,https://doctorsdirectory.com.bd/wp-content/uploads/2025/01/Dr.-Md.-Towhidul-Alam.jpg,https://doctorsdirectory.com.bd/add-doctor/dr-md-towhidul-alam/,,
Dr. Mohammad Salahuddin Faruq,"MBBS, MS (Surgery), MS (Urology)",Urology Specialist & Surgeon,Chittagong Medical College & Hospital,"Associate Professor, Urology",Chittagong,https://doctorsdirectory.com.bd/wp-content/uploads/2025/01/Dr.-Mohammad-Salahuddin-Faruq.jpg,https://doctorsdirectory.com.bd/add-doctor/dr-mohammad-salahuddin-faruq/,,
Dr. Md. Nurul Absar,"MBBS, FCPS (Surgery), MS (Urology)","Urology (Kidney, Ureter, Bladder, Prostate) Specialist Surgeon",Chittagong Medical College & Hospital,"Consultant, Urology",Chittagong,https://doctorsdirectory.com.bd/wp-content/uploads/2025/01/Dr.-Md.-Nurul-Absar.jpg,https://doctorsdirectory.com.bd/add-doctor/dr-md-nurul-absar/,,
Dr. Mohammed Belayet Hossain,"MBBS, BCS (Health), MS (Urology)","Kidney, Ureter, Bladder & Prostate Specialist Surgeon",Chittagong Medical College & Hospital,"Consultant, Urology",Chittagong,https://doctorsdirectory.com.bd/wp-content/uploads/2025/01/Dr.-Mohammed-Belayet-Hossain.jpg,https://doctorsdirectory.com.bd/add-doctor/dr-mohammed-belayet-hossain/,,
Dr. Muhammad Shofique Ur Rahman,"MBBS, MS (Urology)",Urology Specialist & Surgeon,Chittagong Medical College & Hospital,"Assistant Professor, Urology",Chittagong,https://doctorsdirectory.com.bd/wp-content/uploads/2025/01/Dr.-Muhammad-Shofique-Ur-Rahman.jpg,https://doctorsdirectory.com.bd/add-doctor/dr-muhammad-shofique-ur-rahman/,,
Dr. Md. Abdul Mobin,"MBBS, BCS (Health), FCPS (Surgery), MS (Urology)",Urologist & Surgeon,Chittagong Medical College & Hospital,"Assistant Professor, Urology",Chittagong,https://doctorsdirectory.com.bd/wp-content/uploads/2025/01/Dr.-Md.-Abdul-Mobin.jpg,https://doctorsdirectory.com.bd/add-doctor/dr-md-abdul-mobin/,,
Dr. Md. Manzurul Hoque,"MBBS, MS (Urology)",Urology Specialist & Surgeon,Chittagong Medical College & Hospital,"Assistant Professor, Urology",Chittagong,https://doctorsdirectory.com.bd/wp-content/uploads/2025/01/Dr.-Md.-Manzurul-Hoque.jpg,https://doctorsdirectory.com.bd/add-doctor/dr-md-manzurul-hoque/,,
Dr. Kamrul Hasan,"MBBS (Dhaka), BCS (Health), MD (Urology)",Urology Specialist & Surgeon,Chittagong Medical College & Hospital,"Assistant Professor, Urology",Chittagong,https://doctorsdirectory.com.bd/wp-content/uploads/2025/01/Dr.-Kamrul-Hasan.jpg,https://doctorsdirectory.com.bd/add-doctor/dr-kamrul-hasan/,,
Dr. Mohammed Sanaullah Shetu,"MBBS, MS (Urology)","Urology (Kidney, Ureter, Bladder, Prostate) Surgeon",Chittagong Medical College & Hospital,"Assistant Professor, Urology",Chittagong,https://doctorsdirectory.com.bd/wp-content/uploads/2025/01/Dr.-Mohammed-Sanaullah-Shetu.jpg,https://doctorsdirectory.com.bd/add-doctor/dr-mohammed-sanaullah-shetu/,,
Dr. Mohammad Saiful Hoque,"MBBS, FCPS (Medicine), MD (Cardiology)",Cardiology & Medicine Specialist,Chittagong Medical College & Hospital,"Assistant Professor, Cardiology",Chittagong,https://doctorsdirectory.com.bd/wp-content/uploads/2025/01/Dr.-Mohammad-Saiful-Hoque.jpg,https://doctorsdirectory.com.bd/add-doctor/dr-mohammad-saiful-hoque/,,
Dr. Abu Tarek Iqbal,"MBBS, FCPS (Medicine), MD (Cardiology)",Cardiology & Medicine Specialist,Chittagong Medical College & Hospital,"Associate Professor, Cardiology",Chittagong,https://doctorsdirectory.com.bd/wp-content/uploads/2025/01/Dr.-Abu-Tarek-Iqbal.jpg,https://doctorsdirectory.com.bd/add-doctor/dr-abu-tarek-iqbal/,,
Dr. Md. Ibrahim Chowdhury,"MBBS, FCPS (Medicine), MD (Cardiology)","Cardiology, Rheumatic Fever & Medicine Specialist",Chittagong Medical College & Hospital,"Associate Professor, Cardiology",Chittagong,https://doctorsdirectory.com.bd/wp-content/uploads/2025/01/Dr.-Md.-Ibrahim-Chowdhury.jpg,https://doctorsdirectory.com.bd/add-doctor/dr-md-ibrahim-chowdhury/,,
Dr. Ashish Dey,"MBBS, FCPS (Medicine), MD (Cardiology)",Cardiology & Medicine Specialist,Chittagong Medical College & Hospital,"Assistant Professor, Cardiology",Chittagong,https://doctorsdirectory.com.bd/wp-content/uploads/2025/01/Dr.-Ashish-Dey.jpg,https://doctorsdirectory.com.bd/add-doctor/dr-ashish-dey/,,
Dr. Prabir Kumar Das,"MBBS, FCPS (Medicine), MD (Cardiology)",Cardiology & Medicine Specialist,Chittagong Medical College & Hospital,"Associate Professor, Cardiology",Chittagong,https://doctorsdirectory.com.bd/wp-content/uploads/2025/01/Dr.-Prabir-Kumar-Das.jpg,https://doctorsdirectory.com.bd/add-doctor/dr-prabir-kumar-das/,,
Prof. Dr. Mohammad Ibrahim,"MBBS, FCPS (Medicine), MD (Cardiology)",Cardiology & Medicine Specialist,Chittagong Medical College & Hospital,"Professor & Head, Cardiology",Chittagong,https://doctorsdirectory.com.bd/wp-content/uploads/2025/01/Prof.-Dr.-Mohammad-Ibrahim.jpg,https://doctorsdirectory.com.bd/add-doctor/prof-dr-mohammad-ibrahim/,,
Dr. Md. Arifur Rahman,"MBBS, D-CARD, MD (Cardiology)",Cardiology & Rheumatic Fever Specialist,Chittagong Medical College & Hospital,"Consultant, Cardiology",Chittagong,https://doctorsdirectory.com.bd/wp-content/uploads/2025/01/Dr.-Arifur-Rahman.jpg,https://doctorsdirectory.com.bd/add-doctor/dr-md-arifur-rahman/,,
Dr. S.M. Miftahul Alam,"MBBS (CU), BCS (Health), MD (Gastroenterology)","Gastrointestinal, Liver, Pancreas & Biliary Specialist",Chittagong Medical College & Hospital,"Consultant, Gastroenterology",Chittagong,https://doctorsdirectory.com.bd/wp-content/uploads/2025/01/Dr.-S.M.-Miftahul-Alam.jpg,https://doctorsdirectory.com.bd/add-doctor/dr-s-m-miftahul-alam/,,
Dr. Binoy Paul,"MBBS, MD (Gastroenterology)","Gastrointestinal, Liver, Pancreas & Biliary Specialist",Chittagong Medical College & Hospital,"Assistant Professor, Gastroenterology",Chittagong,https://doctorsdirectory.com.bd/wp-content/uploads/2025/01/Dr.-Binoy-Paul.jpg,https://doctorsdirectory.com.bd/add-doctor/dr-binoy-paul/,,
Dr. Alak Kumar Raha,"MBBS, MCPS (Medicine), MD (Hepatology)",Liver & Medicine Specialist,Chittagong Medical College & Hospital,"Associate Professor & Head, Hepatology",Chittagong,https://doctorsdirectory.com.bd/wp-content/uploads/2025/01/Dr.-Alak-Kumar-Raha.jpg,https://doctorsdirectory.com.bd/add-doctor/dr-alak-kumar-raha/,,
Dr. Aloke Kumar Raha,"MBBS (Dhaka), MCPS (Medicine), MD (Hepatology)",Liver Diseases Specialist,Chittagong Medical College & Hospital,"Associate Professor & Head, Hepatology",Chittagong,https://doctorsdirectory.com.bd/wp-content/uploads/2025/02/Dr.-Aloke-Kumar-Raha.jpg,https://doctorsdirectory.com.bd/add-doctor/dr-aloke-kumar-raha/,,
Dr. Sumit Ranjan Paul,"MBBS, BCS (Health), MD (Nephrology)",Kidney Diseases & Medicine Specialist,Chittagong Medical College & Hospital,"Assistant Professor, Nephrology",Chittagong,https://doctorsdirectory.com.bd/wp-content/uploads/2025/01/Dr.-Sumit-Ranjan-Paul.jpg,https://doctorsdirectory.com.bd/add-doctor/dr-sumit-ranjan-paul/,,
Dr. Md. Nurul Absar Beg,"MBBS, BCS (Health), MD (Nephrology)",Kidney Diseases & Medicine Specialist,Chittagong Medical College & Hospital,"Assistant Professor, Nephrology",Chittagong,https://doctorsdirectory.com.bd/wp-content/uploads/2025/01/Dr.-Md.-Nurul-Absar-Beg-Kidney.jpg,https://doctorsdirectory.com.bd/add-doctor/dr-md-nurul-absar-beg-kidney/,,
Prof. Dr. Md. Enayet Karim,"MBBS, MD (Nephrology)",Kidney Diseases Specialist,Chittagong Medical College & Hospital,"Professor & Head, Nephrology",Chittagong,https://doctorsdirectory.com.bd/wp-content/uploads/2025/01/Prof.-Dr.-Md.-Enayet-Karim.jpg,https://doctorsdirectory.com.bd/add-doctor/prof-dr-md-enayet-karim/,,
Dr. K.M. Faisal,"MBBS (DMC), BCS (Health), MD (Nephrology)","Kidney, High Blood Pressure & Medicine Specialist",Chittagong Medical College & Hospital,"Consultant, Nephrology",Chittagong,https://doctorsdirectory.com.bd/wp-content/uploads/2025/01/Dr.-K.M.-Faisal.jpg,https://doctorsdirectory.com.bd/add-doctor/dr-k-m-faisal/,,
Dr. Kamrul Hasan,"MBBS (Dhaka), BCS (Health), MD (Endocrinology)","Diabetes, Thyroid & Hormone Specialist",Chittagong Medical College & Hospital,"Assistant Professor & Head, Endocrinology",Chittagong,https://doctorsdirectory.com.bd/wp-content/uploads/2025/01/Dr.-Kamrul-Hasan-Endo.jpg,https://doctorsdirectory.com.bd/add-doctor/dr-kamrul-hasan-endo/,,
Dr. Farhana Akter,"MBBS, FCPS (Medicine), MD (Endocrinology)","Diabetes, Thyroid & Hormone Specialist",Chittagong Medical College & Hospital,"Assistant Professor, Endocrinology",Chittagong,https://doctorsdirectory.com.bd/wp-content/uploads/2025/01/Dr.-Farhana-Akter.jpg,https://doctorsdirectory.com.bd/add-doctor/dr-farhana-akter/,,
Dr. Shahryar Ahmed Milan,"MBBS, BCS (Health), DEM (BIRDEM)","Endocrinology (Diabetes, Thyroid & Hormonal Diseases) Specialist",Chittagong Medical College & Hospital,"Assistant Professor, Endocrinology",Chittagong,https://doctorsdirectory.com.bd/wp-content/uploads/2025/02/Dr.-Shahryar-Ahmed-Milan.jpg,https://doctorsdirectory.com.bd/add-doctor/dr-shahryar-ahmed-milan/,,
Dr. Md. Nazmul Haque Talukdar,"MBBS, MD (Chest Disease)","Chest, Asthma, COPD, Tuberculosis Specialist",Chittagong Medical College & Hospital,"Assistant Professor, Pulmonology",Chittagong,https://doctorsdirectory.com.bd/wp-content/uploads/2025/01/Dr.-Md.-Nazmul-Haque-Talukdar.jpg,https://doctorsdirectory.com.bd/add-doctor/dr-md-nazmul-haque-talukdar/,,
Dr. Muniruddin Ahmed,"MBBS (CU), FCPS (Medicine)","Medicine, Diabetes & Hormone Specialist",Cox’s Bazar Medical College & Hospital,"Assistant Professor, Medicine",Chittagong,https://doctorsdirectory.com.bd/wp-content/uploads/2025/01/Dr.-Muniruddin-Ahmed.jpg,https://doctorsdirectory.com.bd/add-doctor/dr-muniruddin-ahmed/,,
Dr. Md. Tareq-Ul-Kader,"MBBS, BCS, FCPS (Medicine)","Medicine, Diabetologist & Rheumatology Specialist",Chattogram Maa-O-Shishu Hospital Medical College,"Registrar, Medicine",Chittagong,https://doctorsdirectory.com.bd/wp-content/uploads/2025/01/Dr.-Md.-Tareq-Ul-Kader.jpg,https://doctorsdirectory.com.bd/add-doctor/dr-md-tareq-ul-kader/,,
Dr. A Z M Sakhawat Hossain,"MBBS, BCS (Health), MCPS (Medicine), FCPS (Medicine), FRCP (UK)",Medicine Specialist,Marine City Medical College & Hospital,"Associate Professor, Medicine",Chittagong,https://doctorsdirectory.com.bd/wp-content/uploads/2025/01/Dr.-A-Z-M-Sakhawat-Hossain.jpg,https://doctorsdirectory.com.bd/add-doctor/dr-a-z-m-sakhawat-hossain/,,
Dr. M.A. Hassan Chowdhury,"MBBS, FCPS, FRCP (Edin), FACP (USA)",Medicine Specialist,Chittagong Medical College & Hospital,"Professor, Department of Medicine",Chittagong,https://doctorsdirectory.com.bd/wp-content/uploads/2025/01/Dr.-M.A.-Hassan-Chowdhury.jpg,https://doctorsdirectory.com.bd/add-doctor/dr-m-a-hassan-chowdhury/,,
Dr. Abul Fazal Muhammad Nazimuddin,"MBBS, FCPS (Medicine)",Medicine Specialist,Chattogram Maa-O-Shishu Hospital Medical College,"Associate Professor, Medicine",Chittagong,https://doctorsdirectory.com.bd/wp-content/uploads/2025/01/Dr.-A.-F.-M.-Nazimuddin.jpg,https://doctorsdirectory.com.bd/add-doctor/dr-abul-fazal-muhammad-nazimuddin/,,
Dr. Md. Abu Taher,"MBBS, FCPS (Medicine)",Medicine Specialist,Max Hospital & Diagnostic,"Consultant, Medicine",Chittagong,https://doctorsdirectory.com.bd/wp-content/uploads/2025/01/Dr.-Md.-Abu-Taher.jpg,https://doctorsdirectory.com.bd/add-doctor/dr-md-abu-taher/,,
Dr. Md. Saiful Huq,"MBBS (DMC), BCS (Health), MRCP (UK)",Medicine & Diabetes Specialist,Chittagong Medical College & Hospital,"Consultant, Medicine",Chittagong,https://doctorsdirectory.com.bd/wp-content/uploads/2025/01/Dr.-Md.-Saiful-Huq.jpg,https://doctorsdirectory.com.bd/add-doctor/dr-md-saiful-huq/,,
Prof. Dr. Mizanur Rahman,"MBBS, MCPS (Medicine), MD (Medicine)",Medicine Specialist,Chattogram Maa-O-Shishu Hospital Medical College,"Professor, Medicine",Chittagong,https://doctorsdirectory.com.bd/wp-content/uploads/2025/01/Prof.-Dr.-Mizanur-Rahman.jpg,https://doctorsdirectory.com.bd/add-doctor/prof-dr-mizanur-rahman/,,
Dr. Abanti Deb Nath,"MBBS (DU), BCS (Health), FCPS (Medicine)",Medicine & Neuromedicine Specialist,Chittagong Medical College & Hospital,"Assistant Professor, Medicine",Chittagong,https://doctorsdirectory.com.bd/wp-content/uploads/2025/01/Dr.-Abanti-Deb-Nath.jpg,https://doctorsdirectory.com.bd/add-doctor/dr-abanti-deb-nath/,,
Dr. F.M.A. Zahid,"MBBS, MCPS, FCPS (Medicine)","Medicine, Diabetology & Neuromedicine Specialist",Chittagong Medical College & Hospital,"Assistant Professor, Medicine",Chittagong,https://doctorsdirectory.com.bd/wp-content/uploads/2025/01/Dr.-F.M.A.-Zahid.jpg,https://doctorsdirectory.com.bd/add-doctor/dr-f-m-a-chid/,,
Prof. Dr. Emran Bin Yunus,"MBBS (Dhaka), FCPS (Medicine), MACP (USA), FACP (USA)",Medicine & Nephrology Specialist,Chittagong Medical College & Hospital,"Former Professor, Nephrology",Chittagong,https://doctorsdirectory.com.bd/wp-content/uploads/2025/01/Prof.-Dr.-Emran-Bin-Yunus.jpg,https://doctorsdirectory.com.bd/add-doctor/prof-dr-emran-bin-yunus/,,
Dr. Kafil Uddin,"MBBS (DMC), BCS (Health), FCPS (Medicine)","Medicine Specialist, Diabetologist & Rheumatologist",Dhaka Medical College & Hospital,"Assistant Professor, Medicine",Chittagong,https://doctorsdirectory.com.bd/wp-content/uploads/2025/01/Dr.-Kafil-Uddin.jpg,https://doctorsdirectory.com.bd/add-doctor/dr-kafil-uddin/,,
Dr. Arup Ratan Das,"MBBS (DMC), BCS (Health), FCPS (Medicine), MCPS (Medicine)",Medicine Specialist,Chittagong Medical College & Hospital,"Consultant, Medicine",Chittagong,https://doctorsdirectory.com.bd/wp-content/uploads/2025/01/Dr.-Arup-Ratan-Das.jpg,https://doctorsdirectory.com.bd/add-doctor/dr-arup-ratan-das/,,
Dr. Abu Sayeed,"MBBS, BCS (Health), MD (Internal Medicine)",Medicine Specialist,Chittagong Medical College & Hospital,"Consultant, Medicine",Chittagong,https://doctorsdirectory.com.bd/wp-content/uploads/2025/01/Dr.-Abu-Sayeed.jpg,https://doctorsdirectory.com.bd/add-doctor/dr-abu-sayeed/,,
Dr. Mohammad Moinul Islam,"MBBS, BCS (Health), MCPS, FCPS (Medicine)",Medicine Specialist,Chittagong Medical College & Hospital,"Consultant, Medicine",Chittagong,https://doctorsdirectory.com.bd/wp-content/uploads/2025/01/Dr.-Mohammad-Moinul-Islam.jpg,https://doctorsdirectory.com.bd/add-doctor/dr-mohammad-moinul-islam/,,
Dr. Farhana Halim,"MBBS (SSMC), BCS (Health), FCPS (Medicine), MACP (USA)",Medicine Specialist,Chittagong Medical College & Hospital,"Consultant, Medicine",Chittagong,https://doctorsdirectory.com.bd/wp-content/uploads/2025/01/Dr.-Farhana-Halim.jpg,https://doctorsdirectory.com.bd/add-doctor/dr-farhana-halim/,,
Dr. A N M Ashik-E-Elahi,"MBBS (CMC), BCS (Health), FCPS (Medicine)",Medicine Specialist,Marine City Medical College & Hospital,"Assistant Professor, Medicine",Chittagong,https://doctorsdirectory.com.bd/wp-content/uploads/2025/01/Dr.-A-N-M-Ashik-E-Elahi.jpg,https://doctorsdirectory.com.bd/add-doctor/dr-a-n-m-ashik-e-elahi/,,
Dr. M. S. Chowdhury,"MBBS, BCS (Health), PGT (Medicine), CMU (Ultrasound)",Medicine Specialist,Max Hospital & Diagnostic,"Consultant, Medicine",Chittagong,https://doctorsdirectory.com.bd/wp-content/uploads/2025/01/Dr.-M.-S.-Chowdhury.jpg,https://doctorsdirectory.com.bd/add-doctor/dr-m-s-chowdhury/,,
Dr. Mohammed Maksudul Karim,"MBBS, BCS (Health), FCPS (Medicine), MCPS (Medicine)",Medicine Specialist,Chittagong Medical College & Hospital,"Consultant, Medicine",Chittagong,https://doctorsdirectory.com.bd/wp-content/uploads/2025/02/Dr.-Mohammed-Maksudul-Karim.jpg,https://doctorsdirectory.com.bd/add-doctor/dr-mohammed-maksudul-karim/,,
Dr. M. A. Yousuf Chowdhury,"MBBS, BCS (Health), MD (Internal Medicine), Fellow in Diabetology (BIRDEM)",Medicine & Diabetes Specialist,Chittagong Medical College & Hospital,"Associate Professor, Medicine",Chittagong,https://doctorsdirectory.com.bd/wp-content/uploads/2025/02/Dr.-MA-Yousuf-Chowdhury.jpg,https://doctorsdirectory.com.bd/add-doctor/dr-m-a-yousuf-chowdhury/,,
Dr. Prasenjit Barua,"MBBS, FCPS (Medicine), MACP (USA)",Medicine & Diabetes Specialist,Chittagong Medical College & Hospital,Fellowship Training in Gastroenterology & Liver Diseases,Chittagong,https://doctorsdirectory.com.bd/wp-content/uploads/2025/02/Dr.-Prasenjit-Barua.jpg,https://doctorsdirectory.com.bd/add-doctor/dr-prasenjit-barua/,,
Dr. Mohammed Rashed Mirjada,"MBBS, FCPS (Medicine)",Medicine Specialist,Chittagong Medical College & Hospital,"Associate Professor, Medicine",Chittagong,https://doctorsdirectory.com.bd/wp-content/uploads/2025/02/Dr.-Rashed-Mirjada.jpg,https://doctorsdirectory.com.bd/add-doctor/dr-mohammed-rashed-mirjada/,,
Dr. Mirza Nurul Karim,"MBBS, FCPS (Medicine)","Medicine, Diabetes, Rheumatology & Chest Disease Specialist",Chittagong Medical College & Hospital,"Assistant Professor, Department of Medicine",Chittagong,https://doctorsdirectory.com.bd/wp-content/uploads/2025/02/Dr.-Mirza-Nurul-Karim.jpg,https://doctorsdirectory.com.bd/add-doctor/dr-mirza-nurul-karim/,,
Dr. Sumon Das,"MBBS (CMC), BCS (Health), MCPS, FCPS (ENT)",Ear Nose Throat Specialist & Head Neck Surgeon,Chittagong Medical College & Hospital,"Consultant, ENT",Chittagong,https://doctorsdirectory.com.bd/wp-content/uploads/2025/01/Dr.-Sumon-Das.jpg,https://doctorsdirectory.com.bd/add-doctor/dr-sumon-das/,,
Dr. A T M Moinuddin,"MBBS, DLO, MCPS (ENT)","Ear, Nose, Throat Specialist & Surgeon",Feni Clinic, Feni,"Consultant, ENT",Chittagong,https://doctorsdirectory.com.bd/wp-content/uploads/2025/01/Dr.-A-T-M-Moinuddin.jpg,https://doctorsdirectory.com.bd/add-doctor/dr-a-t-m-moinuddin/,
Dr. Mohammad Mohiuddin,"MBBS, BCS (Health), FCPS (ENT)",Ear Nose Throat Specialist & Head Neck Surgeon,Chittagong Medical College & Hospital,"Resident Surgeon, ENT",Chittagong,https://doctorsdirectory.com.bd/wp-content/uploads/2025/01/Dr.-Mohammad-Mohiuddin.jpg,https://doctorsdirectory.com.bd/add-doctor/dr-mohammad-moiuddin/,,
Dr. Shakhawat Hossain,"MBBS, BCS (Health), FCPS (ENT)",Ear Nose Throat Specialist & Head Neck Surgeon,Chittagong Medical College & Hospital,"Consultant, ENT",Chittagong,https://doctorsdirectory.com.bd/wp-content/uploads/2025/01/Dr.-Shakhawat-Hossain.jpg,https://doctorsdirectory.com.bd/add-doctor/dr-shakhawat-hossain-ctg/,,
Prof. Dr. Ahmed Sharif,"MBBS, MS (ENT)","ENT (Ear, Nose, Throat) Specialist & Head Neck Surgeon",Chittagong Medical College & Hospital,"Professor & Head, ENT & HNS Department",Chittagong,https://doctorsdirectory.com.bd/wp-content/uploads/2025/02/Prof.-Dr.-Ahmed-Sharif.jpg,https://doctorsdirectory.com.bd/add-doctor/prof-dr-ahmed-sharif/,,
Dr. Ashfaq Ahmad,"MBBS, FCPS (ENT)","ENT (Ear, Nose, Throat) Specialist & Head Neck Surgeon",Chittagong Medical College & Hospital,"Associate Professor, ENT",Chittagong,https://doctorsdirectory.com.bd/wp-content/uploads/2025/02/Dr.-Ashfaq-Ahmad.jpg,https://doctorsdirectory.com.bd/add-doctor/dr-ashfaq-ahmad/,,
Dr. Md. Minhajul Haque,"MBBS, BCS (Health), FCPS (ENT)","Ear, Nose, Throat Specialist & Head Neck Surgeon",Chittagong General Hospital,"Medical Officer, ENT",Chittagong,https://doctorsdirectory.com.bd/wp-content/uploads/2025/02/Dr.-Md.-Minhajul-Haque.jpg,https://doctorsdirectory.com.bd/add-doctor/dr-md-minhajul-haque/,,
Dr. Mohammad Emran,"MBBS, BCS (Health), DLO (BSMMU)","ENT (Ear, Nose, Throat) Specialist & Head Neck Surgeon",Chittagong Medical College & Hospital,"Consultant, ENT",Chittagong,https://doctorsdirectory.com.bd/wp-content/uploads/2025/02/Dr.-Mohammad-Emran.jpg,https://doctorsdirectory.com.bd/add-doctor/dr-mohammad-emran/,,
Dr. Sheikh Shawkat Kamal,"MBBS, FCPS (ENT)","Ear, Nose, Throat Specialist & Head Neck Surgeon",Surgiscope Hospital, Chittagong,,Chittagong,https://doctorsdirectory.com.bd/wp-content/uploads/2025/02/Dr.-Sheikh-Shawkat-Kamal.jpg,https://doctorsdirectory.com.bd/add-doctor/dr-sheikh-shawkat-kamal/,
Dr. Didarul Islam,"MBBS, BCS (Health), MD (Hepatology)","Liver, Gastrointestinal & Medicine Specialist",Chittagong Medical College & Hospital,"Assistant Professor, Hepatology",Chittagong,https://doctorsdirectory.com.bd/wp-content/uploads/2025/01/Dr.-Didarul-Islam.jpg,https://doctorsdirectory.com.bd/add-doctor/dr-didarul-islam/,,
Dr. Rokshana Hoque,"MBBS, DGO, MCPS (OBGYN)",Gynecologist & Surgeon,Chevron Clinical Laboratory, Chittagong,"Consultant, Gynecology",Chittagong,https://doctorsdirectory.com.bd/wp-content/uploads/2025/01/Dr.-Rokshana-Hoque.jpg,https://doctorsdirectory.com.bd/add-doctor/dr-rokshana-hoque/,
Dr. Farhana Mahmud Siddiqui,"MBBS, BCS (Health), DGO, FCPS (OBGYN)",Gynecologist & Surgeon,Chittagong Medical College & Hospital,"Consultant, Gynecology",Chittagong,https://doctorsdirectory.com.bd/wp-content/uploads/2025/01/Dr.-Farhana-Mahmud-Siddiqui.jpg,https://doctorsdirectory.com.bd/add-doctor/dr-farhana-mahmud-siddiqui/,,
Dr. Zarin Nawar,"MBBS, BCS (Health), FCPS (OBGYN)",Gynecologist & Surgeon,Feni General Hospital,"Consultant, Gynecology",Chittagong,https://doctorsdirectory.com.bd/wp-content/uploads/2025/01/Dr.-Zarin-Nawar.jpg,https://doctorsdirectory.com.bd/add-doctor/dr-zarin-nawar/,,
Dr. Sumaiya Binte Jalil,"MBBS, BCS (Health), FCPS (OBGYN)",Gynecologist & Surgeon,Feni General Hospital,"Consultant, Gynecology",Chittagong,https://doctorsdirectory.com.bd/wp-content/uploads/2025/01/Dr.-Sumaiya-Binte-Jalil.jpg,https://doctorsdirectory.com.bd/add-doctor/dr-sumaiya-binte-jalil/,,
Dr. Kamrunnessa Runa,"MBBS (DMC), BCS (Health), FCPS (OBGYN)",Gynecologist & Surgeon,General Hospital, Chittagong,"Consultant, Gynecology",Chittagong,https://doctorsdirectory.com.bd/wp-content/uploads/2025/01/Dr.-Kamrunnessa-Runa.jpg,https://doctorsdirectory.com.bd/add-doctor/dr-kamrunnessa-runa/,
Dr. Suraiya Akter,"MBBS, DGO, MCPS (OBGYN)",Gynecologist & Surgeon,Feni District Hospital,"Consultant, Gynecology",Chittagong,https://doctorsdirectory.com.bd/wp-content/uploads/2025/01/Dr.-Suraiya-Akter.jpg,https://doctorsdirectory.com.bd/add-doctor/dr-suraiya-akter/,,
Dr. Nazia Huq,"MBBS (Dhaka), MCPS (OBGYN), DGO, FCPS (OBGYN)",Gynecologist & Surgeon,General Hospital, Chittagong,"Consultant, Gynecology & Obstetrics",Chittagong,https://doctorsdirectory.com.bd/wp-content/uploads/2025/01/Dr.-Nazia-Huq.jpg,https://doctorsdirectory.com.bd/add-doctor/dr-nazia-huq/,
Dr. Nusrat Jahan (Zenia),"MBBS, DGO, MCPS (OBGYN)","Gynecologist, Surgeon & Infertility Specialist",BGC Trust Medical College & Hospital,"Consultant, Gynecology",Chittagong,https://doctorsdirectory.com.bd/wp-content/uploads/2025/01/Dr.-Nusrat-Jahan-Zenia.jpg,https://doctorsdirectory.com.bd/add-doctor/dr-nusrat-jahan-zenia/,,
Dr. Saima Shah Alam,"MBBS (SSMC), BCS (Health), FCPS (OBGYN)",Gynecologist & Surgeon,Chittagong Medical College & Hospital,"Consultant, Gynecology & Obstetrics",Chittagong,https://doctorsdirectory.com.bd/wp-content/uploads/2025/01/Dr.-Saima-Shah-Alam.jpg,https://doctorsdirectory.com.bd/add-doctor/dr-saima-shah-alam/,,
Dr. Mursheda Yesmin,"MBBS (CMC), BCS (Health), FCPS (OBGYN)","Gynecologist, Surgeon & Infertility Specialist",Cox’s Bazar Medical College & Hospital,"Consultant, Gynecology & Obstetrics",Chittagong,https://doctorsdirectory.com.bd/wp-content/uploads/2025/01/Dr.-Mursheda-Yesmin.jpg,https://doctorsdirectory.com.bd/add-doctor/dr-mursheda-yesmin/,,
Dr. Shajeda Begum,"MBBS, BCS (Health), DGO, FCPS (OBGYN)",Gynecologist & Surgeon,Chittagong Medical College & Hospital,"Consultant, Gynecology & Obstetrics",Chittagong,https://doctorsdirectory.com.bd/wp-content/uploads/2025/01/Dr.-Shajeda-Begum.jpg,https://doctorsdirectory.com.bd/add-doctor/dr-shajeda-begum/,,
Dr. Kamrun Nahar Lima,"MBBS, BCS (Health), DGO, MCPS (OBGYN), FCPS (OBGYN)",Gynecologist & Laparoscopic Surgeon,Chittagong Medical College & Hospital,"Consultant, Gynecology & Obstetrics",Chittagong,https://doctorsdirectory.com.bd/wp-content/uploads/2025/01/Dr.-Kamrun-Nahar-Lima.jpg,https://doctorsdirectory.com.bd/add-doctor/dr-kamrun-nahar-lima/,,
Dr. Tahmina Yeasmin Rozy,"MBBS, BCS (Health), FCPS (OBGYN)",Gynecologist & Surgeon,Chittagong Medical College & Hospital,"Consultant, Gynecology & Obstetrics",Chittagong,https://doctorsdirectory.com.bd/wp-content/uploads/2025/01/Dr.-Tahmina-Yeasmin-Rozy.jpg,https://doctorsdirectory.com.bd/add-doctor/dr-tahmina-yeasmin-rozy/,,
Dr. Sanchita Das,"MBBS, BCS (Health), FCPS (OBGYN)",Gynecologist & Surgeon,General Hospital, Chittagong,"Consultant, Gynecology",Chittagong,https://doctorsdirectory.com.bd/wp-content/uploads/2025/01/Dr.-Sanchita-Das.jpg,https://doctorsdirectory.com.bd/add-doctor/dr-sanchita-das/,
Dr. Hasina Akhter,"MBBS, BCS (Health), MCPS, FCPS (OBGYN)",Gynecologist & Surgeon,Chittagong Medical College & Hospital,"Consultant, Gynecology & Obstetrics",Chittagong,https://doctorsdirectory.com.bd/wp-content/uploads/2025/01/Dr.-Hasina-Akhter-1.jpg,https://doctorsdirectory.com.bd/add-doctor/dr-hasina-akter-ctg/,,
Dr. Tahrima Khanom,"MBBS, BCS (Health), FCPS (OBGYN), MRCOG (London)","Gynecology, Obstetrics Specialist & Surgeon",Chittagong Medical College & Hospital,"Consultant, Gynecology & Obstetrics",Chittagong,https://doctorsdirectory.com.bd/wp-content/uploads/2025/01/Dr.-Tahrima-Khanom.jpg,https://doctorsdirectory.com.bd/add-doctor/dr-tahrima-khanom/,,
Dr. Fahmida Islam Chowdhury,"MBBS, BCS (Health), FCPS (OBGYN)",Gynecologist & Surgeon,Chittagong Medical College & Hospital,"Assistant Professor, Gynecology & Obstetrics",Chittagong,https://doctorsdirectory.com.bd/wp-content/uploads/2025/01/Dr.-Fahmida-Islam-Chowdhury.jpg,https://doctorsdirectory.com.bd/add-doctor/dr-fahmida-islam-chowdhury/,,
Dr. Syeda Nur-A-Lina,"MBBS (DU), FCPS (OBGYN), MRCOG (UK)",Gynecology & Obstetrics Specialist,Chattogram Maa-O-Shishu Hospital Medical College,"Assistant Professor, Gynecology & Obstetrics",Chittagong,https://doctorsdirectory.com.bd/wp-content/uploads/2025/01/Dr.-Syeda-Nur-A-Lina.jpg,https://doctorsdirectory.com.bd/add-doctor/dr-syeda-nur-a-lina/,,
Dr. Zinat Maruf,"MBBS, FCPS (Obs & Gynae)",Gynecologist & Surgeon,Chittagong Medical College & Hospital,"Assistant Professor, Gynecology & Obstetrics",Chittagong,https://doctorsdirectory.com.bd/wp-content/uploads/2025/01/Dr.-Zinat-Maruf.jpg,https://doctorsdirectory.com.bd/add-doctor/dr-zinat-maruf/,,
Dr. Rubina Yasmin,"MBBS, MCPS (OBGYN), DGO, FCPS (OBGYN)",Gynecologist & Surgeon,Chittagong Medical College & Hospital,"Associate Professor, Gynecology & Obstetrics",Chittagong,https://doctorsdirectory.com.bd/wp-content/uploads/2025/01/Dr.-Rubina-Yasmin.jpg,https://doctorsdirectory.com.bd/add-doctor/dr-rubina-yasmin/,,
Dr. Nigar Sultana,"MBBS, FCPS (OBGYN), MS (OBGYN)",Gynecologist & Surgeon,BGC Trust Medical College & Hospital,"Assistant Professor, Gynecology & Obstetrics",Chittagong,https://doctorsdirectory.com.bd/wp-content/uploads/2025/01/Dr.-Nigar-Sultana.jpg,https://doctorsdirectory.com.bd/add-doctor/dr-nigar-sultana/,,
Dr. Farhana Yasmeen,"MBBS (CU), FCPS (Obs & Gynae)",Gynecologist & Surgeon,BGC Trust Medical College & Hospital,"Assistant Professor, Gynecology & Obstetrics",Chittagong,https://doctorsdirectory.com.bd/wp-content/uploads/2025/01/Dr.-Farhana-Yasmeen.jpg,https://doctorsdirectory.com.bd/add-doctor/dr-farhana-yasmeen/,,
Dr. Masuda Novera,"MBBS, BCS (Health), FCPS (OBGYN)",Gynecologist & Surgeon,Health View Maternity & Child Hospital, Chittagong,"Consultant, Gynecology & Obstetrics",Chittagong,https://doctorsdirectory.com.bd/wp-content/uploads/2025/01/Dr.-Masuda-Novera.jpg,https://doctorsdirectory.com.bd/add-doctor/dr-masuda-novera/,
Prof. Dr. Hasina Akhter,"MBBS, MCPS, FCPS (OBGYN)",Gynecologist & Surgeon,BGC Trust Medical College & Hospital,"Professor & Head, Gynecology & Obstetrics",Chittagong,https://doctorsdirectory.com.bd/wp-content/uploads/2025/01/Prof.-Dr.-Hasina-Akhter.jpg,https://doctorsdirectory.com.bd/add-doctor/prof-dr-hasina-akhter/,,
Prof. Dr. Rowshan Morshed,"MBBS, FCPS (Obs & Gynae)",Gynecologist & Surgeon,Chattogram Maa-O-Shishu Hospital Medical College,"Professor, Gynecology & Obstetrics",Chittagong,https://doctorsdirectory.com.bd/wp-content/uploads/2025/01/Prof.-Dr.-Rowshan-Morshed.jpg,https://doctorsdirectory.com.bd/add-doctor/prof-dr-rowshan-morshed/,,
Prof. Dr. Shahena Akter,"MBBS, DGO, FCPS (OBGYN)","Gynecology, Obstetrics, Infertility Specialist & Surgeon",Chittagong Medical College & Hospital,"Professor, Gynecology & Obstetrics",Chittagong,https://doctorsdirectory.com.bd/wp-content/uploads/2025/01/Prof.-Dr.-Shahena-Akter.jpg,https://doctorsdirectory.com.bd/add-doctor/prof-dr-shahena-akter/,,
Prof. Dr. Shahanara Chowdhury,"MBBS (Dhaka), FCPS (OBGYN), Fellow (WHO), Advanced Training (Thailand)","Gynecology, Obstetrics Specialist & Laparoscopic Surgeon",Chittagong Medical College & Hospital,"Former Professor & Head, Gynecology & Obstetrics",Chittagong,https://doctorsdirectory.com.bd/wp-content/uploads/2025/01/Prof.-Dr.-Shahanara-Chowdhury.jpg,https://doctorsdirectory.com.bd/add-doctor/prof-dr-shahanara-chowdhury/,,
Prof. Dr. Ferdousi Begum,"MBBS, FCPS (Obstetrics and Gynaecology)",Gynecology & Obstetrics Specialist,Chattogram Maa-O-Shishu Hospital Medical College,"Professor & Head, Gynecology & Obstetrics",Chittagong,https://doctorsdirectory.com.bd/wp-content/uploads/2025/01/Prof.-Dr.-Ferdousi-Begum.jpg,https://doctorsdirectory.com.bd/add-doctor/prof-dr-ferdousi-begum/,,
Dr. Shirin Fatema,"MBBS, MCPS, DGO, FCPS","Gynecology, Obstetrics Specialist & Surgeon",Apollo Imperial Hospital, Chittagong,"Consultant, Gynecology & Obstetrics",Chittagong,https://doctorsdirectory.com.bd/wp-content/uploads/2025/02/Dr.-Shirin-Fatema.jpg,https://doctorsdirectory.com.bd/add-doctor/dr-shirin-fatema/,
Dr. Rupasree Biswas,"MBBS, FCPS (OBGYN)","Gynecology, Obstetrics Specialist & Surgeon",Southern Medical College & Hospital,"Assistant Professor, Gynecology & Obstetrics",Chittagong,https://doctorsdirectory.com.bd/wp-content/uploads/2025/02/Dr.-Rupasree-Biswas.jpg,https://doctorsdirectory.com.bd/add-doctor/dr-rupasree-biswas/,,
Dr. Nazmun Nahar Rosy,"MBBS, FCPS (Obs & Gyne)","Gynecology, Obstetrics, Infertility Specialist & Laparoscopic Surgeon",Health View Maternity & Child Hospital, Chittagong,Fellowship in Infertility & Reproductive Medicine,Chittagong,https://doctorsdirectory.com.bd/wp-content/uploads/2025/02/Dr.-Nazmun-Nahar-Rosy.jpg,https://doctorsdirectory.com.bd/add-doctor/dr-nazmun-nahar-rosy/,
Dr. Ishrat Jahan,"MBBS, PGT (Medicine), D-CARD (BSMMU)","Cardiologist, Echocardiographer & Medicine Specialist",Feni Clinic, Feni,"Consultant, Cardiology",Chittagong,https://doctorsdirectory.com.bd/wp-content/uploads/2025/01/Dr.-Ishrat-Jahan.jpg,https://doctorsdirectory.com.bd/add-doctor/dr-ishrat-jahan-ctg/,
Dr. Sujan Debnath,"MBBS, BCS (Health), MD (Cardiology)","Cardiology, Rheumatic Fever & Medicine Specialist",Chittagong Medical College & Hospital,"Cardiologist, Cardiology",Chittagong,https://doctorsdirectory.com.bd/wp-content/uploads/2025/01/Dr.-Sujan-Debnath.jpg,https://doctorsdirectory.com.bd/add-doctor/dr-sujan-debnath/,,
Dr. Aysha Siddika Nishi,"MBBS, BCS (Health), MD (Cardiology)","Cardiology, Hypertension & Heart Specialist",Chittagong Medical College & Hospital,"Consultant, Cardiology",Chittagong,https://doctorsdirectory.com.bd/wp-content/uploads/2025/01/Dr.-Aysha-Siddika-Nishi.jpg,https://doctorsdirectory.com.bd/add-doctor/dr-aysha-siddika-nishi/,,
Dr. Md. Mainuddin,"MBBS (DU), BCS (Health), MD (Cardiology)","Cardiology, Medicine & Rheumatic Fever Specialist",Chittagong Medical College & Hospital,"Consultant, Cardiology",Chittagong,https://doctorsdirectory.com.bd/wp-content/uploads/2025/01/Dr.-Md.-Mainuddin.jpg,https://doctorsdirectory.com.bd/add-doctor/dr-md-mainuddin/,,
Dr. Suman Talukder,"MBBS, BCS (Health), MD (Cardiology)",Cardiology & Rheumatic Fever Specialist,Chittagong Medical College & Hospital,"Assistant Professor, Cardiology",Chittagong,https://doctorsdirectory.com.bd/wp-content/uploads/2025/01/Dr.-Suman-Talukder.jpg,https://doctorsdirectory.com.bd/add-doctor/dr-suman-talukder/,,
Dr. Nushrat Binte Kamal,"MBBS (CMC), BCS (Health), D-CARD (BSMMU)",Cardiologist & Echocardiographer,Chittagong Medical College & Hospital,"Consultant, Cardiology",Chittagong,https://doctorsdirectory.com.bd/wp-content/uploads/2025/01/Dr.-Nushrat-Binte-Kamal.jpg,https://doctorsdirectory.com.bd/add-doctor/dr-nushrat-binte-kamal/,,
Dr. Zabeer Ahmed,"MBBS (CMC), BCS (Health), MD (Cardiology)",Cardiology & Medicine Specialist,Chittagong Medical College & Hospital,"Resident Physician, Cardiology",Chittagong,https://doctorsdirectory.com.bd/wp-content/uploads/2025/01/Dr.-Zabeer-Ahmed.jpg,https://doctorsdirectory.com.bd/add-doctor/dr-zabeer-ahmed/,,
Dr. Md. Saiful Islam,"MBBS, MCPS (Medicine), MD (Cardiology), FCPS (Medicine)","Cardiology, Diabetes & Medicine Specialist",Chittagong Medical College & Hospital,"Assistant Professor, Cardiology",Chittagong,https://doctorsdirectory.com.bd/wp-content/uploads/2025/01/Dr.-Md.-Saiful-Islam.jpg,https://doctorsdirectory.com.bd/add-doctor/dr-md-saiful-islam-ctg/,,
Dr. Shajedur Rahman,"MBBS, BCS (Health), MD (Cardiology)","Cardiology (Heart Diseases, Rheumatic Fever) Specialist",Chittagong Medical College & Hospital,"Assistant Professor, Cardiology",Chittagong,https://doctorsdirectory.com.bd/wp-content/uploads/2025/01/Dr.-Shajedur-Rahman.jpg,https://doctorsdirectory.com.bd/add-doctor/dr-shajedur-rahman/,,
Dr. Shafiul Hasan,"MBBS (DMC), BCS (Health), D-CARD (BSMMU)",Cardiologist & Echocardiographer,Feni General Hospital,"Consultant, Cardiology",Chittagong,https://doctorsdirectory.com.bd/wp-content/uploads/2025/01/Dr.-Shafiul-Hasan.jpg,https://doctorsdirectory.com.bd/add-doctor/dr-shafiul-hasan/,,
Dr. A S M Monowar Tariq,"MBBS (SSMC), BCS (Health), MD (Cardiology)","Cardiology (Heart Diseases, Rheumatic Fever) Specialist",Chittagong Medical College & Hospital,"Consultant, Cardiology",Chittagong,https://doctorsdirectory.com.bd/wp-content/uploads/2025/01/Dr.-A-S-M-Monowar-Tariq.jpg,https://doctorsdirectory.com.bd/add-doctor/dr-a-s-m-monowar-tariq/,,
Dr. Md. Ehteshamul Haque,"MBBS, MD (Cardiology)","Heart Diseases, Cardiology, Hypertension Specialist",Cox’s Bazar Medical College & Hospital,"Assistant Professor, Cardiology",Chittagong,https://doctorsdirectory.com.bd/wp-content/uploads/2025/01/Dr.-Md.-Ehteshamul-Haque.jpg,https://doctorsdirectory.com.bd/add-doctor/dr-md-ehteshamul-haque/,,
Dr. Shaifur Rahman Shohel,"MBBS, D-CARD","Cardiology (Heart Diseases, Hypertension & Rheumatic Fever) Specialist",Fortis Escorts Heart Institute, Chittagong,"Consultant, Cardiology",Chittagong,https://doctorsdirectory.com.bd/wp-content/uploads/2025/02/Dr.-Shaifur-Rahman-Shohel.jpg,https://doctorsdirectory.com.bd/add-doctor/dr-shaifur-rahman-shohel/,
Dr. Md. Shah Newaz,"MBBS, D-CARD, MD (Cardiology)","Cardiology (Heart Diseases, Rheumatic Fever) Specialist",Feni Diabetes Hospital,"Consultant, Cardiology",Chittagong,https://doctorsdirectory.com.bd/wp-content/uploads/2025/01/Dr.-Md.-Shah-Newaz.jpg,https://doctorsdirectory.com.bd/add-doctor/dr-md-shah-newaz/,,
Dr. Mohammad Ilias,"MBBS, FCPS (Physical Medicine), FCGP, FIPM (India & Taiwan)","Arthritis, Pain, Paralysis, Sports Injury, Physical Medicine & Rehabilitation Specialist",Bangabandhu Memorial Hospital, USTC, Chittagong,"Associate Professor, Physical Medicine",Chittagong,https://doctorsdirectory.com.bd/wp-content/uploads/2025/01/Dr.-Mohammad-Ilias.jpg,https://doctorsdirectory.com.bd/add-doctor/dr-mohammad-ilias/
Dr. Md. Jahangir Alam Chowdhury,"MBBS, FCPS (Physical Medicine)","Arthritis, Pain, Paralysis, Physical Medicine Rehabilitation Specialist",Chattogram Maa-O-Shishu Hospital Medical College,"Associate Professor & Head, Physical Medicine & Rehabilitation",Chittagong,https://doctorsdirectory.com.bd/wp-content/uploads/2025/02/Dr.-Md.-Jahangir-Alam-Chowdhury.jpg,https://doctorsdirectory.com.bd/add-doctor/dr-md-jahangir-alam-chowdhury/,,
Dr. M. Mahbub Alam,"MBBS (CMC), PhD (Physical Medicine), Advanced Clinical Education (Rheumatology)","Physical Medicine, Pain & Rheumatology Specialist",Chattogram Metropolitan Hospital,"Consultant, Physical Medicine",Chittagong,https://doctorsdirectory.com.bd/wp-content/uploads/2025/02/Dr.-M.-Mahbub-Alam.jpg,https://doctorsdirectory.com.bd/add-doctor/dr-m-mahbub-alam/,,
Dr. F M A Qader,"MBBS, BCS (Health), FCPS (Physical Medicine)",Arthritis & Pain Specialist,Chattogram Maa-O-Shishu Hospital Medical College,"Associate Professor, Physical Medicine",Chittagong,https://doctorsdirectory.com.bd/wp-content/uploads/2025/01/Dr.-F-M-A-Qader.jpg,https://doctorsdirectory.com.bd/add-doctor/dr-f-m-a-qader/,,
Dr. Md. Mofizur Rahman,"MBBS, FCPS (Physical Medicine)",Pain & Rheumatology Specialist,Treatment Hospital, Chittagong,"Consultant, Rheumatology",Chittagong,https://doctorsdirectory.com.bd/wp-content/uploads/2025/01/Dr.-Md.-Mofizur-Rahman.jpg,https://doctorsdirectory.com.bd/add-doctor/dr-md-mofizur-rahman/,
Dr. Mostafa Nuruddin,"MBBS, MCPS, MD (Pediatrics)",Child Diseases Specialist,Chattogram International Medical College & Hospital,"Associate Professor, Pediatrics",Chittagong,https://doctorsdirectory.com.bd/wp-content/uploads/2025/01/Dr.-Mostafa-Nuruddin.jpg,https://doctorsdirectory.com.bd/add-doctor/dr-mostafa-nuruddin/,,
Dr. Abidur Rahman,"MBBS, MCPS, DCH","Newborn, Adolescent & Child Specialist",National Hospital,"Consultant, Pediatrics",Chittagong,https://doctorsdirectory.com.bd/wp-content/uploads/2025/01/Dr.-Abidur-Rahman.jpg,https://doctorsdirectory.com.bd/add-doctor/dr-abidur-rahman/,,
Dr. Kazi Mahfuzur Rahman,"MBBS, DCH",Child Diseases Specialist,Chattogram Maa-O-Shishu Hospital Medical College,"Assistant Professor, Pediatrics",Chittagong,https://doctorsdirectory.com.bd/wp-content/uploads/2025/01/Dr.-Kazi-Mahfuzur-Rahman.jpg,https://doctorsdirectory.com.bd/add-doctor/dr-kazi-mahfuzur-rahman/,,
Dr. Abida Sultana Rina,"MBBS (CMC), DCH, FCPS (Pediatrics)",Newborn & Child Diseases Specialist,Cox’s Bazar Medical College & Hospital,"Associate Professor & Head, Pediatrics",Chittagong,https://doctorsdirectory.com.bd/wp-content/uploads/2025/01/Dr.-Abida-Sultana-Rina.jpg,https://doctorsdirectory.com.bd/add-doctor/dr-abida-sultana-rina/,,
Dr. Mohammad Rezaul Karim,"MBBS, DCH, FCPS (Pediatrics)",Child Diseases Specialist,Cox’s Bazar District Hospital,"Consultant, Pediatrics",Chittagong,https://doctorsdirectory.com.bd/wp-content/uploads/2025/01/Dr.-Mohammad-Rezaul-Karim.jpg,https://doctorsdirectory.com.bd/add-doctor/dr-mohammad-rezaul-karim/,,
Dr. Rummana Khan,"MBBS (DMC), MD (Pediatrics)",Neonatal & Child Diseases Specialist,Parkview Hospital, Chittagong,"Consultant, Pediatrics",Chittagong,https://doctorsdirectory.com.bd/wp-content/uploads/2025/01/Dr.-Rummana-Khan.jpg,https://doctorsdirectory.com.bd/add-doctor/dr-rummana-khan/,
Dr. Md. Farhad Uddin,"MBBS (DMC), MD (Pediatrics)",Newborn & Child Diseases Specialist,Max Hospital & Diagnostic, Chittagong,"Specialist, Pediatrics",Chittagong,https://doctorsdirectory.com.bd/wp-content/uploads/2025/01/Dr.-Md.-Farhad-Uddin.jpg,https://doctorsdirectory.com.bd/add-doctor/dr-md-farhad-uddin/,
Dr. Sanat Kumar Barua,"MBBS (CMC), DCH (BIRDEM), FCPS (Pediatrics)",Child Diseases Specialist,Chittagong Medical College & Hospital,"Consultant, Pediatrics",Chittagong,https://doctorsdirectory.com.bd/wp-content/uploads/2025/01/Dr.-Sanat-Kumar-Barua.jpg,https://doctorsdirectory.com.bd/add-doctor/dr-sanat-kumar-barua/,,
Dr. Nushrat Jahan,"MBBS, FCPS (Pediatrics), MD (Neonatology)","Newborn, Adolescent & Child Diseases Specialist",Chittagong Medical College & Hospital,"Assistant Professor, Neonatology",Chittagong,https://doctorsdirectory.com.bd/wp-content/uploads/2025/01/Dr.-Nushrat-Jahan.jpg,https://doctorsdirectory.com.bd/add-doctor/dr-nushrat-jahan-ctg/,,
Dr. Arnab Chowdhury,"MBBS, MCPS, FCPS (Pediatrics)",Child Diseases Specialist,Mount Hospital Ltd, Chittagong,"Consultant, Pediatrics",Chittagong,https://doctorsdirectory.com.bd/wp-content/uploads/2025/01/Dr.-Arnab-Chowdhury.jpg,https://doctorsdirectory.com.bd/add-doctor/dr-arnab-chowdhury/,
Dr. Pradip Kumar Sarker,"MBBS, DCH, FCPS (Pediatrics)","Newborn, Adolescent & Child Diseases Specialist",Epic Healthcare, Chittagong,"Senior Consultant, Pediatrics",Chittagong,https://doctorsdirectory.com.bd/wp-content/uploads/2025/01/Dr.-Pradip-Kumar-Sarker.jpg,https://doctorsdirectory.com.bd/add-doctor/dr-pradip-kumar-sarker/,
Prof. Dr. Mohammad Masud Karim,"MBBS, BCS (Health), DCH, MD (Child)",Child Diseases Specialist,Cox’s Bazar Medical College & Hospital,"Professor & Head, Pediatrics",Chittagong,https://doctorsdirectory.com.bd/wp-content/uploads/2025/01/Prof.-Dr.-Mohammad-Masud-Karim.jpg,https://doctorsdirectory.com.bd/add-doctor/prof-dr-mohammad-masud-karim/,,
Dr. Mohammad Khaled Hossain,"MBBS (DMC), BCS (Health), FCPS (Pediatrics)",Child Diseases Specialist,Parkview Hospital, Chittagong,"Consultant, Pediatrics",Chittagong,https://doctorsdirectory.com.bd/wp-content/uploads/2025/02/Dr.-Mohammad-Khaled-Hossain.jpg,https://doctorsdirectory.com.bd/add-doctor/dr-mohammad-khaled-hossain/,
Prof. Dr. Muslim Uddin Sobuj,"MBBS, DCH, MD (Child Health)","Newborn, Adolescent & Child Diseases Specialist",Chittagong Medical College & Hospital,"Professor & Head, Pediatrics",Chittagong,https://doctorsdirectory.com.bd/wp-content/uploads/2025/02/Prof.-Dr.-Muslim-Uddin-Sobuj.jpg,https://doctorsdirectory.com.bd/add-doctor/prof-dr-muslim-uddin-sobuj/,,
Dr. T.K. Roy,"MBBS, FCPS (Pediatrics), PGPN (Child Nutrition, USA)",Neonatal & Child Diseases Specialist,Bangabandhu Memorial Hospital, USTC, Chittagong,"Assistant Professor, Pediatrics",Chittagong,https://doctorsdirectory.com.bd/wp-content/uploads/2025/02/Dr.-T.K.-Roy.jpg,https://doctorsdirectory.com.bd/add-doctor/dr-t-k-roy/
Dr. Fahima Afrin Jhinu,"MBBS, BCS (Health), MD (Dermatology)",Skin & Venereal Diseases Specialist,Chittagong Medical College & Hospital,"Consultant, Dermatology",Chittagong,https://doctorsdirectory.com.bd/wp-content/uploads/2025/01/Dr.-Fahima-Afrin-Jhinu.jpg,https://doctorsdirectory.com.bd/add-doctor/dr-fahima-afrin-jhinu/,,
Dr. Nushrat Zahan Khondaker,"MBBS, CCD (BIRDEM), PGT (Medicine & Dermatology)","Skin, Allergy, Venereal Disease & Anti-Aging Specialist",Labaid Diagnostic, Chittagong,"Consultant, Dermatology",Chittagong,https://doctorsdirectory.com.bd/wp-content/uploads/2025/01/Dr.-Nushrat-Zahan-Khondaker.jpg,https://doctorsdirectory.com.bd/add-doctor/dr-nushrat-zahan-khondaker/,
Dr. Nishith Ranjan Dey,"MBBS, FRCP, MD (SKIN & VD)","Aesthetic Dermatology, Cosmetology & Regenerative Medicine Specialist",Chittagong Medical College & Hospital,"Associate Professor, Dermatology",Chittagong,https://doctorsdirectory.com.bd/wp-content/uploads/2025/02/Dr.-Nishith-Ranjan-Dey.jpg,https://doctorsdirectory.com.bd/add-doctor/dr-nishith-ranjan-dey/,,
Dr. Pritish Barua,"MBBS (CU), DGUM (UK), DD (Australia)","Skin, Allergy, Hair, Nail, Sexual Diseases Specialist",Lab One Health Services, Chittagong,"Consultant, Dermatology & Venereology",Chittagong,https://doctorsdirectory.com.bd/wp-content/uploads/2025/02/Dr.-Pritish-Barua.jpg,https://doctorsdirectory.com.bd/add-doctor/dr-pritish-barua/,
Dr. Feroza Meher,"MBBS (CMC), Post Graduate Diploma in Dermatology (South Wales University, UK)",Aesthetic Dermatology & Cosmetology Specialist,Surecell Medical, Chattogram,"Consultant, Dermatology",Chittagong,https://doctorsdirectory.com.bd/wp-content/uploads/2025/02/Dr.-Feroza-Meher.jpg,https://doctorsdirectory.com.bd/add-doctor/dr-feroza-meher/,
Dr. Mohammadul Haque Mezbah,"MBBS, BCS (Health), DO (BSMMU), MCPS (EYE)",Eye Specialist & Phaco Surgeon,Chittagong Medical College & Hospital,"Consultant, Ophthalmology",Chittagong,https://doctorsdirectory.com.bd/wp-content/uploads/2025/02/Dr.-Mohammadul-Haque-Mezbah.jpg,https://doctorsdirectory.com.bd/add-doctor/dr-mohammadul-haque-mezbah/,,
Dr. Abul Quasem,"MBBS, DO",Eye Specialist & Phaco Surgeon,Chittagong Eye Infirmary & Training Complex,"Associate Professor, Ophthalmology",Chittagong,https://doctorsdirectory.com.bd/wp-content/uploads/2025/01/Dr.-Abul-Quasem.jpg,https://doctorsdirectory.com.bd/add-doctor/dr-abul-quasem/,,
Dr. A.H.M. Mohiuddin,"MBBS, DO",Eye Specialist & Phaco Surgeon,Chittagong Eye Infirmary & Training Complex,"Consultant, Ophthalmology",Chittagong,https://doctorsdirectory.com.bd/wp-content/uploads/2025/01/Dr.-A.H.M.-Mohiuddin.jpg,https://doctorsdirectory.com.bd/add-doctor/dr-a-h-m-mohiuddin/,,
Dr. SM. Mizanul Hoque,"MBBS, DCO, Training in Phaco Surgery",Eye Specialist & Phaco Surgeon,Lions Charitable Eye Hospital, Chittagong,"Consultant, Ophthalmology",Chittagong,https://doctorsdirectory.com.bd/wp-content/uploads/2025/02/Dr.-SM.-Mizanul-Hoque.jpg,https://doctorsdirectory.com.bd/add-doctor/dr-sm-mizanul-hoque/,
Dr. Sheikh Mohammad Murad,"MBBS, MCPS (EYE), Training (Phaco Surgery)",Eye Specialist & Phaco Surgeon,Lions Charitable Eye Hospital, Chittagong,"Consultant, Ophthalmology",Chittagong,https://doctorsdirectory.com.bd/wp-content/uploads/2025/02/Dr.-Sheikh-Mohammad-Murad.jpg,https://doctorsdirectory.com.bd/add-doctor/dr-sheikh-mohammad-murad/,
Prof. Dr. Mohammad Al-Amin,"MBBS, BCS (Health), DO, MS (EYE)","Cornea, Phaco & Lasik Specialist",Chittagong Medical College & Hospital,"Professor, Eye",Chittagong,https://doctorsdirectory.com.bd/wp-content/uploads/2025/01/Prof.-Dr.-Mohammad-Al-Amin.jpg,https://doctorsdirectory.com.bd/add-doctor/prof-dr-mohammad-al-amin/,,
Prof. Dr. Mohammad Omar Faruque,"MBBS, DO, FCPS (EYE)","Glaucoma, Phaco & Eye Specialist Surgeon",Chittagong Medical College & Hospital,"Professor, Glaucoma",Chittagong,https://doctorsdirectory.com.bd/wp-content/uploads/2025/01/Prof.-Dr.-Mohammad-Omar-Faruque.jpg,https://doctorsdirectory.com.bd/add-doctor/prof-dr-mohammad-omar-faruque/,,
Dr. Md. Ibrahim Khalil,"MBBS, BCS (Health), MD (Neurology)",Neuromedicine Specialist,Chittagong Medical College & Hospital,"Assistant Professor, Neurology",Chittagong,https://doctorsdirectory.com.bd/wp-content/uploads/2025/01/Dr.-Md.-Ibrahim-Khalil.jpg,https://doctorsdirectory.com.bd/add-doctor/dr-md-ibrahim-khalil/,,
Dr. Mostafa Tarek Ullah,"MBBS (DMC), BCS (Health), MD (Neurology)",Neuromedicine Specialist,Chittagong Medical College & Hospital,"Consultant, Neurology",Chittagong,https://doctorsdirectory.com.bd/wp-content/uploads/2025/01/Dr.-Mostafa-Tarek-Ullah.jpg,https://doctorsdirectory.com.bd/add-doctor/dr-mostafa-tarek-ullah/,,
Dr. Lutfur Rahman,"MBBS, FCPS (Medicine), MD (Neurology)",Neuromedicine Specialist,General Hospital, Chittagong,"Senior Consultant, Neuromedicine",Chittagong,https://doctorsdirectory.com.bd/wp-content/uploads/2025/01/Dr.-Lutfur-Rahman.jpg,https://doctorsdirectory.com.bd/add-doctor/dr-lutfur-rahman/,
Dr. Bipul Kanti Paul,"MBBS, MCPS (Medicine), MD (Neuromedicine)",Neuromedicine Specialist,National Institute of Neurosciences & Hospital,"Consultant, Neuromedicine",Chittagong,https://doctorsdirectory.com.bd/wp-content/uploads/2025/01/Dr.-Bipul-Kanti-Paul.jpg,https://doctorsdirectory.com.bd/add-doctor/dr-bipul-kanti-paul/,,
Dr. Soumitra Das,"MBBS, MD (Neurology)",Neuromedicine Specialist,General Hospital, Chittagong,"Junior Consultant, Neuromedicine",Chittagong,https://doctorsdirectory.com.bd/wp-content/uploads/2025/01/Dr.-Soumitra-Das.jpg,https://doctorsdirectory.com.bd/add-doctor/dr-soumitra-das/,
Prof. Dr. Suvash Ranjan Dey,"MBBS, DA (DU), MD (Neurology)",Neuromedicine Specialist,Chattogram Maa-O-Shishu Hospital Medical College,"Professor & Head, Neurology",Chittagong,https://doctorsdirectory.com.bd/wp-content/uploads/2025/01/Prof.-Dr.-Suvash-Ranjan-Dey.jpg,https://doctorsdirectory.com.bd/add-doctor/prof-dr-suvash-ranjan-dey/,,
Prof. Dr. Muhammad Ishaque,"MBBS, FCPS (Medicine), MD (Neurology)",Neuromedicine Specialist,General Hospital, Chittagong,"Former Head, Neuromedicine",Chittagong,https://doctorsdirectory.com.bd/wp-content/uploads/2025/01/Prof.-Dr.-Muhammad-Ishaque.jpg,https://doctorsdirectory.com.bd/add-doctor/prof-dr-muhammad-ishaque/,
Dr. Md. Faruk Ahmed,"MBBS, MS (Urology)",Urology Specialist & Surgeon,Chittagong Medical College & Hospital,"Assistant Professor, Urology",Chittagong,https://doctorsdirectory.com.bd/wp-content/uploads/2025/01/Dr.-Md.-Faruk Ahmed.jpg,https://doctorsdirectory.com.bd/add-doctor/dr-md-faruk-ahmed/,,
Dr. Mohammad Mostafa Monowar,"MBBS, MCPS, MD (Nephrology), FRCP, Fellow (ISN), FASN (USA)","Kidney Specialist, Interventional Nephrologist",Max Hospital & Diagnostic,"Consultant, Nephrology",Chittagong,https://doctorsdirectory.com.bd/wp-content/uploads/2025/01/Dr.-Mohammad-Mostafa-Monowar.jpg,https://doctorsdirectory.com.bd/add-doctor/dr-mohammad-mostafa-monowar/,,
Dr. Md. Main Uddin Mahmud,"MBBS (DMC), BCS, MD (Nephrology)",Kidney Diseases & Medicine Specialist,Chittagong Medical College & Hospital,"Registrar, Nephrology",Chittagong,https://doctorsdirectory.com.bd/wp-content/uploads/2025/01/Dr.-Md.-Main-Uddin-Mahmud.jpg,https://doctorsdirectory.com.bd/add-doctor/dr-md-main-uddin-mahmud/,,
Dr. Nur Nobi Bitu,"MBBS (DMC), BCS (Health), MD (Nephrology)",Kidney Diseases & Medicine Specialist,Chittagong Medical College & Hospital,"Assistant Professor, Nephrology",Chittagong,https://doctorsdirectory.com.bd/wp-content/uploads/2025/01/Dr.-Nur-Nobi-Bitu.jpg,https://doctorsdirectory.com.bd/add-doctor/dr-nur-nobi-bitu/,,
Dr. Kamrul Hasan,"MBBS (Dhaka), BCS (Health), MD (Nephrology)",Kidney Diseases Specialist,Chittagong Medical College & Hospital,"Assistant Professor, Nephrology",Chittagong,https://doctorsdirectory.com.bd/wp-content/uploads/2025/01/Dr.-Kamrul-Hasan-Kidney.jpg,https://doctorsdirectory.com.bd/add-doctor/dr-kamrul-hasan-kidney/,,
Dr. Muhammad Shofiur Rahman,"MBBS, MD (Nephrology)",Kidney Diseases & Medicine Specialist,Chittagong Medical College & Hospital,"Assistant Professor, Nephrology",Chittagong,https://doctorsdirectory.com.bd/wp-content/uploads/2025/01/Dr.-Muhammad-Shofiur-Rahman.jpg,https://doctorsdirectory.com.bd/add-doctor/dr-muhammad-shofiur-rahman/,,
Dr. Md. Nazibur Rahman Khokon,"MBBS, MCPS (Medicine), MD (Rheumatology), ECRD (Switzerland)","Rheumatology, Arthritis & Medicine Specialist",Parkview Hospital Ltd, Chittagong,"Consultant, Medicine",Chittagong,https://doctorsdirectory.com.bd/wp-content/uploads/2025/02/Dr.-Md.-Nazibur-Rahman-Khokon.jpg,https://doctorsdirectory.com.bd/add-doctor/dr-md-nazibur-rahman-khokon/,
Dr. Mohammed Badruddoza,"MBBS, FCPS (Surgery), MS (Neurosurgery)","Brain, Nerve, Spinal Cord & Tumor Specialist Surgeon",Bangabandhu Memorial Hospital, USTC, Chittagong,"Associate Professor, Neurosurgery",Chittagong,https://doctorsdirectory.com.bd/wp-content/uploads/2025/01/Dr.-Mohammed-Badruddoza.jpg,https://doctorsdirectory.com.bd/add-doctor/dr-mohammed-badruddoza/
Dr. Aminur Rahman Azad,"MBBS, MS (Neurosurgery)","Neurosurgery (Brain, Stroke, Spine Surgery) Specialist",Chittagong Medical College & Hospital,"Fellow Micro Neurosurgery (Japan), Fellow Endoscopy & Microscopy (Japan), Neurosurgery (Germany)",Chittagong,https://doctorsdirectory.com.bd/wp-content/uploads/2025/02/Dr.-Aminur-Rahman-Azad.jpg,https://doctorsdirectory.com.bd/add-doctor/dr-aminur-rahman-azad/,,
Dr. Md. Ibrahim Khalil,"MBBS, BCS (Health), MD (Neurology)",Neuromedicine Specialist,Chittagong Medical College & Hospital,"Assistant Professor, Neurology",Chittagong,https://doctorsdirectory.com.bd/wp-content/uploads/2025/01/Dr.-Md.-Ibrahim-Khalil.jpg,https://doctorsdirectory.com.bd/add-doctor/dr-md-ibrahim-khalil/,,
Dr. Mostafa Tarek Ullah,"MBBS (DMC), BCS (Health), MD (Neurology)",Neuromedicine Specialist,Chittagong Medical College & Hospital,"Consultant, Neurology",Chittagong,https://doctorsdirectory.com.bd/wp-content/uploads/2025/01/Dr.-Mostafa-Tarek-Ullah.jpg,https://doctorsdirectory.com.bd/add-doctor/dr-mostafa-tarek-ullah/,,
Dr. Md. Nasir Uddin,"MBBS (CU), MD (Neurology)","Brain, Nerve, Spine, Stroke & Neuromedicine Specialist",Chittagong Medical College & Hospital,"Assistant Professor, Neurology",Chittagong,https://doctorsdirectory.com.bd/wp-content/uploads/2025/01/Dr.-Md.-Nasir-Uddin.jpg,https://doctorsdirectory.com.bd/add-doctor/dr-md-nasir-uddin/,,
Dr. Muhammad Shafiul Azam,"MBBS, MD (Neurology)","Brain, Stroke, Nerve & Neuromedicine Specialist",Chittagong Medical College & Hospital,"Consultant, Neurology",Chittagong,https://doctorsdirectory.com.bd/wp-content/uploads/2025/01/Dr.-Muhammad-Shafiul-Azam.jpg,https://doctorsdirectory.com.bd/add-doctor/dr-muhammad-shafiul-azam/,,
Dr. S.M. Muazzem Hossain,"MBBS (DMC), BCS (Health), MD (Neurology)","Brain, Nerve, Stroke & Neuromedicine Specialist",Chittagong Medical College & Hospital,"Consultant, Neurology",Chittagong,https://doctorsdirectory.com.bd/wp-content/uploads/2025/01/Dr.-S.M.-Muazzem-Hossain.jpg,https://doctorsdirectory.com.bd/add-doctor/dr-s-m-muazzem-hossain/,,
Dr. Md. Nurul Absar Beg,"MBBS, BCS (Health), MD (Neurology)",Neuromedicine Specialist,Chittagong Medical College & Hospital,"Assistant Professor, Neurology",Chittagong,https://doctorsdirectory.com.bd/wp-content/uploads/2025/01/Dr.-Md.-Nurul-Absar-Beg.jpg,https://doctorsdirectory.com.bd/add-doctor/dr-md-nurul-absar-beg/,,
Dr. Atanu Saha,"MBBS, BCS (Health), MD (Neurology)",Neuromedicine Specialist,Chittagong Medical College & Hospital,"Assistant Professor, Neurology",Chittagong,https://doctorsdirectory.com.bd/wp-content/uploads/2025/01/Dr.-Atanu-Saha.jpg,https://doctorsdirectory.com.bd/add-doctor/dr-atanu-saha/,,
Dr. M.A. Shakoor,"MBBS, BCS (Health), MD (Internal Medicine), MD (Neurology)","Medicine, Brain & Neuromedicine Specialist",Chittagong Medical College & Hospital,"Assistant Professor, Neurology",Chittagong,https://doctorsdirectory.com.bd/wp-content/uploads/2025/01/Dr.-M.A.-Shakoor.jpg,https://doctorsdirectory.com.bd/add-doctor/dr-m-a-shakoor/,,
Prof. Dr. Mansurul Alam,"MBBS, MD (Dermatology)",Skin & Venereal Diseases Specialist,Chittagong Medical College & Hospital,"Professor & Head, Dermatology",Chittagong,https://doctorsdirectory.com.bd/wp-content/uploads/2025/01/Prof.-Dr.-Mansurul-Alam.jpg,https://doctorsdirectory.com.bd/add-doctor/prof-dr-mansurul-alam/,,
Dr. Md. Shaukat Hossain,"MBBS, MD (Dermatology)",Skin & Venereal Diseases Specialist,Chittagong Medical College & Hospital,"Associate Professor, Dermatology",Chittagong,https://doctorsdirectory.com.bd/wp-content/uploads/2025/01/Dr.-Md.-Shaukat-Hossain.jpg,https://doctorsdirectory.com.bd/add-doctor/dr-md-shaukat-hossain/,,
Dr. S.M. Ali Ahmed Nazmul,"MBBS, DDV",Skin & Venereal Diseases Specialist,Chittagong Medical College & Hospital,"Assistant Professor, Dermatology",Chittagong,https://doctorsdirectory.com.bd/wp-content/uploads/2025/01/Dr.-S.M.-Ali-Ahmed-Nazmul.jpg,https://doctorsdirectory.com.bd/add-doctor/dr-s-m-ali-ahmed-nazmul/,,
Dr. Rezwana Ahmed,"MBBS, DDV, MD (Dermatology)",Skin & Venereal Diseases Specialist,Chittagong Medical College & Hospital,"Consultant, Dermatology",Chittagong,https://doctorsdirectory.com.bd/wp-content/uploads/2025/01/Dr.-Rezwana-Ahmed.jpg,https://doctorsdirectory.com.bd/add-doctor/dr-rezwana-ahmed/,,
Dr. G.M. Moniruddin,"MBBS, MS (Neurosurgery)",Brain & Spine Surgeon,Chittagong Medical College & Hospital,"Assistant Professor, Neurosurgery",Chittagong,https://doctorsdirectory.com.bd/wp-content/uploads/2025/01/Dr.-G.M.-Moniruddin.jpg,https://doctorsdirectory.com.bd/add-doctor/dr-g-m-moniruddin/,,
Dr. S.M. Noble Kumar Barua,"MBBS, MS (Neurosurgery)","Brain, Spine & Nerve Surgeon",Chittagong Medical College & Hospital,"Assistant Professor, Neurosurgery",Chittagong,https://doctorsdirectory.com.bd/wp-content/uploads/2025/01/Dr.-S.M.-Noble-Kumar-Barua.jpg,https://doctorsdirectory.com.bd/add-doctor/dr-s-m-noble-kumar-barua/,,
Dr. Md. Saiful Alam,"MBBS, MS (Neurosurgery)","Brain, Nerve & Spine Specialist Surgeon",Chittagong Medical College & Hospital,"Associate Professor, Neurosurgery",Chittagong,https://doctorsdirectory.com.bd/wp-content/uploads/2025/01/Dr.-Md.-Saiful-Alam.jpg,https://doctorsdirectory.com.bd/add-doctor/dr-md-saiful-alam/,,
Prof. Dr. Md. Kamal Uddin,"MBBS, MS (Neurosurgery)","Brain, Nerve & Spine Surgeon",Chittagong Medical College & Hospital,"Professor & Head, Neurosurgery",Chittagong,https://doctorsdirectory.com.bd/wp-content/uploads/2025/01/Prof.-Dr.-Md.-Kamal-Uddin.jpg,https://doctorsdirectory.com.bd/add-doctor/prof-dr-md-kamal-uddin/,,
Dr. Md. Towhidul Alam,"MBBS, FCPS (Surgery), MS (Neurosurgery)","Brain, Nerve & Spine Specialist Surgeon",Chittagong Medical College & Hospital,"Consultant, Neurosurgery",Chittagong,https://doctorsdirectory.com.bd/wp-content/uploads/2025/01/Dr.-Md.-Towhidul-Alam.jpg,https://doctorsdirectory.com.bd/add-doctor/dr-md-towhidul-alam/,,
Dr. Mohammad Salahuddin Faruq,"MBBS, MS (Surgery), MS (Urology)",Urology Specialist & Surgeon,Chittagong Medical College & Hospital,"Associate Professor, Urology",Chittagong,https://doctorsdirectory.com.bd/wp-content/uploads/2025/01/Dr.-Mohammad-Salahuddin-Faruq.jpg,https://doctorsdirectory.com.bd/add-doctor/dr-mohammad-salahuddin-faruq/,,
Dr. Md. Nurul Absar,"MBBS, FCPS (Surgery), MS (Urology)","Urology (Kidney, Ureter, Bladder, Prostate) Specialist Surgeon",Chittagong Medical College & Hospital,"Consultant, Urology",Chittagong,https://doctorsdirectory.com.bd/wp-content/uploads/2025/01/Dr.-Md.-Nurul-Absar.jpg,https://doctorsdirectory.com.bd/add-doctor/dr-md-nurul-absar/,,
Dr. Mohammed Belayet Hossain,"MBBS, BCS (Health), MS (Urology)","Kidney, Ureter, Bladder & Prostate Specialist Surgeon",Chittagong Medical College & Hospital,"Consultant, Urology",Chittagong,https://doctorsdirectory.com.bd/wp-content/uploads/2025/01/Dr.-Mohammed-Belayet-Hossain.jpg,https://doctorsdirectory.com.bd/add-doctor/dr-mohammed-belayet-hossain/,,
Dr. Muhammad Shofique Ur Rahman,"MBBS, MS (Urology)",Urology Specialist & Surgeon,Chittagong Medical College & Hospital,"Assistant Professor, Urology",Chittagong,https://doctorsdirectory.com.bd/wp-content/uploads/2025/01/Dr.-Muhammad-Shofique-Ur-Rahman.jpg,https://doctorsdirectory.com.bd/add-doctor/dr-muhammad-shofique-ur-rahman/,,
Dr. Md. Abdul Mobin,"MBBS, BCS (Health), FCPS (Surgery), MS (Urology)",Urologist & Surgeon,Chittagong Medical College & Hospital,"Assistant Professor, Urology",Chittagong,https://doctorsdirectory.com.bd/wp-content/uploads/2025/01/Dr.-Md.-Abdul-Mobin.jpg,https://doctorsdirectory.com.bd/add-doctor/dr-md-abdul-mobin/,,
Dr. Md. Manzurul Hoque,"MBBS, MS (Urology)",Urology Specialist & Surgeon,Chittagong Medical College & Hospital,"Assistant Professor, Urology",Chittagong,https://doctorsdirectory.com.bd/wp-content/uploads/2025/01/Dr.-Md.-Manzurul-Hoque.jpg,https://doctorsdirectory.com.bd/add-doctor/dr-md-manzurul-hoque/,,
Dr. Kamrul Hasan,"MBBS (Dhaka), BCS (Health), MD (Urology)",Urology Specialist & Surgeon,Chittagong Medical College & Hospital,"Assistant Professor, Urology",Chittagong,https://doctorsdirectory.com.bd/wp-content/uploads/2025/01/Dr.-Kamrul-Hasan.jpg,https://doctorsdirectory.com.bd/add-doctor/dr-kamrul-hasan/,,
Dr. Mohammed Sanaullah Shetu,"MBBS, MS (Urology)","Urology (Kidney, Ureter, Bladder, Prostate) Surgeon",Chittagong Medical College & Hospital,"Assistant Professor, Urology",Chittagong,https://doctorsdirectory.com.bd/wp-content/uploads/2025/01/Dr.-Mohammed-Sanaullah-Shetu.jpg,https://doctorsdirectory.com.bd/add-doctor/dr-mohammed-sanaullah-shetu/,,
Dr. Mohammad Saiful Hoque,"MBBS, FCPS (Medicine), MD (Cardiology)",Cardiology & Medicine Specialist,Chittagong Medical College & Hospital,"Assistant Professor, Cardiology",Chittagong,https://doctorsdirectory.com.bd/wp-content/uploads/2025/01/Dr.-Mohammad-Saiful-Hoque.jpg,https://doctorsdirectory.com.bd/add-doctor/dr-mohammad-saiful-hoque/,,
Dr. Abu Tarek Iqbal,"MBBS, FCPS (Medicine), MD (Cardiology)",Cardiology & Medicine Specialist,Chittagong Medical College & Hospital,"Associate Professor, Cardiology",Chittagong,https://doctorsdirectory.com.bd/wp-content/uploads/2025/01/Dr.-Abu-Tarek-Iqbal.jpg,https://doctorsdirectory.com.bd/add-doctor/dr-abu-tarek-iqbal/,,
Dr. Md. Ibrahim Chowdhury,"MBBS, FCPS (Medicine), MD (Cardiology)","Cardiology, Rheumatic Fever & Medicine Specialist",Chittagong Medical College & Hospital,"Associate Professor, Cardiology",Chittagong,https://doctorsdirectory.com.bd/wp-content/uploads/2025/01/Dr.-Md.-Ibrahim-Chowdhury.jpg,https://doctorsdirectory.com.bd/add-doctor/dr-md-ibrahim-chowdhury/,,
Dr. Ashish Dey,"MBBS, FCPS (Medicine), MD (Cardiology)",Cardiology & Medicine Specialist,Chittagong Medical College & Hospital,"Assistant Professor, Cardiology",Chittagong,https://doctorsdirectory.com.bd/wp-content/uploads/2025/01/Dr.-Ashish-Dey.jpg,https://doctorsdirectory.com.bd/add-doctor/dr-ashish-dey/,,
Dr. Prabir Kumar Das,"MBBS, FCPS (Medicine), MD (Cardiology)",Cardiology & Medicine Specialist,Chittagong Medical College & Hospital,"Associate Professor, Cardiology",Chittagong,https://doctorsdirectory.com.bd/wp-content/uploads/2025/01/Dr.-Prabir-Kumar-Das.jpg,https://doctorsdirectory.com.bd/add-doctor/dr-prabir-kumar-das/,,
Prof. Dr. Mohammad Ibrahim,"MBBS, FCPS (Medicine), MD (Cardiology)",Cardiology & Medicine Specialist,Chittagong Medical College & Hospital,"Professor & Head, Cardiology",Chittagong,https://doctorsdirectory.com.bd/wp-content/uploads/2025/01/Prof.-Dr.-Mohammad-Ibrahim.jpg,https://doctorsdirectory.com.bd/add-doctor/prof-dr-mohammad-ibrahim/,,
Dr. Md. Arifur Rahman,"MBBS, D-CARD, MD (Cardiology)",Cardiology & Rheumatic Fever Specialist,Chittagong Medical College & Hospital,"Consultant, Cardiology",Chittagong,https://doctorsdirectory.com.bd/wp-content/uploads/2025/01/Dr.-Arifur-Rahman.jpg,https://doctorsdirectory.com.bd/add-doctor/dr-md-arifur-rahman/,,
Dr. S.M. Miftahul Alam,"MBBS (CU), BCS (Health), MD (Gastroenterology)","Gastrointestinal, Liver, Pancreas & Biliary Specialist",Chittagong Medical College & Hospital,"Consultant, Gastroenterology",Chittagong,https://doctorsdirectory.com.bd/wp-content/uploads/2025/01/Dr.-S.M.-Miftahul-Alam.jpg,https://doctorsdirectory.com.bd/add-doctor/dr-s-m-miftahul-alam/,,
Dr. Binoy Paul,"MBBS, MD (Gastroenterology)","Gastrointestinal, Liver, Pancreas & Biliary Specialist",Chittagong Medical College & Hospital,"Assistant Professor, Gastroenterology",Chittagong,https://doctorsdirectory.com.bd/wp-content/uploads/2025/01/Dr.-Binoy-Paul.jpg,https://doctorsdirectory.com.bd/add-doctor/dr-binoy-paul/,,
Dr. Alak Kumar Raha,"MBBS, MCPS (Medicine), MD (Hepatology)",Liver & Medicine Specialist,Chittagong Medical College & Hospital,"Associate Professor & Head, Hepatology",Chittagong,https://doctorsdirectory.com.bd/wp-content/uploads/2025/01/Dr.-Alak-Kumar-Raha.jpg,https://doctorsdirectory.com.bd/add-doctor/dr-alak-kumar-raha/,,
Dr. Aloke Kumar Raha,"MBBS (Dhaka), MCPS (Medicine), MD (Hepatology)",Liver Diseases Specialist,Chittagong Medical College & Hospital,"Associate Professor & Head, Hepatology",Chittagong,https://doctorsdirectory.com.bd/wp-content/uploads/2025/02/Dr.-Aloke-Kumar-Raha.jpg,https://doctorsdirectory.com.bd/add-doctor/dr-aloke-kumar-raha/,,
Dr. Sumit Ranjan Paul,"MBBS, BCS (Health), MD (Nephrology)",Kidney Diseases & Medicine Specialist,Chittagong Medical College & Hospital,"Assistant Professor, Nephrology",Chittagong,https://doctorsdirectory.com.bd/wp-content/uploads/2025/01/Dr.-Sumit-Ranjan-Paul.jpg,https://doctorsdirectory.com.bd/add-doctor/dr-sumit-ranjan-paul/,,
Dr. Md. Nurul Absar Beg,"MBBS, BCS (Health), MD (Nephrology)",Kidney Diseases & Medicine Specialist,Chittagong Medical College & Hospital,"Assistant Professor, Nephrology",Chittagong,https://doctorsdirectory.com.bd/wp-content/uploads/2025/01/Dr.-Md.-Nurul-Absar-Beg-Kidney.jpg,https://doctorsdirectory.com.bd/add-doctor/dr-md-nurul-absar-beg-kidney/,,
Prof. Dr. Md. Enayet Karim,"MBBS, MD (Nephrology)",Kidney Diseases Specialist,Chittagong Medical College & Hospital,"Professor & Head, Nephrology",Chittagong,https://doctorsdirectory.com.bd/wp-content/uploads/2025/01/Prof.-Dr.-Md.-Enayet-Karim.jpg,https://doctorsdirectory.com.bd/add-doctor/prof-dr-md-enayet-karim/,,
Dr. K.M. Faisal,"MBBS (DMC), BCS (Health), MD (Nephrology)","Kidney, High Blood Pressure & Medicine Specialist",Chittagong Medical College & Hospital,"Consultant, Nephrology",Chittagong,https://doctorsdirectory.com.bd/wp-content/uploads/2025/01/Dr.-K.M.-Faisal.jpg,https://doctorsdirectory.com.bd/add-doctor/dr-k-m-faisal/,,
Dr. Kamrul Hasan,"MBBS (Dhaka), BCS (Health), MD (Endocrinology)","Diabetes, Thyroid & Hormone Specialist",Chittagong Medical College & Hospital,"Assistant Professor & Head, Endocrinology",Chittagong,https://doctorsdirectory.com.bd/wp-content/uploads/2025/01/Dr.-Kamrul-Hasan-Endo.jpg,https://doctorsdirectory.com.bd/add-doctor/dr-kamrul-hasan-endo/,,
Dr. Farhana Akter,"MBBS, FCPS (Medicine), MD (Endocrinology)","Diabetes, Thyroid & Hormone Specialist",Chittagong Medical College & Hospital,"Assistant Professor, Endocrinology",Chittagong,https://doctorsdirectory.com.bd/wp-content/uploads/2025/01/Dr.-Farhana-Akter.jpg,https://doctorsdirectory.com.bd/add-doctor/dr-farhana-akter/,,
Dr. Shahryar Ahmed Milan,"MBBS, BCS (Health), DEM (BIRDEM)","Endocrinology (Diabetes, Thyroid & Hormonal Diseases) Specialist",Chittagong Medical College & Hospital,"Assistant Professor, Endocrinology",Chittagong,https://doctorsdirectory.com.bd/wp-content/uploads/2025/02/Dr.-Shahryar-Ahmed-Milan.jpg,https://doctorsdirectory.com.bd/add-doctor/dr-shahryar-ahmed-milan/,,
Dr. Md. Nazmul Haque Talukdar,"MBBS, MD (Chest Disease)","Chest, Asthma, COPD, Tuberculosis Specialist",Chittagong Medical College & Hospital,"Assistant Professor, Pulmonology",Chittagong,https://doctorsdirectory.com.bd/wp-content/uploads/2025/01/Dr.-Md.-Nazmul-Haque-Talukdar.jpg,https://doctorsdirectory.com.bd/add-doctor/dr-md-nazmul-haque-talukdar/,,
Dr. Muniruddin Ahmed,"MBBS (CU), FCPS (Medicine)","Medicine, Diabetes & Hormone Specialist",Cox’s Bazar Medical College & Hospital,"Assistant Professor, Medicine",Chittagong,https://doctorsdirectory.com.bd/wp-content/uploads/2025/01/Dr.-Muniruddin-Ahmed.jpg,https://doctorsdirectory.com.bd/add-doctor/dr-muniruddin-ahmed/,,
Dr. Md. Tareq-Ul-Kader,"MBBS, BCS, FCPS (Medicine)","Medicine, Diabetologist & Rheumatology Specialist",Chattogram Maa-O-Shishu Hospital Medical College,"Registrar, Medicine",Chittagong,https://doctorsdirectory.com.bd/wp-content/uploads/2025/01/Dr.-Md.-Tareq-Ul-Kader.jpg,https://doctorsdirectory.com.bd/add-doctor/dr-md-tareq-ul-kader/,,
Dr. A Z M Sakhawat Hossain,"MBBS, BCS (Health), MCPS (Medicine), FCPS (Medicine), FRCP (UK)",Medicine Specialist,Marine City Medical College & Hospital,"Associate Professor, Medicine",Chittagong,https://doctorsdirectory.com.bd/wp-content/uploads/2025/01/Dr.-A-Z-M-Sakhawat-Hossain.jpg,https://doctorsdirectory.com.bd/add-doctor/dr-a-z-m-sakhawat-hossain/,,
Dr. M.A. Hassan Chowdhury,"MBBS, FCPS, FRCP (Edin), FACP (USA)",Medicine Specialist,Chittagong Medical College & Hospital,"Professor, Department of Medicine",Chittagong,https://doctorsdirectory.com.bd/wp-content/uploads/2025/01/Dr.-M.A.-Hassan-Chowdhury.jpg,https://doctorsdirectory.com.bd/add-doctor/dr-m-a-hassan-chowdhury/,,
Dr. Abul Fazal Muhammad Nazimuddin,"MBBS, FCPS (Medicine)",Medicine Specialist,Chattogram Maa-O-Shishu Hospital Medical College,"Associate Professor, Medicine",Chittagong,https://doctorsdirectory.com.bd/wp-content/uploads/2025/01/Dr.-A.-F.-M.-Nazimuddin.jpg,https://doctorsdirectory.com.bd/add-doctor/dr-abul-fazal-muhammad-nazimuddin/,,
Dr. Md. Abu Taher,"MBBS, FCPS (Medicine)",Medicine Specialist,Max Hospital & Diagnostic,"Consultant, Medicine",Chittagong,https://doctorsdirectory.com.bd/wp-content/uploads/2025/01/Dr.-Md.-Abu-Taher.jpg,https://doctorsdirectory.com.bd/add-doctor/dr-md-abu-taher/,,
Dr. Md. Saiful Huq,"MBBS (DMC), BCS (Health), MRCP (UK)",Medicine & Diabetes Specialist,Chittagong Medical College & Hospital,"Consultant, Medicine",Chittagong,https://doctorsdirectory.com.bd/wp-content/uploads/2025/01/Dr.-Md.-Saiful-Huq.jpg,https://doctorsdirectory.com.bd/add-doctor/dr-md-saiful-huq/,,
Prof. Dr. Mizanur Rahman,"MBBS, MCPS (Medicine), MD (Medicine)",Medicine Specialist,Chattogram Maa-O-Shishu Hospital Medical College,"Professor, Medicine",Chittagong,https://doctorsdirectory.com.bd/wp-content/uploads/2025/01/Prof.-Dr.-Mizanur-Rahman.jpg,https://doctorsdirectory.com.bd/add-doctor/prof-dr-mizanur-rahman/,,
Dr. Abanti Deb Nath,"MBBS (DU), BCS (Health), FCPS (Medicine)",Medicine & Neuromedicine Specialist,Chittagong Medical College & Hospital,"Assistant Professor, Medicine",Chittagong,https://doctorsdirectory.com.bd/wp-content/uploads/2025/01/Dr.-Abanti-Deb-Nath.jpg,https://doctorsdirectory.com.bd/add-doctor/dr-abanti-deb-nath/,,
Dr. F.M.A. Zahid,"MBBS, MCPS, FCPS (Medicine)","Medicine, Diabetology & Neuromedicine Specialist",Chittagong Medical College & Hospital,"Assistant Professor, Medicine",Chittagong,https://doctorsdirectory.com.bd/wp-content/uploads/2025/01/Dr.-F.M.A.-Zahid.jpg,https://doctorsdirectory.com.bd/add-doctor/dr-f-m-a-zahid/,,
Prof. Dr. Emran Bin Yunus,"MBBS (Dhaka), FCPS (Medicine), MACP (USA), FACP (USA)",Medicine & Nephrology Specialist,Chittagong Medical College & Hospital,"Former Professor, Nephrology",Chittagong,https://doctorsdirectory.com.bd/wp-content/uploads/2025/01/Prof.-Dr.-Emran-Bin-Yunus.jpg,https://doctorsdirectory.com.bd/add-doctor/prof-dr-emran-bin-yunus/,,
Dr. Kafil Uddin,"MBBS (DMC), BCS (Health), FCPS (Medicine)","Medicine Specialist, Diabetologist & Rheumatologist",Dhaka Medical College & Hospital,"Assistant Professor, Medicine",Chittagong,https://doctorsdirectory.com.bd/wp-content/uploads/2025/01/Dr.-Kafil-Uddin.jpg,https://doctorsdirectory.com.bd/add-doctor/dr-kafil-uddin/,,
Dr. Arup Ratan Das,"MBBS (DMC), BCS (Health), FCPS (Medicine), MCPS (Medicine)",Medicine Specialist,Chittagong Medical College & Hospital,"Consultant, Medicine",Chittagong,https://doctorsdirectory.com.bd/wp-content/uploads/2025/01/Dr.-Arup-Ratan-Das.jpg,https://doctorsdirectory.com.bd/add-doctor/dr-arup-ratan-das/,,
Dr. Abu Sayeed,"MBBS, BCS (Health), MD (Internal Medicine)",Medicine Specialist,Chittagong Medical College & Hospital,"Consultant, Medicine",Chittagong,https://doctorsdirectory.com.bd/wp-content/uploads/2025/01/Dr.-Abu-Sayeed.jpg,https://doctorsdirectory.com.bd/add-doctor/dr-abu-sayeed/,,
Dr. Mohammad Moinul Islam,"MBBS, BCS (Health), MCPS, FCPS (Medicine)",Medicine Specialist,Chittagong Medical College & Hospital,"Consultant, Medicine",Chittagong,https://doctorsdirectory.com.bd/wp-content/uploads/2025/01/Dr.-Mohammad-Moinul-Islam.jpg,https://doctorsdirectory.com.bd/add-doctor/dr-mohammad-moinul-islam/,,
Dr. Farhana Halim,"MBBS (SSMC), BCS (Health), FCPS (Medicine), MACP (USA)",Medicine Specialist,Chittagong Medical College & Hospital,"Consultant, Medicine",Chittagong,https://doctorsdirectory.com.bd/wp-content/uploads/2025/01/Dr.-Farhana-Halim.jpg,https://doctorsdirectory.com.bd/add-doctor/dr-farhana-halim/,,
Dr. A N M Ashik-E-Elahi,"MBBS (CMC), BCS (Health), FCPS (Medicine)",Medicine Specialist,Marine City Medical College & Hospital,"Assistant Professor, Medicine",Chittagong,https://doctorsdirectory.com.bd/wp-content/uploads/2025/01/Dr.-A-N-M-Ashik-E-Elahi.jpg,https://doctorsdirectory.com.bd/add-doctor/dr-a-n-m-ashik-e-elahi/,,
Dr. M. S. Chowdhury,"MBBS, BCS (Health), PGT (Medicine), CMU (Ultrasound)",Medicine Specialist,Max Hospital & Diagnostic,"Consultant, Medicine",Chittagong,https://doctorsdirectory.com.bd/wp-content/uploads/2025/01/Dr.-M.-S.-Chowdhury.jpg,https://doctorsdirectory.com.bd/add-doctor/dr-m-s-chowdhury/,,
Dr. Mohammed Maksudul Karim,"MBBS, BCS (Health), FCPS (Medicine), MCPS (Medicine)",Medicine Specialist,Chittagong Medical College & Hospital,"Consultant, Medicine",Chittagong,https://doctorsdirectory.com.bd/wp-content/uploads/2025/02/Dr.-Mohammed-Maksudul-Karim.jpg,https://doctorsdirectory.com.bd/add-doctor/dr-mohammed-maksudul-karim/,,
Dr. M. A. Yousuf Chowdhury,"MBBS, BCS (Health), MD (Internal Medicine), Fellow in Diabetology (BIRDEM)",Medicine & Diabetes Specialist,Chittagong Medical College & Hospital,"Associate Professor, Medicine",Chittagong,https://doctorsdirectory.com.bd/wp-content/uploads/2025/02/Dr.-MA-Yousuf-Chowdhury.jpg,https://doctorsdirectory.com.bd/add-doctor/dr-m-a-yousuf-chowdhury/,,
Dr. Prasenjit Barua,"MBBS, FCPS (Medicine), MACP (USA)",Medicine & Diabetes Specialist,Chittagong Medical College & Hospital,Fellowship Training in Gastroenterology & Liver Diseases,Chittagong,https://doctorsdirectory.com.bd/wp-content/uploads/2025/02/Dr.-Prasenjit-Barua.jpg,https://doctorsdirectory.com.bd/add-doctor/dr-prasenjit-barua/,,
Dr. Mohammed Rashed Mirjada,"MBBS, FCPS (Medicine)",Medicine Specialist,Chittagong Medical College & Hospital,"Associate Professor, Medicine",Chittagong,https://doctorsdirectory.com.bd/wp-content/uploads/2025/02/Dr.-Rashed-Mirjada.jpg,https://doctorsdirectory.com.bd/add-doctor/dr-mohammed-rashed-mirjada/,,
Dr. Mirza Nurul Karim,"MBBS, FCPS (Medicine)","Medicine, Diabetes, Rheumatology & Chest Disease Specialist",Chittagong Medical College & Hospital,"Assistant Professor, Department of Medicine",Chittagong,https://doctorsdirectory.com.bd/wp-content/uploads/2025/02/Dr.-Mirza-Nurul-Karim.jpg,https://doctorsdirectory.com.bd/add-doctor/dr-mirza-nurul-karim/,,
Dr. Sumon Das,"MBBS (CMC), BCS (Health), MCPS, FCPS (ENT)",Ear Nose Throat Specialist & Head Neck Surgeon,Chittagong Medical College & Hospital,"Consultant, ENT",Chittagong,https://doctorsdirectory.com.bd/wp-content/uploads/2025/01/Dr.-Sumon-Das.jpg,https://doctorsdirectory.com.bd/add-doctor/dr-sumon-das/,,
Dr. A T M Moinuddin,"MBBS, DLO, MCPS (ENT)","Ear, Nose, Throat Specialist & Surgeon",Feni Clinic, Feni,"Consultant, ENT",Chittagong,https://doctorsdirectory.com.bd/wp-content/uploads/2025/01/Dr.-A-T-M-Moinuddin.jpg,https://doctorsdirectory.com.bd/add-doctor/dr-a-t-m-moinuddin/,
Dr. Mohammad Mohiuddin,"MBBS, BCS (Health), FCPS (ENT)",Ear Nose Throat Specialist & Head Neck Surgeon,Chittagong Medical College & Hospital,"Resident Surgeon, ENT",Chittagong,https://doctorsdirectory.com.bd/wp-content/uploads/2025/01/Dr.-Mohammad-Mohiuddin.jpg,https://doctorsdirectory.com.bd/add-doctor/dr-mohammad-moiuddin/,,
Dr. Shakhawat Hossain,"MBBS, BCS (Health), FCPS (ENT)",Ear Nose Throat Specialist & Head Neck Surgeon,Chittagong Medical College & Hospital,"Consultant, ENT",Chittagong,https://doctorsdirectory.com.bd/wp-content/uploads/2025/01/Dr.-Shakhawat-Hossain.jpg,https://doctorsdirectory.com.bd/add-doctor/dr-shakhawat-hossain-ctg/,,
Prof. Dr. Ahmed Sharif,"MBBS, MS (ENT)","ENT (Ear, Nose, Throat) Specialist & Head Neck Surgeon",Chittagong Medical College & Hospital,"Professor & Head, ENT & HNS Department",Chittagong,https://doctorsdirectory.com.bd/wp-content/uploads/2025/02/Prof.-Dr.-Ahmed-Sharif.jpg,https://doctorsdirectory.com.bd/add-doctor/prof-dr-ahmed-sharif/,,
Dr. Ashfaq Ahmad,"MBBS, FCPS (ENT)","ENT (Ear, Nose, Throat) Specialist & Head Neck Surgeon",Chittagong Medical College & Hospital,"Associate Professor, ENT",Chittagong,https://doctorsdirectory.com.bd/wp-content/uploads/2025/02/Dr.-Ashfaq-Ahmad.jpg,https://doctorsdirectory.com.bd/add-doctor/dr-ashfaq-ahmad/,,
Dr. Md. Minhajul Haque,"MBBS, BCS (Health), FCPS (ENT)","Ear, Nose, Throat Specialist & Head Neck Surgeon",Chittagong General Hospital,"Medical Officer, ENT",Chittagong,https://doctorsdirectory.com.bd/wp-content/uploads/2025/02/Dr.-Md.-Minhajul-Haque.jpg,https://doctorsdirectory.com.bd/add-doctor/dr-md-minhajul-haque/,,
Dr. Mohammad Emran,"MBBS, BCS (Health), DLO (BSMMU)","ENT (Ear, Nose, Throat) Specialist & Head Neck Surgeon",Chittagong Medical College & Hospital,"Consultant, ENT",Chittagong,https://doctorsdirectory.com.bd/wp-content/uploads/2025/02/Dr.-Mohammad-Emran.jpg,https://doctorsdirectory.com.bd/add-doctor/dr-mohammad-emran/,,
Dr. Sheikh Shawkat Kamal,"MBBS, FCPS (ENT)","Ear, Nose, Throat Specialist & Head Neck Surgeon",Surgiscope Hospital, Chittagong,,Chittagong,https://doctorsdirectory.com.bd/wp-content/uploads/2025/02/Dr.-Sheikh-Shawkat-Kamal.jpg,https://doctorsdirectory.com.bd/add-doctor/dr-sheikh-shawkat-kamal/,
Dr. Didarul Islam,"MBBS, BCS (Health), MD (Hepatology)","Liver, Gastrointestinal & Medicine Specialist",Chittagong Medical College & Hospital,"Assistant Professor, Hepatology",Chittagong,https://doctorsdirectory.com.bd/wp-content/uploads/2025/01/Dr.-Didarul-Islam.jpg,https://doctorsdirectory.com.bd/add-doctor/dr-didarul-islam/,,
Dr. Rokshana Hoque,"MBBS, DGO, MCPS (OBGYN)",Gynecologist & Surgeon,Chevron Clinical Laboratory, Chittagong,"Consultant, Gynecology",Chittagong,https://doctorsdirectory.com.bd/wp-content/uploads/2025/01/Dr.-Rokshana-Hoque.jpg,https://doctorsdirectory.com.bd/add-doctor/dr-rokshana-hoque/,
Dr. Farhana Mahmud Siddiqui,"MBBS, BCS (Health), DGO, FCPS (OBGYN)",Gynecologist & Surgeon,Chittagong Medical College & Hospital,"Consultant, Gynecology",Chittagong,https://doctorsdirectory.com.bd/wp-content/uploads/2025/01/Dr.-Farhana-Mahmud-Siddiqui.jpg,https://doctorsdirectory.com.bd/add-doctor/dr-farhana-mahmud-siddiqui/,,
Dr. Zarin Nawar,"MBBS, BCS (Health), FCPS (OBGYN)",Gynecologist & Surgeon,Feni General Hospital,"Consultant, Gynecology",Chittagong,https://doctorsdirectory.com.bd/wp-content/uploads/2025/01/Dr.-Zarin-Nawar.jpg,https://doctorsdirectory.com.bd/add-doctor/dr-zarin-nawar/,,
Dr. Sumaiya Binte Jalil,"MBBS, BCS (Health), FCPS (OBGYN)",Gynecologist & Surgeon,Feni General Hospital,"Consultant, Gynecology",Chittagong,https://doctorsdirectory.com.bd/wp-content/uploads/2025/01/Dr.-Sumaiya-Binte-Jalil.jpg,https://doctorsdirectory.com.bd/add-doctor/dr-sumaiya-binte-jalil/,,
Dr. Kamrunnessa Runa,"MBBS (DMC), BCS (Health), FCPS (OBGYN)",Gynecologist & Surgeon,General Hospital, Chittagong,"Consultant, Gynecology",Chittagong,https://doctorsdirectory.com.bd/wp-content/uploads/2025/01/Dr.-Kamrunnessa-Runa.jpg,https://doctorsdirectory.com.bd/add-doctor/dr-kamrunnessa-runa/,
Dr. Suraiya Akter,"MBBS, DGO, MCPS (OBGYN)",Gynecologist & Surgeon,Feni District Hospital,"Consultant, Gynecology",Chittagong,https://doctorsdirectory.com.bd/wp-content/uploads/2025/01/Dr.-Suraiya-Akter.jpg,https://doctorsdirectory.com.bd/add-doctor/dr-suraiya-akter/,,
Dr. Nazia Huq,"MBBS (Dhaka), MCPS (OBGYN), DGO, FCPS (OBGYN)",Gynecologist & Surgeon,General Hospital, Chittagong,"Consultant, Gynecology & Obstetrics",Chittagong,https://doctorsdirectory.com.bd/wp-content/uploads/2025/01/Dr.-Nazia-Huq.jpg,https://doctorsdirectory.com.bd/add-doctor/dr-nazia-huq/,
Dr. Nusrat Jahan (Zenia),"MBBS, DGO, MCPS (OBGYN)","Gynecologist, Surgeon & Infertility Specialist",BGC Trust Medical College & Hospital,"Consultant, Gynecology",Chittagong,https://doctorsdirectory.com.bd/wp-content/uploads/2025/01/Dr.-Nusrat-Jahan-Zenia.jpg,https://doctorsdirectory.com.bd/add-doctor/dr-nusrat-jahan-zenia/,,
Dr. Saima Shah Alam,"MBBS (SSMC), BCS (Health), FCPS (OBGYN)",Gynecologist & Surgeon,Chittagong Medical College & Hospital,"Consultant, Gynecology & Obstetrics",Chittagong,https://doctorsdirectory.com.bd/wp-content/uploads/2025/01/Dr.-Saima-Shah-Alam.jpg,https://doctorsdirectory.com.bd/add-doctor/dr-saima-shah-alam/,,
Dr. Mursheda Yesmin,"MBBS (CMC), BCS (Health), FCPS (OBGYN)","Gynecologist, Surgeon & Infertility Specialist",Cox’s Bazar Medical College & Hospital,"Consultant, Gynecology & Obstetrics",Chittagong,https://doctorsdirectory.com.bd/wp-content/uploads/2025/01/Dr.-Mursheda-Yesmin.jpg,https://doctorsdirectory.com.bd/add-doctor/dr-mursheda-yesmin/,,
Dr. Shajeda Begum,"MBBS, BCS (Health), DGO, FCPS (OBGYN)",Gynecologist & Surgeon,Chittagong Medical College & Hospital,"Consultant, Gynecology & Obstetrics",Chittagong,https://doctorsdirectory.com.bd/wp-content/uploads/2025/01/Dr.-Shajeda-Begum.jpg,https://doctorsdirectory.com.bd/add-doctor/dr-shajeda-begum/,,
Dr. Kamrun Nahar Lima,"MBBS, BCS (Health), DGO, MCPS (OBGYN), FCPS (OBGYN)",Gynecologist & Laparoscopic Surgeon,Chittagong Medical College & Hospital,"Consultant, Gynecology & Obstetrics",Chittagong,https://doctorsdirectory.com.bd/wp-content/uploads/2025/01/Dr.-Kamrun-Nahar-Lima.jpg,https://doctorsdirectory.com.bd/add-doctor/dr-kamrun-nahar-lima/,,
Dr. Tahmina Yeasmin Rozy,"MBBS, BCS (Health), FCPS (OBGYN)",Gynecologist & Surgeon,Chittagong Medical College & Hospital,"Consultant, Gynecology & Obstetrics",Chittagong,https://doctorsdirectory.com.bd/wp-content/uploads/2025/01/Dr.-Tahmina-Yeasmin-Rozy.jpg,https://doctorsdirectory.com.bd/add-doctor/dr-tahmina-yeasmin-rozy/,,
Dr. Sanchita Das,"MBBS, BCS (Health), FCPS (OBGYN)",Gynecologist & Surgeon,General Hospital, Chittagong,"Consultant, Gynecology",Chittagong,https://doctorsdirectory.com.bd/wp-content/uploads/2025/01/Dr.-Sanchita-Das.jpg,https://doctorsdirectory.com.bd/add-doctor/dr-sanchita-das/,
Dr. Hasina Akhter,"MBBS, BCS (Health), MCPS, FCPS (OBGYN)",Gynecologist & Surgeon,Chittagong Medical College & Hospital,"Consultant, Gynecology & Obstetrics",Chittagong,https://doctorsdirectory.com.bd/wp-content/uploads/2025/01/Dr.-Hasina-Akhter-1.jpg,https://doctorsdirectory.com.bd/add-doctor/dr-hasina-akter-ctg/,,
Dr. Tahrima Khanom,"MBBS, BCS (Health), FCPS (OBGYN), MRCOG (London)","Gynecology, Obstetrics Specialist & Surgeon",Chittagong Medical College & Hospital,"Consultant, Gynecology & Obstetrics",Chittagong,https://doctorsdirectory.com.bd/wp-content/uploads/2025/01/Dr.-Tahrima-Khanom.jpg,https://doctorsdirectory.com.bd/add-doctor/dr-tahrima-khanom/,,
Dr. Fahmida Islam Chowdhury,"MBBS, BCS (Health), FCPS (OBGYN)",Gynecologist & Surgeon,Chittagong Medical College & Hospital,"Assistant Professor, Gynecology & Obstetrics",Chittagong,https://doctorsdirectory.com.bd/wp-content/uploads/2025/01/Dr.-Fahmida-Islam-Chowdhury.jpg,https://doctorsdirectory.com.bd/add-doctor/dr-fahmida-islam-chowdhury/,,
Dr. Syeda Nur-A-Lina,"MBBS (DU), FCPS (OBGYN), MRCOG (UK)",Gynecology & Obstetrics Specialist,Chattogram Maa-O-Shishu Hospital Medical College,"Assistant Professor, Gynecology & Obstetrics",Chittagong,https://doctorsdirectory.com.bd/wp-content/uploads/2025/01/Dr.-Syeda-Nur-A-Lina.jpg,https://doctorsdirectory.com.bd/add-doctor/dr-syeda-nur-a-lina/,,
Dr. Zinat Maruf,"MBBS, FCPS (Obs & Gynae)",Gynecologist & Surgeon,Chittagong Medical College & Hospital,"Assistant Professor, Gynecology & Obstetrics",Chittagong,https://doctorsdirectory.com.bd/wp-content/uploads/2025/01/Dr.-Zinat-Maruf.jpg,https://doctorsdirectory.com.bd/add-doctor/dr-zinat-maruf/,,
Dr. Rubina Yasmin,"MBBS, MCPS (OBGYN), DGO, FCPS (OBGYN)",Gynecologist & Surgeon,Chittagong Medical College & Hospital,"Associate Professor, Gynecology & Obstetrics",Chittagong,https://doctorsdirectory.com.bd/wp-content/uploads/2025/01/Dr.-Rubina-Yasmin.jpg,https://doctorsdirectory.com.bd/add-doctor/dr-rubina-yasmin/,,
Dr. Nigar Sultana,"MBBS, FCPS (OBGYN), MS (OBGYN)",Gynecologist & Surgeon,BGC Trust Medical College & Hospital,"Assistant Professor, Gynecology & Obstetrics",Chittagong,https://doctorsdirectory.com.bd/wp-content/uploads/2025/01/Dr.-Nigar-Sultana.jpg,https://doctorsdirectory.com.bd/add-doctor/dr-nigar-sultana/,,
Dr. Farhana Yasmeen,"MBBS (CU), FCPS (Obs & Gynae)",Gynecologist & Surgeon,BGC Trust Medical College & Hospital,"Assistant Professor, Gynecology & Obstetrics",Chittagong,https://doctorsdirectory.com.bd/wp-content/uploads/2025/01/Dr.-Farhana-Yasmeen.jpg,https://doctorsdirectory.com.bd/add-doctor/dr-farhana-yasmeen/,,
Dr. Masuda Novera,"MBBS, BCS (Health), FCPS (OBGYN)",Gynecologist & Surgeon,Health View Maternity & Child Hospital, Chittagong,"Consultant, Gynecology & Obstetrics",Chittagong,https://doctorsdirectory.com.bd/wp-content/uploads/2025/01/Dr.-Masuda-Novera.jpg,https://doctorsdirectory.com.bd/add-doctor/dr-masuda-novera/,
Prof. Dr. Hasina Akhter,"MBBS, MCPS, FCPS (OBGYN)",Gynecologist & Surgeon,BGC Trust Medical College & Hospital,"Professor & Head, Gynecology & Obstetrics",Chittagong,https://doctorsdirectory.com.bd/wp-content/uploads/2025/01/Prof.-Dr.-Hasina-Akhter.jpg,https://doctorsdirectory.com.bd/add-doctor/prof-dr-hasina-akhter/,,
Prof. Dr. Rowshan Morshed,"MBBS, FCPS (Obs & Gynae)",Gynecologist & Surgeon,Chattogram Maa-O-Shishu Hospital Medical College,"Professor, Gynecology & Obstetrics",Chittagong,https://doctorsdirectory.com.bd/wp-content/uploads/2025/01/Prof.-Dr.-Rowshan-Morshed.jpg,https://doctorsdirectory.com.bd/add-doctor/prof-dr-rowshan-morshed/,,
Prof. Dr. Shahena Akter,"MBBS, DGO, FCPS (OBGYN)","Gynecology, Obstetrics, Infertility Specialist & Surgeon",Chittagong Medical College & Hospital,"Professor, Gynecology & Obstetrics",Chittagong,https://doctorsdirectory.com.bd/wp-content/uploads/2025/01/Prof.-Dr.-Shahena-Akter.jpg,https://doctorsdirectory.com.bd/add-doctor/prof-dr-shahena-akter/,,
Prof. Dr. Shahanara Chowdhury,"MBBS (Dhaka), FCPS (OBGYN), Fellow (WHO), Advanced Training (Thailand)","Gynecology, Obstetrics Specialist & Laparoscopic Surgeon",Chittagong Medical College & Hospital,"Former Professor & Head, Gynecology & Obstetrics",Chittagong,https://doctorsdirectory.com.bd/wp-content/uploads/2025/01/Prof.-Dr.-Shahanara-Chowdhury.jpg,https://doctorsdirectory.com.bd/add-doctor/prof-dr-shahanara-chowdhury/,,
Prof. Dr. Ferdousi Begum,"MBBS, FCPS (Obstetrics and Gynaecology)",Gynecology & Obstetrics Specialist,Chattogram Maa-O-Shishu Hospital Medical College,"Professor & Head, Gynecology & Obstetrics",Chittagong,https://doctorsdirectory.com.bd/wp-content/uploads/2025/01/Prof.-Dr.-Ferdousi-Begum.jpg,https://doctorsdirectory.com.bd/add-doctor/prof-dr-ferdousi-begum/,,
Dr. Shirin Fatema,"MBBS, MCPS, DGO, FCPS","Gynecology, Obstetrics Specialist & Surgeon",Apollo Imperial Hospital, Chittagong,"Consultant, Gynecology & Obstetrics",Chittagong,https://doctorsdirectory.com.bd/wp-content/uploads/2025/02/Dr.-Shirin-Fatema.jpg,https://doctorsdirectory.com.bd/add-doctor/dr-shirin-fatema/,
Dr. Rupasree Biswas,"MBBS, FCPS (OBGYN)","Gynecology, Obstetrics Specialist & Surgeon",Southern Medical College & Hospital,"Assistant Professor, Gynecology & Obstetrics",Chittagong,https://doctorsdirectory.com.bd/wp-content/uploads/2025/02/Dr.-Rupasree-Biswas.jpg,https://doctorsdirectory.com.bd/add-doctor/dr-rupasree-biswas/,,
Dr. Nazmun Nahar Rosy,"MBBS, FCPS (Obs & Gyne)","Gynecology, Obstetrics, Infertility Specialist & Laparoscopic Surgeon",Health View Maternity & Child Hospital, Chittagong,Fellowship in Infertility & Reproductive Medicine,Chittagong,https://doctorsdirectory.com.bd/wp-content/uploads/2025/02/Dr.-Nazmun-Nahar-Rosy.jpg,https://doctorsdirectory.com.bd/add-doctor/dr-nazmun-nahar-rosy/,
Dr. Ishrat Jahan,"MBBS, PGT (Medicine), D-CARD (BSMMU)","Cardiologist, Echocardiographer & Medicine Specialist",Feni Clinic, Feni,"Consultant, Cardiology",Chittagong,https://doctorsdirectory.com.bd/wp-content/uploads/2025/01/Dr.-Ishrat-Jahan.jpg,https://doctorsdirectory.com.bd/add-doctor/dr-ishrat-jahan-ctg/,
Dr. Sujan Debnath,"MBBS, BCS (Health), MD (Cardiology)","Cardiology, Rheumatic Fever & Medicine Specialist",Chittagong Medical College & Hospital,"Cardiologist, Cardiology",Chittagong,https://doctorsdirectory.com.bd/wp-content/uploads/2025/01/Dr.-Sujan-Debnath.jpg,https://doctorsdirectory.com.bd/add-doctor/dr-sujan-debnath/,,
Dr. Aysha Siddika Nishi,"MBBS, BCS (Health), MD (Cardiology)","Cardiology, Hypertension & Heart Specialist",Chittagong Medical College & Hospital,"Consultant, Cardiology",Chittagong,https://doctorsdirectory.com.bd/wp-content/uploads/2025/01/Dr.-Aysha-Siddika-Nishi.jpg,https://doctorsdirectory.com.bd/add-doctor/dr-aysha-siddika-nishi/,,
Dr. Md. Mainuddin,"MBBS (DU), BCS (Health), MD (Cardiology)","Cardiology, Medicine & Rheumatic Fever Specialist",Chittagong Medical College & Hospital,"Consultant, Cardiology",Chittagong,https://doctorsdirectory.com.bd/wp-content/uploads/2025/01/Dr.-Md.-Mainuddin.jpg,https://doctorsdirectory.com.bd/add-doctor/dr-md-mainuddin/,,
Dr. Suman Talukder,"MBBS, BCS (Health), MD (Cardiology)",Cardiology & Rheumatic Fever Specialist,Chittagong Medical College & Hospital,"Assistant Professor, Cardiology",Chittagong,https://doctorsdirectory.com.bd/wp-content/uploads/2025/01/Dr.-Suman-Talukder.jpg,https://doctorsdirectory.com.bd/add-doctor/dr-suman-talukder/,,
Dr. Nushrat Binte Kamal,"MBBS (CMC), BCS (Health), D-CARD (BSMMU)",Cardiologist & Echocardiographer,Chittagong Medical College & Hospital,"Consultant, Cardiology",Chittagong,https://doctorsdirectory.com.bd/wp-content/uploads/2025/01/Dr.-Nushrat-Binte-Kamal.jpg,https://doctorsdirectory.com.bd/add-doctor/dr-nushrat-binte-kamal/,,
Dr. Zabeer Ahmed,"MBBS (CMC), BCS (Health), MD (Cardiology)",Cardiology & Medicine Specialist,Chittagong Medical College & Hospital,"Resident Physician, Cardiology",Chittagong,https://doctorsdirectory.com.bd/wp-content/uploads/2025/01/Dr.-Zabeer-Ahmed.jpg,https://doctorsdirectory.com.bd/add-doctor/dr-zabeer-ahmed/,,
Dr. Md. Saiful Islam,"MBBS, MCPS (Medicine), MD (Cardiology), FCPS (Medicine)","Cardiology, Diabetes & Medicine Specialist",Chittagong Medical College & Hospital,"Assistant Professor, Cardiology",Chittagong,https://doctorsdirectory.com.bd/wp-content/uploads/2025/01/Dr.-Md.-Saiful-Islam.jpg,https://doctorsdirectory.com.bd/add-doctor/dr-md-saiful-islam-ctg/,,
Dr. Shajedur Rahman,"MBBS, BCS (Health), MD (Cardiology)","Cardiology (Heart Diseases, Rheumatic Fever) Specialist",Chittagong Medical College & Hospital,"Assistant Professor, Cardiology",Chittagong,https://doctorsdirectory.com.bd/wp-content/uploads/2025/01/Dr.-Shajedur-Rahman.jpg,https://doctorsdirectory.com.bd/add-doctor/dr-shajedur-rahman/,,
Dr. Shafiul Hasan,"MBBS (DMC), BCS (Health), D-CARD (BSMMU)",Cardiologist & Echocardiographer,Feni General Hospital,"Consultant, Cardiology",Chittagong,https://doctorsdirectory.com.bd/wp-content/uploads/2025/01/Dr.-Shafiul-Hasan.jpg,https://doctorsdirectory.com.bd/add-doctor/dr-shafiul-hasan/,,
Dr. A S M Monowar Tariq,"MBBS (SSMC), BCS (Health), MD (Cardiology)","Cardiology (Heart Diseases, Rheumatic Fever) Specialist",Chittagong Medical College & Hospital,"Consultant, Cardiology",Chittagong,https://doctorsdirectory.com.bd/wp-content/uploads/2025/01/Dr.-A-S-M-Monowar-Tariq.jpg,https://doctorsdirectory.com.bd/add-doctor/dr-a-s-m-monowar-tariq/,,
Dr. Md. Ehteshamul Haque,"MBBS, MD (Cardiology)","Heart Diseases, Cardiology, Hypertension Specialist",Cox’s Bazar Medical College & Hospital,"Assistant Professor, Cardiology",Chittagong,https://doctorsdirectory.com.bd/wp-content/uploads/2025/01/Dr.-Md.-Ehteshamul-Haque.jpg,https://doctorsdirectory.com.bd/add-doctor/dr-md-ehteshamul-haque/,,
Dr. Shaifur Rahman Shohel,"MBBS, D-CARD","Cardiology (Heart Diseases, Hypertension & Rheumatic Fever) Specialist",Fortis Escorts Heart Institute, Chittagong,"Consultant, Cardiology",Chittagong,https://doctorsdirectory.com.bd/wp-content/uploads/2025/02/Dr.-Shaifur-Rahman-Shohel.jpg,https://doctorsdirectory.com.bd/add-doctor/dr-shaifur-rahman-shohel/,
Dr. Md. Shah Newaz,"MBBS, D-CARD, MD (Cardiology)","Cardiology (Heart Diseases, Rheumatic Fever) Specialist",Feni Diabetes Hospital,"Consultant, Cardiology",Chittagong,https://doctorsdirectory.com.bd/wp-content/uploads/2025/01/Dr.-Md.-Shah-Newaz.jpg,https://doctorsdirectory.com.bd/add-doctor/dr-md-shah-newaz/,,
Dr. Mohammad Ilias,"MBBS, FCPS (Physical Medicine), FCGP, FIPM (India & Taiwan)","Arthritis, Pain, Paralysis, Sports Injury, Physical Medicine & Rehabilitation Specialist",Bangabandhu Memorial Hospital, USTC, Chittagong,"Associate Professor, Physical Medicine",Chittagong,https://doctorsdirectory.com.bd/wp-content/uploads/2025/01/Dr.-Mohammad-Ilias.jpg,https://doctorsdirectory.com.bd/add-doctor/dr-mohammad-ilias/
Dr. Md. Jahangir Alam Chowdhury,"MBBS, FCPS (Physical Medicine)","Arthritis, Pain, Paralysis, Physical Medicine Rehabilitation Specialist",Chattogram Maa-O-Shishu Hospital Medical College,"Associate Professor & Head, Physical Medicine & Rehabilitation",Chittagong,https://doctorsdirectory.com.bd/wp-content/uploads/2025/02/Dr.-Md.-Jahangir-Alam-Chowdhury.jpg,https://doctorsdirectory.com.bd/add-doctor/dr-md-jahangir-alam-chowdhury/,,
Dr. M. Mahbub Alam,"MBBS (CMC), PhD (Physical Medicine), Advanced Clinical Education (Rheumatology)","Physical Medicine, Pain & Rheumatology Specialist",Chattogram Metropolitan Hospital,"Consultant, Physical Medicine",Chittagong,https://doctorsdirectory.com.bd/wp-content/uploads/2025/02/Dr.-M.-Mahbub-Alam.jpg,https://doctorsdirectory.com.bd/add-doctor/dr-m-mahbub-alam/,,
Dr. F M A Qader,"MBBS, BCS (Health), FCPS (Physical Medicine)",Arthritis & Pain Specialist,Chattogram Maa-O-Shishu Hospital Medical College,"Associate Professor, Physical Medicine",Chittagong,https://doctorsdirectory.com.bd/wp-content/uploads/2025/01/Dr.-F-M-A-Qader.jpg,https://doctorsdirectory.com.bd/add-doctor/dr-f-m-a-qader/,,
Dr. Md. Mofizur Rahman,"MBBS, FCPS (Physical Medicine)",Pain & Rheumatology Specialist,Treatment Hospital, Chittagong,"Consultant, Rheumatology",Chittagong,https://doctorsdirectory.com.bd/wp-content/uploads/2025/01/Dr.-Md.-Mofizur-Rahman.jpg,https://doctorsdirectory.com.bd/add-doctor/dr-md-mofizur-rahman/,
Dr. Mostafa Nuruddin,"MBBS, MCPS, MD (Pediatrics)",Child Diseases Specialist,Chattogram International Medical College & Hospital,"Associate Professor, Pediatrics",Chittagong,https://doctorsdirectory.com.bd/wp-content/uploads/2025/01/Dr.-Mostafa-Nuruddin.jpg,https://doctorsdirectory.com.bd/add-doctor/dr-mostafa-nuruddin/,,
Dr. Abidur Rahman,"MBBS, MCPS, DCH","Newborn, Adolescent & Child Specialist",National Hospital,"Consultant, Pediatrics",Chittagong,https://doctorsdirectory.com.bd/wp-content/uploads/2025/01/Dr.-Abidur-Rahman.jpg,https://doctorsdirectory.com.bd/add-doctor/dr-abidur-rahman/,,
Dr. Kazi Mahfuzur Rahman,"MBBS, DCH",Child Diseases Specialist,Chattogram Maa-O-Shishu Hospital Medical College,"Assistant Professor, Pediatrics",Chittagong,https://doctorsdirectory.com.bd/wp-content/uploads/2025/01/Dr.-Kazi-Mahfuzur-Rahman.jpg,https://doctorsdirectory.com.bd/add-doctor/dr-kazi-mahfuzur-rahman/,,
Dr. Abida Sultana Rina,"MBBS (CMC), DCH, FCPS (Pediatrics)",Newborn & Child Diseases Specialist,Cox’s Bazar Medical College & Hospital,"Associate Professor & Head, Pediatrics",Chittagong,https://doctorsdirectory.com.bd/wp-content/uploads/2025/01/Dr.-Abida-Sultana-Rina.jpg,https://doctorsdirectory.com.bd/add-doctor/dr-abida-sultana-rina/,,
Dr. Mohammad Rezaul Karim,"MBBS, DCH, FCPS (Pediatrics)",Child Diseases Specialist,Cox’s Bazar District Hospital,"Consultant, Pediatrics",Chittagong,https://doctorsdirectory.com.bd/wp-content/uploads/2025/01/Dr.-Mohammad-Rezaul-Karim.jpg,https://doctorsdirectory.com.bd/add-doctor/dr-mohammad-rezaul-karim/,,
Dr. Rummana Khan,"MBBS (DMC), MD (Pediatrics)",Neonatal & Child Diseases Specialist,Parkview Hospital, Chittagong,"Consultant, Pediatrics",Chittagong,https://doctorsdirectory.com.bd/wp-content/uploads/2025/01/Dr.-Rummana-Khan.jpg,https://doctorsdirectory.com.bd/add-doctor/dr-rummana-khan/,
Dr. Md. Farhad Uddin,"MBBS (DMC), MD (Pediatrics)",Newborn & Child Diseases Specialist,Max Hospital & Diagnostic, Chittagong,"Specialist, Pediatrics",Chittagong,https://doctorsdirectory.com.bd/wp-content/uploads/2025/01/Dr.-Md.-Farhad-Uddin.jpg,https://doctorsdirectory.com.bd/add-doctor/dr-md-farhad-uddin/,
Dr. Sanat Kumar Barua,"MBBS (CMC), DCH (BIRDEM), FCPS (Pediatrics)",Child Diseases Specialist,Chittagong Medical College & Hospital,"Consultant, Pediatrics",Chittagong,https://doctorsdirectory.com.bd/wp-content/uploads/2025/01/Dr.-Sanat-Kumar-Barua.jpg,https://doctorsdirectory.com.bd/add-doctor/dr-sanat-kumar-barua/,,
Dr. Nushrat Jahan,"MBBS, FCPS (Pediatrics), MD (Neonatology)","Newborn, Adolescent & Child Diseases Specialist",Chittagong Medical College & Hospital,"Assistant Professor, Neonatology",Chittagong,https://doctorsdirectory.com.bd/wp-content/uploads/2025/01/Dr.-Nushrat-Jahan.jpg,https://doctorsdirectory.com.bd/add-doctor/dr-nushrat-jahan-ctg/,,
Dr. Arnab Chowdhury,"MBBS, MCPS, FCPS (Pediatrics)",Child Diseases Specialist,Mount Hospital Ltd, Chittagong,"Consultant, Pediatrics",Chittagong,https://doctorsdirectory.com.bd/wp-content/uploads/2025/01/Dr.-Arnab-Chowdhury.jpg,https://doctorsdirectory.com.bd/add-doctor/dr-arnab-chowdhury/,
Dr. Pradip Kumar Sarker,"MBBS, DCH, FCPS (Pediatrics)","Newborn, Adolescent & Child Diseases Specialist",Epic Healthcare, Chittagong,"Senior Consultant, Pediatrics",Chittagong,https://doctorsdirectory.com.bd/wp-content/uploads/2025/01/Dr.-Pradip-Kumar-Sarker.jpg,https://doctorsdirectory.com.bd/add-doctor/dr-pradip-kumar-sarker/,
Prof. Dr. Mohammad Masud Karim,"MBBS, BCS (Health), DCH, MD (Child)",Child Diseases Specialist,Cox’s Bazar Medical College & Hospital,"Professor & Head, Pediatrics",Chittagong,https://doctorsdirectory.com.bd/wp-content/uploads/2025/01/Prof.-Dr.-Mohammad-Masud-Karim.jpg,https://doctorsdirectory.com.bd/add-doctor/prof-dr-mohammad-masud-karim/,,
Dr. Mohammad Khaled Hossain,"MBBS (DMC), BCS (Health), FCPS (Pediatrics)",Child Diseases Specialist,Parkview Hospital, Chittagong,"Consultant, Pediatrics",Chittagong,https://doctorsdirectory.com.bd/wp-content/uploads/2025/02/Dr.-Mohammad-Khaled-Hossain.jpg,https://doctorsdirectory.com.bd/add-doctor/dr-mohammad-khaled-hossain/,
Prof. Dr. Muslim Uddin Sobuj,"MBBS, DCH, MD (Child Health)","Newborn, Adolescent & Child Diseases Specialist",Chittagong Medical College & Hospital,"Professor & Head, Pediatrics",Chittagong,https://doctorsdirectory.com.bd/wp-content/uploads/2025/02/Prof.-Dr.-Muslim-Uddin-Sobuj.jpg,https://doctorsdirectory.com.bd/add-doctor/prof-dr-muslim-uddin-sobuj/,,
Dr. T.K. Roy,"MBBS, FCPS (Pediatrics), PGPN (Child Nutrition, USA)",Neonatal & Child Diseases Specialist,Bangabandhu Memorial Hospital, USTC, Chittagong,"Assistant Professor, Pediatrics",Chittagong,https://doctorsdirectory.com.bd/wp-content/uploads/2025/02/Dr.-T.K.-Roy.jpg,https://doctorsdirectory.com.bd/add-doctor/dr-t-k-roy/
Dr. Fahima Afrin Jhinu,"MBBS, BCS (Health), MD (Dermatology)",Skin & Venereal Diseases Specialist,Chittagong Medical College & Hospital,"Consultant, Dermatology",Chittagong,https://doctorsdirectory.com.bd/wp-content/uploads/2025/01/Dr.-Fahima-Afrin-Jhinu.jpg,https://doctorsdirectory.com.bd/add-doctor/dr-fahima-afrin-jhinu/,,
Dr. Nushrat Zahan Khondaker,"MBBS, CCD (BIRDEM), PGT (Medicine & Dermatology)","Skin, Allergy, Venereal Disease & Anti-Aging Specialist",Labaid Diagnostic, Chittagong,"Consultant, Dermatology",Chittagong,https://doctorsdirectory.com.bd/wp-content/uploads/2025/01/Dr.-Nushrat-Zahan-Khondaker.jpg,https://doctorsdirectory.com.bd/add-doctor/dr-nushrat-jahan-khondaker/,
Dr. Nishith Ranjan Dey,"MBBS, FRCP, MD (SKIN & VD)","Aesthetic Dermatology, Cosmetology & Regenerative Medicine Specialist",Chittagong Medical College & Hospital,"Associate Professor, Dermatology",Chittagong,https://doctorsdirectory.com.bd/wp-content/uploads/2025/02/Dr.-Nishith-Ranjan-Dey.jpg,https://doctorsdirectory.com.bd/add-doctor/dr-nishith-ranjan-dey/,,
Dr. Pritish Barua,"MBBS (CU), DGUM (UK), DD (Australia)","Skin, Allergy, Hair, Nail, Sexual Diseases Specialist",Lab One Health Services, Chittagong,"Consultant, Dermatology & Venereology",Chittagong,https://doctorsdirectory.com.bd/wp-content/uploads/2025/02/Dr.-Pritish-Barua.jpg,https://doctorsdirectory.com.bd/add-doctor/dr-pritish-barua/,
Dr. Feroza Meher,"MBBS (CMC), Post Graduate Diploma in Dermatology (South Wales University, UK)",Aesthetic Dermatology & Cosmetology Specialist,Surecell Medical, Chattogram,"Consultant, Dermatology",Chittagong,https://doctorsdirectory.com.bd/wp-content/uploads/2025/02/Dr.-Feroza-Meher.jpg,https://doctorsdirectory.com.bd/add-doctor/dr-feroza-meher/,
Dr. Mohammadul Haque Mezbah,"MBBS, BCS (Health), DO (BSMMU), MCPS (EYE)",Eye Specialist & Phaco Surgeon,Chittagong Medical College & Hospital,"Consultant, Ophthalmology",Chittagong,https://doctorsdirectory.com.bd/wp-content/uploads/2025/02/Dr.-Mohammadul-Haque-Mezbah.jpg,https://doctorsdirectory.com.bd/add-doctor/dr-mohammadul-haque-mezbah/,,
Dr. Abul Quasem,"MBBS, DO",Eye Specialist & Phaco Surgeon,Chittagong Eye Infirmary & Training Complex,"Associate Professor, Ophthalmology",Chittagong,https://doctorsdirectory.com.bd/wp-content/uploads/2025/01/Dr.-Abul-Quasem.jpg,https://doctorsdirectory.com.bd/add-doctor/dr-abul-quasem/,,
Dr. A.H.M. Mohiuddin,"MBBS, DO",Eye Specialist & Phaco Surgeon,Chittagong Eye Infirmary & Training Complex,"Consultant, Ophthalmology",Chittagong,https://doctorsdirectory.com.bd/wp-content/uploads/2025/01/Dr.-A.H.M.-Mohiuddin.jpg,https://doctorsdirectory.com.bd/add-doctor/dr-a-h-m-mohiuddin/,,
Dr. SM. Mizanul Hoque,"MBBS, DCO, Training in Phaco Surgery",Eye Specialist & Phaco Surgeon,Lions Charitable Eye Hospital, Chittagong,"Consultant, Ophthalmology",Chittagong,https://doctorsdirectory.com.bd/wp-content/uploads/2025/02/Dr.-SM.-Mizanul-Hoque.jpg,https://doctorsdirectory.com.bd/add-doctor/dr-sm-mizanul-hoque/,
Dr. Sheikh Mohammad Murad,"MBBS, MCPS (EYE), Training (Phaco Surgery)",Eye Specialist & Phaco Surgeon,Lions Charitable Eye Hospital, Chittagong,"Consultant, Ophthalmology",Chittagong,https://doctorsdirectory.com.bd/wp-content/uploads/2025/02/Dr.-Sheikh-Mohammad-Murad.jpg,https://doctorsdirectory.com.bd/add-doctor/dr-sheikh-mohammad-murad/,
Prof. Dr. Mohammad Al-Amin,"MBBS, BCS (Health), DO, MS (EYE)","Cornea, Phaco & Lasik Specialist",Chittagong Medical College & Hospital,"Professor, Eye",Chittagong,https://doctorsdirectory.com.bd/wp-content/uploads/2025/01/Prof.-Dr.-Mohammad-Al-Amin.jpg,https://doctorsdirectory.com.bd/add-doctor/prof-dr-mohammad-al-amin/,,
Prof. Dr. Mohammad Omar Faruque,"MBBS, DO, FCPS (EYE)","Glaucoma, Phaco & Eye Specialist Surgeon",Chittagong Medical College & Hospital,"Professor, Glaucoma",Chittagong,https://doctorsdirectory.com.bd/wp-content/uploads/2025/01/Prof.-Dr.-Mohammad-Omar-Faruque.jpg,https://doctorsdirectory.com.bd/add-doctor/prof-dr-mohammad-omar-faruque/,,
Dr. Md. Ibrahim Khalil,"MBBS, BCS (Health), MD (Neurology)",Neuromedicine Specialist,Chittagong Medical College & Hospital,"Assistant Professor, Neurology",Chittagong,https://doctorsdirectory.com.bd/wp-content/uploads/2025/01/Dr.-Md.-Ibrahim-Khalil.jpg,https://doctorsdirectory.com.bd/add-doctor/dr-md-ibrahim-khalil/,,
Dr. Mostafa Tarek Ullah,"MBBS (DMC), BCS (Health), MD (Neurology)",Neuromedicine Specialist,Chittagong Medical College & Hospital,"Consultant, Neurology",Chittagong,https://doctorsdirectory.com.bd/wp-content/uploads/2025/01/Dr.-Mostafa-Tarek-Ullah.jpg,https://doctorsdirectory.com.bd/add-doctor/dr-mostafa-tarek-ullah/,,
Dr. Lutfur Rahman,"MBBS, FCPS (Medicine), MD (Neurology)",Neuromedicine Specialist,General Hospital, Chittagong,"Senior Consultant, Neuromedicine",Chittagong,https://doctorsdirectory.com.bd/wp-content/uploads/2025/01/Dr.-Lutfur-Rahman.jpg,https://doctorsdirectory.com.bd/add-doctor/dr-lutfur-rahman/,
Dr. Bipul Kanti Paul,"MBBS, MCPS (Medicine), MD (Neuromedicine)",Neuromedicine Specialist,National Institute of Neurosciences & Hospital,"Consultant, Neuromedicine",Chittagong,https://doctorsdirectory.com.bd/wp-content/uploads/2025/01/Dr.-Bipul-Kanti-Paul.jpg,https://doctorsdirectory.com.bd/add-doctor/dr-bipul-kanti-paul/,,
Dr. Soumitra Das,"MBBS, MD (Neurology)",Neuromedicine Specialist,General Hospital, Chittagong,"Junior Consultant, Neuromedicine",Chittagong,https://doctorsdirectory.com.bd/wp-content/uploads/2025/01/Dr.-Soumitra-Das.jpg,https://doctorsdirectory.com.bd/add-doctor/dr-soumitra-das/,
Prof. Dr. Suvash Ranjan Dey,"MBBS, DA (DU), MD (Neurology)",Neuromedicine Specialist,Chattogram Maa-O-Shishu Hospital Medical College,"Professor & Head, Neurology",Chittagong,https://doctorsdirectory.com.bd/wp-content/uploads/2025/01/Prof.-Dr.-Suvash-Ranjan-Dey.jpg,https://doctorsdirectory.com.bd/add-doctor/prof-dr-suvash-ranjan-dey/,,
Prof. Dr. Muhammad Ishaque,"MBBS, FCPS (Medicine), MD (Neurology)",Neuromedicine Specialist,General Hospital, Chittagong,"Former Head, Neuromedicine",Chittagong,https://doctorsdirectory.com.bd/wp-content/uploads/2025/01/Prof.-Dr.-Muhammad-Ishaque.jpg,https://doctorsdirectory.com.bd/add-doctor/prof-dr-muhammad-ishaque/,
Dr. Md. Faruk Ahmed,"MBBS, MS (Urology)",Urology Specialist & Surgeon,Chittagong Medical College & Hospital,"Assistant Professor, Urology",Chittagong,https://doctorsdirectory.com.bd/wp-content/uploads/2025/01/Dr.-Md.-Faruk Ahmed.jpg,https://doctorsdirectory.com.bd/add-doctor/dr-md-faruk-ahmed/,,
Dr. Mohammad Mostafa Monowar,"MBBS, MCPS, MD (Nephrology), FRCP, Fellow (ISN), FASN (USA)","Kidney Specialist, Interventional Nephrologist",Max Hospital & Diagnostic,"Consultant, Nephrology",Chittagong,https://doctorsdirectory.com.bd/wp-content/uploads/2025/01/Dr.-Mohammad-Mostafa-Monowar.jpg,https://doctorsdirectory.com.bd/add-doctor/dr-mohammad-mostafa-monowar/,,
Dr. Md. Main Uddin Mahmud,"MBBS (DMC), BCS, MD (Nephrology)",Kidney Diseases & Medicine Specialist,Chittagong Medical College & Hospital,"Registrar, Nephrology",Chittagong,https://doctorsdirectory.com.bd/wp-content/uploads/2025/01/Dr.-Md.-Main-Uddin-Mahmud.jpg,https://doctorsdirectory.com.bd/add-doctor/dr-md-main-uddin-mahmud/,,
Dr. Nur Nobi Bitu,"MBBS (DMC), BCS (Health), MD (Nephrology)",Kidney Diseases & Medicine Specialist,Chittagong Medical College & Hospital,"Assistant Professor, Nephrology",Chittagong,https://doctorsdirectory.com.bd/wp-content/uploads/2025/01/Dr.-Nur-Nobi-Bitu.jpg,https://doctorsdirectory.com.bd/add-doctor/dr-nur-nobi-bitu/,,
Dr. Kamrul Hasan,"MBBS (Dhaka), BCS (Health), MD (Nephrology)",Kidney Diseases Specialist,Chittagong Medical College & Hospital,"Assistant Professor, Nephrology",Chittagong,https://doctorsdirectory.com.bd/wp-content/uploads/2025/01/Dr.-Kamrul-Hasan-Kidney.jpg,https://doctorsdirectory.com.bd/add-doctor/dr-kamrul-hasan-kidney/,,
Dr. Muhammad Shofiur Rahman,"MBBS, MD (Nephrology)",Kidney Diseases & Medicine Specialist,Chittagong Medical College & Hospital,"Assistant Professor, Nephrology",Chittagong,https://doctorsdirectory.com.bd/wp-content/uploads/2025/01/Dr.-Muhammad-Shofiur-Rahman.jpg,https://doctorsdirectory.com.bd/add-doctor/dr-muhammad-shofiur-rahman/,,
Dr. Md. Nazibur Rahman Khokon,"MBBS, MCPS (Medicine), MD (Rheumatology), ECRD (Switzerland)","Rheumatology, Arthritis & Medicine Specialist",Parkview Hospital Ltd, Chittagong,"Consultant, Medicine",Chittagong,https://doctorsdirectory.com.bd/wp-content/uploads/2025/02/Dr.-Md.-Nazibur-Rahman-Khokon.jpg,https://doctorsdirectory.com.bd/add-doctor/dr-md-nazibur-rahman-khokon/,
Dr. Mohammed Badruddoza,"MBBS, FCPS (Surgery), MS (Neurosurgery)","Brain, Nerve, Spinal Cord & Tumor Specialist Surgeon",Bangabandhu Memorial Hospital, USTC, Chittagong,"Associate Professor, Neurosurgery",Chittagong,https://doctorsdirectory.com.bd/wp-content/uploads/2025/01/Dr.-Mohammed-Badruddoza.jpg,https://doctorsdirectory.com.bd/add-doctor/dr-mohammed-badruddoza/
Dr. Aminur Rahman Azad,"MBBS, MS (Neurosurgery)","Neurosurgery (Brain, Stroke, Spine Surgery) Specialist",Chittagong Medical College & Hospital,"Fellow Micro Neurosurgery (Japan), Fellow Endoscopy & Microscopy (Japan), Neurosurgery (Germany)",Chittagong,https://doctorsdirectory.com.bd/wp-content/uploads/2025/02/Dr.-Aminur-Rahman-Azad.jpg,https://doctorsdirectory.com.bd/add-doctor/dr-aminur-rahman-azad/,,
Dr. Md. Ibrahim Khalil,"MBBS, BCS (Health), MD (Neurology)",Neuromedicine Specialist,Chittagong Medical College & Hospital,"Assistant Professor, Neurology",Chittagong,https://doctorsdirectory.com.bd/wp-content/uploads/2025/01/Dr.-Md.-Ibrahim-Khalil.jpg,https://doctorsdirectory.com.bd/add-doctor/dr-md-ibrahim-khalil/,,
Dr. Mostafa Tarek Ullah,"MBBS (DMC), BCS (Health), MD (Neurology)",Neuromedicine Specialist,Chittagong Medical College & Hospital,"Consultant, Neurology",Chittagong,https://doctorsdirectory.com.bd/wp-content/uploads/2025/01/Dr.-Mostafa-Tarek-Ullah.jpg,https://doctorsdirectory.com.bd/add-doctor/dr-mostafa-tarek-ullah/,,
Dr. Md. Nasir Uddin,"MBBS (CU), MD (Neurology)","Brain, Nerve, Spine, Stroke & Neuromedicine Specialist",Chittagong Medical College & Hospital,"Assistant Professor, Neurology",Chittagong,https://doctorsdirectory.com.bd/wp-content/uploads/2025/01/Dr.-Md.-Nasir-Uddin.jpg,https://doctorsdirectory.com.bd/add-doctor/dr-md-nasir-uddin/,,
Dr. Muhammad Shafiul Azam,"MBBS, MD (Neurology)","Brain, Stroke, Nerve & Neuromedicine Specialist",Chittagong Medical College & Hospital,"Consultant, Neurology",Chittagong,https://doctorsdirectory.com.bd/wp-content/uploads/2025/01/Dr.-Muhammad-Shafiul-Azam.jpg,https://doctorsdirectory.com.bd/add-doctor/dr-muhammad-shafiul-azam/,,
Dr. S.M. Muazzem Hossain,"MBBS (DMC), BCS (Health), MD (Neurology)","Brain, Nerve, Stroke & Neuromedicine Specialist",Chittagong Medical College & Hospital,"Consultant, Neurology",Chittagong,https://doctorsdirectory.com.bd/wp-content/uploads/2025/01/Dr.-S.M.-Muazzem-Hossain.jpg,https://doctorsdirectory.com.bd/add-doctor/dr-s-m-muazzem-hossain/,,
Dr. Md. Nurul Absar Beg,"MBBS, BCS (Health), MD (Neurology)",Neuromedicine Specialist,Chittagong Medical College & Hospital,"Assistant Professor, Neurology",Chittagong,https://doctorsdirectory.com.bd/wp-content/uploads/2025/01/Dr.-Md.-Nurul-Absar-Beg.jpg,https://doctorsdirectory.com.bd/add-doctor/dr-md-nurul-absar-beg/,,
Dr. Atanu Saha,"MBBS, BCS (Health), MD (Neurology)",Neuromedicine Specialist,Chittagong Medical College & Hospital,"Assistant Professor, Neurology",Chittagong,https://doctorsdirectory.com.bd/wp-content/uploads/2025/01/Dr.-Atanu-Saha.jpg,https://doctorsdirectory.com.bd/add-doctor/dr-atanu-saha/,,
Dr. M.A. Shakoor,"MBBS, BCS (Health), MD (Internal Medicine), MD (Neurology)","Medicine, Brain & Neuromedicine Specialist",Chittagong Medical College & Hospital,"Assistant Professor, Neurology",Chittagong,https://doctorsdirectory.com.bd/wp-content/uploads/2025/01/Dr.-M.A.-Shakoor.jpg,https://doctorsdirectory.com.bd/add-doctor/dr-m-a-shakoor/,,
Prof. Dr. Mansurul Alam,"MBBS, MD (Dermatology)",Skin & Venereal Diseases Specialist,Chittagong Medical College & Hospital,"Professor & Head, Dermatology",Chittagong,https://doctorsdirectory.com.bd/wp-content/uploads/2025/01/Prof.-Dr.-Mansurul-Alam.jpg,https://doctorsdirectory.com.bd/add-doctor/prof-dr-mansurul-alam/,,
Dr. Md. Shaukat Hossain,"MBBS, MD (Dermatology)",Skin & Venereal Diseases Specialist,Chittagong Medical College & Hospital,"Associate Professor, Dermatology",Chittagong,https://doctorsdirectory.com.bd/wp-content/uploads/2025/01/Dr.-Md.-Shaukat-Hossain.jpg,https://doctorsdirectory.com.bd/add-doctor/dr-md-shaukat-hossain/,,
Dr. S.M. Ali Ahmed Nazmul,"MBBS, DDV",Skin & Venereal Diseases Specialist,Chittagong Medical College & Hospital,"Assistant Professor, Dermatology",Chittagong,https://doctorsdirectory.com.bd/wp-content/uploads/2025/01/Dr.-S.M.-Ali-Ahmed-Nazmul.jpg,https://doctorsdirectory.com.bd/add-doctor/dr-s-m-ali-ahmed-nazmul/,,
Dr. Rezwana Ahmed,"MBBS, DDV, MD (Dermatology)",Skin & Venereal Diseases Specialist,Chittagong Medical College & Hospital,"Consultant, Dermatology",Chittagong,https://doctorsdirectory.com.bd/wp-content/uploads/2025/01/Dr.-Rezwana-Ahmed.jpg,https://doctorsdirectory.com.bd/add-doctor/dr-rezwana-ahmed/,,
Dr. G.M. Moniruddin,"MBBS, MS (Neurosurgery)",Brain & Spine Surgeon,Chittagong Medical College & Hospital,"Assistant Professor, Neurosurgery",Chittagong,https://doctorsdirectory.com.bd/wp-content/uploads/2025/01/Dr.-G.M.-Moniruddin.jpg,https://doctorsdirectory.com.bd/add-doctor/dr-g-m-moniruddin/,,
Dr. S.M. Noble Kumar Barua,"MBBS, MS (Neurosurgery)","Brain, Spine & Nerve Surgeon",Chittagong Medical College & Hospital,"Assistant Professor, Neurosurgery",Chittagong,https://doctorsdirectory.com.bd/wp-content/uploads/2025/01/Dr.-S.M.-Noble-Kumar-Barua.jpg,https://doctorsdirectory.com.bd/add-doctor/dr-s-m-noble-kumar-barua/,,
Dr. Md. Saiful Alam,"MBBS, MS (Neurosurgery)","Brain, Nerve & Spine Specialist Surgeon",Chittagong Medical College & Hospital,"Associate Professor, Neurosurgery",Chittagong,https://doctorsdirectory.com.bd/wp-content/uploads/2025/01/Dr.-Md.-Saiful-Alam.jpg,https://doctorsdirectory.com.bd/add-doctor/dr-md-saiful-alam/,,
Prof. Dr. Md. Kamal Uddin,"MBBS, MS (Neurosurgery)","Brain, Nerve & Spine Surgeon",Chittagong Medical College & Hospital,"Professor & Head, Neurosurgery",Chittagong,https://doctorsdirectory.com.bd/wp-content/uploads/2025/01/Prof.-Dr.-Md.-Kamal-Uddin.jpg,https://doctorsdirectory.com.bd/add-doctor/prof-dr-md-kamal-uddin/,,
Dr. Md. Towhidul Alam,"MBBS, FCPS (Surgery), MS (Neurosurgery)","Brain, Nerve & Spine Specialist Surgeon",Chittagong Medical College & Hospital,"Consultant, Neurosurgery",Chittagong,https://doctorsdirectory.com.bd/wp-content/uploads/2025/01/Dr.-Md.-Towhidul-Alam.jpg,https://doctorsdirectory.com.bd/add-doctor/dr-md-towhidul-alam/,,
Dr. Mohammad Salahuddin Faruq,"MBBS, MS (Surgery), MS (Urology)",Urology Specialist & Surgeon,Chittagong Medical College & Hospital,"Associate Professor, Urology",Chittagong,https://doctorsdirectory.com.bd/wp-content/uploads/2025/01/Dr.-Mohammad-Salahuddin-Faruq.jpg,https://doctorsdirectory.com.bd/add-doctor/dr-mohammad-salahuddin-faruq/,,
Dr. Md. Nurul Absar,"MBBS, FCPS (Surgery), MS (Urology)","Urology (Kidney, Ureter, Bladder, Prostate) Specialist Surgeon",Chittagong Medical College & Hospital,"Consultant, Urology",Chittagong,https://doctorsdirectory.com.bd/wp-content/uploads/2025/01/Dr.-Md.-Nurul-Absar.jpg,https://doctorsdirectory.com.bd/add-doctor/dr-md-nurul-absar/,,
Dr. Mohammed Belayet Hossain,"MBBS, BCS (Health), MS (Urology)","Kidney, Ureter, Bladder & Prostate Specialist Surgeon",Chittagong Medical College & Hospital,"Consultant, Urology",Chittagong,https://doctorsdirectory.com.bd/wp-content/uploads/2025/01/Dr.-Mohammed-Belayet-Hossain.jpg,https://doctorsdirectory.com.bd/add-doctor/dr-mohammed-belayet-hossain/,,
Dr. Muhammad Shofique Ur Rahman,"MBBS, MS (Urology)",Urology Specialist & Surgeon,Chittagong Medical College & Hospital,"Assistant Professor, Urology",Chittagong,https://doctorsdirectory.com.bd/wp-content/uploads/2025/01/Dr.-Muhammad-Shofique-Ur-Rahman.jpg,https://doctorsdirectory.com.bd/add-doctor/dr-muhammad-shofique-ur-rahman/,,
Dr. Md. Abdul Mobin,"MBBS, BCS (Health), FCPS (Surgery), MS (Urology)",Urologist & Surgeon,Chittagong Medical College & Hospital,"Assistant Professor, Urology",Chittagong,https://doctorsdirectory.com.bd/wp-content/uploads/2025/01/Dr.-Md.-Abdul-Mobin.jpg,https://doctorsdirectory.com.bd/add-doctor/dr-md-abdul-mobin/,,
Dr. Md. Manzurul Hoque,"MBBS, MS (Urology)",Urology Specialist & Surgeon,Chittagong Medical College & Hospital,"Assistant Professor, Urology",Chittagong,https://doctorsdirectory.com.bd/wp-content/uploads/2025/01/Dr.-Md.-Manzurul-Hoque.jpg,https://doctorsdirectory.com.bd/add-doctor/dr-md-manzurul-hoque/,,
Dr. Kamrul Hasan,"MBBS (Dhaka), BCS (Health), MD (Urology)",Urology Specialist & Surgeon,Chittagong Medical College & Hospital,"Assistant Professor, Urology",Chittagong,https://doctorsdirectory.com.bd/wp-content/uploads/2025/01/Dr.-Kamrul-Hasan.jpg,https://doctorsdirectory.com.bd/add-doctor/dr-kamrul-hasan/,,
Dr. Mohammed Sanaullah Shetu,"MBBS, MS (Urology)","Urology (Kidney, Ureter, Bladder, Prostate) Surgeon",Chittagong Medical College & Hospital,"Assistant Professor, Urology",Chittagong,https://doctorsdirectory.com.bd/wp-content/uploads/2025/01/Dr.-Mohammed-Sanaullah-Shetu.jpg,https://doctorsdirectory.com.bd/add-doctor/dr-mohammed-sanaullah-shetu/,,
Dr. Mohammad Saiful Hoque,"MBBS, FCPS (Medicine), MD (Cardiology)",Cardiology & Medicine Specialist,Chittagong Medical College & Hospital,"Assistant Professor, Cardiology",Chittagong,https://doctorsdirectory.com.bd/wp-content/uploads/2025/01/Dr.-Mohammad-Saiful-Hoque.jpg,https://doctorsdirectory.com.bd/add-doctor/dr-mohammad-saiful-hoque/,,
Dr. Abu Tarek Iqbal,"MBBS, FCPS (Medicine), MD (Cardiology)",Cardiology & Medicine Specialist,Chittagong Medical College & Hospital,"Associate Professor, Cardiology",Chittagong,https://doctorsdirectory.com.bd/wp-content/uploads/2025/01/Dr.-Abu-Tarek-Iqbal.jpg,https://doctorsdirectory.com.bd/add-doctor/dr-abu-tarek-iqbal/,,
Dr. Md. Ibrahim Chowdhury,"MBBS, FCPS (Medicine), MD (Cardiology)","Cardiology, Rheumatic Fever & Medicine Specialist",Chittagong Medical College & Hospital,"Associate Professor, Cardiology",Chittagong,https://doctorsdirectory.com.bd/wp-content/uploads/2025/01/Dr.-Md.-Ibrahim-Chowdhury.jpg,https://doctorsdirectory.com.bd/add-doctor/dr-md-ibrahim-chowdhury/,,
Dr. Ashish Dey,"MBBS, FCPS (Medicine), MD (Cardiology)",Cardiology & Medicine Specialist,Chittagong Medical College & Hospital,"Assistant Professor, Cardiology",Chittagong,https://doctorsdirectory.com.bd/wp-content/uploads/2025/01/Dr.-Ashish-Dey.jpg,https://doctorsdirectory.com.bd/add-doctor/dr-ashish-dey/,,
Dr. Prabir Kumar Das,"MBBS, FCPS (Medicine), MD (Cardiology)",Cardiology & Medicine Specialist,Chittagong Medical College & Hospital,"Associate Professor, Cardiology",Chittagong,https://doctorsdirectory.com.bd/wp-content/uploads/2025/01/Dr.-Prabir-Kumar-Das.jpg,https://doctorsdirectory.com.bd/add-doctor/dr-prabir-kumar-das/,,
Prof. Dr. Mohammad Ibrahim,"MBBS, FCPS (Medicine), MD (Cardiology)",Cardiology & Medicine Specialist,Chittagong Medical College & Hospital,"Professor & Head, Cardiology",Chittagong,https://doctorsdirectory.com.bd/wp-content/uploads/2025/01/Prof.-Dr.-Mohammad-Ibrahim.jpg,https://doctorsdirectory.com.bd/add-doctor/prof-dr-mohammad-ibrahim/,,
Dr. Md. Arifur Rahman,"MBBS, D-CARD, MD (Cardiology)",Cardiology & Rheumatic Fever Specialist,Chittagong Medical College & Hospital,"Consultant, Cardiology",Chittagong,https://doctorsdirectory.com.bd/wp-content/uploads/2025/01/Dr.-Arifur-Rahman.jpg,https://doctorsdirectory.com.bd/add-doctor/dr-md-arifur-rahman/,,
Dr. S.M. Miftahul Alam,"MBBS (CU), BCS (Health), MD (Gastroenterology)","Gastrointestinal, Liver, Pancreas & Biliary Specialist",Chittagong Medical College & Hospital,"Consultant, Gastroenterology",Chittagong,https://doctorsdirectory.com.bd/wp-content/uploads/2025/01/Dr.-S.M.-Miftahul-Alam.jpg,https://doctorsdirectory.com.bd/add-doctor/dr-s-m-miftahul-alam/,,
Dr. Binoy Paul,"MBBS, MD (Gastroenterology)","Gastrointestinal, Liver, Pancreas & Biliary Specialist",Chittagong Medical College & Hospital,"Assistant Professor, Gastroenterology",Chittagong,https://doctorsdirectory.com.bd/wp-content/uploads/2025/01/Dr.-Binoy-Paul.jpg,https://doctorsdirectory.com.bd/add-doctor/dr-binoy-paul/,,
Dr. Alak Kumar Raha,"MBBS, MCPS (Medicine), MD (Hepatology)",Liver & Medicine Specialist,Chittagong Medical College & Hospital,"Associate Professor & Head, Hepatology",Chittagong,https://doctorsdirectory.com.bd/wp-content/uploads/2025/01/Dr.-Alak-Kumar-Raha.jpg,https://doctorsdirectory.com.bd/add-doctor/dr-alak-kumar-raha/,,
Dr. Aloke Kumar Raha,"MBBS (Dhaka), MCPS (Medicine), MD (Hepatology)",Liver Diseases Specialist,Chittagong Medical College & Hospital,"Associate Professor & Head, Hepatology",Chittagong,https://doctorsdirectory.com.bd/wp-content/uploads/2025/02/Dr.-Aloke-Kumar-Raha.jpg,https://doctorsdirectory.com.bd/add-doctor/dr-aloke-kumar-raha/,,
Dr. Sumit Ranjan Paul,"MBBS, BCS (Health), MD (Nephrology)",Kidney Diseases & Medicine Specialist,Chittagong Medical College & Hospital,"Assistant Professor, Nephrology",Chittagong,https://doctorsdirectory.com.bd/wp-content/uploads/2025/01/Dr.-Sumit-Ranjan-Paul.jpg,https://doctorsdirectory.com.bd/add-doctor/dr-sumit-ranjan-paul/,,
Dr. Md. Nurul Absar Beg,"MBBS, BCS (Health), MD (Nephrology)",Kidney Diseases & Medicine Specialist,Chittagong Medical College & Hospital,"Assistant Professor, Nephrology",Chittagong,https://doctorsdirectory.com.bd/wp-content/uploads/2025/01/Dr.-Md.-Nurul-Absar-Beg-Kidney.jpg,https://doctorsdirectory.com.bd/add-doctor/dr-md-nurul-absar-beg-kidney/,,
Prof. Dr. Md. Enayet Karim,"MBBS, MD (Nephrology)",Kidney Diseases Specialist,Chittagong Medical College & Hospital,"Professor & Head, Nephrology",Chittagong,https://doctorsdirectory.com.bd/wp-content/uploads/2025/01/Prof.-Dr.-Md.-Enayet-Karim.jpg,https://doctorsdirectory.com.bd/add-doctor/prof-dr-md-enayet-karim/,,
Dr. K.M. Faisal,"MBBS (DMC), BCS (Health), MD (Nephrology)","Kidney, High Blood Pressure & Medicine Specialist",Chittagong Medical College & Hospital,"Consultant, Nephrology",Chittagong,https://doctorsdirectory.com.bd/wp-content/uploads/2025/01/Dr.-K.M.-Faisal.jpg,https://doctorsdirectory.com.bd/add-doctor/dr-k-m-faisal/,,
Dr. Kamrul Hasan,"MBBS (Dhaka), BCS (Health), MD (Endocrinology)","Diabetes, Thyroid & Hormone Specialist",Chittagong Medical College & Hospital,"Assistant Professor & Head, Endocrinology",Chittagong,https://doctorsdirectory.com.bd/wp-content/uploads/2025/01/Dr.-Kamrul-Hasan-Endo.jpg,https://doctorsdirectory.com.bd/add-doctor/dr-kamrul-hasan-endo/,,
Dr. Farhana Akter,"MBBS, FCPS (Medicine), MD (Endocrinology)","Diabetes, Thyroid & Hormone Specialist",Chittagong Medical College & Hospital,"Assistant Professor, Endocrinology",Chittagong,https://doctorsdirectory.com.bd/wp-content/uploads/2025/01/Dr.-Farhana-Akter.jpg,https://doctorsdirectory.com.bd/add-doctor/dr-farhana-akter/,,
Dr. Shahryar Ahmed Milan,"MBBS, BCS (Health), DEM (BIRDEM)","Endocrinology (Diabetes, Thyroid & Hormonal Diseases) Specialist",Chittagong Medical College & Hospital,"Assistant Professor, Endocrinology",Chittagong,https://doctorsdirectory.com.bd/wp-content/uploads/2025/02/Dr.-Shahryar-Ahmed-Milan.jpg,https://doctorsdirectory.com.bd/add-doctor/dr-shahryar-ahmed-milan/,,
Dr. Md. Nazmul Haque Talukdar,"MBBS, MD (Chest Disease)","Chest, Asthma, COPD, Tuberculosis Specialist",Chittagong Medical College & Hospital,"Assistant Professor, Pulmonology",Chittagong,https://doctorsdirectory.com.bd/wp-content/uploads/2025/01/Dr.-Md.-Nazmul-Haque-Talukdar.jpg,https://doctorsdirectory.com.bd/add-doctor/dr-md-nazmul-haque-talukdar/,,
Dr. Muniruddin Ahmed,"MBBS (CU), FCPS (Medicine)","Medicine, Diabetes & Hormone Specialist",Cox’s Bazar Medical College & Hospital,"Assistant Professor, Medicine",Chittagong,https://doctorsdirectory.com.bd/wp-content/uploads/2025/01/Dr.-Muniruddin-Ahmed.jpg,https://doctorsdirectory.com.bd/add-doctor/dr-muniruddin-ahmed/,,
Dr. Md. Tareq-Ul-Kader,"MBBS, BCS, FCPS (Medicine)","Medicine, Diabetologist & Rheumatology Specialist",Chattogram Maa-O-Shishu Hospital Medical College,"Registrar, Medicine",Chittagong,https://doctorsdirectory.com.bd/wp-content/uploads/2025/01/Dr.-Md.-Tareq-Ul-Kader.jpg,https://doctorsdirectory.com.bd/add-doctor/dr-md-tareq-ul-kader/,,
Dr. A Z M Sakhawat Hossain,"MBBS, BCS (Health), MCPS (Medicine), FCPS (Medicine), FRCP (UK)",Medicine Specialist,Marine City Medical College & Hospital,"Associate Professor, Medicine",Chittagong,https://doctorsdirectory.com.bd/wp-content/uploads/2025/01/Dr.-A-Z-M-Sakhawat-Hossain.jpg,https://doctorsdirectory.com.bd/add-doctor/dr-a-z-m-sakhawat-hossain/,,
Dr. M.A. Hassan Chowdhury,"MBBS, FCPS, FRCP (Edin), FACP (USA)",Medicine Specialist,Chittagong Medical College & Hospital,"Professor, Department of Medicine",Chittagong,https://doctorsdirectory.com.bd/wp-content/uploads/2025/01/Dr.-M.A.-Hassan-Chowdhury.jpg,https://doctorsdirectory.com.bd/add-doctor/dr-m-a-hassan-chowdhury/,,
Dr. Abul Fazal Muhammad Nazimuddin,"MBBS, FCPS (Medicine)",Medicine Specialist,Chattogram Maa-O-Shishu Hospital Medical College,"Associate Professor, Medicine",Chittagong,https://doctorsdirectory.com.bd/wp-content/uploads/2025/01/Dr.-A.-F.-M.-Nazimuddin.jpg,https://doctorsdirectory.com.bd/add-doctor/dr-abul-fazal-muhammad-nazimuddin/,,
Dr. Md. Abu Taher,"MBBS, FCPS (Medicine)",Medicine Specialist,Max Hospital & Diagnostic,"Consultant, Medicine",Chittagong,https://doctorsdirectory.com.bd/wp-content/uploads/2025/01/Dr.-Md.-Abu-Taher.jpg,https://doctorsdirectory.com.bd/add-doctor/dr-md-abu-taher/,,
Dr. Md. Saiful Huq,"MBBS (DMC), BCS (Health), MRCP (UK)",Medicine & Diabetes Specialist,Chittagong Medical College & Hospital,"Consultant, Medicine",Chittagong,https://doctorsdirectory.com.bd/wp-content/uploads/2025/01/Dr.-Md.-Saiful-Huq.jpg,https://doctorsdirectory.com.bd/add-doctor/dr-md-saiful-huq/,,
Prof. Dr. Mizanur Rahman,"MBBS, MCPS (Medicine), MD (Medicine)",Medicine Specialist,Chattogram Maa-O-Shishu Hospital Medical College,"Professor, Medicine",Chittagong,https://doctorsdirectory.com.bd/wp-content/uploads/2025/01/Prof.-Dr.-Mizanur-Rahman.jpg,https://doctorsdirectory.com.bd/add-doctor/prof-dr-mizanur-rahman/,,
Dr. Abanti Deb Nath,"MBBS (DU), BCS (Health), FCPS (Medicine)",Medicine & Neuromedicine Specialist,Chittagong Medical College & Hospital,"Assistant Professor, Medicine",Chittagong,https://doctorsdirectory.com.bd/wp-content/uploads/2025/01/Dr.-Abanti-Deb-Nath.jpg,https://doctorsdirectory.com.bd/add-doctor/dr-abanti-deb-nath/,,
Dr. F.M.A. Zahid,"MBBS, MCPS, FCPS (Medicine)","Medicine, Diabetology & Neuromedicine Specialist",Chittagong Medical College & Hospital,"Assistant Professor, Medicine",Chittagong,https://doctorsdirectory.com.bd/wp-content/uploads/2025/01/Dr.-F.M.A.-Zahid.jpg,https://doctorsdirectory.com.bd/add-doctor/dr-f-m-a-chid/,,
Prof. Dr. Emran Bin Yunus,"MBBS (Dhaka), FCPS (Medicine), MACP (USA), FACP (USA)",Medicine & Nephrology Specialist,Chittagong Medical College & Hospital,"Former Professor, Nephrology",Chittagong,https://doctorsdirectory.com.bd/wp-content/uploads/2025/01/Prof.-Dr.-Emran-Bin-Yunus.jpg,https://doctorsdirectory.com.bd/add-doctor/prof-dr-emran-bin-yunus/,,
Dr. Kafil Uddin,"MBBS (DMC), BCS (Health), FCPS (Medicine)","Medicine Specialist, Diabetologist & Rheumatologist",Dhaka Medical College & Hospital,"Assistant Professor, Medicine",Chittagong,https://doctorsdirectory.com.bd/wp-content/uploads/2025/01/Dr.-Kafil-Uddin.jpg,https://doctorsdirectory.com.bd/add-doctor/dr-kafil-uddin/,,
Dr. Arup Ratan Das,"MBBS (DMC), BCS (Health), FCPS (Medicine), MCPS (Medicine)",Medicine Specialist,Chittagong Medical College & Hospital,"Consultant, Medicine",Chittagong,https://doctorsdirectory.com.bd/wp-content/uploads/2025/01/Dr.-Arup-Ratan-Das.jpg,https://doctorsdirectory.com.bd/add-doctor/dr-arup-ratan-das/,,
Dr. Abu Sayeed,"MBBS, BCS (Health), MD (Internal Medicine)",Medicine Specialist,Chittagong Medical College & Hospital,"Consultant, Medicine",Chittagong,https://doctorsdirectory.com.bd/wp-content/uploads/2025/01/Dr.-Abu-Sayeed.jpg,https://doctorsdirectory.com.bd/add-doctor/dr-abu-sayeed/,,
Dr. Mohammad Moinul Islam,"MBBS, BCS (Health), MCPS, FCPS (Medicine)",Medicine Specialist,Chittagong Medical College & Hospital,"Consultant, Medicine",Chittagong,https://doctorsdirectory.com.bd/wp-content/uploads/2025/01/Dr.-Mohammad-Moinul-Islam.jpg,https://doctorsdirectory.com.bd/add-doctor/dr-mohammad-moinul-islam/,,
Dr. Farhana Halim,"MBBS (SSMC), BCS (Health), FCPS (Medicine), MACP (USA)",Medicine Specialist,Chittagong Medical College & Hospital,"Consultant, Medicine",Chittagong,https://doctorsdirectory.com.bd/wp-content/uploads/2025/01/Dr.-Farhana-Halim.jpg,https://doctorsdirectory.com.bd/add-doctor/dr-farhana-halim/,,
Dr. A N M Ashik-E-Elahi,"MBBS (CMC), BCS (Health), FCPS (Medicine)",Medicine Specialist,Marine City Medical College & Hospital,"Assistant Professor, Medicine",Chittagong,https://doctorsdirectory.com.bd/wp-content/uploads/2025/01/Dr.-A-N-M-Ashik-E-Elahi.jpg,https://doctorsdirectory.com.bd/add-doctor/dr-a-n-m-ashik-e-elahi/,,
Dr. M. S. Chowdhury,"MBBS, BCS (Health), PGT (Medicine), CMU (Ultrasound)",Medicine Specialist,Max Hospital & Diagnostic,"Consultant, Medicine",Chittagong,https://doctorsdirectory.com.bd/wp-content/uploads/2025/01/Dr.-M.-S.-Chowdhury.jpg,https://doctorsdirectory.com.bd/add-doctor/dr-m-s-chowdhury/,,
Dr. Mohammed Maksudul Karim,"MBBS, BCS (Health), FCPS (Medicine), MCPS (Medicine)",Medicine Specialist,Chittagong Medical College & Hospital,"Consultant, Medicine",Chittagong,https://doctorsdirectory.com.bd/wp-content/uploads/2025/02/Dr.-Mohammed-Maksudul-Karim.jpg,https://doctorsdirectory.com.bd/add-doctor/dr-mohammed-maksudul-karim/,,
Dr. M. A. Yousuf Chowdhury,"MBBS, BCS (Health), MD (Internal Medicine), Fellow in Diabetology (BIRDEM)",Medicine & Diabetes Specialist,Chittagong Medical College & Hospital,"Associate Professor, Medicine",Chittagong,https://doctorsdirectory.com.bd/wp-content/uploads/2025/02/Dr.-MA-Yousuf-Chowdhury.jpg,https://doctorsdirectory.com.bd/add-doctor/dr-m-a-yousuf-chowdhury/,,
Dr. Prasenjit Barua,"MBBS, FCPS (Medicine), MACP (USA)",Medicine & Diabetes Specialist,Chittagong Medical College & Hospital,Fellowship Training in Gastroenterology & Liver Diseases,Chittagong,https://doctorsdirectory.com.bd/wp-content/uploads/2025/02/Dr.-Prasenjit-Barua.jpg,https://doctorsdirectory.com.bd/add-doctor/dr-prasenjit-barua/,,
Dr. Mohammed Rashed Mirjada,"MBBS, FCPS (Medicine)",Medicine Specialist,Chittagong Medical College & Hospital,"Associate Professor, Medicine",Chittagong,https://doctorsdirectory.com.bd/wp-content/uploads/2025/02/Dr.-Rashed-Mirjada.jpg,https://doctorsdirectory.com.bd/add-doctor/dr-mohammed-rashed-mirjada/,,
Dr. Mirza Nurul Karim,"MBBS, FCPS (Medicine)","Medicine, Diabetes, Rheumatology & Chest Disease Specialist",Chittagong Medical College & Hospital,"Assistant Professor, Department of Medicine",Chittagong,https://doctorsdirectory.com.bd/wp-content/uploads/2025/02/Dr.-Mirza-Nurul-Karim.jpg,https://doctorsdirectory.com.bd/add-doctor/dr-mirza-nurul-karim/,,
Dr. Sumon Das,"MBBS (CMC), BCS (Health), MCPS, FCPS (ENT)",Ear Nose Throat Specialist & Head Neck Surgeon,Chittagong Medical College & Hospital,"Consultant, ENT",Chittagong,https://doctorsdirectory.com.bd/wp-content/uploads/2025/01/Dr.-Sumon-Das.jpg,https://doctorsdirectory.com.bd/add-doctor/dr-sumon-das/,,
Dr. A T M Moinuddin,"MBBS, DLO, MCPS (ENT)","Ear, Nose, Throat Specialist & Surgeon",Feni Clinic, Feni,"Consultant, ENT",Chittagong,https://doctorsdirectory.com.bd/wp-content/uploads/2025/01/Dr.-A-T-M-Moinuddin.jpg,https://doctorsdirectory.com.bd/add-doctor/dr-a-t-m-moinuddin/,
Dr. Mohammad Mohiuddin,"MBBS, BCS (Health), FCPS (ENT)",Ear Nose Throat Specialist & Head Neck Surgeon,Chittagong Medical College & Hospital,"Resident Surgeon, ENT",Chittagong,https://doctorsdirectory.com.bd/wp-content/uploads/2025/01/Dr.-Mohammad-Mohiuddin.jpg,https://doctorsdirectory.com.bd/add-doctor/dr-mohammad-moiuddin/,,
Dr. Shakhawat Hossain,"MBBS, BCS (Health), FCPS (ENT)",Ear Nose Throat Specialist & Head Neck Surgeon,Chittagong Medical College & Hospital,"Consultant, ENT",Chittagong,https://doctorsdirectory.com.bd/wp-content/uploads/2025/01/Dr.-Shakhawat-Hossain.jpg,https://doctorsdirectory.com.bd/add-doctor/dr-shakhawat-hossain-ctg/,,
Prof. Dr. Ahmed Sharif,"MBBS, MS (ENT)","ENT (Ear, Nose, Throat) Specialist & Head Neck Surgeon",Chittagong Medical College & Hospital,"Professor & Head, ENT & HNS Department",Chittagong,https://doctorsdirectory.com.bd/wp-content/uploads/2025/02/Prof.-Dr.-Ahmed-Sharif.jpg,https://doctorsdirectory.com.bd/add-doctor/prof-dr-ahmed-sharif/,,
Dr. Ashfaq Ahmad,"MBBS, FCPS (ENT)","ENT (Ear, Nose, Throat) Specialist & Head Neck Surgeon",Chittagong Medical College & Hospital,"Associate Professor, ENT",Chittagong,https://doctorsdirectory.com.bd/wp-content/uploads/2025/02/Dr.-Ashfaq-Ahmad.jpg,https://doctorsdirectory.com.bd/add-doctor/dr-ashfaq-ahmad/,,
Dr. Md. Minhajul Haque,"MBBS, BCS (Health), FCPS (ENT)","Ear, Nose, Throat Specialist & Head Neck Surgeon",Chittagong General Hospital,"Medical Officer, ENT",Chittagong,https://doctorsdirectory.com.bd/wp-content/uploads/2025/02/Dr.-Md.-Minhajul-Haque.jpg,https://doctorsdirectory.com.bd/add-doctor/dr-md-minhajul-haque/,,
Dr. Mohammad Emran,"MBBS, BCS (Health), DLO (BSMMU)","ENT (Ear, Nose, Throat) Specialist & Head Neck Surgeon",Chittagong Medical College & Hospital,"Consultant, ENT",Chittagong,https://doctorsdirectory.com.bd/wp-content/uploads/2025/02/Dr.-Mohammad-Emran.jpg,https://doctorsdirectory.com.bd/add-doctor/dr-mohammad-emran/,,
Dr. Sheikh Shawkat Kamal,"MBBS, FCPS (ENT)","Ear, Nose, Throat Specialist & Head Neck Surgeon",Surgiscope Hospital, Chittagong,,Chittagong,https://doctorsdirectory.com.bd/wp-content/uploads/2025/02/Dr.-Sheikh-Shawkat-Kamal.jpg,https://doctorsdirectory.com.bd/add-doctor/dr-sheikh-shawkat-kamal/,
Dr. Didarul Islam,"MBBS, BCS (Health), MD (Hepatology)","Liver, Gastrointestinal & Medicine Specialist",Chittagong Medical College & Hospital,"Assistant Professor, Hepatology",Chittagong,https://doctorsdirectory.com.bd/wp-content/uploads/2025/01/Dr.-Didarul-Islam.jpg,https://doctorsdirectory.com.bd/add-doctor/dr-didarul-islam/,,
Dr. Rokshana Hoque,"MBBS, DGO, MCPS (OBGYN)",Gynecologist & Surgeon,Chevron Clinical Laboratory, Chittagong,"Consultant, Gynecology",Chittagong,https://doctorsdirectory.com.bd/wp-content/uploads/2025/01/Dr.-Rokshana-Hoque.jpg,https://doctorsdirectory.com.bd/add-doctor/dr-rokshana-hoque/,
Dr. Farhana Mahmud Siddiqui,"MBBS, BCS (Health), DGO, FCPS (OBGYN)",Gynecologist & Surgeon,Chittagong Medical College & Hospital,"Consultant, Gynecology",Chittagong,https://doctorsdirectory.com.bd/wp-content/uploads/2025/01/Dr.-Farhana-Mahmud-Siddiqui.jpg,https://doctorsdirectory.com.bd/add-doctor/dr-farhana-mahmud-siddiqui/,,
Dr. Zarin Nawar,"MBBS, BCS (Health), FCPS (OBGYN)",Gynecologist & Surgeon,Feni General Hospital,"Consultant, Gynecology",Chittagong,https://doctorsdirectory.com.bd/wp-content/uploads/2025/01/Dr.-Zarin-Nawar.jpg,https://doctorsdirectory.com.bd/add-doctor/dr-zarin-nawar/,,
Dr. Sumaiya Binte Jalil,"MBBS, BCS (Health), FCPS (OBGYN)",Gynecologist & Surgeon,Feni General Hospital,"Consultant, Gynecology",Chittagong,https://doctorsdirectory.com.bd/wp-content/uploads/2025/01/Dr.-Sumaiya-Binte-Jalil.jpg,https://doctorsdirectory.com.bd/add-doctor/dr-sumaiya-binte-jalil/,,
Dr. Kamrunnessa Runa,"MBBS (DMC), BCS (Health), FCPS (OBGYN)",Gynecologist & Surgeon,General Hospital, Chittagong,"Consultant, Gynecology",Chittagong,https://doctorsdirectory.com.bd/wp-content/uploads/2025/01/Dr.-Kamrunnessa-Runa.jpg,https://doctorsdirectory.com.bd/add-doctor/dr-kamrunnessa-runa/,
Dr. Suraiya Akter,"MBBS, DGO, MCPS (OBGYN)",Gynecologist & Surgeon,Feni District Hospital,"Consultant, Gynecology",Chittagong,https://doctorsdirectory.com.bd/wp-content/uploads/2025/01/Dr.-Suraiya-Akter.jpg,https://doctorsdirectory.com.bd/add-doctor/dr-suraiya-akter/,,
Dr. Nazia Huq,"MBBS (Dhaka), MCPS (OBGYN), DGO, FCPS (OBGYN)",Gynecologist & Surgeon,General Hospital, Chittagong,"Consultant, Gynecology & Obstetrics",Chittagong,https://doctorsdirectory.com.bd/wp-content/uploads/2025/01/Dr.-Nazia-Huq.jpg,https://doctorsdirectory.com.bd/add-doctor/dr-nazia-huq/,
Dr. Nusrat Jahan (Zenia),"MBBS, DGO, MCPS (OBGYN)","Gynecologist, Surgeon & Infertility Specialist",BGC Trust Medical College & Hospital,"Consultant, Gynecology",Chittagong,https://doctorsdirectory.com.bd/wp-content/uploads/2025/01/Dr.-Nusrat-Jahan-Zenia.jpg,https://doctorsdirectory.com.bd/add-doctor/dr-nusrat-jahan-zenia/,,
Dr. Saima Shah Alam,"MBBS (SSMC), BCS (Health), FCPS (OBGYN)",Gynecologist & Surgeon,Chittagong Medical College & Hospital,"Consultant, Gynecology & Obstetrics",Chittagong,https://doctorsdirectory.com.bd/wp-content/uploads/2025/01/Dr.-Saima-Shah-Alam.jpg,https://doctorsdirectory.com.bd/add-doctor/dr-saima-shah-alam/,,
Dr. Mursheda Yesmin,"MBBS (CMC), BCS (Health), FCPS (OBGYN)","Gynecologist, Surgeon & Infertility Specialist",Cox’s Bazar Medical College & Hospital,"Consultant, Gynecology & Obstetrics",Chittagong,https://doctorsdirectory.com.bd/wp-content/uploads/2025/01/Dr.-Mursheda-Yesmin.jpg,https://doctorsdirectory.com.bd/add-doctor/dr-mursheda-yesmin/,,
Dr. Shajeda Begum,"MBBS, BCS (Health), DGO, FCPS (OBGYN)",Gynecologist & Surgeon,Chittagong Medical College & Hospital,"Consultant, Gynecology & Obstetrics",Chittagong,https://doctorsdirectory.com.bd/wp-content/uploads/2025/01/Dr.-Shajeda-Begum.jpg,https://doctorsdirectory.com.bd/add-doctor/dr-shajeda-begum/,,
Dr. Kamrun Nahar Lima,"MBBS, BCS (Health), DGO, MCPS (OBGYN), FCPS (OBGYN)",Gynecologist & Laparoscopic Surgeon,Chittagong Medical College & Hospital,"Consultant, Gynecology & Obstetrics",Chittagong,https://doctorsdirectory.com.bd/wp-content/uploads/2025/01/Dr.-Kamrun-Nahar-Lima.jpg,https://doctorsdirectory.com.bd/add-doctor/dr-kamrun-nahar-lima/,,
Dr. Tahmina Yeasmin Rozy,"MBBS, BCS (Health), FCPS (OBGYN)",Gynecologist & Surgeon,Chittagong Medical College & Hospital,"Consultant, Gynecology & Obstetrics",Chittagong,https://doctorsdirectory.com.bd/wp-content/uploads/2025/01/Dr.-Tahmina-Yeasmin-Rozy.jpg,https://doctorsdirectory.com.bd/add-doctor/dr-tahmina-yeasmin-rozy/,,
Dr. Sanchita Das,"MBBS, BCS (Health), FCPS (OBGYN)",Gynecologist & Surgeon,General Hospital, Chittagong,"Consultant, Gynecology",Chittagong,https://doctorsdirectory.com.bd/wp-content/uploads/2025/01/Dr.-Sanchita-Das.jpg,https://doctorsdirectory.com.bd/add-doctor/dr-sanchita-das/,
Dr. Hasina Akhter,"MBBS, BCS (Health), MCPS, FCPS (OBGYN)",Gynecologist & Surgeon,Chittagong Medical College & Hospital,"Consultant, Gynecology & Obstetrics",Chittagong,https://doctorsdirectory.com.bd/wp-content/uploads/2025/01/Dr.-Hasina-Akhter-1.jpg,https://doctorsdirectory.com.bd/add-doctor/dr-hasina-akter-ctg/,,
Dr. Tahrima Khanom,"MBBS, BCS (Health), FCPS (OBGYN), MRCOG (London)","Gynecology, Obstetrics Specialist & Surgeon",Chittagong Medical College & Hospital,"Consultant, Gynecology & Obstetrics",Chittagong,https://doctorsdirectory.com.bd/wp-content/uploads/2025/01/Dr.-Tahrima-Khanom.jpg,https://doctorsdirectory.com.bd/add-doctor/dr-tahrima-khanom/,,
Dr. Fahmida Islam Chowdhury,"MBBS, BCS (Health), FCPS (OBGYN)",Gynecologist & Surgeon,Chittagong Medical College & Hospital,"Assistant Professor, Gynecology & Obstetrics",Chittagong,https://doctorsdirectory.com.bd/wp-content/uploads/2025/01/Dr.-Fahmida-Islam-Chowdhury.jpg,https://doctorsdirectory.com.bd/add-doctor/dr-fahmida-islam-chowdhury/,,
Dr. Syeda Nur-A-Lina,"MBBS (DU), FCPS (OBGYN), MRCOG (UK)",Gynecology & Obstetrics Specialist,Chattogram Maa-O-Shishu Hospital Medical College,"Assistant Professor, Gynecology & Obstetrics",Chittagong,https://doctorsdirectory.com.bd/wp-content/uploads/2025/01/Dr.-Syeda-Nur-A-Lina.jpg,https://doctorsdirectory.com.bd/add-doctor/dr-syeda-nur-a-lina/,,
Dr. Zinat Maruf,"MBBS, FCPS (Obs & Gynae)",Gynecologist & Surgeon,Chittagong Medical College & Hospital,"Assistant Professor, Gynecology & Obstetrics",Chittagong,https://doctorsdirectory.com.bd/wp-content/uploads/2025/01/Dr.-Zinat-Maruf.jpg,https://doctorsdirectory.com.bd/add-doctor/dr-zinat-maruf/,,
Dr. Rubina Yasmin,"MBBS, MCPS (OBGYN), DGO, FCPS (OBGYN)",Gynecologist & Surgeon,Chittagong Medical College & Hospital,"Associate Professor, Gynecology & Obstetrics",Chittagong,https://doctorsdirectory.com.bd/wp-content/uploads/2025/01/Dr.-Rubina-Yasmin.jpg,https://doctorsdirectory.com.bd/add-doctor/dr-rubina-yasmin/,,
Dr. Nigar Sultana,"MBBS, FCPS (OBGYN), MS (OBGYN)",Gynecologist & Surgeon,BGC Trust Medical College & Hospital,"Assistant Professor, Gynecology & Obstetrics",Chittagong,https://doctorsdirectory.com.bd/wp-content/uploads/2025/01/Dr.-Nigar-Sultana.jpg,https://doctorsdirectory.com.bd/add-doctor/dr-nigar-sultana/,,
Dr. Farhana Yasmeen,"MBBS (CU), FCPS (Obs & Gynae)",Gynecologist & Surgeon,BGC Trust Medical College & Hospital,"Assistant Professor, Gynecology & Obstetrics",Chittagong,https://doctorsdirectory.com.bd/wp-content/uploads/2025/01/Dr.-Farhana-Yasmeen.jpg,https://doctorsdirectory.com.bd/add-doctor/dr-farhana-yasmeen/,,
Dr. Masuda Novera,"MBBS, BCS (Health), FCPS (OBGYN)",Gynecologist & Surgeon,Health View Maternity & Child Hospital, Chittagong,"Consultant, Gynecology & Obstetrics",Chittagong,https://doctorsdirectory.com.bd/wp-content/uploads/2025/01/Dr.-Masuda-Novera.jpg,https://doctorsdirectory.com.bd/add-doctor/dr-masuda-novera/,
Prof. Dr. Hasina Akhter,"MBBS, MCPS, FCPS (OBGYN)",Gynecologist & Surgeon,BGC Trust Medical College & Hospital,"Professor & Head, Gynecology & Obstetrics",Chittagong,https://doctorsdirectory.com.bd/wp-content/uploads/2025/01/Prof.-Dr.-Hasina-Akhter.jpg,https://doctorsdirectory.com.bd/add-doctor/prof-dr-hasina-akhter/,,
Prof. Dr. Rowshan Morshed,"MBBS, FCPS (Obs & Gynae)",Gynecologist & Surgeon,Chattogram Maa-O-Shishu Hospital Medical College,"Professor, Gynecology & Obstetrics",Chittagong,https://doctorsdirectory.com.bd/wp-content/uploads/2025/01/Prof.-Dr.-Rowshan-Morshed.jpg,https://doctorsdirectory.com.bd/add-doctor/prof-dr-rowshan-morshed/,,
Prof. Dr. Shahena Akter,"MBBS, DGO, FCPS (OBGYN)","Gynecology, Obstetrics, Infertility Specialist & Surgeon",Chittagong Medical College & Hospital,"Professor, Gynecology & Obstetrics",Chittagong,https://doctorsdirectory.com.bd/wp-content/uploads/2025/01/Prof.-Dr.-Shahena-Akter.jpg,https://doctorsdirectory.com.bd/add-doctor/prof-dr-shahena-akter/,,
Prof. Dr. Shahanara Chowdhury,"MBBS (Dhaka), FCPS (OBGYN), Fellow (WHO), Advanced Training (Thailand)","Gynecology, Obstetrics Specialist & Laparoscopic Surgeon",Chittagong Medical College & Hospital,"Former Professor & Head, Gynecology & Obstetrics",Chittagong,https://doctorsdirectory.com.bd/wp-content/uploads/2025/01/Prof.-Dr.-Shahanara-Chowdhury.jpg,https://doctorsdirectory.com.bd/add-doctor/prof-dr-shahanara-chowdhury/,,
Prof. Dr. Ferdousi Begum,"MBBS, FCPS (Obstetrics and Gynaecology)",Gynecology & Obstetrics Specialist,Chattogram Maa-O-Shishu Hospital Medical College,"Professor & Head, Gynecology & Obstetrics",Chittagong,https://doctorsdirectory.com.bd/wp-content/uploads/2025/01/Prof.-Dr.-Ferdousi-Begum.jpg,https://doctorsdirectory.com.bd/add-doctor/prof-dr-ferdousi-begum/,,
Dr. Shirin Fatema,"MBBS, MCPS, DGO, FCPS","Gynecology, Obstetrics Specialist & Surgeon",Apollo Imperial Hospital, Chittagong,"Consultant, Gynecology & Obstetrics",Chittagong,https://doctorsdirectory.com.bd/wp-content/uploads/2025/02/Dr.-Shirin-Fatema.jpg,https://doctorsdirectory.com.bd/add-doctor/dr-shirin-fatema/,
Dr. Rupasree Biswas,"MBBS, FCPS (OBGYN)","Gynecology, Obstetrics Specialist & Surgeon",Southern Medical College & Hospital,"Assistant Professor, Gynecology & Obstetrics",Chittagong,https://doctorsdirectory.com.bd/wp-content/uploads/2025/02/Dr.-Rupasree-Biswas.jpg,https://doctorsdirectory.com.bd/add-doctor/dr-rupasree-biswas/,,
Dr. Nazmun Nahar Rosy,"MBBS, FCPS (Obs & Gyne)","Gynecology, Obstetrics, Infertility Specialist & Laparoscopic Surgeon",Health View Maternity & Child Hospital, Chittagong,Fellowship in Infertility & Reproductive Medicine,Chittagong,https://doctorsdirectory.com.bd/wp-content/uploads/2025/02/Dr.-Nazmun-Nahar-Rosy.jpg,https://doctorsdirectory.com.bd/add-doctor/dr-nazmun-nahar-rosy/,
Dr. Ishrat Jahan,"MBBS, PGT (Medicine), D-CARD (BSMMU)","Cardiologist, Echocardiographer & Medicine Specialist",Feni Clinic, Feni,"Consultant, Cardiology",Chittagong,https://doctorsdirectory.com.bd/wp-content/uploads/2025/01/Dr.-Ishrat-Jahan.jpg,https://doctorsdirectory.com.bd/add-doctor/dr-ishrat-jahan-ctg/,
Dr. Sujan Debnath,"MBBS, BCS (Health), MD (Cardiology)","Cardiology, Rheumatic Fever & Medicine Specialist",Chittagong Medical College & Hospital,"Cardiologist, Cardiology",Chittagong,https://doctorsdirectory.com.bd/wp-content/uploads/2025/01/Dr.-Sujan-Debnath.jpg,https://doctorsdirectory.com.bd/add-doctor/dr-sujan-debnath/,,
Dr. Aysha Siddika Nishi,"MBBS, BCS (Health), MD (Cardiology)","Cardiology, Hypertension & Heart Specialist",Chittagong Medical College & Hospital,"Consultant, Cardiology",Chittagong,https://doctorsdirectory.com.bd/wp-content/uploads/2025/01/Dr.-Aysha-Siddika-Nishi.jpg,https://doctorsdirectory.com.bd/add-doctor/dr-aysha-siddika-nishi/,,
Dr. Md. Mainuddin,"MBBS (DU), BCS (Health), MD (Cardiology)","Cardiology, Medicine & Rheumatic Fever Specialist",Chittagong Medical College & Hospital,"Consultant, Cardiology",Chittagong,https://doctorsdirectory.com.bd/wp-content/uploads/2025/01/Dr.-Md.-Mainuddin.jpg,https://doctorsdirectory.com.bd/add-doctor/dr-md-mainuddin/,,
Dr. Suman Talukder,"MBBS, BCS (Health), MD (Cardiology)",Cardiology & Rheumatic Fever Specialist,Chittagong Medical College & Hospital,"Assistant Professor, Cardiology",Chittagong,https://doctorsdirectory.com.bd/wp-content/uploads/2025/01/Dr.-Suman-Talukder.jpg,https://doctorsdirectory.com.bd/add-doctor/dr-suman-talukder/,,
Dr. Nushrat Binte Kamal,"MBBS (CMC), BCS (Health), D-CARD (BSMMU)",Cardiologist & Echocardiographer,Chittagong Medical College & Hospital,"Consultant, Cardiology",Chittagong,https://doctorsdirectory.com.bd/wp-content/uploads/2025/01/Dr.-Nushrat-Binte-Kamal.jpg,https://doctorsdirectory.com.bd/add-doctor/dr-nushrat-binte-kamal/,,
Dr. Zabeer Ahmed,"MBBS (CMC), BCS (Health), MD (Cardiology)",Cardiology & Medicine Specialist,Chittagong Medical College & Hospital,"Resident Physician, Cardiology",Chittagong,https://doctorsdirectory.com.bd/wp-content/uploads/2025/01/Dr.-Zabeer-Ahmed.jpg,https://doctorsdirectory.com.bd/add-doctor/dr-zabeer-ahmed/,,
Dr. Md. Saiful Islam,"MBBS, MCPS (Medicine), MD (Cardiology), FCPS (Medicine)","Cardiology, Diabetes & Medicine Specialist",Chittagong Medical College & Hospital,"Assistant Professor, Cardiology",Chittagong,https://doctorsdirectory.com.bd/wp-content/uploads/2025/01/Dr.-Md.-Saiful-Islam.jpg,https://doctorsdirectory.com.bd/add-doctor/dr-md-saiful-islam-ctg/,,
Dr. Shajedur Rahman,"MBBS, BCS (Health), MD (Cardiology)","Cardiology (Heart Diseases, Rheumatic Fever) Specialist",Chittagong Medical College & Hospital,"Assistant Professor, Cardiology",Chittagong,https://doctorsdirectory.com.bd/wp-content/uploads/2025/01/Dr.-Shajedur-Rahman.jpg,https://doctorsdirectory.com.bd/add-doctor/dr-shajedur-rahman/,,
Dr. Shafiul Hasan,"MBBS (DMC), BCS (Health), D-CARD (BSMMU)",Cardiologist & Echocardiographer,Feni General Hospital,"Consultant, Cardiology",Chittagong,https://doctorsdirectory.com.bd/wp-content/uploads/2025/01/Dr.-Shafiul-Hasan.jpg,https://doctorsdirectory.com.bd/add-doctor/dr-shafiul-hasan/,,
Dr. A S M Monowar Tariq,"MBBS (SSMC), BCS (Health), MD (Cardiology)","Cardiology (Heart Diseases, Rheumatic Fever) Specialist",Chittagong Medical College & Hospital,"Consultant, Cardiology",Chittagong,https://doctorsdirectory.com.bd/wp-content/uploads/2025/01/Dr.-A-S-M-Monowar-Tariq.jpg,https://doctorsdirectory.com.bd/add-doctor/dr-a-s-m-monowar-tariq/,,
Dr. Md. Ehteshamul Haque,"MBBS, MD (Cardiology)","Heart Diseases, Cardiology, Hypertension Specialist",Cox’s Bazar Medical College & Hospital,"Assistant Professor, Cardiology",Chittagong,https://doctorsdirectory.com.bd/wp-content/uploads/2025/01/Dr.-Md.-Ehteshamul-Haque.jpg,https://doctorsdirectory.com.bd/add-doctor/dr-md-ehteshamul-haque/,,
Dr. Shaifur Rahman Shohel,"MBBS, D-CARD","Cardiology (Heart Diseases, Hypertension & Rheumatic Fever) Specialist",Fortis Escorts Heart Institute, Chittagong,"Consultant, Cardiology",Chittagong,https://doctorsdirectory.com.bd/wp-content/uploads/2025/02/Dr.-Shaifur-Rahman-Shohel.jpg,https://doctorsdirectory.com.bd/add-doctor/dr-shaifur-rahman-shohel/,
Dr. Md. Shah Newaz,"MBBS, D-CARD, MD (Cardiology)","Cardiology (Heart Diseases, Rheumatic Fever) Specialist",Feni Diabetes Hospital,"Consultant, Cardiology",Chittagong,https://doctorsdirectory.com.bd/wp-content/uploads/2025/01/Dr.-Md.-Shah-Newaz.jpg,https://doctorsdirectory.com.bd/add-doctor/dr-md-shah-newaz/,,
Dr. Mohammad Ilias,"MBBS, FCPS (Physical Medicine), FCGP, FIPM (India & Taiwan)","Arthritis, Pain, Paralysis, Sports Injury, Physical Medicine & Rehabilitation Specialist",Bangabandhu Memorial Hospital, USTC, Chittagong,"Associate Professor, Physical Medicine",Chittagong,https://doctorsdirectory.com.bd/wp-content/uploads/2025/01/Dr.-Mohammad-Ilias.jpg,https://doctorsdirectory.com.bd/add-doctor/dr-mohammad-ilias/
Dr. Md. Jahangir Alam Chowdhury,"MBBS, FCPS (Physical Medicine)","Arthritis, Pain, Paralysis, Physical Medicine Rehabilitation Specialist",Chattogram Maa-O-Shishu Hospital Medical College,"Associate Professor & Head, Physical Medicine & Rehabilitation",Chittagong,https://doctorsdirectory.com.bd/wp-content/uploads/2025/02/Dr.-Md.-Jahangir-Alam-Chowdhury.jpg,https://doctorsdirectory.com.bd/add-doctor/dr-md-jahangir-alam-chowdhury/,,
Dr. M. Mahbub Alam,"MBBS (CMC), PhD (Physical Medicine), Advanced Clinical Education (Rheumatology)","Physical Medicine, Pain & Rheumatology Specialist",Chattogram Metropolitan Hospital,"Consultant, Physical Medicine",Chittagong,https://doctorsdirectory.com.bd/wp-content/uploads/2025/02/Dr.-M.-Mahbub-Alam.jpg,https://doctorsdirectory.com.bd/add-doctor/dr-m-mahbub-alam/,,
Dr. F M A Qader,"MBBS, BCS (Health), FCPS (Physical Medicine)",Arthritis & Pain Specialist,Chattogram Maa-O-Shishu Hospital Medical College,"Associate Professor, Physical Medicine",Chittagong,https://doctorsdirectory.com.bd/wp-content/uploads/2025/01/Dr.-F-M-A-Qader.jpg,https://doctorsdirectory.com.bd/add-doctor/dr-f-m-a-qader/,,
Dr. Md. Mofizur Rahman,"MBBS, FCPS (Physical Medicine)",Pain & Rheumatology Specialist,Treatment Hospital, Chittagong,"Consultant, Rheumatology",Chittagong,https://doctorsdirectory.com.bd/wp-content/uploads/2025/01/Dr.-Md.-Mofizur-Rahman.jpg,https://doctorsdirectory.com.bd/add-doctor/dr-md-mofizur-rahman/,
Dr. Mostafa Nuruddin,"MBBS, MCPS, MD (Pediatrics)",Child Diseases Specialist,Chattogram International Medical College & Hospital,"Associate Professor, Pediatrics",Chittagong,https://doctorsdirectory.com.bd/wp-content/uploads/2025/01/Dr.-Mostafa-Nuruddin.jpg,https://doctorsdirectory.com.bd/add-doctor/dr-mostafa-nuruddin/,,
Dr. Abidur Rahman,"MBBS, MCPS, DCH","Newborn, Adolescent & Child Specialist",National Hospital,"Consultant, Pediatrics",Chittagong,https://doctorsdirectory.com.bd/wp-content/uploads/2025/01/Dr.-Abidur-Rahman.jpg,https://doctorsdirectory.com.bd/add-doctor/dr-abidur-rahman/,,
Dr. Kazi Mahfuzur Rahman,"MBBS, DCH",Child Diseases Specialist,Chattogram Maa-O-Shishu Hospital Medical College,"Assistant Professor, Pediatrics",Chittagong,https://doctorsdirectory.com.bd/wp-content/uploads/2025/01/Dr.-Kazi-Mahfuzur-Rahman.jpg,https://doctorsdirectory.com.bd/add-doctor/dr-kazi-mahfuzur-rahman/,,
Dr. Abida Sultana Rina,"MBBS (CMC), DCH, FCPS (Pediatrics)",Newborn & Child Diseases Specialist,Cox’s Bazar Medical College & Hospital,"Associate Professor & Head, Pediatrics",Chittagong,https://doctorsdirectory.com.bd/wp-content/uploads/2025/01/Dr.-Abida-Sultana-Rina.jpg,https://doctorsdirectory.com.bd/add-doctor/dr-abida-sultana-rina/,,
Dr. Mohammad Rezaul Karim,"MBBS, DCH, FCPS (Pediatrics)",Child Diseases Specialist,Cox’s Bazar District Hospital,"Consultant, Pediatrics",Chittagong,https://doctorsdirectory.com.bd/wp-content/uploads/2025/01/Dr.-Mohammad-Rezaul-Karim.jpg,https://doctorsdirectory.com.bd/add-doctor/dr-mohammad-rezaul-karim/,,
Dr. Rummana Khan,"MBBS (DMC), MD (Pediatrics)",Neonatal & Child Diseases Specialist,Parkview Hospital, Chittagong,"Consultant, Pediatrics",Chittagong,https://doctorsdirectory.com.bd/wp-content/uploads/2025/01/Dr.-Rummana-Khan.jpg,https://doctorsdirectory.com.bd/add-doctor/dr-rummana-khan/,
Dr. Md. Farhad Uddin,"MBBS (DMC), MD (Pediatrics)",Newborn & Child Diseases Specialist,Max Hospital & Diagnostic, Chittagong,"Specialist, Pediatrics",Chittagong,https://doctorsdirectory.com.bd/wp-content/uploads/2025/01/Dr.-Md.-Farhad-Uddin.jpg,https://doctorsdirectory.com.bd/add-doctor/dr-md-farhad-uddin/,
Dr. Sanat Kumar Barua,"MBBS (CMC), DCH (BIRDEM), FCPS (Pediatrics)",Child Diseases Specialist,Chittagong Medical College & Hospital,"Consultant, Pediatrics",Chittagong,https://doctorsdirectory.com.bd/wp-content/uploads/2025/01/Dr.-Sanat-Kumar-Barua.jpg,https://doctorsdirectory.com.bd/add-doctor/dr-sanat-kumar-barua/,,
Dr. Nushrat Jahan,"MBBS, FCPS (Pediatrics), MD (Neonatology)","Newborn, Adolescent & Child Diseases Specialist",Chittagong Medical College & Hospital,"Assistant Professor, Neonatology",Chittagong,https://doctorsdirectory.com.bd/wp-content/uploads/2025/01/Dr.-Nushrat-Jahan.jpg,https://doctorsdirectory.com.bd/add-doctor/dr-nushrat-jahan-ctg/,,
Dr. Arnab Chowdhury,"MBBS, MCPS, FCPS (Pediatrics)",Child Diseases Specialist,Mount Hospital Ltd, Chittagong,"Consultant, Pediatrics",Chittagong,https://doctorsdirectory.com.bd/wp-content/uploads/2025/01/Dr.-Arnab-Chowdhury.jpg,https://doctorsdirectory.com.bd/add-doctor/dr-arnab-chowdhury/,
Dr. Pradip Kumar Sarker,"MBBS, DCH, FCPS (Pediatrics)","Newborn, Adolescent & Child Diseases Specialist",Epic Healthcare, Chittagong,"Senior Consultant, Pediatrics",Chittagong,https://doctorsdirectory.com.bd/wp-content/uploads/2025/01/Dr.-Pradip-Kumar-Sarker.jpg,https://doctorsdirectory.com.bd/add-doctor/dr-pradip-kumar-sarker/,
Prof. Dr. Mohammad Masud Karim,"MBBS, BCS (Health), DCH, MD (Child)",Child Diseases Specialist,Cox’s Bazar Medical College & Hospital,"Professor & Head, Pediatrics",Chittagong,https://doctorsdirectory.com.bd/wp-content/uploads/2025/01/Prof.-Dr.-Mohammad-Masud-Karim.jpg,https://doctorsdirectory.com.bd/add-doctor/prof-dr-mohammad-masud-karim/,,
Dr. Mohammad Khaled Hossain,"MBBS (DMC), BCS (Health), FCPS (Pediatrics)",Child Diseases Specialist,Parkview Hospital, Chittagong,"Consultant, Pediatrics",Chittagong,https://doctorsdirectory.com.bd/wp-content/uploads/2025/02/Dr.-Mohammad-Khaled-Hossain.jpg,https://doctorsdirectory.com.bd/add-doctor/dr-mohammad-khaled-hossain/,
Prof. Dr. Muslim Uddin Sobuj,"MBBS, DCH, MD (Child Health)","Newborn, Adolescent & Child Diseases Specialist",Chittagong Medical College & Hospital,"Professor & Head, Pediatrics",Chittagong,https://doctorsdirectory.com.bd/wp-content/uploads/2025/02/Prof.-Dr.-Muslim-Uddin-Sobuj.jpg,https://doctorsdirectory.com.bd/add-doctor/prof-dr-muslim-uddin-sobuj/,,
Dr. T.K. Roy,"MBBS, FCPS (Pediatrics), PGPN (Child Nutrition, USA)",Neonatal & Child Diseases Specialist,Bangabandhu Memorial Hospital, USTC, Chittagong,"Assistant Professor, Pediatrics",Chittagong,https://doctorsdirectory.com.bd/wp-content/uploads/2025/02/Dr.-T.K.-Roy.jpg,https://doctorsdirectory.com.bd/add-doctor/dr-t-k-roy/
Dr. Fahima Afrin Jhinu,"MBBS, BCS (Health), MD (Dermatology)",Skin & Venereal Diseases Specialist,Chittagong Medical College & Hospital,"Consultant, Dermatology",Chittagong,https://doctorsdirectory.com.bd/wp-content/uploads/2025/01/Dr.-Fahima-Afrin-Jhinu.jpg,https://doctorsdirectory.com.bd/add-doctor/dr-fahima-afrin-jhinu/,,
Dr. Nushrat Zahan Khondaker,"MBBS, CCD (BIRDEM), PGT (Medicine & Dermatology)","Skin, Allergy, Venereal Disease & Anti-Aging Specialist",Labaid Diagnostic, Chittagong,"Consultant, Dermatology",Chittagong,https://doctorsdirectory.com.bd/wp-content/uploads/2025/01/Dr.-Nushrat-Zahan-Khondaker.jpg,https://doctorsdirectory.com.bd/add-doctor/dr-nushrat-jahan-khondaker/,
Dr. Nishith Ranjan Dey,"MBBS, FRCP, MD (SKIN & VD)","Aesthetic Dermatology, Cosmetology & Regenerative Medicine Specialist",Chittagong Medical College & Hospital,"Associate Professor, Dermatology",Chittagong,https://doctorsdirectory.com.bd/wp-content/uploads/2025/02/Dr.-Nishith-Ranjan-Dey.jpg,https://doctorsdirectory.com.bd/add-doctor/dr-nishith-ranjan-dey/,,
Dr. Pritish Barua,"MBBS (CU), DGUM (UK), DD (Australia)","Skin, Allergy, Hair, Nail, Sexual Diseases Specialist",Lab One Health Services, Chittagong,"Consultant, Dermatology & Venereology",Chittagong,https://doctorsdirectory.com.bd/wp-content/uploads/2025/02/Dr.-Pritish-Barua.jpg,https://doctorsdirectory.com.bd/add-doctor/dr-pritish-barua/,
Dr. Feroza Meher,"MBBS (CMC), Post Graduate Diploma in Dermatology (South Wales University, UK)",Aesthetic Dermatology & Cosmetology Specialist,Surecell Medical, Chattogram,"Consultant, Dermatology",Chittagong,https://doctorsdirectory.com.bd/wp-content/uploads/2025/02/Dr.-Feroza-Meher.jpg,https://doctorsdirectory.com.bd/add-doctor/dr-feroza-meher/,
Dr. Mohammadul Haque Mezbah,"MBBS, BCS (Health), DO (BSMMU), MCPS (EYE)",Eye Specialist & Phaco Surgeon,Chittagong Medical College & Hospital,"Consultant, Ophthalmology",Chittagong,https://doctorsdirectory.com.bd/wp-content/uploads/2025/02/Dr.-Mohammadul-Haque-Mezbah.jpg,https://doctorsdirectory.com.bd/add-doctor/dr-mohammadul-haque-mezbah/,,
Dr. Abul Quasem,"MBBS, DO",Eye Specialist & Phaco Surgeon,Chittagong Eye Infirmary & Training Complex,"Associate Professor, Ophthalmology",Chittagong,https://doctorsdirectory.com.bd/wp-content/uploads/2025/01/Dr.-Abul-Quasem.jpg,https://doctorsdirectory.com.bd/add-doctor/dr-abul-quasem/,,
Dr. A.H.M. Mohiuddin,"MBBS, DO",Eye Specialist & Phaco Surgeon,Chittagong Eye Infirmary & Training Complex,"Consultant, Ophthalmology",Chittagong,https://doctorsdirectory.com.bd/wp-content/uploads/2025/01/Dr.-A.H.M.-Mohiuddin.jpg,https://doctorsdirectory.com.bd/add-doctor/dr-a-h-m-mohiuddin/,,
Dr. SM. Mizanul Hoque,"MBBS, DCO, Training in Phaco Surgery",Eye Specialist & Phaco Surgeon,Lions Charitable Eye Hospital, Chittagong,"Consultant, Ophthalmology",Chittagong,https://doctorsdirectory.com.bd/wp-content/uploads/2025/02/Dr.-SM.-Mizanul-Hoque.jpg,https://doctorsdirectory.com.bd/add-doctor/dr-sm-mizanul-hoque/,
Dr. Sheikh Mohammad Murad,"MBBS, MCPS (EYE), Training (Phaco Surgery)",Eye Specialist & Phaco Surgeon,Lions Charitable Eye Hospital, Chittagong,"Consultant, Ophthalmology",Chittagong,https://doctorsdirectory.com.bd/wp-content/uploads/2025/02/Dr.-Sheikh-Mohammad-Murad.jpg,https://doctorsdirectory.com.bd/add-doctor/dr-sheikh-mohammad-murad/,
Prof. Dr. Mohammad Al-Amin,"MBBS, BCS (Health), DO, MS (EYE)","Cornea, Phaco & Lasik Specialist",Chittagong Medical College & Hospital,"Professor, Eye",Chittagong,https://doctorsdirectory.com.bd/wp-content/uploads/2025/01/Prof.-Dr.-Mohammad-Al-Amin.jpg,https://doctorsdirectory.com.bd/add-doctor/prof-dr-mohammad-al-amin/,,
Prof. Dr. Mohammad Omar Faruque,"MBBS, DO, FCPS (EYE)","Glaucoma, Phaco & Eye Specialist Surgeon",Chittagong Medical College & Hospital,"Professor, Glaucoma",Chittagong,https://doctorsdirectory.com.bd/wp-content/uploads/2025/01/Prof.-Dr.-Mohammad-Omar-Faruque.jpg,https://doctorsdirectory.com.bd/add-doctor/prof-dr-mohammad-omar-faruque/,,
Dr. Md. Ibrahim Khalil,"MBBS, BCS (Health), MD (Neurology)",Neuromedicine Specialist,Chittagong Medical College & Hospital,"Assistant Professor, Neurology",Chittagong,https://doctorsdirectory.com.bd/wp-content/uploads/2025/01/Dr.-Md.-Ibrahim-Khalil.jpg,https://doctorsdirectory.com.bd/add-doctor/dr-md-ibrahim-khalil/,,
Dr. Mostafa Tarek Ullah,"MBBS (DMC), BCS (Health), MD (Neurology)",Neuromedicine Specialist,Chittagong Medical College & Hospital,"Consultant, Neurology",Chittagong,https://doctorsdirectory.com.bd/wp-content/uploads/2025/01/Dr.-Mostafa-Tarek-Ullah.jpg,https://doctorsdirectory.com.bd/add-doctor/dr-mostafa-tarek-ullah/,,
Dr. Lutfur Rahman,"MBBS, FCPS (Medicine), MD (Neurology)",Neuromedicine Specialist,General Hospital, Chittagong,"Senior Consultant, Neuromedicine",Chittagong,https://doctorsdirectory.com.bd/wp-content/uploads/2025/01/Dr.-Lutfur-Rahman.jpg,https://doctorsdirectory.com.bd/add-doctor/dr-lutfur-rahman/,
Dr. Bipul Kanti Paul,"MBBS, MCPS (Medicine), MD (Neuromedicine)",Neuromedicine Specialist,National Institute of Neurosciences & Hospital,"Consultant, Neuromedicine",Chittagong,https://doctorsdirectory.com.bd/wp-content/uploads/2025/01/Dr.-Bipul-Kanti-Paul.jpg,https://doctorsdirectory.com.bd/add-doctor/dr-bipul-kanti-paul/,,
Dr. Soumitra Das,"MBBS, MD (Neurology)",Neuromedicine Specialist,General Hospital, Chittagong,"Junior Consultant, Neuromedicine",Chittagong,https://doctorsdirectory.com.bd/wp-content/uploads/2025/01/Dr.-Soumitra-Das.jpg,https://doctorsdirectory.com.bd/add-doctor/dr-soumitra-das/,
Prof. Dr. Suvash Ranjan Dey,"MBBS, DA (DU), MD (Neurology)",Neuromedicine Specialist,Chattogram Maa-O-Shishu Hospital Medical College,"Professor & Head, Neurology",Chittagong,https://doctorsdirectory.com.bd/wp-content/uploads/2025/01/Prof.-Dr.-Suvash-Ranjan-Dey.jpg,https://doctorsdirectory.com.bd/add-doctor/prof-dr-suvash-ranjan-dey/,,
Prof. Dr. Muhammad Ishaque,"MBBS, FCPS (Medicine), MD (Neurology)",Neuromedicine Specialist,General Hospital, Chittagong,"Former Head, Neuromedicine",Chittagong,https://doctorsdirectory.com.bd/wp-content/uploads/2025/01/Prof.-Dr.-Muhammad-Ishaque.jpg,https://doctorsdirectory.com.bd/add-doctor/prof-dr-muhammad-ishaque/,
Dr. Md. Faruk Ahmed,"MBBS, MS (Urology)",Urology Specialist & Surgeon,Chittagong Medical College & Hospital,"Assistant Professor, Urology",Chittagong,https://doctorsdirectory.com.bd/wp-content/uploads/2025/01/Dr.-Md.-Faruk Ahmed.jpg,https://doctorsdirectory.com.bd/add-doctor/dr-md-faruk-ahmed/,,
Dr. Mohammad Mostafa Monowar,"MBBS, MCPS, MD (Nephrology), FRCP, Fellow (ISN), FASN (USA)","Kidney Specialist, Interventional Nephrologist",Max Hospital & Diagnostic,"Consultant, Nephrology",Chittagong,https://doctorsdirectory.com.bd/wp-content/uploads/2025/01/Dr.-Mohammad-Mostafa-Monowar.jpg,https://doctorsdirectory.com.bd/add-doctor/dr-mohammad-mostafa-monowar/,,
Dr. Md. Main Uddin Mahmud,"MBBS (DMC), BCS, MD (Nephrology)",Kidney Diseases & Medicine Specialist,Chittagong Medical College & Hospital,"Registrar, Nephrology",Chittagong,https://doctorsdirectory.com.bd/wp-content/uploads/2025/01/Dr.-Md.-Main-Uddin-Mahmud.jpg,https://doctorsdirectory.com.bd/add-doctor/dr-md-main-uddin-mahmud/,,
Dr. Nur Nobi Bitu,"MBBS (DMC), BCS (Health), MD (Nephrology)",Kidney Diseases & Medicine Specialist,Chittagong Medical College & Hospital,"Assistant Professor, Nephrology",Chittagong,https://doctorsdirectory.com.bd/wp-content/uploads/2025/01/Dr.-Nur-Nobi-Bitu.jpg,https://doctorsdirectory.com.bd/add-doctor/dr-nur-nobi-bitu/,,
Dr. Kamrul Hasan,"MBBS (Dhaka), BCS (Health), MD (Nephrology)",Kidney Diseases Specialist,Chittagong Medical College & Hospital,"Assistant Professor, Nephrology",Chittagong,https://doctorsdirectory.com.bd/wp-content/uploads/2025/01/Dr.-Kamrul-Hasan-Kidney.jpg,https://doctorsdirectory.com.bd/add-doctor/dr-kamrul-hasan-kidney/,,
Dr. Muhammad Shofiur Rahman,"MBBS, MD (Nephrology)",Kidney Diseases & Medicine Specialist,Chittagong Medical College & Hospital,"Assistant Professor, Nephrology",Chittagong,https://doctorsdirectory.com.bd/wp-content/uploads/2025/01/Dr.-Muhammad-Shofiur-Rahman.jpg,https://doctorsdirectory.com.bd/add-doctor/dr-muhammad-shofiur-rahman/,,
Dr. Md. Nazibur Rahman Khokon,"MBBS, MCPS (Medicine), MD (Rheumatology), ECRD (Switzerland)","Rheumatology, Arthritis & Medicine Specialist",Parkview Hospital Ltd, Chittagong,"Consultant, Medicine",Chittagong,https://doctorsdirectory.com.bd/wp-content/uploads/2025/02/Dr.-Md.-Nazibur-Rahman-Khokon.jpg,https://doctorsdirectory.com.bd/add-doctor/dr-md-nazibur-rahman-khokon/,
Dr. Mohammed Badruddoza,"MBBS, FCPS (Surgery), MS (Neurosurgery)","Brain, Nerve, Spinal Cord & Tumor Specialist Surgeon",Bangabandhu Memorial Hospital, USTC, Chittagong,"Associate Professor, Neurosurgery",Chittagong,https://doctorsdirectory.com.bd/wp-content/uploads/2025/01/Dr.-Mohammed-Badruddoza.jpg,https://doctorsdirectory.com.bd/add-doctor/dr-mohammed-badruddoza/
Dr. Aminur Rahman Azad,"MBBS, MS (Neurosurgery)","Neurosurgery (Brain, Stroke, Spine Surgery) Specialist",Chittagong Medical College & Hospital,"Fellow Micro Neurosurgery (Japan), Fellow Endoscopy & Microscopy (Japan), Neurosurgery (Germany)",Chittagong,https://doctorsdirectory.com.bd/wp-content/uploads/2025/02/Dr.-Aminur-Rahman-Azad.jpg,https://doctorsdirectory.com.bd/add-doctor/dr-aminur-rahman-azad/,,
Dr. Md. Ibrahim Khalil,"MBBS, BCS (Health), MD (Neurology)",Neuromedicine Specialist,Chittagong Medical College & Hospital,"Assistant Professor, Neurology",Chittagong,https://doctorsdirectory.com.bd/wp-content/uploads/2025/01/Dr.-Md.-Ibrahim-Khalil.jpg,https://doctorsdirectory.com.bd/add-doctor/dr-md-ibrahim-khalil/,,
Dr. Mostafa Tarek Ullah,"MBBS (DMC), BCS (Health), MD (Neurology)",Neuromedicine Specialist,Chittagong Medical College & Hospital,"Consultant, Neurology",Chittagong,https://doctorsdirectory.com.bd/wp-content/uploads/2025/01/Dr.-Mostafa-Tarek-Ullah.jpg,https://doctorsdirectory.com.bd/add-doctor/dr-mostafa-tarek-ullah/,,
Dr. Md. Nasir Uddin,"MBBS (CU), MD (Neurology)","Brain, Nerve, Spine, Stroke & Neuromedicine Specialist",Chittagong Medical College & Hospital,"Assistant Professor, Neurology",Chittagong,https://doctorsdirectory.com.bd/wp-content/uploads/2025/01/Dr.-Md.-Nasir-Uddin.jpg,https://doctorsdirectory.com.bd/add-doctor/dr-md-nasir-uddin/,,
Dr. Muhammad Shafiul Azam,"MBBS, MD (Neurology)","Brain, Stroke, Nerve & Neuromedicine Specialist",Chittagong Medical College & Hospital,"Consultant, Neurology",Chittagong,https://doctorsdirectory.com.bd/wp-content/uploads/2025/01/Dr.-Muhammad-Shafiul-Azam.jpg,https://doctorsdirectory.com.bd/add-doctor/dr-muhammad-shafiul-azam/,,
Dr. S.M. Muazzem Hossain,"MBBS (DMC), BCS (Health), MD (Neurology)","Brain, Nerve, Stroke & Neuromedicine Specialist",Chittagong Medical College & Hospital,"Consultant, Neurology",Chittagong,https://doctorsdirectory.com.bd/wp-content/uploads/2025/01/Dr.-S.M.-Muazzem-Hossain.jpg,https://doctorsdirectory.com.bd/add-doctor/dr-s-m-muazzem-hossain/,,
Dr. Md. Nurul Absar Beg,"MBBS, BCS (Health), MD (Neurology)",Neuromedicine Specialist,Chittagong Medical College & Hospital,"Assistant Professor, Neurology",Chittagong,https://doctorsdirectory.com.bd/wp-content/uploads/2025/01/Dr.-Md.-Nurul-Absar-Beg.jpg,https://doctorsdirectory.com.bd/add-doctor/dr-md-nurul-absar-beg/,,
Dr. Atanu Saha,"MBBS, BCS (Health), MD (Neurology)",Neuromedicine Specialist,Chittagong Medical College & Hospital,"Assistant Professor, Neurology",Chittagong,https://doctorsdirectory.com.bd/wp-content/uploads/2025/01/Dr.-Atanu-Saha.jpg,https://doctorsdirectory.com.bd/add-doctor/dr-atanu-saha/,,
Dr. M.A. Shakoor,"MBBS, BCS (Health), MD (Internal Medicine), MD (Neurology)","Medicine, Brain & Neuromedicine Specialist",Chittagong Medical College & Hospital,"Assistant Professor, Neurology",Chittagong,https://doctorsdirectory.com.bd/wp-content/uploads/2025/01/Dr.-M.A.-Shakoor.jpg,https://doctorsdirectory.com.bd/add-doctor/dr-m-a-shakoor/,,
Prof. Dr. Mansurul Alam,"MBBS, MD (Dermatology)",Skin & Venereal Diseases Specialist,Chittagong Medical College & Hospital,"Professor & Head, Dermatology",Chittagong,https://doctorsdirectory.com.bd/wp-content/uploads/2025/01/Prof.-Dr.-Mansurul-Alam.jpg,https://doctorsdirectory.com.bd/add-doctor/prof-dr-mansurul-alam/,,
Dr. Md. Shaukat Hossain,"MBBS, MD (Dermatology)",Skin & Venereal Diseases Specialist,Chittagong Medical College & Hospital,"Associate Professor, Dermatology",Chittagong,https://doctorsdirectory.com.bd/wp-content/uploads/2025/01/Dr.-Md.-Shaukat-Hossain.jpg,https://doctorsdirectory.com.bd/add-doctor/dr-md-shaukat-hossain/,,
Dr. S.M. Ali Ahmed Nazmul,"MBBS, DDV",Skin & Venereal Diseases Specialist,Chittagong Medical College & Hospital,"Assistant Professor, Dermatology",Chittagong,https://doctorsdirectory.com.bd/wp-content/uploads/2025/01/Dr.-S.M.-Ali-Ahmed-Nazmul.jpg,https://doctorsdirectory.com.bd/add-doctor/dr-s-m-ali-ahmed-nazmul/,,
Dr. Rezwana Ahmed,"MBBS, DDV, MD (Dermatology)",Skin & Venereal Diseases Specialist,Chittagong Medical College & Hospital,"Consultant, Dermatology",Chittagong,https://doctorsdirectory.com.bd/wp-content/uploads/2025/01/Dr.-Rezwana-Ahmed.jpg,https://doctorsdirectory.com.bd/add-doctor/dr-rezwana-ahmed/,,
Dr. G.M. Moniruddin,"MBBS, MS (Neurosurgery)",Brain & Spine Surgeon,Chittagong Medical College & Hospital,"Assistant Professor, Neurosurgery",Chittagong,https://doctorsdirectory.com.bd/wp-content/uploads/2025/01/Dr.-G.M.-Moniruddin.jpg,https://doctorsdirectory.com.bd/add-doctor/dr-g-m-moniruddin/,,
Dr. S.M. Noble Kumar Barua,"MBBS, MS (Neurosurgery)","Brain, Spine & Nerve Surgeon",Chittagong Medical College & Hospital,"Assistant Professor, Neurosurgery",Chittagong,https://doctorsdirectory.com.bd/wp-content/uploads/2025/01/Dr.-S.M.-Noble-Kumar-Barua.jpg,https://doctorsdirectory.com.bd/add-doctor/dr-s-m-noble-kumar-barua/,,
Dr. Md. Saiful Alam,"MBBS, MS (Neurosurgery)","Brain, Nerve & Spine Specialist Surgeon",Chittagong Medical College & Hospital,"Associate Professor, Neurosurgery",Chittagong,https://doctorsdirectory.com.bd/wp-content/uploads/2025/01/Dr.-Md.-Saiful-Alam.jpg,https://doctorsdirectory.com.bd/add-doctor/dr-md-saiful-alam/,,
Prof. Dr. Md. Kamal Uddin,"MBBS, MS (Neurosurgery)","Brain, Nerve & Spine Surgeon",Chittagong Medical College & Hospital,"Professor & Head, Neurosurgery",Chittagong,https://doctorsdirectory.com.bd/wp-content/uploads/2025/01/Prof.-Dr.-Md.-Kamal-Uddin.jpg,https://doctorsdirectory.com.bd/add-doctor/prof-dr-md-kamal-uddin/,,
Dr. Md. Towhidul Alam,"MBBS, FCPS (Surgery), MS (Neurosurgery)","Brain, Nerve & Spine Specialist Surgeon",Chittagong Medical College & Hospital,"Consultant, Neurosurgery",Chittagong,https://doctorsdirectory.com.bd/wp-content/uploads/2025/01/Dr.-Md.-Towhidul-Alam.jpg,https://doctorsdirectory.com.bd/add-doctor/dr-md-towhidul-alam/,,
Dr. Mohammad Salahuddin Faruq,"MBBS, MS (Surgery), MS (Urology)",Urology Specialist & Surgeon,Chittagong Medical College & Hospital,"Associate Professor, Urology",Chittagong,https://doctorsdirectory.com.bd/wp-content/uploads/2025/01/Dr.-Mohammad-Salahuddin-Faruq.jpg,https://doctorsdirectory.com.bd/add-doctor/dr-mohammad-salahuddin-faruq/,,
Dr. Md. Nurul Absar,"MBBS, FCPS (Surgery), MS (Urology)","Urology (Kidney, Ureter, Bladder, Prostate) Specialist Surgeon",Chittagong Medical College & Hospital,"Consultant, Urology",Chittagong,https://doctorsdirectory.com.bd/wp-content/uploads/2025/01/Dr.-Md.-Nurul-Absar.jpg,https://doctorsdirectory.com.bd/add-doctor/dr-md-nurul-absar/,,
Dr. Mohammed Belayet Hossain,"MBBS, BCS (Health), MS (Urology)","Kidney, Ureter, Bladder & Prostate Specialist Surgeon",Chittagong Medical College & Hospital,"Consultant, Urology",Chittagong,https://doctorsdirectory.com.bd/wp-content/uploads/2025/01/Dr.-Mohammed-Belayet-Hossain.jpg,https://doctorsdirectory.com.bd/add-doctor/dr-mohammed-belayet-hossain/,,
Dr. Muhammad Shofique Ur Rahman,"MBBS, MS (Urology)",Urology Specialist & Surgeon,Chittagong Medical College & Hospital,"Assistant Professor, Urology",Chittagong,https://doctorsdirectory.com.bd/wp-content/uploads/2025/01/Dr.-Muhammad-Shofique-Ur-Rahman.jpg,https://doctorsdirectory.com.bd/add-doctor/dr-muhammad-shofique-ur-rahman/,,
Dr. Md. Abdul Mobin,"MBBS, BCS (Health), FCPS (Surgery), MS (Urology)",Urologist & Surgeon,Chittagong Medical College & Hospital,"Assistant Professor, Urology",Chittagong,https://doctorsdirectory.com.bd/wp-content/uploads/2025/01/Dr.-Md.-Abdul-Mobin.jpg,https://doctorsdirectory.com.bd/add-doctor/dr-md-abdul-mobin/,,
Dr. Md. Manzurul Hoque,"MBBS, MS (Urology)",Urology Specialist & Surgeon,Chittagong Medical College & Hospital,"Assistant Professor, Urology",Chittagong,https://doctorsdirectory.com.bd/wp-content/uploads/2025/01/Dr.-Md.-Manzurul-Hoque.jpg,https://doctorsdirectory.com.bd/add-doctor/dr-md-manzurul-hoque/,,
Dr. Kamrul Hasan,"MBBS (Dhaka), BCS (Health), MD (Urology)",Urology Specialist & Surgeon,Chittagong Medical College & Hospital,"Assistant Professor, Urology",Chittagong,https://doctorsdirectory.com.bd/wp-content/uploads/2025/01/Dr.-Kamrul-Hasan.jpg,https://doctorsdirectory.com.bd/add-doctor/dr-kamrul-hasan/,,
Dr. Mohammed Sanaullah Shetu,"MBBS, MS (Urology)","Urology (Kidney, Ureter, Bladder, Prostate) Surgeon",Chittagong Medical College & Hospital,"Assistant Professor, Urology",Chittagong,https://doctorsdirectory.com.bd/wp-content/uploads/2025/01/Dr.-Mohammed-Sanaullah-Shetu.jpg,https://doctorsdirectory.com.bd/add-doctor/dr-mohammed-sanaullah-shetu/,,
Dr. Mohammad Saiful Hoque,"MBBS, FCPS (Medicine), MD (Cardiology)",Cardiology & Medicine Specialist,Chittagong Medical College & Hospital,"Assistant Professor, Cardiology",Chittagong,https://doctorsdirectory.com.bd/wp-content/uploads/2025/01/Dr.-Mohammad-Saiful-Hoque.jpg,https://doctorsdirectory.com.bd/add-doctor/dr-mohammad-saiful-hoque/,,
Dr. Abu Tarek Iqbal,"MBBS, FCPS (Medicine), MD (Cardiology)",Cardiology & Medicine Specialist,Chittagong Medical College & Hospital,"Associate Professor, Cardiology",Chittagong,https://doctorsdirectory.com.bd/wp-content/uploads/2025/01/Dr.-Abu-Tarek-Iqbal.jpg,https://doctorsdirectory.com.bd/add-doctor/dr-abu-tarek-iqbal/,,
Dr. Md. Ibrahim Chowdhury,"MBBS, FCPS (Medicine), MD (Cardiology)","Cardiology, Rheumatic Fever & Medicine Specialist",Chittagong Medical College & Hospital,"Associate Professor, Cardiology",Chittagong,https://doctorsdirectory.com.bd/wp-content/uploads/2025/01/Dr.-Md.-Ibrahim-Chowdhury.jpg,https://doctorsdirectory.com.bd/add-doctor/dr-md-ibrahim-chowdhury/,,
Dr. Ashish Dey,"MBBS, FCPS (Medicine), MD (Cardiology)",Cardiology & Medicine Specialist,Chittagong Medical College & Hospital,"Assistant Professor, Cardiology",Chittagong,https://doctorsdirectory.com.bd/wp-content/uploads/2025/01/Dr.-Ashish-Dey.jpg,https://doctorsdirectory.com.bd/add-doctor/dr-ashish-dey/,,
Dr. Prabir Kumar Das,"MBBS, FCPS (Medicine), MD (Cardiology)",Cardiology & Medicine Specialist,Chittagong Medical College & Hospital,"Associate Professor, Cardiology",Chittagong,https://doctorsdirectory.com.bd/wp-content/uploads/2025/01/Dr.-Prabir-Kumar-Das.jpg,https://doctorsdirectory.com.bd/add-doctor/dr-prabir-kumar-das/,,
Prof. Dr. Mohammad Ibrahim,"MBBS, FCPS (Medicine), MD (Cardiology)",Cardiology & Medicine Specialist,Chittagong Medical College & Hospital,"Professor & Head, Cardiology",Chittagong,https://doctorsdirectory.com.bd/wp-content/uploads/2025/01/Prof.-Dr.-Mohammad-Ibrahim.jpg,https://doctorsdirectory.com.bd/add-doctor/prof-dr-mohammad-ibrahim/,,
Dr. Md. Arifur Rahman,"MBBS, D-CARD, MD (Cardiology)",Cardiology & Rheumatic Fever Specialist,Chittagong Medical College & Hospital,"Consultant, Cardiology",Chittagong,https://doctorsdirectory.com.bd/wp-content/uploads/2025/01/Dr.-Arifur-Rahman.jpg,https://doctorsdirectory.com.bd/add-doctor/dr-md-arifur-rahman/,,
Dr. S.M. Miftahul Alam,"MBBS (CU), BCS (Health), MD (Gastroenterology)","Gastrointestinal, Liver, Pancreas & Biliary Specialist",Chittagong Medical College & Hospital,"Consultant, Gastroenterology",Chittagong,https://doctorsdirectory.com.bd/wp-content/uploads/2025/01/Dr.-S.M.-Miftahul-Alam.jpg,https://doctorsdirectory.com.bd/add-doctor/dr-s-m-miftahul-alam/,,
Dr. Binoy Paul,"MBBS, MD (Gastroenterology)","Gastrointestinal, Liver, Pancreas & Biliary Specialist",Chittagong Medical College & Hospital,"Assistant Professor, Gastroenterology",Chittagong,https://doctorsdirectory.com.bd/wp-content/uploads/2025/01/Dr.-Binoy-Paul.jpg,https://doctorsdirectory.com.bd/add-doctor/dr-binoy-paul/,,
Dr. Alak Kumar Raha,"MBBS, MCPS (Medicine), MD (Hepatology)",Liver & Medicine Specialist,Chittagong Medical College & Hospital,"Associate Professor & Head, Hepatology",Chittagong,https://doctorsdirectory.com.bd/wp-content/uploads/2025/01/Dr.-Alak-Kumar-Raha.jpg,https://doctorsdirectory.com.bd/add-doctor/dr-alak-kumar-raha/,,
Dr. Aloke Kumar Raha,"MBBS (Dhaka), MCPS (Medicine), MD (Hepatology)",Liver Diseases Specialist,Chittagong Medical College & Hospital,"Associate Professor & Head, Hepatology",Chittagong,https://doctorsdirectory.com.bd/wp-content/uploads/2025/02/Dr.-Aloke-Kumar-Raha.jpg,https://doctorsdirectory.com.bd/add-doctor/dr-aloke-kumar-raha/,,
Dr. Sumit Ranjan Paul,"MBBS, BCS (Health), MD (Nephrology)",Kidney Diseases & Medicine Specialist,Chittagong Medical College & Hospital,"Assistant Professor, Nephrology",Chittagong,https://doctorsdirectory.com.bd/wp-content/uploads/2025/01/Dr.-Sumit-Ranjan-Paul.jpg,https://doctorsdirectory.com.bd/add-doctor/dr-sumit-ranjan-paul/,,
Dr. Md. Nurul Absar Beg,"MBBS, BCS (Health), MD (Nephrology)",Kidney Diseases & Medicine Specialist,Chittagong Medical College & Hospital,"Assistant Professor, Nephrology",Chittagong,https://doctorsdirectory.com.bd/wp-content/uploads/2025/01/Dr.-Md.-Nurul-Absar-Beg-Kidney.jpg,https://doctorsdirectory.com.bd/add-doctor/dr-md-nurul-absar-beg-kidney/,,
Prof. Dr. Md. Enayet Karim,"MBBS, MD (Nephrology)",Kidney Diseases Specialist,Chittagong Medical College & Hospital,"Professor & Head, Nephrology",Chittagong,https://doctorsdirectory.com.bd/wp-content/uploads/2025/01/Prof.-Dr.-Md.-Enayet-Karim.jpg,https://doctorsdirectory.com.bd/add-doctor/prof-dr-md-enayet-karim/,,
Dr. K.M. Faisal,"MBBS (DMC), BCS (Health), MD (Nephrology)","Kidney, High Blood Pressure & Medicine Specialist",Chittagong Medical College & Hospital,"Consultant, Nephrology",Chittagong,https://doctorsdirectory.com.bd/wp-content/uploads/2025/01/Dr.-K.M.-Faisal.jpg,https://doctorsdirectory.com.bd/add-doctor/dr-k-m-faisal/,,
Dr. Kamrul Hasan,"MBBS (Dhaka), BCS (Health), MD (Endocrinology)","Diabetes, Thyroid & Hormone Specialist",Chittagong Medical College & Hospital,"Assistant Professor & Head, Endocrinology",Chittagong,https://doctorsdirectory.com.bd/wp-content/uploads/2025/01/Dr.-Kamrul-Hasan-Endo.jpg,https://doctorsdirectory.com.bd/add-doctor/dr-kamrul-hasan-endo/,,
Dr. Farhana Akter,"MBBS, FCPS (Medicine), MD (Endocrinology)","Diabetes, Thyroid & Hormone Specialist",Chittagong Medical College & Hospital,"Assistant Professor, Endocrinology",Chittagong,https://doctorsdirectory.com.bd/wp-content/uploads/2025/01/Dr.-Farhana-Akter.jpg,https://doctorsdirectory.com.bd/add-doctor/dr-farhana-akter/,,
Dr. Shahryar Ahmed Milan,"MBBS, BCS (Health), DEM (BIRDEM)","Endocrinology (Diabetes, Thyroid & Hormonal Diseases) Specialist",Chittagong Medical College & Hospital,"Assistant Professor, Endocrinology",Chittagong,https://doctorsdirectory.com.bd/wp-content/uploads/2025/02/Dr.-Shahryar-Ahmed-Milan.jpg,https://doctorsdirectory.com.bd/add-doctor/dr-shahryar-ahmed-milan/,,
Dr. Md. Nazmul Haque Talukdar,"MBBS, MD (Chest Disease)","Chest, Asthma, COPD, Tuberculosis Specialist",Chittagong Medical College & Hospital,"Assistant Professor, Pulmonology",Chittagong,https://doctorsdirectory.com.bd/wp-content/uploads/2025/01/Dr.-Md.-Nazmul-Haque-Talukdar.jpg,https://doctorsdirectory.com.bd/add-doctor/dr-md-nazmul-haque-talukdar/,,
Dr. Muniruddin Ahmed,"MBBS (CU), FCPS (Medicine)","Medicine, Diabetes & Hormone Specialist",Cox’s Bazar Medical College & Hospital,"Assistant Professor, Medicine",Chittagong,https://doctorsdirectory.com.bd/wp-content/uploads/2025/01/Dr.-Muniruddin-Ahmed.jpg,https://doctorsdirectory.com.bd/add-doctor/dr-muniruddin-ahmed/,,
Dr. Md. Tareq-Ul-Kader,"MBBS, BCS, FCPS (Medicine)","Medicine, Diabetologist & Rheumatology Specialist",Chattogram Maa-O-Shishu Hospital Medical College,"Registrar, Medicine",Chittagong,https://doctorsdirectory.com.bd/wp-content/uploads/2025/01/Dr.-Md.-Tareq-Ul-Kader.jpg,https://doctorsdirectory.com.bd/add-doctor/dr-md-tareq-ul-kader/,,
Dr. A Z M Sakhawat Hossain,"MBBS, BCS (Health), MCPS (Medicine), FCPS (Medicine), FRCP (UK)",Medicine Specialist,Marine City Medical College & Hospital,"Associate Professor, Medicine",Chittagong,https://doctorsdirectory.com.bd/wp-content/uploads/2025/01/Dr.-A-Z-M-Sakhawat-Hossain.jpg,https://doctorsdirectory.com.bd/add-doctor/dr-a-z-m-sakhawat-hossain/,,
Dr. M.A. Hassan Chowdhury,"MBBS, FCPS, FRCP (Edin), FACP (USA)",Medicine Specialist,Chittagong Medical College & Hospital,"Professor, Department of Medicine",Chittagong,https://doctorsdirectory.com.bd/wp-content/uploads/2025/01/Dr.-M.A.-Hassan-Chowdhury.jpg,https://doctorsdirectory.com.bd/add-doctor/dr-m-a-hassan-chowdhury/,,
Dr. Abul Fazal Muhammad Nazimuddin,"MBBS, FCPS (Medicine)",Medicine Specialist,Chattogram Maa-O-Shishu Hospital Medical College,"Associate Professor, Medicine",Chittagong,https://doctorsdirectory.com.bd/wp-content/uploads/2025/01/Dr.-A.-F.-M.-Nazimuddin.jpg,https://doctorsdirectory.com.bd/add-doctor/dr-abul-fazal-muhammad-nazimuddin/,,
Dr. Md. Abu Taher,"MBBS, FCPS (Medicine)",Medicine Specialist,Max Hospital & Diagnostic,"Consultant, Medicine",Chittagong,https://doctorsdirectory.com.bd/wp-content/uploads/2025/01/Dr.-Md.-Abu-Taher.jpg,https://doctorsdirectory.com.bd/add-doctor/dr-md-abu-taher/,,
Dr. Md. Saiful Huq,"MBBS (DMC), BCS (Health), MRCP (UK)",Medicine & Diabetes Specialist,Chittagong Medical College & Hospital,"Consultant, Medicine",Chittagong,https://doctorsdirectory.com.bd/wp-content/uploads/2025/01/Dr.-Md.-Saiful-Huq.jpg,https://doctorsdirectory.com.bd/add-doctor/dr-md-saiful-huq/,,
Prof. Dr. Mizanur Rahman,"MBBS, MCPS (Medicine), MD (Medicine)",Medicine Specialist,Chattogram Maa-O-Shishu Hospital Medical College,"Professor, Medicine",Chittagong,https://doctorsdirectory.com.bd/wp-content/uploads/2025/01/Prof.-Dr.-Mizanur-Rahman.jpg,https://doctorsdirectory.com.bd/add-doctor/prof-dr-mizanur-rahman/,,
Dr. Abanti Deb Nath,"MBBS (DU), BCS (Health), FCPS (Medicine)",Medicine & Neuromedicine Specialist,Chittagong Medical College & Hospital,"Assistant Professor, Medicine",Chittagong,https://doctorsdirectory.com.bd/wp-content/uploads/2025/01/Dr.-Abanti-Deb-Nath.jpg,https://doctorsdirectory.com.bd/add-doctor/dr-abanti-deb-nath/,,
Dr. F.M.A. Zahid,"MBBS, MCPS, FCPS (Medicine)","Medicine, Diabetology & Neuromedicine Specialist",Chittagong Medical College & Hospital,"Assistant Professor, Medicine",Chittagong,https://doctorsdirectory.com.bd/wp-content/uploads/2025/01/Dr.-F.M.A.-Zahid.jpg,https://doctorsdirectory.com.bd/add-doctor/dr-f-m-a-chid/,,
Prof. Dr. Emran Bin Yunus,"MBBS (Dhaka), FCPS (Medicine), MACP (USA), FACP (USA)",Medicine & Nephrology Specialist,Chittagong Medical College & Hospital,"Former Professor, Nephrology",Chittagong,https://doctorsdirectory.com.bd/wp-content/uploads/2025/01/Prof.-Dr.-Emran-Bin-Yunus.jpg,https://doctorsdirectory.com.bd/add-doctor/prof-dr-emran-bin-yunus/,,
Dr. Kafil Uddin,"MBBS (DMC), BCS (Health), FCPS (Medicine)","Medicine Specialist, Diabetologist & Rheumatologist",Dhaka Medical College & Hospital,"Assistant Professor, Medicine",Chittagong,https://doctorsdirectory.com.bd/wp-content/uploads/2025/01/Dr.-Kafil-Uddin.jpg,https://doctorsdirectory.com.bd/add-doctor/dr-kafil-uddin/,,
Dr. Arup Ratan Das,"MBBS (DMC), BCS (Health), FCPS (Medicine), MCPS (Medicine)",Medicine Specialist,Chittagong Medical College & Hospital,"Consultant, Medicine",Chittagong,https://doctorsdirectory.com.bd/wp-content/uploads/2025/01/Dr.-Arup-Ratan-Das.jpg,https://doctorsdirectory.com.bd/add-doctor/dr-arup-ratan-das/,,
Dr. Abu Sayeed,"MBBS, BCS (Health), MD (Internal Medicine)",Medicine Specialist,Chittagong Medical College & Hospital,"Consultant, Medicine",Chittagong,https://doctorsdirectory.com.bd/wp-content/uploads/2025/01/Dr.-Abu-Sayeed.jpg,https://doctorsdirectory.com.bd/add-doctor/dr-abu-sayeed/,,
Dr. Mohammad Moinul Islam,"MBBS, BCS (Health), MCPS, FCPS (Medicine)",Medicine Specialist,Chittagong Medical College & Hospital,"Consultant, Medicine",Chittagong,https://doctorsdirectory.com.bd/wp-content/uploads/2025/01/Dr.-Mohammad-Moinul-Islam.jpg,https://doctorsdirectory.com.bd/add-doctor/dr-mohammad-moinul-islam/,,
Dr. Farhana Halim,"MBBS (SSMC), BCS (Health), FCPS (Medicine), MACP (USA)",Medicine Specialist,Chittagong Medical College & Hospital,"Consultant, Medicine",Chittagong,https://doctorsdirectory.com.bd/wp-content/uploads/2025/01/Dr.-Farhana-Halim.jpg,https://doctorsdirectory.com.bd/add-doctor/dr-farhana-halim/,,
Dr. A N M Ashik-E-Elahi,"MBBS (CMC), BCS (Health), FCPS (Medicine)",Medicine Specialist,Marine City Medical College & Hospital,"Assistant Professor, Medicine",Chittagong,https://doctorsdirectory.com.bd/wp-content/uploads/2025/01/Dr.-A-N-M-Ashik-E-Elahi.jpg,https://doctorsdirectory.com.bd/add-doctor/dr-a-n-m-ashik-e-elahi/,,
Dr. M. S. Chowdhury,"MBBS, BCS (Health), PGT (Medicine), CMU (Ultrasound)",Medicine Specialist,Max Hospital & Diagnostic,"Consultant, Medicine",Chittagong,https://doctorsdirectory.com.bd/wp-content/uploads/2025/01/Dr.-M.-S.-Chowdhury.jpg,https://doctorsdirectory.com.bd/add-doctor/dr-m-s-chowdhury/,,
Dr. Mohammed Maksudul Karim,"MBBS, BCS (Health), FCPS (Medicine), MCPS (Medicine)",Medicine Specialist,Chittagong Medical College & Hospital,"Consultant, Medicine",Chittagong,https://doctorsdirectory.com.bd/wp-content/uploads/2025/02/Dr.-Mohammed-Maksudul-Karim.jpg,https://doctorsdirectory.com.bd/add-doctor/dr-mohammed-maksudul-karim/,,
Dr. M. A. Yousuf Chowdhury,"MBBS, BCS (Health), MD (Internal Medicine), Fellow in Diabetology (BIRDEM)",Medicine & Diabetes Specialist,Chittagong Medical College & Hospital,"Associate Professor, Medicine",Chittagong,https://doctorsdirectory.com.bd/wp-content/uploads/2025/02/Dr.-MA-Yousuf-Chowdhury.jpg,https://doctorsdirectory.com.bd/add-doctor/dr-m-a-yousuf-chowdhury/,,
Dr. Prasenjit Barua,"MBBS, FCPS (Medicine), MACP (USA)",Medicine & Diabetes Specialist,Chittagong Medical College & Hospital,Fellowship Training in Gastroenterology & Liver Diseases,Chittagong,https://doctorsdirectory.com.bd/wp-content/uploads/2025/02/Dr.-Prasenjit-Barua.jpg,https://doctorsdirectory.com.bd/add-doctor/dr-prasenjit-barua/,,
Dr. Mohammed Rashed Mirjada,"MBBS, FCPS (Medicine)",Medicine Specialist,Chittagong Medical College & Hospital,"Associate Professor, Medicine",Chittagong,https://doctorsdirectory.com.bd/wp-content/uploads/2025/02/Dr.-Rashed-Mirjada.jpg,https://doctorsdirectory.com.bd/add-doctor/dr-mohammed-rashed-mirjada/,,
Dr. Mirza Nurul Karim,"MBBS, FCPS (Medicine)","Medicine, Diabetes, Rheumatology & Chest Disease Specialist",Chittagong Medical College & Hospital,"Assistant Professor, Department of Medicine",Chittagong,https://doctorsdirectory.com.bd/wp-content/uploads/2025/02/Dr.-Mirza-Nurul-Karim.jpg,https://doctorsdirectory.com.bd/add-doctor/dr-mirza-nurul-karim/,,
Dr. Sumon Das,"MBBS (CMC), BCS (Health), MCPS, FCPS (ENT)",Ear Nose Throat Specialist & Head Neck Surgeon,Chittagong Medical College & Hospital,"Consultant, ENT",Chittagong,https://doctorsdirectory.com.bd/wp-content/uploads/2025/01/Dr.-Sumon-Das.jpg,https://doctorsdirectory.com.bd/add-doctor/dr-sumon-das/,,
Dr. A T M Moinuddin,"MBBS, DLO, MCPS (ENT)","Ear, Nose, Throat Specialist & Surgeon",Feni Clinic, Feni,"Consultant, ENT",Chittagong,https://doctorsdirectory.com.bd/wp-content/uploads/2025/01/Dr.-A-T-M-Moinuddin.jpg,https://doctorsdirectory.com.bd/add-doctor/dr-a-t-m-moinuddin/,
Dr. Mohammad Mohiuddin,"MBBS, BCS (Health), FCPS (ENT)",Ear Nose Throat Specialist & Head Neck Surgeon,Chittagong Medical College & Hospital,"Resident Surgeon, ENT",Chittagong,https://doctorsdirectory.com.bd/wp-content/uploads/2025/01/Dr.-Mohammad-Mohiuddin.jpg,https://doctorsdirectory.com.bd/add-doctor/dr-mohammad-moiuddin/,,
Dr. Shakhawat Hossain,"MBBS, BCS (Health), FCPS (ENT)",Ear Nose Throat Specialist & Head Neck Surgeon,Chittagong Medical College & Hospital,"Consultant, ENT",Chittagong,https://doctorsdirectory.com.bd/wp-content/uploads/2025/01/Dr.-Shakhawat-Hossain.jpg,https://doctorsdirectory.com.bd/add-doctor/dr-shakhawat-hossain-ctg/,,
Prof. Dr. Ahmed Sharif,"MBBS, MS (ENT)","ENT (Ear, Nose, Throat) Specialist & Head Neck Surgeon",Chittagong Medical College & Hospital,"Professor & Head, ENT & HNS Department",Chittagong,https://doctorsdirectory.com.bd/wp-content/uploads/2025/02/Prof.-Dr.-Ahmed-Sharif.jpg,https://doctorsdirectory.com.bd/add-doctor/prof-dr-ahmed-sharif/,,
Dr. Ashfaq Ahmad,"MBBS, FCPS (ENT)","ENT (Ear, Nose, Throat) Specialist & Head Neck Surgeon",Chittagong Medical College & Hospital,"Associate Professor, ENT",Chittagong,https://doctorsdirectory.com.bd/wp-content/uploads/2025/02/Dr.-Ashfaq-Ahmad.jpg,https://doctorsdirectory.com.bd/add-doctor/dr-ashfaq-ahmad/,,
Dr. Md. Minhajul Haque,"MBBS, BCS (Health), FCPS (ENT)","Ear, Nose, Throat Specialist & Head Neck Surgeon",Chittagong General Hospital,"Medical Officer, ENT",Chittagong,https://doctorsdirectory.com.bd/wp-content/uploads/2025/02/Dr.-Md.-Minhajul-Haque.jpg,https://doctorsdirectory.com.bd/add-doctor/dr-md-minhajul-haque/,,
Dr. Mohammad Emran,"MBBS, BCS (Health), DLO (BSMMU)","ENT (Ear, Nose, Throat) Specialist & Head Neck Surgeon",Chittagong Medical College & Hospital,"Consultant, ENT",Chittagong,https://doctorsdirectory.com.bd/wp-content/uploads/2025/02/Dr.-Mohammad-Emran.jpg,https://doctorsdirectory.com.bd/add-doctor/dr-mohammad-emran/,,
Dr. Sheikh Shawkat Kamal,"MBBS, FCPS (ENT)","Ear, Nose, Throat Specialist & Head Neck Surgeon",Surgiscope Hospital, Chittagong,,Chittagong,https://doctorsdirectory.com.bd/wp-content/uploads/2025/02/Dr.-Sheikh-Shawkat-Kamal.jpg,https://doctorsdirectory.com.bd/add-doctor/dr-sheikh-shawkat-kamal/,
Dr. Didarul Islam,"MBBS, BCS (Health), MD (Hepatology)","Liver, Gastrointestinal & Medicine Specialist",Chittagong Medical College & Hospital,"Assistant Professor, Hepatology",Chittagong,https://doctorsdirectory.com.bd/wp-content/uploads/2025/01/Dr.-Didarul-Islam.jpg,https://doctorsdirectory.com.bd/add-doctor/dr-didarul-islam/,,
Dr. Rokshana Hoque,"MBBS, DGO, MCPS (OBGYN)",Gynecologist & Surgeon,Chevron Clinical Laboratory, Chittagong,"Consultant, Gynecology",Chittagong,https://doctorsdirectory.com.bd/wp-content/uploads/2025/01/Dr.-Rokshana-Hoque.jpg,https://doctorsdirectory.com.bd/add-doctor/dr-rokshana-hoque/,
Dr. Farhana Mahmud Siddiqui,"MBBS, BCS (Health), DGO, FCPS (OBGYN)",Gynecologist & Surgeon,Chittagong Medical College & Hospital,"Consultant, Gynecology",Chittagong,https://doctorsdirectory.com.bd/wp-content/uploads/2025/01/Dr.-Farhana-Mahmud-Siddiqui.jpg,https://doctorsdirectory.com.bd/add-doctor/dr-farhana-mahmud-siddiqui/,,
Dr. Zarin Nawar,"MBBS, BCS (Health), FCPS (OBGYN)",Gynecologist & Surgeon,Feni General Hospital,"Consultant, Gynecology",Chittagong,https://doctorsdirectory.com.bd/wp-content/uploads/2025/01/Dr.-Zarin-Nawar.jpg,https://doctorsdirectory.com.bd/add-doctor/dr-zarin-nawar/,,
Dr. Sumaiya Binte Jalil,"MBBS, BCS (Health), FCPS (OBGYN)",Gynecologist & Surgeon,Feni General Hospital,"Consultant, Gynecology",Chittagong,https://doctorsdirectory.com.bd/wp-content/uploads/2025/01/Dr.-Sumaiya-Binte-Jalil.jpg,https://doctorsdirectory.com.bd/add-doctor/dr-sumaiya-binte-jalil/,,
Dr. Kamrunnessa Runa,"MBBS (DMC), BCS (Health), FCPS (OBGYN)",Gynecologist & Surgeon,General Hospital, Chittagong,"Consultant, Gynecology",Chittagong,https://doctorsdirectory.com.bd/wp-content/uploads/2025/01/Dr.-Kamrunnessa-Runa.jpg,https://doctorsdirectory.com.bd/add-doctor/dr-kamrunnessa-runa/,
Dr. Suraiya Akter,"MBBS, DGO, MCPS (OBGYN)",Gynecologist & Surgeon,Feni District Hospital,"Consultant, Gynecology",Chittagong,https://doctorsdirectory.com.bd/wp-content/uploads/2025/01/Dr.-Suraiya-Akter.jpg,https://doctorsdirectory.com.bd/add-doctor/dr-suraiya-akter/,,
Dr. Nazia Huq,"MBBS (Dhaka), MCPS (OBGYN), DGO, FCPS (OBGYN)",Gynecologist & Surgeon,General Hospital, Chittagong,"Consultant, Gynecology & Obstetrics",Chittagong,https://doctorsdirectory.com.bd/wp-content/uploads/2025/01/Dr.-Nazia-Huq.jpg,https://doctorsdirectory.com.bd/add-doctor/dr-nazia-huq/,
Dr. Nusrat Jahan (Zenia),"MBBS, DGO, MCPS (OBGYN)","Gynecologist, Surgeon & Infertility Specialist",BGC Trust Medical College & Hospital,"Consultant, Gynecology",Chittagong,https://doctorsdirectory.com.bd/wp-content/uploads/2025/01/Dr.-Nusrat-Jahan-Zenia.jpg,https://doctorsdirectory.com.bd/add-doctor/dr-nusrat-jahan-zenia/,,
Dr. Saima Shah Alam,"MBBS (SSMC), BCS (Health), FCPS (OBGYN)",Gynecologist & Surgeon,Chittagong Medical College & Hospital,"Consultant, Gynecology & Obstetrics",Chittagong,https://doctorsdirectory.com.bd/wp-content/uploads/2025/01/Dr.-Saima-Shah-Alam.jpg,https://doctorsdirectory.com.bd/add-doctor/dr-saima-shah-alam/,,
Dr. Mursheda Yesmin,"MBBS (CMC), BCS (Health), FCPS (OBGYN)","Gynecologist, Surgeon & Infertility Specialist",Cox’s Bazar Medical College & Hospital,"Consultant, Gynecology & Obstetrics",Chittagong,https://doctorsdirectory.com.bd/wp-content/uploads/2025/01/Dr.-Mursheda-Yesmin.jpg,https://doctorsdirectory.com.bd/add-doctor/dr-mursheda-yesmin/,,
Dr. Shajeda Begum,"MBBS, BCS (Health), DGO, FCPS (OBGYN)",Gynecologist & Surgeon,Chittagong Medical College & Hospital,"Consultant, Gynecology & Obstetrics",Chittagong,https://doctorsdirectory.com.bd/wp-content/uploads/2025/01/Dr.-Shajeda-Begum.jpg,https://doctorsdirectory.com.bd/add-doctor/dr-shajeda-begum/,,
Dr. Kamrun Nahar Lima,"MBBS, BCS (Health), DGO, MCPS (OBGYN), FCPS (OBGYN)",Gynecologist & Laparoscopic Surgeon,Chittagong Medical College & Hospital,"Consultant, Gynecology & Obstetrics",Chittagong,https://doctorsdirectory.com.bd/wp-content/uploads/2025/01/Dr.-Kamrun-Nahar-Lima.jpg,https://doctorsdirectory.com.bd/add-doctor/dr-kamrun-nahar-lima/,,
Dr. Tahmina Yeasmin Rozy,"MBBS, BCS (Health), FCPS (OBGYN)",Gynecologist & Surgeon,Chittagong Medical College & Hospital,"Consultant, Gynecology & Obstetrics",Chittagong,https://doctorsdirectory.com.bd/wp-content/uploads/2025/01/Dr.-Tahmina-Yeasmin-Rozy.jpg,https://doctorsdirectory.com.bd/add-doctor/dr-tahmina-yeasmin-rozy/,,
Dr. Sanchita Das,"MBBS, BCS (Health), FCPS (OBGYN)",Gynecologist & Surgeon,General Hospital, Chittagong,"Consultant, Gynecology",Chittagong,https://doctorsdirectory.com.bd/wp-content/uploads/2025/01/Dr.-Sanchita-Das.jpg,https://doctorsdirectory.com.bd/add-doctor/dr-sanchita-das/,
Dr. Hasina Akhter,"MBBS, BCS (Health), MCPS, FCPS (OBGYN)",Gynecologist & Surgeon,Chittagong Medical College & Hospital,"Consultant, Gynecology & Obstetrics",Chittagong,https://doctorsdirectory.com.bd/wp-content/uploads/2025/01/Dr.-Hasina-Akhter-1.jpg,https://doctorsdirectory.com.bd/add-doctor/dr-hasina-akhter-ctg/,,
Dr. Tahrima Khanom,"MBBS, BCS (Health), FCPS (OBGYN), MRCOG (London)","Gynecology, Obstetrics Specialist & Surgeon",Chittagong Medical College & Hospital,"Consultant, Gynecology & Obstetrics",Chittagong,https://doctorsdirectory.com.bd/wp-content/uploads/2025/01/Dr.-Tahrima-Khanom.jpg,https://doctorsdirectory.com.bd/add-doctor/dr-tahrima-khanom/,,
Dr. Fahmida Islam Chowdhury,"MBBS, BCS (Health), FCPS (OBGYN)",Gynecologist & Surgeon,Chittagong Medical College & Hospital,"Assistant Professor, Gynecology & Obstetrics",Chittagong,https://doctorsdirectory.com.bd/wp-content/uploads/2025/01/Dr.-Fahmida-Islam-Chowdhury.jpg,https://doctorsdirectory.com.bd/add-doctor/dr-fahmida-islam-chowdhury/,,
Dr. Syeda Nur-A-Lina,"MBBS (DU), FCPS (OBGYN), MRCOG (UK)",Gynecology & Obstetrics Specialist,Chattogram Maa-O-Shishu Hospital Medical College,"Assistant Professor, Gynecology & Obstetrics",Chittagong,https://doctorsdirectory.com.bd/wp-content/uploads/2025/01/Dr.-Syeda-Nur-A-Lina.jpg,https://doctorsdirectory.com.bd/add-doctor/dr-syeda-nur-a-lina/,,
Dr. Zinat Maruf,"MBBS, FCPS (Obs & Gynae)",Gynecologist & Surgeon,Chittagong Medical College & Hospital,"Assistant Professor, Gynecology & Obstetrics",Chittagong,https://doctorsdirectory.com.bd/wp-content/uploads/2025/01/Dr.-Zinat-Maruf.jpg,https://doctorsdirectory.com.bd/add-doctor/dr-zinat-maruf/,,
Dr. Rubina Yasmin,"MBBS, MCPS (OBGYN), DGO, FCPS (OBGYN)",Gynecologist & Surgeon,Chittagong Medical College & Hospital,"Associate Professor, Gynecology & Obstetrics",Chittagong,https://doctorsdirectory.com.bd/wp-content/uploads/2025/01/Dr.-Rubina-Yasmin.jpg,https://doctorsdirectory.com.bd/add-doctor/dr-rubina-yasmin/,,
Dr. Nigar Sultana,"MBBS, FCPS (OBGYN), MS (OBGYN)",Gynecologist & Surgeon,BGC Trust Medical College & Hospital,"Assistant Professor, Gynecology & Obstetrics",Chittagong,https://doctorsdirectory.com.bd/wp-content/uploads/2025/01/Dr.-Nigar-Sultana.jpg,https://doctorsdirectory.com.bd/add-doctor/dr-nigar-sultana/,,
Dr. Farhana Yasmeen,"MBBS (CU), FCPS (Obs & Gynae)",Gynecologist & Surgeon,BGC Trust Medical College & Hospital,"Assistant Professor, Gynecology & Obstetrics",Chittagong,https://doctorsdirectory.com.bd/wp-content/uploads/2025/01/Dr.-Farhana-Yasmeen.jpg,https://doctorsdirectory.com.bd/add-doctor/dr-farhana-yasmeen/,,
Dr. Masuda Novera,"MBBS, BCS (Health), FCPS (OBGYN)",Gynecologist & Surgeon,Health View Maternity & Child Hospital, Chittagong,"Consultant, Gynecology & Obstetrics",Chittagong,https://doctorsdirectory.com.bd/wp-content/uploads/2025/01/Dr.-Masuda-Novera.jpg,https://doctorsdirectory.com.bd/add-doctor/dr-masuda-novera/,
Prof. Dr. Hasina Akhter,"MBBS, MCPS, FCPS (OBGYN)",Gynecologist & Surgeon,BGC Trust Medical College & Hospital,"Professor & Head, Gynecology & Obstetrics",Chittagong,https://doctorsdirectory.com.bd/wp-content/uploads/2025/01/Prof.-Dr.-Hasina-Akhter.jpg,https://doctorsdirectory.com.bd/add-doctor/prof-dr-hasina-akhter/,,
Prof. Dr. Rowshan Morshed,"MBBS, FCPS (Obs & Gynae)",Gynecologist & Surgeon,Chattogram Maa-O-Shishu Hospital Medical College,"Professor, Gynecology & Obstetrics",Chittagong,https://doctorsdirectory.com.bd/wp-content/uploads/2025/01/Prof.-Dr.-Rowshan-Morshed.jpg,https://doctorsdirectory.com.bd/add-doctor/prof-dr-rowshan-morshed/,,
Prof. Dr. Shahena Akter,"MBBS, DGO, FCPS (OBGYN)","Gynecology, Obstetrics, Infertility Specialist & Surgeon",Chittagong Medical College & Hospital,"Professor, Gynecology & Obstetrics",Chittagong,https://doctorsdirectory.com.bd/wp-content/uploads/2025/01/Prof.-Dr.-Shahena-Akter.jpg,https://doctorsdirectory.com.bd/add-doctor/prof-dr-shahena-akter/,,
Prof. Dr. Shahanara Chowdhury,"MBBS (Dhaka), FCPS (OBGYN), Fellow (WHO), Advanced Training (Thailand)","Gynecology, Obstetrics Specialist & Laparoscopic Surgeon",Chittagong Medical College & Hospital,"Former Professor & Head, Gynecology & Obstetrics",Chittagong,https://doctorsdirectory.com.bd/wp-content/uploads/2025/01/Prof.-Dr.-Shahanara-Chowdhury.jpg,https://doctorsdirectory.com.bd/add-doctor/prof-dr-shahanara-chowdhury/,,
Prof. Dr. Ferdousi Begum,"MBBS, FCPS (Obstetrics and Gynaecology)",Gynecology & Obstetrics Specialist,Chattogram Maa-O-Shishu Hospital Medical College,"Professor & Head, Gynecology & Obstetrics",Chittagong,https://doctorsdirectory.com.bd/wp-content/uploads/2025/01/Prof.-Dr.-Ferdousi-Begum.jpg,https://doctorsdirectory.com.bd/add-doctor/prof-dr-ferdousi-begum/,,
Dr. Shirin Fatema,"MBBS, MCPS, DGO, FCPS","Gynecology, Obstetrics Specialist & Surgeon",Apollo Imperial Hospital, Chittagong,"Consultant, Gynecology & Obstetrics",Chittagong,https://doctorsdirectory.com.bd/wp-content/uploads/2025/02/Dr.-Shirin-Fatema.jpg,https://doctorsdirectory.com.bd/add-doctor/dr-shirin-fatema/,
Dr. Rupasree Biswas,"MBBS, FCPS (OBGYN)","Gynecology, Obstetrics Specialist & Surgeon",Southern Medical College & Hospital,"Assistant Professor, Gynecology & Obstetrics",Chittagong,https://doctorsdirectory.com.bd/wp-content/uploads/2025/02/Dr.-Rupasree-Biswas.jpg,https://doctorsdirectory.com.bd/add-doctor/dr-rupasree-biswas/,,
Dr. Nazmun Nahar Rosy,"MBBS, FCPS (Obs & Gyne)","Gynecology, Obstetrics, Infertility Specialist & Laparoscopic Surgeon",Health View Maternity & Child Hospital, Chittagong,Fellowship in Infertility & Reproductive Medicine,Chittagong,https://doctorsdirectory.com.bd/wp-content/uploads/2025/02/Dr.-Nazmun-Nahar-Rosy.jpg,https://doctorsdirectory.com.bd/add-doctor/dr-nazmun-nahar-rosy/,
Dr. Ishrat Jahan,"MBBS, PGT (Medicine), D-CARD (BSMMU)","Cardiologist, Echocardiographer & Medicine Specialist",Feni Clinic, Feni,"Consultant, Cardiology",Chittagong,https://doctorsdirectory.com.bd/wp-content/uploads/2025/01/Dr.-Ishrat-Jahan.jpg,https://doctorsdirectory.com.bd/add-doctor/dr-ishrat-jahan-ctg/,
Dr. Sujan Debnath,"MBBS, BCS (Health), MD (Cardiology)","Cardiology, Rheumatic Fever & Medicine Specialist",Chittagong Medical College & Hospital,"Cardiologist, Cardiology",Chittagong,https://doctorsdirectory.com.bd/wp-content/uploads/2025/01/Dr.-Sujan-Debnath.jpg,https://doctorsdirectory.com.bd/add-doctor/dr-sujan-debnath/,,
Dr. Aysha Siddika Nishi,"MBBS, BCS (Health), MD (Cardiology)","Cardiology, Hypertension & Heart Specialist",Chittagong Medical College & Hospital,"Consultant, Cardiology",Chittagong,https://doctorsdirectory.com.bd/wp-content/uploads/2025/01/Dr.-Aysha-Siddika-Nishi.jpg,https://doctorsdirectory.com.bd/add-doctor/dr-aysha-siddika-nishi/,,
Dr. Md. Mainuddin,"MBBS (DU), BCS (Health), MD (Cardiology)","Cardiology, Medicine & Rheumatic Fever Specialist",Chittagong Medical College & Hospital,"Consultant, Cardiology",Chittagong,https://doctorsdirectory.com.bd/wp-content/uploads/2025/01/Dr.-Md.-Mainuddin.jpg,https://doctorsdirectory.com.bd/add-doctor/dr-md-mainuddin/,,
Dr. Suman Talukder,"MBBS, BCS (Health), MD (Cardiology)",Cardiology & Rheumatic Fever Specialist,Chittagong Medical College & Hospital,"Assistant Professor, Cardiology",Chittagong,https://doctorsdirectory.com.bd/wp-content/uploads/2025/01/Dr.-Suman-Talukder.jpg,https://doctorsdirectory.com.bd/add-doctor/dr-suman-talukder/,,
Dr. Nushrat Binte Kamal,"MBBS (CMC), BCS (Health), D-CARD (BSMMU)",Cardiologist & Echocardiographer,Chittagong Medical College & Hospital,"Consultant, Cardiology",Chittagong,https://doctorsdirectory.com.bd/wp-content/uploads/2025/01/Dr.-Nushrat-Binte-Kamal.jpg,https://doctorsdirectory.com.bd/add-doctor/dr-nushrat-binte-kamal/,,
Dr. Zabeer Ahmed,"MBBS (CMC), BCS (Health), MD (Cardiology)",Cardiology & Medicine Specialist,Chittagong Medical College & Hospital,"Resident Physician, Cardiology",Chittagong,https://doctorsdirectory.com.bd/wp-content/uploads/2025/01/Dr.-Zabeer-Ahmed.jpg,https://doctorsdirectory.com.bd/add-doctor/dr-zabeer-ahmed/,,
Dr. Md. Saiful Islam,"MBBS, MCPS (Medicine), MD (Cardiology), FCPS (Medicine)","Cardiology, Diabetes & Medicine Specialist",Chittagong Medical College & Hospital,"Assistant Professor, Cardiology",Chittagong,https://doctorsdirectory.com.bd/wp-content/uploads/2025/01/Dr.-Md.-Saiful-Islam.jpg,https://doctorsdirectory.com.bd/add-doctor/dr-md-saiful-islam-ctg/,,
Dr. Shajedur Rahman,"MBBS, BCS (Health), MD (Cardiology)","Cardiology (Heart Diseases, Rheumatic Fever) Specialist",Chittagong Medical College & Hospital,"Assistant Professor, Cardiology",Chittagong,https://doctorsdirectory.com.bd/wp-content/uploads/2025/01/Dr.-Shajedur-Rahman.jpg,https://doctorsdirectory.com.bd/add-doctor/dr-shajedur-rahman/,,
Dr. Shafiul Hasan,"MBBS (DMC), BCS (Health), D-CARD (BSMMU)",Cardiologist & Echocardiographer,Feni General Hospital,"Consultant, Cardiology",Chittagong,https://doctorsdirectory.com.bd/wp-content/uploads/2025/01/Dr.-Shafiul-Hasan.jpg,https://doctorsdirectory.com.bd/add-doctor/dr-shafiul-hasan/,,
Dr. A S M Monowar Tariq,"MBBS (SSMC), BCS (Health), MD (Cardiology)","Cardiology (Heart Diseases, Rheumatic Fever) Specialist",Chittagong Medical College & Hospital,"Consultant, Cardiology",Chittagong,https://doctorsdirectory.com.bd/wp-content/uploads/2025/01/Dr.-A-S-M-Monowar-Tariq.jpg,https://doctorsdirectory.com.bd/add-doctor/dr-a-s-m-monowar-tariq/,,
Dr. Md. Ehteshamul Haque,"MBBS, MD (Cardiology)","Heart Diseases, Cardiology, Hypertension Specialist",Cox’s Bazar Medical College & Hospital,"Assistant Professor, Cardiology",Chittagong,https://doctorsdirectory.com.bd/wp-content/uploads/2025/01/Dr.-Md.-Ehteshamul-Haque.jpg,https://doctorsdirectory.com.bd/add-doctor/dr-md-ehteshamul-haque/,,
Dr. Shaifur Rahman Shohel,"MBBS, D-CARD","Cardiology (Heart Diseases, Hypertension & Rheumatic Fever) Specialist",Fortis Escorts Heart Institute, Chittagong,"Consultant, Cardiology",Chittagong,https://doctorsdirectory.com.bd/wp-content/uploads/2025/02/Dr.-Shaifur-Rahman-Shohel.jpg,https://doctorsdirectory.com.bd/add-doctor/dr-shaifur-rahman-shohel/,
Dr. Md. Shah Newaz,"MBBS, D-CARD, MD (Cardiology)","Cardiology (Heart Diseases, Rheumatic Fever) Specialist",Feni Diabetes Hospital,"Consultant, Cardiology",Chittagong,https://doctorsdirectory.com.bd/wp-content/uploads/2025/01/Dr.-Md.-Shah-Newaz.jpg,https://doctorsdirectory.com.bd/add-doctor/dr-md-shah-newaz/,,
Dr. Mohammad Ilias,"MBBS, FCPS (Physical Medicine), FCGP, FIPM (India & Taiwan)","Arthritis, Pain, Paralysis, Sports Injury, Physical Medicine & Rehabilitation Specialist",Bangabandhu Memorial Hospital, USTC, Chittagong,"Associate Professor, Physical Medicine",Chittagong,https://doctorsdirectory.com.bd/wp-content/uploads/2025/01/Dr.-Mohammad-Ilias.jpg,https://doctorsdirectory.com.bd/add-doctor/dr-mohammad-ilias/
Dr. Md. Jahangir Alam Chowdhury,"MBBS, FCPS (Physical Medicine)","Arthritis, Pain, Paralysis, Physical Medicine Rehabilitation Specialist",Chattogram Maa-O-Shishu Hospital Medical College,"Associate Professor & Head, Physical Medicine & Rehabilitation",Chittagong,https://doctorsdirectory.com.bd/wp-content/uploads/2025/02/Dr.-Md.-Jahangir-Alam-Chowdhury.jpg,https://doctorsdirectory.com.bd/add-doctor/dr-md-jahangir-alam-chowdhury/,,
Dr. M. Mahbub Alam,"MBBS (CMC), PhD (Physical Medicine), Advanced Clinical Education (Rheumatology)","Physical Medicine, Pain & Rheumatology Specialist",Chattogram Metropolitan Hospital,"Consultant, Physical Medicine",Chittagong,https://doctorsdirectory.com.bd/wp-content/uploads/2025/02/Dr.-M.-Mahbub-Alam.jpg,https://doctorsdirectory.com.bd/add-doctor/dr-m-mahbub-alam/,,
Dr. F M A Qader,"MBBS, BCS (Health), FCPS (Physical Medicine)",Arthritis & Pain Specialist,Chattogram Maa-O-Shishu Hospital Medical College,"Associate Professor, Physical Medicine",Chittagong,https://doctorsdirectory.com.bd/wp-content/uploads/2025/01/Dr.-F-M-A-Qader.jpg,https://doctorsdirectory.com.bd/add-doctor/dr-f-m-a-qader/,,
Dr. Md. Mofizur Rahman,"MBBS, FCPS (Physical Medicine)",Pain & Rheumatology Specialist,Treatment Hospital, Chittagong,"Consultant, Rheumatology",Chittagong,https://doctorsdirectory.com.bd/wp-content/uploads/2025/01/Dr.-Md.-Mofizur-Rahman.jpg,https://doctorsdirectory.com.bd/add-doctor/dr-md-mofizur-rahman/,
Dr. Mostafa Nuruddin,"MBBS, MCPS, MD (Pediatrics)",Child Diseases Specialist,Chattogram International Medical College & Hospital,"Associate Professor, Pediatrics",Chittagong,https://doctorsdirectory.com.bd/wp-content/uploads/2025/01/Dr.-Mostafa-Nuruddin.jpg,https://doctorsdirectory.com.bd/add-doctor/dr-mostafa-nuruddin/,,
Dr. Abidur Rahman,"MBBS, MCPS, DCH","Newborn, Adolescent & Child Specialist",National Hospital,"Consultant, Pediatrics",Chittagong,https://doctorsdirectory.com.bd/wp-content/uploads/2025/01/Dr.-Abidur-Rahman.jpg,https://doctorsdirectory.com.bd/add-doctor/dr-abidur-rahman/,,
Dr. Kazi Mahfuzur Rahman,"MBBS, DCH",Child Diseases Specialist,Chattogram Maa-O-Shishu Hospital Medical College,"Assistant Professor, Pediatrics",Chittagong,https://doctorsdirectory.com.bd/wp-content/uploads/2025/01/Dr.-Kazi-Mahfuzur-Rahman.jpg,https://doctorsdirectory.com.bd/add-doctor/dr-kazi-mahfuzur-rahman/,,
Dr. Abida Sultana Rina,"MBBS (CMC), DCH, FCPS (Pediatrics)",Newborn & Child Diseases Specialist,Cox’s Bazar Medical College & Hospital,"Associate Professor & Head, Pediatrics",Chittagong,https://doctorsdirectory.com.bd/wp-content/uploads/2025/01/Dr.-Abida-Sultana-Rina.jpg,https://doctorsdirectory.com.bd/add-doctor/dr-abida-sultana-rina/,,
Dr. Mohammad Rezaul Karim,"MBBS, DCH, FCPS (Pediatrics)",Child Diseases Specialist,Cox’s Bazar District Hospital,"Consultant, Pediatrics",Chittagong,https://doctorsdirectory.com.bd/wp-content/uploads/2025/01/Dr.-Mohammad-Rezaul-Karim.jpg,https://doctorsdirectory.com.bd/add-doctor/dr-mohammad-rezaul-karim/,,
Dr. Rummana Khan,"MBBS (DMC), MD (Pediatrics)",Neonatal & Child Diseases Specialist,Parkview Hospital, Chittagong,"Consultant, Pediatrics",Chittagong,https://doctorsdirectory.com.bd/wp-content/uploads/2025/01/Dr.-Rummana-Khan.jpg,https://doctorsdirectory.com.bd/add-doctor/dr-rummana-khan/,
Dr. Md. Farhad Uddin,"MBBS (DMC), MD (Pediatrics)",Newborn & Child Diseases Specialist,Max Hospital & Diagnostic, Chittagong,"Specialist, Pediatrics",Chittagong,https://doctorsdirectory.com.bd/wp-content/uploads/2025/01/Dr.-Md.-Farhad-Uddin.jpg,https://doctorsdirectory.com.bd/add-doctor/dr-md-farhad-uddin/,
Dr. Sanat Kumar Barua,"MBBS (CMC), DCH (BIRDEM), FCPS (Pediatrics)",Child Diseases Specialist,Chittagong Medical College & Hospital,"Consultant, Pediatrics",Chittagong,https://doctorsdirectory.com.bd/wp-content/uploads/2025/01/Dr.-Sanat-Kumar-Barua.jpg,https://doctorsdirectory.com.bd/add-doctor/dr-sanat-kumar-barua/,,
Dr. Nushrat Jahan,"MBBS, FCPS (Pediatrics), MD (Neonatology)","Newborn, Adolescent & Child Diseases Specialist",Chittagong Medical College & Hospital,"Assistant Professor, Neonatology",Chittagong,https://doctorsdirectory.com.bd/wp-content/uploads/2025/01/Dr.-Nushrat-Jahan.jpg,https://doctorsdirectory.com.bd/add-doctor/dr-nushrat-jahan-ctg/,,
Dr. Arnab Chowdhury,"MBBS, MCPS, FCPS (Pediatrics)",Child Diseases Specialist,Mount Hospital Ltd, Chittagong,"Consultant, Pediatrics",Chittagong,https://doctorsdirectory.com.bd/wp-content/uploads/2025/01/Dr.-Arnab-Chowdhury.jpg,https://doctorsdirectory.com.bd/add-doctor/dr-arnab-chowdhury/,
Dr. Pradip Kumar Sarker,"MBBS, DCH, FCPS (Pediatrics)","Newborn, Adolescent & Child Diseases Specialist",Epic Healthcare, Chittagong,"Senior Consultant, Pediatrics",Chittagong,https://doctorsdirectory.com.bd/wp-content/uploads/2025/01/Dr.-Pradip-Kumar-Sarker.jpg,https://doctorsdirectory.com.bd/add-doctor/dr-pradip-kumar-sarker/,
Prof. Dr. Mohammad Masud Karim,"MBBS, BCS (Health), DCH, MD (Child)",Child Diseases Specialist,Cox’s Bazar Medical College & Hospital,"Professor & Head, Pediatrics",Chittagong,https://doctorsdirectory.com.bd/wp-content/uploads/2025/01/Prof.-Dr.-Mohammad-Masud-Karim.jpg,https://doctorsdirectory.com.bd/add-doctor/prof-dr-mohammad-masud-karim/,,
Dr. Mohammad Khaled Hossain,"MBBS (DMC), BCS (Health), FCPS (Pediatrics)",Child Diseases Specialist,Parkview Hospital, Chittagong,"Consultant, Pediatrics",Chittagong,https://doctorsdirectory.com.bd/wp-content/uploads/2025/02/Dr.-Mohammad-Khaled-Hossain.jpg,https://doctorsdirectory.com.bd/add-doctor/dr-mohammad-khaled-hossain/,
Prof. Dr. Muslim Uddin Sobuj,"MBBS, DCH, MD (Child Health)","Newborn, Adolescent & Child Diseases Specialist",Chittagong Medical College & Hospital,"Professor & Head, Pediatrics",Chittagong,https://doctorsdirectory.com.bd/wp-content/uploads/2025/02/Prof.-Dr.-Muslim-Uddin-Sobuj.jpg,https://doctorsdirectory.com.bd/add-doctor/prof-dr-muslim-uddin-sobuj/,,
Dr. T.K. Roy,"MBBS, FCPS (Pediatrics), PGPN (Child Nutrition, USA)",Neonatal & Child Diseases Specialist,Bangabandhu Memorial Hospital, USTC, Chittagong,"Assistant Professor, Pediatrics",Chittagong,https://doctorsdirectory.com.bd/wp-content/uploads/2025/02/Dr.-T.K.-Roy.jpg,https://doctorsdirectory.com.bd/add-doctor/dr-t-k-roy/
Dr. Fahima Afrin Jhinu,"MBBS, BCS (Health), MD (Dermatology)",Skin & Venereal Diseases Specialist,Chittagong Medical College & Hospital,"Consultant, Dermatology",Chittagong,https://doctorsdirectory.com.bd/wp-content/uploads/2025/01/Dr.-Fahima-Afrin-Jhinu.jpg,https://doctorsdirectory.com.bd/add-doctor/dr-fahima-afrin-jhinu/,,
Dr. Nushrat Zahan Khondaker,"MBBS, CCD (BIRDEM), PGT (Medicine & Dermatology)","Skin, Allergy, Venereal Disease & Anti-Aging Specialist",Labaid Diagnostic, Chittagong,"Consultant, Dermatology",Chittagong,https://doctorsdirectory.com.bd/wp-content/uploads/2025/01/Dr.-Nushrat-Zahan-Khondaker.jpg,https://doctorsdirectory.com.bd/add-doctor/dr-nushrat-zahan-khondaker/,
Dr. Nishith Ranjan Dey,"MBBS, FRCP, MD (SKIN & VD)","Aesthetic Dermatology, Cosmetology & Regenerative Medicine Specialist",Chittagong Medical College & Hospital,"Associate Professor, Dermatology",Chittagong,https://doctorsdirectory.com.bd/wp-content/uploads/2025/02/Dr.-Nishith-Ranjan-Dey.jpg,https://doctorsdirectory.com.bd/add-doctor/dr-nishith-ranjan-dey/,,
Dr. Pritish Barua,"MBBS (CU), DGUM (UK), DD (Australia)","Skin, Allergy, Hair, Nail, Sexual Diseases Specialist",Lab One Health Services, Chittagong,"Consultant, Dermatology & Venereology",Chittagong,https://doctorsdirectory.com.bd/wp-content/uploads/2025/02/Dr.-Pritish-Barua.jpg,https://doctorsdirectory.com.bd/add-doctor/dr-pritish-barua/,
Dr. Feroza Meher,"MBBS (CMC), Post Graduate Diploma in Dermatology (South Wales University, UK)",Aesthetic Dermatology & Cosmetology Specialist,Surecell Medical, Chattogram,"Consultant, Dermatology",Chittagong,https://doctorsdirectory.com.bd/wp-content/uploads/2025/02/Dr.-Feroza-Meher.jpg,https://doctorsdirectory.com.bd/add-doctor/dr-feroza-meher/,
Dr. Mohammadul Haque Mezbah,"MBBS, BCS (Health), DO (BSMMU), MCPS (EYE)",Eye Specialist & Phaco Surgeon,Chittagong Medical College & Hospital,"Consultant, Ophthalmology",Chittagong,https://doctorsdirectory.com.bd/wp-content/uploads/2025/02/Dr.-Mohammadul-Haque-Mezbah.jpg,https://doctorsdirectory.com.bd/add-doctor/dr-mohammadul-haque-mezbah/,,
Dr. Abul Quasem,"MBBS, DO",Eye Specialist & Phaco Surgeon,Chittagong Eye Infirmary & Training Complex,"Associate Professor, Ophthalmology",Chittagong,https://doctorsdirectory.com.bd/wp-content/uploads/2025/01/Dr.-Abul-Quasem.jpg,https://doctorsdirectory.com.bd/add-doctor/dr-abul-quasem/,,
Dr. A.H.M. Mohiuddin,"MBBS, DO",Eye Specialist & Phaco Surgeon,Chittagong Eye Infirmary & Training Complex,"Consultant, Ophthalmology",Chittagong,https://doctorsdirectory.com.bd/wp-content/uploads/2025/01/Dr.-A.H.M.-Mohiuddin.jpg,https://doctorsdirectory.com.bd/add-doctor/dr-a-h-m-mohiuddin/,,
Dr. SM. Mizanul Hoque,"MBBS, DCO, Training in Phaco Surgery",Eye Specialist & Phaco Surgeon,Lions Charitable Eye Hospital, Chittagong,"Consultant, Ophthalmology",Chittagong,https://doctorsdirectory.com.bd/wp-content/uploads/2025/02/Dr.-SM.-Mizanul-Hoque.jpg,https://doctorsdirectory.com.bd/add-doctor/dr-sm-mizanul-hoque/,
Dr. Sheikh Mohammad Murad,"MBBS, MCPS (EYE), Training (Phaco Surgery)",Eye Specialist & Phaco Surgeon,Lions Charitable Eye Hospital, Chittagong,"Consultant, Ophthalmology",Chittagong,https://doctorsdirectory.com.bd/wp-content/uploads/2025/02/Dr.-Sheikh-Mohammad-Murad.jpg,https://doctorsdirectory.com.bd/add-doctor/dr-sheikh-mohammad-murad/,
Prof. Dr. Mohammad Al-Amin,"MBBS, BCS (Health), DO, MS (EYE)","Cornea, Phaco & Lasik Specialist",Chittagong Medical College & Hospital,"Professor, Eye",Chittagong,https://doctorsdirectory.com.bd/wp-content/uploads/2025/01/Prof.-Dr.-Mohammad-Al-Amin.jpg,https://doctorsdirectory.com.bd/add-doctor/prof-dr-mohammad-al-amin/,,
Prof. Dr. Mohammad Omar Faruque,"MBBS, DO, FCPS (EYE)","Glaucoma, Phaco & Eye Specialist Surgeon",Chittagong Medical College & Hospital,"Professor, Glaucoma",Chittagong,https://doctorsdirectory.com.bd/wp-content/uploads/2025/01/Prof.-Dr.-Mohammad-Omar-Faruque.jpg,https://doctorsdirectory.com.bd/add-doctor/prof-dr-mohammad-omar-faruque/,,
Dr. Md. Ibrahim Khalil,"MBBS, BCS (Health), MD (Neurology)",Neuromedicine Specialist,Chittagong Medical College & Hospital,"Assistant Professor, Neurology",Chittagong,https://doctorsdirectory.com.bd/wp-content/uploads/2025/01/Dr.-Md.-Ibrahim-Khalil.jpg,https://doctorsdirectory.com.bd/add-doctor/dr-md-ibrahim-khalil/,,
Dr. Mostafa Tarek Ullah,"MBBS (DMC), BCS (Health), MD (Neurology)",Neuromedicine Specialist,Chittagong Medical College & Hospital,"Consultant, Neurology",Chittagong,https://doctorsdirectory.com.bd/wp-content/uploads/2025/01/Dr.-Mostafa-Tarek-Ullah.jpg,https://doctorsdirectory.com.bd/add-doctor/dr-mostafa-tarek-ullah/,,
Dr. Lutfur Rahman,"MBBS, FCPS (Medicine), MD (Neurology)",Neuromedicine Specialist,General Hospital, Chittagong,"Senior Consultant, Neuromedicine",Chittagong,https://doctorsdirectory.com.bd/wp-content/uploads/2025/01/Dr.-Lutfur-Rahman.jpg,https://doctorsdirectory.com.bd/add-doctor/dr-lutfur-rahman/,
Dr. Bipul Kanti Paul,"MBBS, MCPS (Medicine), MD (Neuromedicine)",Neuromedicine Specialist,National Institute of Neurosciences & Hospital,"Consultant, Neuromedicine",Chittagong,https://doctorsdirectory.com.bd/wp-content/uploads/2025/01/Dr.-Bipul-Kanti-Paul.jpg,https://doctorsdirectory.com.bd/add-doctor/dr-bipul-kanti-paul/,,
Dr. Soumitra Das,"MBBS, MD (Neurology)",Neuromedicine Specialist,General Hospital, Chittagong,"Junior Consultant, Neuromedicine",Chittagong,https://doctorsdirectory.com.bd/wp-content/uploads/2025/01/Dr.-Soumitra-Das.jpg,https://doctorsdirectory.com.bd/add-doctor/dr-soumitra-das/,
Prof. Dr. Suvash Ranjan Dey,"MBBS, DA (DU), MD (Neurology)",Neuromedicine Specialist,Chattogram Maa-O-Shishu Hospital Medical College,"Professor & Head, Neurology",Chittagong,https://doctorsdirectory.com.bd/wp-content/uploads/2025/01/Prof.-Dr.-Suvash-Ranjan-Dey.jpg,https://doctorsdirectory.com.bd/add-doctor/prof-dr-suvash-ranjan-dey/,,
Prof. Dr. Muhammad Ishaque,"MBBS, FCPS (Medicine), MD (Neurology)",Neuromedicine Specialist,General Hospital, Chittagong,"Former Head, Neuromedicine",Chittagong,https://doctorsdirectory.com.bd/wp-content/uploads/2025/01/Prof.-Dr.-Muhammad-Ishaque.jpg,https://doctorsdirectory.com.bd/add-doctor/prof-dr-muhammad-ishaque/,
Dr. Md. Faruk Ahmed,"MBBS, MS (Urology)",Urology Specialist & Surgeon,Chittagong Medical College & Hospital,"Assistant Professor, Urology",Chittagong,https://doctorsdirectory.com.bd/wp-content/uploads/2025/01/Dr.-Md.-Faruk Ahmed.jpg,https://doctorsdirectory.com.bd/add-doctor/dr-md-faruk-ahmed/,,
Dr. Mohammad Mostafa Monowar,"MBBS, MCPS, MD (Nephrology), FRCP, Fellow (ISN), FASN (USA)","Kidney Specialist, Interventional Nephrologist",Max Hospital & Diagnostic,"Consultant, Nephrology",Chittagong,https://doctorsdirectory.com.bd/wp-content/uploads/2025/01/Dr.-Mohammad-Mostafa-Monowar.jpg,https://doctorsdirectory.com.bd/add-doctor/dr-mohammad-mostafa-monowar/,,
Dr. Md. Main Uddin Mahmud,"MBBS (DMC), BCS, MD (Nephrology)",Kidney Diseases & Medicine Specialist,Chittagong Medical College & Hospital,"Registrar, Nephrology",Chittagong,https://doctorsdirectory.com.bd/wp-content/uploads/2025/01/Dr.-Md.-Main-Uddin-Mahmud.jpg,https://doctorsdirectory.com.bd/add-doctor/dr-md-main-uddin-mahmud/,,
Dr. Nur Nobi Bitu,"MBBS (DMC), BCS (Health), MD (Nephrology)",Kidney Diseases & Medicine Specialist,Chittagong Medical College & Hospital,"Assistant Professor, Nephrology",Chittagong,https://doctorsdirectory.com.bd/wp-content/uploads/2025/01/Dr.-Nur-Nobi-Bitu.jpg,https://doctorsdirectory.com.bd/add-doctor/dr-nur-nobi-bitu/,,
Dr. Kamrul Hasan,"MBBS (Dhaka), BCS (Health), MD (Nephrology)",Kidney Diseases Specialist,Chittagong Medical College & Hospital,"Assistant Professor, Nephrology",Chittagong,https://doctorsdirectory.com.bd/wp-content/uploads/2025/01/Dr.-Kamrul-Hasan-Kidney.jpg,https://doctorsdirectory.com.bd/add-doctor/dr-kamrul-hasan-kidney/,,
Dr. Muhammad Shofiur Rahman,"MBBS, MD (Nephrology)",Kidney Diseases & Medicine Specialist,Chittagong Medical College & Hospital,"Assistant Professor, Nephrology",Chittagong,https://doctorsdirectory.com.bd/wp-content/uploads/2025/01/Dr.-Muhammad-Shofiur-Rahman.jpg,https://doctorsdirectory.com.bd/add-doctor/dr-muhammad-shofiur-rahman/,,
Dr. Md. Nazibur Rahman Khokon,"MBBS, MCPS (Medicine), MD (Rheumatology), ECRD (Switzerland)","Rheumatology, Arthritis & Medicine Specialist",Parkview Hospital Ltd, Chittagong,"Consultant, Medicine",Chittagong,https://doctorsdirectory.com.bd/wp-content/uploads/2025/02/Dr.-Md.-Nazibur-Rahman-Khokon.jpg,https://doctorsdirectory.com.bd/add-doctor/dr-md-nazibur-rahman-khokon/,
Dr. Mohammed Badruddoza,"MBBS, FCPS (Surgery), MS (Neurosurgery)","Brain, Nerve, Spinal Cord & Tumor Specialist Surgeon",Bangabandhu Memorial Hospital, USTC, Chittagong,"Associate Professor, Neurosurgery",Chittagong,https://doctorsdirectory.com.bd/wp-content/uploads/2025/01/Dr.-Mohammed-Badruddoza.jpg,https://doctorsdirectory.com.bd/add-doctor/dr-mohammed-badruddoza/
Dr. Aminur Rahman Azad,"MBBS, MS (Neurosurgery)","Neurosurgery (Brain, Stroke, Spine Surgery) Specialist",Chittagong Medical College & Hospital,"Fellow Micro Neurosurgery (Japan), Fellow Endoscopy & Microscopy (Japan), Neurosurgery (Germany)",Chittagong,https://doctorsdirectory.com.bd/wp-content/uploads/2025/02/Dr.-Aminur-Rahman-Azad.jpg,https://doctorsdirectory.com.bd/add-doctor/dr-aminur-rahman-azad/,,
Dr. Md. Ibrahim Khalil,"MBBS, BCS (Health), MD (Neurology)",Neuromedicine Specialist,Chittagong Medical College & Hospital,"Assistant Professor, Neurology",Chittagong,https://doctorsdirectory.com.bd/wp-content/uploads/2025/01/Dr.-Md.-Ibrahim-Khalil.jpg,https://doctorsdirectory.com.bd/add-doctor/dr-md-ibrahim-khalil/,,
Dr. Mostafa Tarek Ullah,"MBBS (DMC), BCS (Health), MD (Neurology)",Neuromedicine Specialist,Chittagong Medical College & Hospital,"Consultant, Neurology",Chittagong,https://doctorsdirectory.com.bd/wp-content/uploads/2025/01/Dr.-Mostafa-Tarek-Ullah.jpg,https://doctorsdirectory.com.bd/add-doctor/dr-mostafa-tarek-ullah/,,
Dr. Fancy Khatun,"MBBS, FCPS (Obstetrics and Gynaecology)",Obstetrics and Gynaecology,Assistant Professor,"Uttara Adhunik Medical College Hospital, Uttara, Dhaka",Dhaka,https://doctorsdirectory.com.bd/wp-content/uploads/2025/11/Dr.-Fancy-Khatun.png,https://doctorsdirectory.com.bd/add-doctor/dr-fancy-khatun/,,
Mushfique Manjur,"MBBS (CMC), MS (Orthopaedics) (NITOR), CCC (BIRDEM), Fellowship in Spine Surgery, Fellowship in pain management, AO trauma (Advance) (India)","Orthopaedic Trauma, Spine Surgery, Arthroplasty",Assistant Professor,Delta Medical College & Hospital, Dhaka,https://doctorsdirectory.com.bd/wp-content/uploads/2025/08/Mushfique-Manjur.png,https://doctorsdirectory.com.bd/add-doctor/mushfique-manjur/,,
Dr. Mosammat Rubina Sultana,"FCPS (Radiotherapy), BCS (Health), MBBS, IAEA-certified in Radiotherapy & Brachytherapy","Cancer Specialist, Radiation Specialist",Associate Professor,"National Institute of Cancer Research & Hospital, Dhaka",Dhaka,https://doctorsdirectory.com.bd/wp-content/uploads/2025/08/Dr.-Mosammat-Rubina-Sultana.png,https://doctorsdirectory.com.bd/add-doctor/dr-mosammat-rubina-sultana/,,
Dr. Abu Md. Towab,"MBBS, BCS (Health), MACP (America), CCD (UK), MD (Cardiology)",Cardiology & Medicine Specialist,Consultant,"National Institute of Cardiovascular Diseases, Dhaka",Dhaka,https://doctorsdirectory.com.bd/wp-content/uploads/2025/07/Dr.-Abu-Md.-Towab.png,https://doctorsdirectory.com.bd/add-doctor/dr-abu-md-towab/,,
Dr. Samia Ahmed,"MBBS, M.Phil (Radiotherapy)",Cancer specialist,Assistant Professor,"National Institute of Cancer Research & Hospital, Dhaka",Dhaka,https://doctorsdirectory.com.bd/wp-content/uploads/2025/07/Dr.-Samia-Ahmed.png,https://doctorsdirectory.com.bd/add-doctor/dr-samia-ahmed/,,
Dr. Sabina Sultana,"MBBS, FCPS (Obs & Gynae)","Gynecology, Obstetrics Specialist & Surgeon",Assistant Professor,Dhaka Medical College & Hospital,Dhaka,https://doctorsdirectory.com.bd/wp-content/uploads/2025/02/Dr.-Sabina-Sultana.jpg,https://doctorsdirectory.com.bd/add-doctor/dr-sabina-sultana/,,
Dr. Rowshan Ara Begum,"MBBS, FCPS (Obs & Gynae)",Gynecology & Obstetrics Specialist,Consultant,Labaid Specialized Hospital,Dhaka,https://doctorsdirectory.com.bd/wp-content/uploads/2025/02/Dr.-Rowshan-Ara-Begum.jpg,https://doctorsdirectory.com.bd/add-doctor/dr-rowshan-ara-begum/,,
Dr. Md. Rafiqul Islam,"MBBS, FCPS (Surgery), MS (Urology)",Urology Specialist & Surgeon,Associate Professor,Dhaka Medical College & Hospital,Dhaka,https://doctorsdirectory.com.bd/wp-content/uploads/2025/02/Dr.-Md.-Rafiqul-Islam.jpg,https://doctorsdirectory.com.bd/add-doctor/dr-md-rafiqul-islam/,,
Dr. Md. Nazmul Haque,"MBBS, MD (Neurology)",Neuromedicine Specialist,Assistant Professor,National Institute of Neurosciences & Hospital,Dhaka,https://doctorsdirectory.com.bd/wp-content/uploads/2025/02/Dr.-Md.-Nazmul-Haque.jpg,https://doctorsdirectory.com.bd/add-doctor/dr-md-nazmul-haque/,,
Dr. Farhana Khanam,"MBBS, FCPS (Obs & Gynae)",Gynecology & Obstetrics Specialist,Consultant,Ibn Sina Specialized Hospital,Dhaka,https://doctorsdirectory.com.bd/wp-content/uploads/2025/02/Dr.-Farhana-Khanam.jpg,https://doctorsdirectory.com.bd/add-doctor/dr-farhana-khanam/,,
Dr. Md. Azizul Haque,"MBBS, MD (Cardiology)",Cardiology Specialist,Professor,"National Institute of Cardiovascular Diseases, Dhaka",Dhaka,https://doctorsdirectory.com.bd/wp-content/uploads/2025/02/Dr.-Md.-Azizul-Haque.jpg,https://doctorsdirectory.com.bd/add-doctor/dr-md-azizul-haque/,,
Dr. Nasreen Sultana,"MBBS, FCPS (Pediatrics)",Child Specialist,Associate Professor,Dhaka Shishu Hospital,Dhaka,https://doctorsdirectory.com.bd/wp-content/uploads/2025/02/Dr.-Nasreen-Sultana.jpg,https://doctorsdirectory.com.bd/add-doctor/dr-nasreen-sultana/,,
Dr. Md. Mahbubur Rahman,"MBBS, MS (Orthopedics)",Orthopedic Surgeon,Professor,NITOR (Pongo Hospital),Dhaka,https://doctorsdirectory.com.bd/wp-content/uploads/2025/02/Dr.-Md.-Mahbubur-Rahman.jpg,https://doctorsdirectory.com.bd/add-doctor/dr-md-mahbubur-rahman/,,
Dr. Salma Begum,"MBBS, MS (Gynae)",Gynecologist,Assistant Professor,Sir Salimullah Medical College,Dhaka,https://doctorsdirectory.com.bd/wp-content/uploads/2025/02/Dr.-Salma-Begum.jpg,https://doctorsdirectory.com.bd/add-doctor/dr-salma-begum/,,
Dr. Md. Abdur Razzaque,"MBBS, FCPS (Medicine)",Internal Medicine Specialist,Professor,Dhaka Medical College,Dhaka,https://doctorsdirectory.com.bd/wp-content/uploads/2025/02/Dr.-Md.-Abdur-Razzaque.jpg,https://doctorsdirectory.com.bd/add-doctor/dr-md-abdur-razzaque/,,
Dr. Rehana Akter,"MBBS, DGO, FCPS",Obstetrician & Gynecologist,Consultant,Central Hospital,Dhaka,https://doctorsdirectory.com.bd/wp-content/uploads/2025/02/Dr.-Rehana-Akter.jpg,https://doctorsdirectory.com.bd/add-doctor/dr-rehana-akter/,,
Dr. Md. Zulfiqur Rahman,"MBBS, MS (Surgery)",General Surgeon,Associate Professor,Shaheed Suhrawardy Medical College,Dhaka,https://doctorsdirectory.com.bd/wp-content/uploads/2025/02/Dr.-Md.-Zulfiqur-Rahman.jpg,https://doctorsdirectory.com.bd/add-doctor/dr-md-zulfiqur-rahman/,,
Dr. Shamim Ara,"MBBS, FCPS",Gynecology Specialist,Senior Consultant,Evercare Hospital,Dhaka,https://doctorsdirectory.com.bd/wp-content/uploads/2025/02/Dr.-Shamim-Ara.jpg,https://doctorsdirectory.com.bd/add-doctor/dr-shamim-ara/,,
Dr. Md. Aminul Islam,"MBBS, MD (Neurology)",Neurologist,Assistant Professor,BSMMU (PG Hospital),Dhaka,https://doctorsdirectory.com.bd/wp-content/uploads/2025/02/Dr.-Md.-Aminul-Islam.jpg,https://doctorsdirectory.com.bd/add-doctor/dr-md-aminul-islam/,,
Dr. Tahmina Begum,"MBBS, MPhil",Psychiatrist,Professor,National Institute of Mental Health,Dhaka,https://doctorsdirectory.com.bd/wp-content/uploads/2025/02/Dr.-Tahmina-Begum.jpg,https://doctorsdirectory.com.bd/add-doctor/dr-tahmina-begum/,,
Dr. Md. Kamruzzaman,"MBBS, FCPS (Surgery)",Laparoscopic Surgeon,Consultant,Square Hospital,Dhaka,https://doctorsdirectory.com.bd/wp-content/uploads/2025/02/Dr.-Md.-Kamruzzaman.jpg,https://doctorsdirectory.com.bd/add-doctor/dr-md-kamruzzaman/,,
Dr. Farida Yasmin,"MBBS, FCPS (Gynae)",Gynecology Specialist,Consultant,United Hospital,Dhaka,https://doctorsdirectory.com.bd/wp-content/uploads/2025/02/Dr.-Farida-Yasmin.jpg,https://doctorsdirectory.com.bd/add-doctor/dr-farida-yasmin/,,
Dr. Md. Shariful Alam,"MBBS, MD (Nephrology)",Kidney Specialist,Associate Professor,National Institute of Kidney Diseases,Dhaka,https://doctorsdirectory.com.bd/wp-content/uploads/2025/02/Dr.-Md.-Shariful-Alam.jpg,https://doctorsdirectory.com.bd/add-doctor/dr-md-shariful-alam/,,
Dr. Nilufar Sultana,"MBBS, MS (Ophthalmology)",Eye Specialist,Consultant,National Institute of Ophthalmology,Dhaka,https://doctorsdirectory.com.bd/wp-content/uploads/2025/02/Dr.-Nilufar-Sultana.jpg,https://doctorsdirectory.com.bd/add-doctor/dr-nilufar-sultana/,,
Dr. Md. Saiful Islam,"MBBS, FCPS (ENT)",ENT Specialist,Assistant Professor,Mitford Hospital,Dhaka,https://doctorsdirectory.com.bd/wp-content/uploads/2025/02/Dr.-Md.-Saiful-Islam-ENT.jpg,https://doctorsdirectory.com.bd/add-doctor/dr-md-saiful-islam-ent/,,
Dr. Afroza Khanum,"MBBS, DCH",Child Specialist,Consultant,Popular Diagnostic Center,Dhaka,https://doctorsdirectory.com.bd/wp-content/uploads/2025/02/Dr.-Afroza-Khanum.jpg,https://doctorsdirectory.com.bd/add-doctor/dr-afroza-khanum/,,
Dr. Md. Mizanur Rahman,"MBBS, MD (Cardiology)",Cardiologist,Professor,Labaid Cardiac Hospital,Dhaka,https://doctorsdirectory.com.bd/wp-content/uploads/2025/02/Dr.-Md.-Mizanur-Rahman.jpg,https://doctorsdirectory.com.bd/add-doctor/dr-md-mizanur-rahman/,,
Dr. Shahnaz Begum,"MBBS, FCPS",Gynecologist,Senior Consultant,Apollo Hospital,Dhaka,https://doctorsdirectory.com.bd/wp-content/uploads/2025/02/Dr.-Shahnaz-Begum.jpg,https://doctorsdirectory.com.bd/add-doctor/dr-shahnaz-begum/,,
Dr. Md. Tariqul Islam,"MBBS, MS (Orthopedics)",Spine Surgeon,Associate Professor,NITOR,Dhaka,https://doctorsdirectory.com.bd/wp-content/uploads/2025/02/Dr.-Md.-Tariqul-Islam.jpg,https://doctorsdirectory.com.bd/add-doctor/dr-md-tariqul-islam/,,
Dr. Kaniz Fatema,"MBBS, FCPS (Pediatrics)",Pediatrician,Assistant Professor,BSMMU,Dhaka,https://doctorsdirectory.com.bd/wp-content/uploads/2025/02/Dr.-Kaniz-Fatema.jpg,https://doctorsdirectory.com.bd/add-doctor/dr-kaniz-fatema/,,
Dr. Md. Shahidul Islam,"MBBS, MD (Medicine)",Internal Medicine,Consultant,Green Life Hospital,Dhaka,https://doctorsdirectory.com.bd/wp-content/uploads/2025/02/Dr.-Md.-Shahidul-Islam.jpg,https://doctorsdirectory.com.bd/add-doctor/dr-md-shahidul-islam/,,
Dr. Mahmuda Khatun,"MBBS, MS (Gynae)",Infertility Specialist,Consultant,BIRDEM Hospital,Dhaka,https://doctorsdirectory.com.bd/wp-content/uploads/2025/02/Dr.-Mahmuda-Khatun.jpg,https://doctorsdirectory.com.bd/add-doctor/dr-mahmuda-khatun/,,
Dr. Md. Anwar Hossain,"MBBS, FCPS (Surgery)",General Surgeon,Professor,Dhaka Medical College,Dhaka,https://doctorsdirectory.com.bd/wp-content/uploads/2025/02/Dr.-Md.-Anwar-Hossain.jpg,https://doctorsdirectory.com.bd/add-doctor/dr-md-anwar-hossain/,,
Dr. Syeda Shahanara Begum,"MBBS, FCPS (Obs & Gynae)",Gynecologist,Professor,Holy Family Red Crescent Medical College,Dhaka,https://doctorsdirectory.com.bd/wp-content/uploads/2025/02/Dr.-Syeda-Shahanara-Begum.jpg,https://doctorsdirectory.com.bd/add-doctor/dr-syeda-shahanara-begum/,,
Dr. Md. Jahangir Alam,"MBBS, MD (Chest)",Chest Specialist,Associate Professor,National Institute of Diseases of the Chest and Hospital,Dhaka,https://doctorsdirectory.com.bd/wp-content/uploads/2025/02/Dr.-Md.-Jahangir-Alam.jpg,https://doctorsdirectory.com.bd/add-doctor/dr-md-jahangir-alam/,,
Dr. Nasima Akter,"MBBS, DDV",Dermatologist,Consultant,Dhanmondi General Hospital,Dhaka,https://doctorsdirectory.com.bd/wp-content/uploads/2025/02/Dr.-Nasima-Akter.jpg,https://doctorsdirectory.com.bd/add-doctor/dr-nasima-akter/,,
Dr. Md. Ashraful Islam,"MBBS, MS (Urology)",Urologist,Assistant Professor,Shaheed Suhrawardy Medical College,Dhaka,https://doctorsdirectory.com.bd/wp-content/uploads/2025/02/Dr.-Md.-Ashraful-Islam.jpg,https://doctorsdirectory.com.bd/add-doctor/dr-md-ashraful-islam/,,
Dr. Sultana Ahmed,"MBBS, FCPS (Ophthalmology)",Eye Surgeon,Associate Professor,National Institute of Ophthalmology,Dhaka,https://doctorsdirectory.com.bd/wp-content/uploads/2025/02/Dr.-Sultana-Ahmed.jpg,https://doctorsdirectory.com.bd/add-doctor/dr-sultana-ahmed/,,
Dr. Md. Habibur Rahman,"MBBS, FCPS (Surgery)",General Surgeon,Senior Consultant,Ibn Sina Diagnostic,Dhaka,https://doctorsdirectory.com.bd/wp-content/uploads/2025/02/Dr.-Md.-Habibur-Rahman.jpg,https://doctorsdirectory.com.bd/add-doctor/dr-md-habibur-rahman/,,
Dr. Rokshana Begum,"MBBS, DGO",Gynecologist,Consultant,Anwer Khan Modern Hospital,Dhaka,https://doctorsdirectory.com.bd/wp-content/uploads/2025/02/Dr.-Rokshana-Begum.jpg,https://doctorsdirectory.com.bd/add-doctor/dr-rokshana-begum/,,
Dr. Md. Monirul Islam,"MBBS, MD (Psychiatry)",Psychiatrist,Assistant Professor,National Institute of Mental Health,Dhaka,https://doctorsdirectory.com.bd/wp-content/uploads/2025/02/Dr.-Md.-Monirul-Islam.jpg,https://doctorsdirectory.com.bd/add-doctor/dr-md-monirul-islam/,,
Dr. Ferdousi Begum,"MBBS, FCPS (Gynae)",Gynecologist,Professor,Sir Salimullah Medical College,Dhaka,https://doctorsdirectory.com.bd/wp-content/uploads/2025/02/Dr.-Ferdousi-Begum-Dhaka.jpg,https://doctorsdirectory.com.bd/add-doctor/dr-ferdousi-begum/,,
Dr. Md. Khairul Islam,"MBBS, MS (Orthopedics)",Orthopedic Surgeon,Consultant,National Hospital,Dhaka,https://doctorsdirectory.com.bd/wp-content/uploads/2025/02/Dr.-Md.-Khairul-Islam.jpg,https://doctorsdirectory.com.bd/add-doctor/dr-md-khairul-islam/,,
Dr. Sabina Yasmin,"MBBS, DCH",Child Specialist,Senior Consultant,Universal Medical College,Dhaka,https://doctorsdirectory.com.bd/wp-content/uploads/2025/02/Dr.-Sabina-Yasmin.jpg,https://doctorsdirectory.com.bd/add-doctor/dr-sabina-yasmin/,,
Dr. Md. Abul Kalam,"MBBS, FCPS (Medicine)",Medicine Specialist,Associate Professor,Dhaka Medical College,Dhaka,https://doctorsdirectory.com.bd/wp-content/uploads/2025/02/Dr.-Md.-Abul-Kalam.jpg,https://doctorsdirectory.com.bd/add-doctor/dr-md-abul-kalam/,,
Dr. Jahanara Begum,"MBBS, MS (Gynae)",Obstetrician & Gynecologist,Consultant,Samorita Hospital,Dhaka,https://doctorsdirectory.com.bd/wp-content/uploads/2025/02/Dr.-Jahanara-Begum.jpg,https://doctorsdirectory.com.bd/add-doctor/dr-jahanara-begum/,,
Dr. Md. Nazmul Islam,"MBBS, FCPS (ENT)",ENT Specialist,Professor,Dhaka Medical College,Dhaka,https://doctorsdirectory.com.bd/wp-content/uploads/2025/02/Dr.-Md.-Nazmul-Islam-Dhaka.jpg,https://doctorsdirectory.com.bd/add-doctor/dr-md-nazmul-islam-dhaka/,,
Dr. Shamima Sultana,"MBBS, FCPS (Obs & Gynae)",Gynecologist,Consultant,Labaid Diagnostic,Dhaka,https://doctorsdirectory.com.bd/wp-content/uploads/2025/02/Dr.-Shamima-Sultana.jpg,https://doctorsdirectory.com.bd/add-doctor/dr-shamima-sultana/,,
Dr. Md. Shafiqul Islam,"MBBS, MD (Neurology)",Neurologist,Assistant Professor,National Institute of Neurosciences,Dhaka,https://doctorsdirectory.com.bd/wp-content/uploads/2025/02/Dr.-Md.-Shafiqul-Islam.jpg,https://doctorsdirectory.com.bd/add-doctor/dr-md-shafiqul-islam/,,
Dr. Rehana Parvin,"MBBS, MPhil",Psychiatrist,Consultant,Mental Health Institute,Dhaka,https://doctorsdirectory.com.bd/wp-content/uploads/2025/02/Dr.-Rehana-Parvin.jpg,https://doctorsdirectory.com.bd/add-doctor/dr-rehana-parvin/,,
Dr. Md. Mahbubur Rahman,"MBBS, MD (Cardiology)",Cardiologist,Consultant,National Institute of Cardiovascular Diseases,Dhaka,https://doctorsdirectory.com.bd/wp-content/uploads/2025/02/Dr.-Md.-Mahbubur-Rahman-Cardio.jpg,https://doctorsdirectory.com.bd/add-doctor/dr-md-mahbubur-rahman-cardio/,,
Dr. Salma Begum,"MBBS, FCPS (Gynae)",Gynecologist,Senior Consultant,Uttara Crescent Hospital,Dhaka,https://doctorsdirectory.com.bd/wp-content/uploads/2025/02/Dr.-Salma-Begum-Gynae.jpg,https://doctorsdirectory.com.bd/add-doctor/dr-salma-begum-gynae/,,
Dr. Md. Zahidul Islam,"MBBS, MS (Surgery)",General Surgeon,Assistant Professor,Mughda Medical College,Dhaka,https://doctorsdirectory.com.bd/wp-content/uploads/2025/02/Dr.-Md.-Zahidul-Islam.jpg,https://doctorsdirectory.com.bd/add-doctor/dr-md-zahidul-islam/,,
Dr. Farida Begum,"MBBS, MS (Gynae)",Obstetrician & Gynecologist,Professor,Sir Salimullah Medical College,Dhaka,https://doctorsdirectory.com.bd/wp-content/uploads/2025/02/Dr.-Farida-Begum.jpg,https://doctorsdirectory.com.bd/add-doctor/dr-farida-begum/,,
Dr. Md. Ibrahim,"MBBS, FCPS (Medicine)",Medicine Specialist,Consultant,Comfort Diagnostic Centre,Dhaka,https://doctorsdirectory.com.bd/wp-content/uploads/2025/02/Dr.-Md.-Ibrahim-Medicine.jpg,https://doctorsdirectory.com.bd/add-doctor/dr-md-ibrahim-medicine/,,
Dr. Nasreen Akter,"MBBS, DGO",Gynecologist,Consultant,Medinova Medical Services,Dhaka,https://doctorsdirectory.com.bd/wp-content/uploads/2025/02/Dr.-Nasreen-Akter.jpg,https://doctorsdirectory.com.bd/add-doctor/dr-nasreen-akter/,,
Dr. Md. Abul Kashem,"MBBS, FCPS (Surgery)",Laparoscopic Surgeon,Consultant,Renaissance Hospital,Dhaka,https://doctorsdirectory.com.bd/wp-content/uploads/2025/02/Dr.-Md.-Abul-Kashem.jpg,https://doctorsdirectory.com.bd/add-doctor/dr-md-abul-kashem/,,
Dr. Shahnaz Parveen,"MBBS, FCPS (Obs & Gynae)",Gynecologist,Senior Consultant,Impulse Hospital,Dhaka,https://doctorsdirectory.com.bd/wp-content/uploads/2025/02/Dr.-Shahnaz-Parveen.jpg,https://doctorsdirectory.com.bd/add-doctor/dr-shahnaz-parveen/,,
Dr. Md. Kamrul Islam,"MBBS, MS (Urology)",Kidney Transplant Surgeon,Associate Professor,National Institute of Kidney Diseases,Dhaka,https://doctorsdirectory.com.bd/wp-content/uploads/2025/02/Dr.-Md.-Kamrul-Islam.jpg,https://doctorsdirectory.com.bd/add-doctor/dr-md-kamrul-islam/,,
Dr. Nilufar Begum,"MBBS, FCPS (Pediatrics)",Pediatrician,Consultant,Ad-din Hospital,Dhaka,https://doctorsdirectory.com.bd/wp-content/uploads/2025/02/Dr.-Nilufar-Begum.jpg,https://doctorsdirectory.com.bd/add-doctor/dr-nilufar-begum/,,
Dr. Md. Mizanur Rahman,"MBBS, MD (Neurology)",Neurologist,Professor,BSMMU,Dhaka,https://doctorsdirectory.com.bd/wp-content/uploads/2025/02/Dr.-Md.-Mizanur-Rahman-Neuro.jpg,https://doctorsdirectory.com.bd/add-doctor/dr-md-mizanur-rahman-neuro/,,
Dr. Tahmina Akter,"MBBS, MS (Gynae)",Gynecologist,Assistant Professor,Dhaka Medical College,Dhaka,https://doctorsdirectory.com.bd/wp-content/uploads/2025/02/Dr.-Tahmina-Akter.jpg,https://doctorsdirectory.com.bd/add-doctor/dr-tahmina-akter/,,
Dr. Md. Anwar Hossain,"MBBS, MD (Cardiology)",Cardiologist,Associate Professor,National Institute of Cardiovascular Diseases,Dhaka,https://doctorsdirectory.com.bd/wp-content/uploads/2025/02/Dr.-Md.-Anwar-Hossain-Cardio.jpg,https://doctorsdirectory.com.bd/add-doctor/dr-md-anwar-hossain-cardio/,,
Dr. Rowshan Ara,"MBBS, FCPS",Gynecologist,Senior Consultant,Ibn Sina Specialized Hospital,Dhaka,https://doctorsdirectory.com.bd/wp-content/uploads/2025/02/Dr.-Rowshan-Ara.jpg,https://doctorsdirectory.com.bd/add-doctor/dr-rowshan-ara/,,
Dr. Md. Rafiqul Islam,"MBBS, FCPS (Surgery)",General Surgeon,Consultant,Popular Diagnostic,Dhaka,https://doctorsdirectory.com.bd/wp-content/uploads/2025/02/Dr.-Md.-Rafiqul-Islam-Surgery.jpg,https://doctorsdirectory.com.bd/add-doctor/dr-md-rafiqul-islam-surgery/,,
Dr. Nasima Begum,"MBBS, DGO",Obstetrician,Consultant,Samorita Hospital,Dhaka,https://doctorsdirectory.com.bd/wp-content/uploads/2025/02/Dr.-Nasima-Begum.jpg,https://doctorsdirectory.com.bd/add-doctor/dr-nasima-begum/,,
Dr. Md. Shahidullah,"MBBS, FCPS (Pediatrics)",Neonatologist,Professor,BSMMU,Dhaka,https://doctorsdirectory.com.bd/wp-content/uploads/2025/02/Dr.-Md.-Shahidullah.jpg,https://doctorsdirectory.com.bd/add-doctor/dr-md-shahidullah/,,
Dr. Ferdousi Akter,"MBBS, FCPS (Gynae)",Gynecologist,Consultant,Ibn Sina Diagnostic Centre,Dhaka,https://doctorsdirectory.com.bd/wp-content/uploads/2025/02/Dr.-Ferdousi-Akter.jpg,https://doctorsdirectory.com.bd/add-doctor/dr-ferdousi-akter/,,
Dr. Md. Abdus Salam,"MBBS, FCPS (Medicine)",Medicine Specialist,Professor,Dhaka Medical College,Dhaka,https://doctorsdirectory.com.bd/wp-content/uploads/2025/02/Dr.-Md.-Abdus-Salam.jpg,https://doctorsdirectory.com.bd/add-doctor/dr-md-abdus-salam/,,
Dr. Shahanara Begum,"MBBS, MS (Gynae)",Gynecologist,Associate Professor,Sir Salimullah Medical College,Dhaka,https://doctorsdirectory.com.bd/wp-content/uploads/2025/02/Dr.-Shahanara-Begum.jpg,https://doctorsdirectory.com.bd/add-doctor/dr-shahanara-begum/,,
Dr. Md. Nazmul Haque,"MBBS, MD (Neurology)",Neurologist,Consultant,Labaid Specialized Hospital,Dhaka,https://doctorsdirectory.com.bd/wp-content/uploads/2025/02/Dr.-Md.-Nazmul-Haque-Neuro.jpg,https://doctorsdirectory.com.bd/add-doctor/dr-md-nazmul-haque-neuro/,,
Dr. Rokshana Parvin,"MBBS, FCPS (Obs & Gynae)",Gynecologist,Senior Consultant,United Hospital,Dhaka,https://doctorsdirectory.com.bd/wp-content/uploads/2025/02/Dr.-Rokshana-Parvin.jpg,https://doctorsdirectory.com.bd/add-doctor/dr-rokshana-parvin/,,
Dr. Md. Aminul Islam,"MBBS, MS (Orthopedics)",Orthopedic Surgeon,Consultant,Square Hospital,Dhaka,https://doctorsdirectory.com.bd/wp-content/uploads/2025/02/Dr.-Md.-Aminul-Islam-Ortho.jpg,https://doctorsdirectory.com.bd/add-doctor/dr-md-aminul-islam-ortho/,,
Dr. Tahmina Begum,"MBBS, FCPS (Pediatrics)",Child Specialist,Professor,BIRDEM Hospital,Dhaka,https://doctorsdirectory.com.bd/wp-content/uploads/2025/02/Dr.-Tahmina-Begum-Dhaka.jpg,https://doctorsdirectory.com.bd/add-doctor/dr-tahmina-begum-dhaka/,,
Dr. Md. Kamruzzaman,"MBBS, FCPS (Surgery)",General Surgeon,Professor,Dhaka Medical College,Dhaka,https://doctorsdirectory.com.bd/wp-content/uploads/2025/02/Dr.-Md.-Kamruzzaman-Surgery.jpg,https://doctorsdirectory.com.bd/add-doctor/dr-md-kamruzzaman-surgery/,,
Dr. Farida Yasmin,"MBBS, DGO",Gynecologist,Consultant,Central Hospital,Dhaka,https://doctorsdirectory.com.bd/wp-content/uploads/2025/02/Dr.-Farida-Yasmin-Gynae.jpg,https://doctorsdirectory.com.bd/add-doctor/dr-farida-yasmin-gynae/,,
Dr. Md. Shariful Alam,"MBBS, MD (Cardiology)",Cardiologist,Consultant,National Heart Foundation,Dhaka,https://doctorsdirectory.com.bd/wp-content/uploads/2025/02/Dr.-Md.-Shariful-Alam-Cardio.jpg,https://doctorsdirectory.com.bd/add-doctor/dr-md-shariful-alam-cardio/,,
Dr. Nilufar Sultana,"MBBS, FCPS (Obs & Gynae)",Gynecologist,Consultant,samorita Hospital,Dhaka,https://doctorsdirectory.com.bd/wp-content/uploads/2025/02/Dr.-Nilufar-Sultana-Gynae.jpg,https://doctorsdirectory.com.bd/add-doctor/dr-nilufar-sultana-gynae/,,
Dr. Md. Saiful Islam,"MBBS, MS (Surgery)",General Surgeon,Assistant Professor,Dhaka Medical College,Dhaka,https://doctorsdirectory.com.bd/wp-content/uploads/2025/02/Dr.-Md.-Saiful-Islam-Surgery.jpg,https://doctorsdirectory.com.bd/add-doctor/dr-md-saiful-islam-surgery/,,
Dr. Afroza Khanum,"MBBS, FCPS (Gynae)",Gynecologist,Senior Consultant,Ad-din Hospital,Dhaka,https://doctorsdirectory.com.bd/wp-content/uploads/2025/02/Dr.-Afroza-Khanum-Gynae.jpg,https://doctorsdirectory.com.bd/add-doctor/dr-afroza-khanum-gynae/,,
Dr. Md. Mizanur Rahman,"MBBS, FCPS (Medicine)",Medicine Specialist,Consultant,Popular Diagnostic Centre,Dhaka,https://doctorsdirectory.com.bd/wp-content/uploads/2025/02/Dr.-Md.-Mizanur-Rahman-Medicine.jpg,https://doctorsdirectory.com.bd/add-doctor/dr-md-mizanur-rahman-medicine/,,
Dr. Shahnaz Begum,"MBBS, DGO",Obstetrician,Consultant,Holy Family Hospital,Dhaka,https://doctorsdirectory.com.bd/wp-content/uploads/2025/02/Dr.-Shahnaz-Begum-Gynae.jpg,https://doctorsdirectory.com.bd/add-doctor/dr-shahnaz-begum-gynae/,,
Dr. Md. Tariqul Islam,"MBBS, FCPS (Surgery)",General Surgeon,Associate Professor,Sir Salimullah Medical College,Dhaka,https://doctorsdirectory.com.bd/wp-content/uploads/2025/02/Dr.-Md.-Tariqul-Islam-Surgery.jpg,https://doctorsdirectory.com.bd/add-doctor/dr-md-tariqul-islam-surgery/,,
Dr. Kaniz Fatema,"MBBS, MD (Pediatrics)",Pediatrician,Consultant,Labaid Diagnostic,Dhaka,https://doctorsdirectory.com.bd/wp-content/uploads/2025/02/Dr.-Kaniz-Fatema-Dhaka.jpg,https://doctorsdirectory.com.bd/add-doctor/dr-kaniz-fatema-dhaka/,,
Dr. Md. Shahidul Islam,"MBBS, FCPS (Medicine)",Medicine Specialist,Professor,Shaheed Suhrawardy Medical College,Dhaka,https://doctorsdirectory.com.bd/wp-content/uploads/2025/02/Dr.-Md.-Shahidul-Islam-Medicine.jpg,https://doctorsdirectory.com.bd/add-doctor/dr-md-shahidul-islam-medicine/,,
Dr. Mahmuda Khatun,"MBBS, FCPS (Gynae)",Gynecologist,Consultant,Ibn Sina Diagnostic,Dhaka,https://doctorsdirectory.com.bd/wp-content/uploads/2025/02/Dr.-Mahmuda-Khatun-Gynae.jpg,https://doctorsdirectory.com.bd/add-doctor/dr-mahmuda-khatun-gynae/,,
Dr. Md. Anwar Hossain,"MBBS, MS (Orthopedics)",Orthopedic Surgeon,Assistant Professor,NITOR,Dhaka,https://doctorsdirectory.com.bd/wp-content/uploads/2025/02/Dr.-Md.-Anwar-Hossain-Ortho.jpg,https://doctorsdirectory.com.bd/add-doctor/dr-md-anwar-hossain-ortho/,,
Dr. Syeda Shahanara Begum,"MBBS, MD (Gynae)",Gynecologist,Consultant,Central Hospital,Dhaka,https://doctorsdirectory.com.bd/wp-content/uploads/2025/02/Dr.-Syeda-Shahanara-Begum-Gynae.jpg,https://doctorsdirectory.com.bd/add-doctor/dr-syeda-shahanara-begum-gynae/,,
Dr. Md. Jahangir Alam,"MBBS, FCPS (Medicine)",Medicine Specialist,Consultant,Comfort Diagnostic,Dhaka,https://doctorsdirectory.com.bd/wp-content/uploads/2025/02/Dr.-Md.-Jahangir-Alam-Medicine.jpg,https://doctorsdirectory.com.bd/add-doctor/dr-md-jahangir-alam-medicine/,,
Dr. Nasima Akter,"MBBS, FCPS (Obs & Gynae)",Gynecologist,Assistant Professor,Sir Salimullah Medical College,Dhaka,https://doctorsdirectory.com.bd/wp-content/uploads/2025/02/Dr.-Nasima-Akter-Gynae.jpg,https://doctorsdirectory.com.bd/add-doctor/dr-nasima-akter-gynae/,,
Dr. Md. Ashraful Islam,"MBBS, MD (Cardiology)",Cardiologist,Consultant,National Heart Foundation,Dhaka,https://doctorsdirectory.com.bd/wp-content/uploads/2025/02/Dr.-Md.-Ashraful-Islam-Cardio.jpg,https://doctorsdirectory.com.bd/add-doctor/dr-md-ashraful-islam-cardio/,,
Dr. Sultana Ahmed,"MBBS, DGO",Gynecologist,Consultant,samorita Hospital,Dhaka,https://doctorsdirectory.com.bd/wp-content/uploads/2025/02/Dr.-Sultana-Ahmed-Gynae.jpg,https://doctorsdirectory.com.bd/add-doctor/dr-sultana-ahmed-gynae/,,
Dr. Md. Habibur Rahman,"MBBS, FCPS (Medicine)",Medicine Specialist,Consultant,Medinova Medical Services,Dhaka,https://doctorsdirectory.com.bd/wp-content/uploads/2025/02/Dr.-Md.-Habibur-Rahman-Medicine.jpg,https://doctorsdirectory.com.bd/add-doctor/dr-md-habibur-rahman-medicine/,,
Dr. Rokshana Begum,"MBBS, FCPS (Gynae)",Gynecologist,Consultant,Popular Diagnostic Center,Dhaka,https://doctorsdirectory.com.bd/wp-content/uploads/2025/02/Dr.-Rokshana-Begum-Gynae.jpg,https://doctorsdirectory.com.bd/add-doctor/dr-rokshana-begum-gynae/,,
Dr. Md. Monirul Islam,"MBBS, MS (Surgery)",General Surgeon,Assistant Professor,Dhaka Medical College,Dhaka,https://doctorsdirectory.com.bd/wp-content/uploads/2025/02/Dr.-Md.-Monirul-Islam-Surgery.jpg,https://doctorsdirectory.com.bd/add-doctor/dr-md-monirul-islam-surgery/,,
Dr. Ferdousi Begum,"MBBS, DGO",Obstetrician,Consultant,Green Life Hospital,Dhaka,https://doctorsdirectory.com.bd/wp-content/uploads/2025/02/Dr.-Ferdousi-Begum-Gynae.jpg,https://doctorsdirectory.com.bd/add-doctor/dr-ferdousi-begum-gynae/,,
Dr. Md. Khairul Islam,"MBBS, FCPS (ENT)",ENT Specialist,Associate Professor,Dhaka Medical College,Dhaka,https://doctorsdirectory.com.bd/wp-content/uploads/2025/02/Dr.-Md.-Khairul-Islam-ENT.jpg,https://doctorsdirectory.com.bd/add-doctor/dr-md-khairul-islam-ent/,,
Dr. Sabina Yasmin,"MBBS, FCPS (Obs & Gynae)",Gynecologist,Senior Consultant,Evercare Hospital,Dhaka,https://doctorsdirectory.com.bd/wp-content/uploads/2025/02/Dr.-Sabina-Yasmin-Gynae.jpg,https://doctorsdirectory.com.bd/add-doctor/dr-sabina-yasmin-gynae/,,
Dr. Md. Abul Kalam,"MBBS, MD (Dermatology)",Dermatologist,Consultant,Dhanmondi General Hospital,Dhaka,https://doctorsdirectory.com.bd/wp-content/uploads/2025/02/Dr.-Md.-Abul-Kalam-Skin.jpg,https://doctorsdirectory.com.bd/add-doctor/dr-md-abul-kalam-skin/,,
Dr. Jahanara Begum,"MBBS, FCPS (Pediatrics)",Child Specialist,Professor,Dhaka Shishu Hospital,Dhaka,https://doctorsdirectory.com.bd/wp-content/uploads/2025/02/Dr.-Jahanara Begum-Child.jpg,https://doctorsdirectory.com.bd/add-doctor/dr-jahanara-begum-child/,,
Dr. Md. Nazmul Islam,"MBBS, FCPS (Surgery)",General Surgeon,Consultant,Square Hospital,Dhaka,https://doctorsdirectory.com.bd/wp-content/uploads/2025/02/Dr.-Md.-Nazmul-Islam-Surgery.jpg,https://doctorsdirectory.com.bd/add-doctor/dr-md-nazmul-islam-surgery/,,
Dr. Shamima Sultana,"MBBS, DGO",Gynecologist,Consultant,Anwer Khan Modern Hospital,Dhaka,https://doctorsdirectory.com.bd/wp-content/uploads/2025/02/Dr.-Shamima-Sultana-Gynae.jpg,https://doctorsdirectory.com.bd/add-doctor/dr-shamima-sultana-gynae/,,
Dr. Md. Shafiqul Islam,"MBBS, FCPS (Medicine)",Medicine Specialist,Consultant,Labaid Diagnostic,Dhaka,https://doctorsdirectory.com.bd/wp-content/uploads/2025/02/Dr.-Md.-Shafiqul-Islam-Medicine.jpg,https://doctorsdirectory.com.bd/add-doctor/dr-md-shafiqul-islam-medicine/,,
Dr. Rehana Parvin,"MBBS, FCPS (Gynae)",Gynecologist,Senior Consultant,United Hospital,Dhaka,https://doctorsdirectory.com.bd/wp-content/uploads/2025/02/Dr.-Rehana-Parvin-Gynae.jpg,https://doctorsdirectory.com.bd/add-doctor/dr-rehana-parvin-gynae/,,
Dr. Md. Mahbubur Rahman,"MBBS, MS (Urology)",Urologist,Professor,Dhaka Medical College,Dhaka,https://doctorsdirectory.com.bd/wp-content/uploads/2025/02/Dr.-Md.-Mahbubur-Rahman-Urology.jpg,https://doctorsdirectory.com.bd/add-doctor/dr-md-mahbubur-rahman-urology/,,
Dr. Salma Begum,"MBBS, DCH",Child Specialist,Consultant,Popular Diagnostic Center,Dhaka,https://doctorsdirectory.com.bd/wp-content/uploads/2025/02/Dr.-Salma-Begum-Child.jpg,https://doctorsdirectory.com.bd/add-doctor/dr-salma-begum-child/,,
Dr. Md. Zahidul Islam,"MBBS, FCPS (ENT)",ENT Specialist,Consultant,Comfort Diagnostic Centre,Dhaka,https://doctorsdirectory.com.bd/wp-content/uploads/2025/02/Dr.-Md.-Zahidul-Islam-ENT.jpg,https://doctorsdirectory.com.bd/add-doctor/dr-md-zahidul-islam-ent/,,
Dr. Farida Begum,"MBBS, FCPS (Pediatrics)",Child Specialist,Professor,BSMMU,Dhaka,https://doctorsdirectory.com.bd/wp-content/uploads/2025/02/Dr.-Farida-Begum-Child.jpg,https://doctorsdirectory.com.bd/add-doctor/dr-farida-begum-child/,,
Dr. Md. Ibrahim,"MBBS, MD (Neurology)",Neurologist,Consultant,Green Life Hospital,Dhaka,https://doctorsdirectory.com.bd/wp-content/uploads/2025/02/Dr.-Md.-Ibrahim-Neuro.jpg,https://doctorsdirectory.com.bd/add-doctor/dr-md-ibrahim-neuro/,,
Dr. Nasreen Akter,"MBBS, FCPS (Obs & Gynae)",Gynecologist,Consultant,Ibn Sina Diagnostic Centre,Dhaka,https://doctorsdirectory.com.bd/wp-content/uploads/2025/02/Dr.-Nasreen-Akter-Gynae.jpg,https://doctorsdirectory.com.bd/add-doctor/dr-nasreen-akter-gynae/,,
Dr. Md. Abul Kashem,"MBBS, MD (Cardiology)",Cardiologist,Consultant,National Heart Foundation,Dhaka,https://doctorsdirectory.com.bd/wp-content/uploads/2025/02/Dr.-Md.-Abul-Kashem-Cardio.jpg,https://doctorsdirectory.com.bd/add-doctor/dr-md-abul-kashem-cardio/,,
Dr. Shahnaz Parveen,"MBBS, DGO",Obstetrician,Consultant,Medinova Medical Services,Dhaka,https://doctorsdirectory.com.bd/wp-content/uploads/2025/02/Dr.-Shahnaz-Parveen-Gynae.jpg,https://doctorsdirectory.com.bd/add-doctor/dr-shahnaz-parveen-gynae/,,
Dr. Md. Kamrul Islam,"MBBS, FCPS (Surgery)",General Surgeon,Professor,Dhaka Medical College,Dhaka,https://doctorsdirectory.com.bd/wp-content/uploads/2025/02/Dr.-Md.-Kamrul-Islam-Surgery.jpg,https://doctorsdirectory.com.bd/add-doctor/dr-md-kamrul-islam-surgery/,,
Dr. Nilufar Begum,"MBBS, MS (Gynae)",Gynecologist,Associate Professor,Sir Salimullah Medical College,Dhaka,https://doctorsdirectory.com.bd/wp-content/uploads/2025/02/Dr.-Nilufar-Begum-Gynae.jpg,https://doctorsdirectory.com.bd/add-doctor/dr-nilufar-begum-gynae/,,
Dr. Md. Mizanur Rahman,"MBBS, MS (Orthopedics)",Orthopedic Surgeon,Consultant,samorita Hospital,Dhaka,https://doctorsdirectory.com.bd/wp-content/uploads/2025/02/Dr.-Md.-Mizanur-Rahman-Ortho.jpg,https://doctorsdirectory.com.bd/add-doctor/dr-md-mizanur-rahman-ortho/,,
Dr. Tahmina Akter,"MBBS, FCPS (Pediatrics)",Child Specialist,Consultant,samorita Hospital,Dhaka,https://doctorsdirectory.com.bd/wp-content/uploads/2025/02/Dr.-Tahmina Akter-Child.jpg,https://doctorsdirectory.com.bd/add-doctor/dr-tahmina-akter-child/,,
Dr. Md. Anwar Hossain,"MBBS, FCPS (Medicine)",Medicine Specialist,Professor,Dhaka Medical College,Dhaka,https://doctorsdirectory.com.bd/wp-content/uploads/2025/02/Dr.-Md.-Anwar-Hossain-Medicine.jpg,https://doctorsdirectory.com.bd/add-doctor/dr-md-anwar-hossain-medicine/,,
Dr. Rowshan Ara,"MBBS, DGO",Gynecologist,Consultant,samorita Hospital,Dhaka,https://doctorsdirectory.com.bd/wp-content/uploads/2025/02/Dr.-Rowshan-Ara-Gynae.jpg,https://doctorsdirectory.com.bd/add-doctor/dr-rowshan-ara-gynae/,,
Dr. Md. Rafiqul Islam,"MBBS, MD (Neurology)",Neurologist,Consultant,samorita Hospital,Dhaka,https://doctorsdirectory.com.bd/wp-content/uploads/2025/02/Dr.-Md.-Rafiqul-Islam-Neuro.jpg,https://doctorsdirectory.com.bd/add-doctor/dr-md-rafiqul-islam-neuro/,,
Dr. Nasima Begum,"MBBS, FCPS (Obs & Gynae)",Gynecologist,Consultant,samorita Hospital,Dhaka,https://doctorsdirectory.com.bd/wp-content/uploads/2025/02/Dr.-Nasima-Begum-Gynae.jpg,https://doctorsdirectory.com.bd/add-doctor/dr-nasima-begum-gynae/,,
Dr. Md. Shahidullah,"MBBS, MS (Surgery)",General Surgeon,Professor,Dhaka Medical College,Dhaka,https://doctorsdirectory.com.bd/wp-content/uploads/2025/02/Dr.-Md.-Shahidullah-Surgery.jpg,https://doctorsdirectory.com.bd/add-doctor/dr-md-shahidullah-surgery/,,
Dr. Ferdousi Akter,"MBBS, DCH",Child Specialist,Consultant,samorita Hospital,Dhaka,https://doctorsdirectory.com.bd/wp-content/uploads/2025/02/Dr.-Ferdousi Akter-Child.jpg,https://doctorsdirectory.com.bd/add-doctor/dr-ferdousi-akter-child/,,
Dr. Md. Abdus Salam,"MBBS, FCPS (Surgery)",General Surgeon,Professor,Dhaka Medical College,Dhaka,https://doctorsdirectory.com.bd/wp-content/uploads/2025/02/Dr.-Md.-Abdus-Salam-Surgery.jpg,https://doctorsdirectory.com.bd/add-doctor/dr-md-abdus-salam-surgery/,,
Dr. Shahanara Begum,"MBBS, FCPS (Pediatrics)",Child Specialist,Professor,BSMMU,Dhaka,https://doctorsdirectory.com.bd/wp-content/uploads/2025/02/Dr.-Shahanara Begum-Child.jpg,https://doctorsdirectory.com.bd/add-doctor/dr-shahanara-begum-child/,,
Dr. Md. Nazmul Haque,"MBBS, FCPS (Medicine)",Medicine Specialist,Consultant,samorita Hospital,Dhaka,https://doctorsdirectory.com.bd/wp-content/uploads/2025/02/Dr.-Md.-Nazmul-Haque-Medicine.jpg,https://doctorsdirectory.com.bd/add-doctor/dr-md-nazmul-haque-medicine/,,
Dr. Rokshana Parvin,"MBBS, DGO",Gynecologist,Consultant,samorita Hospital,Dhaka,https://doctorsdirectory.com.bd/wp-content/uploads/2025/02/Dr.-Rokshana Parvin-Gynae.jpg,https://doctorsdirectory.com.bd/add-doctor/dr-rokshana-parvin-gynae/,,
Dr. Md. Aminul Islam,"MBBS, MD (Cardiology)",Cardiologist,Consultant,samorita Hospital,Dhaka,https://doctorsdirectory.com.bd/wp-content/uploads/2025/02/Dr.-Md.-Aminul-Islam-Cardio.jpg,https://doctorsdirectory.com.bd/add-doctor/dr-md-aminul-islam-cardio/,,
Dr. Tahmina Begum,"MBBS, MS (Gynae)",Gynecologist,Consultant,samorita Hospital,Dhaka,https://doctorsdirectory.com.bd/wp-content/uploads/2025/02/Dr.-Tahmina Begum-Gynae.jpg,https://doctorsdirectory.com.bd/add-doctor/dr-tahmina-begum-gynae/,,
Dr. Md. Kamruzzaman,"MBBS, FCPS (Medicine)",Medicine Specialist,Consultant,samorita Hospital,Dhaka,https://doctorsdirectory.com.bd/wp-content/uploads/2025/02/Dr.-Md.-Kamruzzaman-Medicine.jpg,https://doctorsdirectory.com.bd/add-doctor/dr-md-kamruzzaman-medicine/,,
Dr. Farida Yasmin,"MBBS, FCPS (Pediatrics)",Child Specialist,Consultant,samorita Hospital,Dhaka,https://doctorsdirectory.com.bd/wp-content/uploads/2025/02/Dr.-Farida Yasmin-Child.jpg,https://doctorsdirectory.com.bd/add-doctor/dr-farida-yasmin-child/,,
Dr. Md. Shariful Alam,"MBBS, MS (Surgery)",General Surgeon,Consultant,samorita Hospital,Dhaka,https://doctorsdirectory.com.bd/wp-content/uploads/2025/02/Dr.-Md.-Shariful-Alam-Surgery.jpg,https://doctorsdirectory.com.bd/add-doctor/dr-md-shariful-alam-surgery/,,
Dr. Nilufar Sultana,"MBBS, DCH",Child Specialist,Consultant,samorita Hospital,Dhaka,https://doctorsdirectory.com.bd/wp-content/uploads/2025/02/Dr.-Nilufar Sultana-Child.jpg,https://doctorsdirectory.com.bd/add-doctor/dr-nilufar-sultana-child/,,
Dr. Md. Saiful Islam,"MBBS, MD (Neurology)",Neurologist,Consultant,samorita Hospital,Dhaka,https://doctorsdirectory.com.bd/wp-content/uploads/2025/02/Dr.-Md.-Saiful-Islam-Neuro.jpg,https://doctorsdirectory.com.bd/add-doctor/dr-md-saiful-islam-neuro/,,
Dr. Afroza Khanum,"MBBS, MS (Gynae)",Gynecologist,Consultant,samorita Hospital,Dhaka,https://doctorsdirectory.com.bd/wp-content/uploads/2025/02/Dr.-Afroza Khanum-Gynae.jpg,https://doctorsdirectory.com.bd/add-doctor/dr-afroza-khanum-gynae/,,
Dr. Md. Mizanur Rahman,"MBBS, FCPS (Surgery)",General Surgeon,Consultant,samorita Hospital,Dhaka,https://doctorsdirectory.com.bd/wp-content/uploads/2025/02/Dr.-Md.-Mizanur-Rahman-Surgery.jpg,https://doctorsdirectory.com.bd/add-doctor/dr-md-mizanur-rahman-surgery/,,
Dr. Shahnaz Begum,"MBBS, FCPS (Pediatrics)",Child Specialist,Consultant,samorita Hospital,Dhaka,https://doctorsdirectory.com.bd/wp-content/uploads/2025/02/Dr.-Shahnaz Begum-Child.jpg,https://doctorsdirectory.com.bd/add-doctor/dr-shahnaz-begum-child/,,
Dr. Md. Tariqul Islam,"MBBS, MD (Medicine)",Medicine Specialist,Consultant,samorita Hospital,Dhaka,https://doctorsdirectory.com.bd/wp-content/uploads/2025/02/Dr.-Md.-Tariqul-Islam-Medicine.jpg,https://doctorsdirectory.com.bd/add-doctor/dr-md-tariqul-islam-medicine/,,
Dr. Kaniz Fatema,"MBBS, MS (Gynae)",Gynecologist,Consultant,samorita Hospital,Dhaka,https://doctorsdirectory.com.bd/wp-content/uploads/2025/02/Dr.-Kaniz Fatema-Gynae.jpg,https://doctorsdirectory.com.bd/add-doctor/dr-kaniz-fatema-gynae/,,
Dr. Md. Shahidul Islam,"MBBS, MS (Surgery)",General Surgeon,Consultant,samorita Hospital,Dhaka,https://doctorsdirectory.com.bd/wp-content/uploads/2025/02/Dr.-Md.-Shahidul-Islam-Surgery.jpg,https://doctorsdirectory.com.bd/add-doctor/dr-md-shahidul-islam-surgery/,,
Dr. Mahmuda Khatun,"MBBS, DCH",Child Specialist,Consultant,samorita Hospital,Dhaka,https://doctorsdirectory.com.bd/wp-content/uploads/2025/02/Dr.-Mahmuda Khatun-Child.jpg,https://doctorsdirectory.com.bd/add-doctor/dr-mahmuda-khatun-child/,,
Dr. Md. Anwar Hossain,"MBBS, MD (Neurology)",Neurologist,Consultant,samorita Hospital,Dhaka,https://doctorsdirectory.com.bd/wp-content/uploads/2025/02/Dr.-Md.-Anwar Hossain-Neuro.jpg,https://doctorsdirectory.com.bd/add-doctor/dr-md-anwar-hossain-neuro/,,
Dr. Syeda Shahanara Begum,"MBBS, FCPS (Pediatrics)",Child Specialist,Consultant,samorita Hospital,Dhaka,https://doctorsdirectory.com.bd/wp-content/uploads/2025/02/Dr.-Syeda Shahanara Begum-Child.jpg,https://doctorsdirectory.com.bd/add-doctor/dr-syeda-shahanara-begum-child/,,
Dr. Md. Jahangir Alam,"MBBS, MS (Gynae)",Gynecologist,Consultant,samorita Hospital,Dhaka,https://doctorsdirectory.com.bd/wp-content/uploads/2025/02/Dr.-Md.-Jahangir Alam-Gynae.jpg,https://doctorsdirectory.com.bd/add-doctor/dr-md-jahangir-alam-gynae/,,
Dr. Nasima Akter,"MBBS, FCPS (Surgery)",General Surgeon,Consultant,samorita Hospital,Dhaka,https://doctorsdirectory.com.bd/wp-content/uploads/2025/02/Dr.-Nasima Akter-Surgery.jpg,https://doctorsdirectory.com.bd/add-doctor/dr-nasima-akter-surgery/,,
Dr. Md. Ashraful Islam,"MBBS, DCH",Child Specialist,Consultant,samorita Hospital,Dhaka,https://doctorsdirectory.com.bd/wp-content/uploads/2025/02/Dr.-Md.-Ashraful Islam-Child.jpg,https://doctorsdirectory.com.bd/add-doctor/dr-md-ashraful-islam-child/,,
Dr. Sultana Ahmed,"MBBS, MD (Medicine)",Medicine Specialist,Consultant,samorita Hospital,Dhaka,https://doctorsdirectory.com.bd/wp-content/uploads/2025/02/Dr.-Sultana Ahmed-Medicine.jpg,https://doctorsdirectory.com.bd/add-doctor/dr-sultana-ahmed-medicine/,,
Dr. Md. Habibur Rahman,"MBBS, MS (Gynae)",Gynecologist,Consultant,samorita Hospital,Dhaka,https://doctorsdirectory.com.bd/wp-content/uploads/2025/02/Dr.-Md.-Habibur Rahman-Gynae.jpg,https://doctorsdirectory.com.bd/add-doctor/dr-md-habibur-rahman-gynae/,,
Dr. Rokshana Begum,"MBBS, FCPS (Pediatrics)",Child Specialist,Consultant,samorita Hospital,Dhaka,https://doctorsdirectory.com.bd/wp-content/uploads/2025/02/Dr.-Rokshana Begum-Child.jpg,https://doctorsdirectory.com.bd/add-doctor/dr-rokshana-begum-child/,,
Dr. Md. Monirul Islam,"MBBS, MD (Cardiology)",Cardiologist,Consultant,samorita Hospital,Dhaka,https://doctorsdirectory.com.bd/wp-content/uploads/2025/02/Dr.-Md.-Monirul Islam-Cardio.jpg,https://doctorsdirectory.com.bd/add-doctor/dr-md-monirul-islam-cardio/,,
Dr. Ferdousi Begum,"MBBS, MS (Surgery)",General Surgeon,Consultant,samorita Hospital,Dhaka,https://doctorsdirectory.com.bd/wp-content/uploads/2025/02/Dr.-Ferdousi Begum-Surgery.jpg,https://doctorsdirectory.com.bd/add-doctor/dr-ferdousi-begum-surgery/,,
Dr. Md. Khairul Islam,"MBBS, DCH",Child Specialist,Consultant,samorita Hospital,Dhaka,https://doctorsdirectory.com.bd/wp-content/uploads/2025/02/Dr.-Md.-Khairul Islam-Child.jpg,https://doctorsdirectory.com.bd/add-doctor/dr-md-khairul-islam-child/,,
Dr. Sabina Yasmin,"MBBS, MD (Medicine)",Medicine Specialist,Consultant,samorita Hospital,Dhaka,https://doctorsdirectory.com.bd/wp-content/uploads/2025/02/Dr.-Sabina Yasmin-Medicine.jpg,https://doctorsdirectory.com.bd/add-doctor/dr-sabina-yasmin-medicine/,,
Dr. Md. Abul Kalam,"MBBS, MS (Gynae)",Gynecologist,Consultant,samorita Hospital,Dhaka,https://doctorsdirectory.com.bd/wp-content/uploads/2025/02/Dr.-Md.-Abul Kalam-Gynae.jpg,https://doctorsdirectory.com.bd/add-doctor/dr-md-abul-kalam-gynae/,,
Dr. Jahanara Begum,"MBBS, FCPS (Surgery)",General Surgeon,Consultant,samorita Hospital,Dhaka,https://doctorsdirectory.com.bd/wp-content/uploads/2025/02/Dr.-Jahanara Begum-Surgery.jpg,https://doctorsdirectory.com.bd/add-doctor/dr-jahanara-begum-surgery/,,
Dr. Md. Nazmul Islam,"MBBS, DCH",Child Specialist,Consultant,samorita Hospital,Dhaka,https://doctorsdirectory.com.bd/wp-content/uploads/2025/02/Dr.-Md.-Nazmul Islam-Child.jpg,https://doctorsdirectory.com.bd/add-doctor/dr-md-nazmul-islam-dhaka-child/,,
Dr. Shamima Sultana,"MBBS, MD (Medicine)",Medicine Specialist,Consultant,samorita Hospital,Dhaka,https://doctorsdirectory.com.bd/wp-content/uploads/2025/02/Dr.-Shamima Sultana-Medicine.jpg,https://doctorsdirectory.com.bd/add-doctor/dr-shamima-sultana-medicine/,,
Dr. Md. Shafiqul Islam,"MBBS, MS (Gynae)",Gynecologist,Consultant,samorita Hospital,Dhaka,https://doctorsdirectory.com.bd/wp-content/uploads/2025/02/Dr.-Md.-Shafiqul Islam-Gynae.jpg,https://doctorsdirectory.com.bd/add-doctor/dr-md-shafiqul-islam-gynae/,,
Dr. Rehana Parvin,"MBBS, FCPS (Pediatrics)",Child Specialist,Consultant,samorita Hospital,Dhaka,https://doctorsdirectory.com.bd/wp-content/uploads/2025/02/Dr.-Rehana Parvin-Child.jpg,https://doctorsdirectory.com.bd/add-doctor/dr-rehana-parvin-child/,,
Dr. Md. Mahbubur Rahman,"MBBS, MD (Cardiology)",Cardiologist,Consultant,samorita Hospital,Dhaka,https://doctorsdirectory.com.bd/wp-content/uploads/2025/02/Dr.-Md.-Mahbubur Rahman-Cardio-2.jpg,https://doctorsdirectory.com.bd/add-doctor/dr-md-mahbubur-rahman-cardio-2/,,
Dr. Salma Begum,"MBBS, MS (Surgery)",General Surgeon,Consultant,samorita Hospital,Dhaka,https://doctorsdirectory.com.bd/wp-content/uploads/2025/02/Dr.-Salma Begum-Surgery.jpg,https://doctorsdirectory.com.bd/add-doctor/dr-salma-begum-surgery/,,
Dr. Md. Zahidul Islam,"MBBS, DCH",Child Specialist,Consultant,samorita Hospital,Dhaka,https://doctorsdirectory.com.bd/wp-content/uploads/2025/02/Dr.-Md.-Zahidul Islam-Child.jpg,https://doctorsdirectory.com.bd/add-doctor/dr-md-zahidul-islam-child/,,
Dr. Farida Begum,"MBBS, MD (Medicine)",Medicine Specialist,Consultant,samorita Hospital,Dhaka,https://doctorsdirectory.com.bd/wp-content/uploads/2025/02/Dr.-Farida Begum-Medicine.jpg,https://doctorsdirectory.com.bd/add-doctor/dr-farida-begum-medicine/,,
Dr. Md. Ibrahim,"MBBS, MS (Gynae)",Gynecologist,Consultant,samorita Hospital,Dhaka,https://doctorsdirectory.com.bd/wp-content/uploads/2025/02/Dr.-Md.-Ibrahim-Gynae.jpg,https://doctorsdirectory.com.bd/add-doctor/dr-md-ibrahim-gynae/,,
Dr. Nasreen Akter,"MBBS, FCPS (Surgery)",General Surgeon,Consultant,samorita Hospital,Dhaka,https://doctorsdirectory.com.bd/wp-content/uploads/2025/02/Dr.-Nasreen Akter-Surgery.jpg,https://doctorsdirectory.com.bd/add-doctor/dr-nasreen-akter-surgery/,,
Dr. Md. Abul Kashem,"MBBS, DCH",Child Specialist,Consultant,samorita Hospital,Dhaka,https://doctorsdirectory.com.bd/wp-content/uploads/2025/02/Dr.-Md.-Abul Kashem-Child.jpg,https://doctorsdirectory.com.bd/add-doctor/dr-md-abul-kashem-child/,,
Dr. Shahnaz Parveen,"MBBS, MD (Medicine)",Medicine Specialist,Consultant,samorita Hospital,Dhaka,https://doctorsdirectory.com.bd/wp-content/uploads/2025/02/Dr.-Shahnaz Parveen-Medicine.jpg,https://doctorsdirectory.com.bd/add-doctor/dr-shahnaz-parveen-medicine/,,
Dr. Md. Kamrul Islam,"MBBS, MS (Gynae)",Gynecologist,Consultant,samorita Hospital,Dhaka,https://doctorsdirectory.com.bd/wp-content/uploads/2025/02/Dr.-Md.-Kamrul Islam-Gynae.jpg,https://doctorsdirectory.com.bd/add-doctor/dr-md-kamrul-islam-gynae/,,
Dr. Nilufar Begum,"MBBS, FCPS (Surgery)",General Surgeon,Consultant,samorita Hospital,Dhaka,https://doctorsdirectory.com.bd/wp-content/uploads/2025/02/Dr.-Nilufar Begum-Surgery.jpg,https://doctorsdirectory.com.bd/add-doctor/dr-nilufar-begum-surgery/,,
Dr. Md. Mizanur Rahman,"MBBS, DCH",Child Specialist,Consultant,samorita Hospital,Dhaka,https://doctorsdirectory.com.bd/wp-content/uploads/2025/02/Dr.-Md.-Mizanur Rahman-Child.jpg,https://doctorsdirectory.com.bd/add-doctor/dr-md-mizanur-rahman-child/,,
Dr. Tahmina Akter,"MBBS, MD (Medicine)",Medicine Specialist,Consultant,samorita Hospital,Dhaka,https://doctorsdirectory.com.bd/wp-content/uploads/2025/02/Dr.-Tahmina Akter-Medicine.jpg,https://doctorsdirectory.com.bd/add-doctor/dr-tahmina-akter-medicine/,,
Dr. Md. Anwar Hossain,"MBBS, MS (Gynae)",Gynecologist,Consultant,samorita Hospital,Dhaka,https://doctorsdirectory.com.bd/wp-content/uploads/2025/02/Dr.-Md.-Anwar Hossain-Gynae.jpg,https://doctorsdirectory.com.bd/add-doctor/dr-md-anwar-hossain-gynae/,,
Dr. Syeda Shahanara Begum,"MBBS, FCPS (Surgery)",General Surgeon,Consultant,samorita Hospital,Dhaka,https://doctorsdirectory.com.bd/wp-content/uploads/2025/02/Dr.-Syeda Shahanara Begum-Surgery.jpg,https://doctorsdirectory.com.bd/add-doctor/dr-syeda-shahanara-begum-surgery/,,
Dr. Md. Jahangir Alam,"MBBS, DCH",Child Specialist,Consultant,samorita Hospital,Dhaka,https://doctorsdirectory.com.bd/wp-content/uploads/2025/02/Dr.-Md.-Jahangir Alam-Child.jpg,https://doctorsdirectory.com.bd/add-doctor/dr-md-jahangir-alam-child/,,
Dr. Nasima Akter,"MBBS, MD (Medicine)",Medicine Specialist,Consultant,samorita Hospital,Dhaka,https://doctorsdirectory.com.bd/wp-content/uploads/2025/02/Dr.-Nasima Akter-Medicine.jpg,https://doctorsdirectory.com.bd/add-doctor/dr-nasima-akter-medicine/,,
Dr. Md. Ashraful Islam,"MBBS, MS (Gynae)",Gynecologist,Consultant,samorita Hospital,Dhaka,https://doctorsdirectory.com.bd/wp-content/uploads/2025/02/Dr.-Md.-Ashraful Islam-Gynae.jpg,https://doctorsdirectory.com.bd/add-doctor/dr-md-ashraful-islam-gynae/,,
Dr. Sultana Ahmed,"MBBS, FCPS (Surgery)",General Surgeon,Consultant,samorita Hospital,Dhaka,https://doctorsdirectory.com.bd/wp-content/uploads/2025/02/Dr.-Sultana Ahmed-Surgery.jpg,https://doctorsdirectory.com.bd/add-doctor/dr-sultana-ahmed-surgery/,,
Dr. Md. Habibur Rahman,"MBBS, DCH",Child Specialist,Consultant,samorita Hospital,Dhaka,https://doctorsdirectory.com.bd/wp-content/uploads/2025/02/Dr.-Md.-Habibur Rahman-Child.jpg,https://doctorsdirectory.com.bd/add-doctor/dr-md-habibur-rahman-child/,,
Dr. Rokshana Begum,"MBBS, MD (Medicine)",Medicine Specialist,Consultant,samorita Hospital,Dhaka,https://doctorsdirectory.com.bd/wp-content/uploads/2025/02/Dr.-Rokshana Begum-Medicine.jpg,https://doctorsdirectory.com.bd/add-doctor/dr-rokshana-begum-medicine/,,
Dr. Md. Monirul Islam,"MBBS, MS (Gynae)",Gynecologist,Consultant,samorita Hospital,Dhaka,https://doctorsdirectory.com.bd/wp-content/uploads/2025/02/Dr.-Md.-Monirul Islam-Gynae.jpg,https://doctorsdirectory.com.bd/add-doctor/dr-md-monirul-islam-gynae/,,
Dr. Ferdousi Begum,"MBBS, FCPS (Surgery)",General Surgeon,Consultant,samorita Hospital,Dhaka,https://doctorsdirectory.com.bd/wp-content/uploads/2025/02/Dr.-Ferdousi Begum-Surgery-2.jpg,https://doctorsdirectory.com.bd/add-doctor/dr-ferdousi-begum-surgery-2/,,
Dr. Md. Khairul Islam,"MBBS, MD (Medicine)",Medicine Specialist,Consultant,samorita Hospital,Dhaka,https://doctorsdirectory.com.bd/wp-content/uploads/2025/02/Dr.-Md.-Khairul Islam-Medicine.jpg,https://doctorsdirectory.com.bd/add-doctor/dr-md-khairul-islam-medicine/,,
Dr. Sabina Yasmin,"MBBS, MS (Gynae)",Gynecologist,Consultant,samorita Hospital,Dhaka,https://doctorsdirectory.com.bd/wp-content/uploads/2025/02/Dr.-Sabina Yasmin-Gynae-2.jpg,https://doctorsdirectory.com.bd/add-doctor/dr-sabina-yasmin-gynae-2/,,
Dr. Md. Abul Kalam,"MBBS, FCPS (Surgery)",General Surgeon,Consultant,samorita Hospital,Dhaka,https://doctorsdirectory.com.bd/wp-content/uploads/2025/02/Dr.-Md.-Abul Kalam-Surgery.jpg,https://doctorsdirectory.com.bd/add-doctor/dr-md-abul-kalam-surgery/,,
Dr. Jahanara Begum,"MBBS, DCH",Child Specialist,Consultant,samorita Hospital,Dhaka,https://doctorsdirectory.com.bd/wp-content/uploads/2025/02/Dr.-Jahanara Begum-Child-2.jpg,https://doctorsdirectory.com.bd/add-doctor/dr-jahanara-begum-child-2/,,
Dr. Md. Nazmul Islam,"MBBS, MD (Medicine)",Medicine Specialist,Consultant,samorita Hospital,Dhaka,https://doctorsdirectory.com.bd/wp-content/uploads/2025/02/Dr.-Md.-Nazmul Islam-Medicine.jpg,https://doctorsdirectory.com.bd/add-doctor/dr-md-nazmul-islam-dhaka-medicine/,,
Dr. Shamima Sultana,"MBBS, MS (Gynae)",Gynecologist,Consultant,samorita Hospital,Dhaka,https://doctorsdirectory.com.bd/wp-content/uploads/2025/02/Dr.-Shamima Sultana-Gynae-2.jpg,https://doctorsdirectory.com.bd/add-doctor/dr-shamima-sultana-gynae-2/,,
Dr. Md. Shafiqul Islam,"MBBS, FCPS (Surgery)",General Surgeon,Consultant,samorita Hospital,Dhaka,https://doctorsdirectory.com.bd/wp-content/uploads/2025/02/Dr.-Md.-Shafiqul Islam-Surgery.jpg,https://doctorsdirectory.com.bd/add-doctor/dr-md-shafiqul-islam-surgery/,,
Dr. Rehana Parvin,"MBBS, DCH",Child Specialist,Consultant,samorita Hospital,Dhaka,https://doctorsdirectory.com.bd/wp-content/uploads/2025/02/Dr.-Rehana Parvin-Child-2.jpg,https://doctorsdirectory.com.bd/add-doctor/dr-rehana-parvin-child-2/,,
Dr. Md. Mahbubur Rahman,"MBBS, MD (Medicine)",Medicine Specialist,Consultant,samorita Hospital,Dhaka,https://doctorsdirectory.com.bd/wp-content/uploads/2025/02/Dr.-Md.-Mahbubur Rahman-Medicine.jpg,https://doctorsdirectory.com.bd/add-doctor/dr-md-mahbubur-rahman-medicine/,,
Dr. Salma Begum,"MBBS, MS (Gynae)",Gynecologist,Consultant,samorita Hospital,Dhaka,https://doctorsdirectory.com.bd/wp-content/uploads/2025/02/Dr.-Salma Begum-Gynae-2.jpg,https://doctorsdirectory.com.bd/add-doctor/dr-salma-begum-gynae-2/,,
Dr. Md. Zahidul Islam,"MBBS, FCPS (Surgery)",General Surgeon,Consultant,samorita Hospital,Dhaka,https://doctorsdirectory.com.bd/wp-content/uploads/2025/02/Dr.-Md.-Zahidul Islam-Surgery-2.jpg,https://doctorsdirectory.com.bd/add-doctor/dr-md-zahidul-islam-surgery-2/,,
Dr. Farida Begum,"MBBS, DCH",Child Specialist,Consultant,samorita Hospital,Dhaka,https://doctorsdirectory.com.bd/wp-content/uploads/2025/02/Dr.-Farida Begum-Child-2.jpg,https://doctorsdirectory.com.bd/add-doctor/dr-farida-begum-child-2/,,
Dr. Md. Ibrahim,"MBBS, MD (Medicine)",Medicine Specialist,Consultant,samorita Hospital,Dhaka,https://doctorsdirectory.com.bd/wp-content/uploads/2025/02/Dr.-Md.-Ibrahim-Medicine-2.jpg,https://doctorsdirectory.com.bd/add-doctor/dr-md-ibrahim-medicine-2/,,
Dr. Nasreen Akter,"MBBS, MS (Gynae)",Gynecologist,Consultant,samorita Hospital,Dhaka,https://doctorsdirectory.com.bd/wp-content/uploads/2025/02/Dr.-Nasreen Akter-Gynae-2.jpg,https://doctorsdirectory.com.bd/add-doctor/dr-nasreen-akter-gynae-2/,,
Dr. Md. Abul Kashem,"MBBS, FCPS (Surgery)",General Surgeon,Consultant,samorita Hospital,Dhaka,https://doctorsdirectory.com.bd/wp-content/uploads/2025/02/Dr.-Md.-Abul Kashem-Surgery-2.jpg,https://doctorsdirectory.com.bd/add-doctor/dr-md-abul-kashem-surgery-2/,,
Dr. Shahnaz Parveen,"MBBS, DCH",Child Specialist,Consultant,samorita Hospital,Dhaka,https://doctorsdirectory.com.bd/wp-content/uploads/2025/02/Dr.-Shahnaz Parveen-Child.jpg,https://doctorsdirectory.com.bd/add-doctor/dr-shahnaz-parveen-child/,,
Dr. Md. Kamrul Islam,"MBBS, MD (Medicine)",Medicine Specialist,Consultant,samorita Hospital,Dhaka,https://doctorsdirectory.com.bd/wp-content/uploads/2025/02/Dr.-Md.-Kamrul Islam-Medicine.jpg,https://doctorsdirectory.com.bd/add-doctor/dr-md-kamrul-islam-medicine/,,
Dr. Nilufar Begum,"MBBS, MS (Gynae)",Gynecologist,Consultant,samorita Hospital,Dhaka,https://doctorsdirectory.com.bd/wp-content/uploads/2025/02/Dr.-Nilufar Begum-Gynae-2.jpg,https://doctorsdirectory.com.bd/add-doctor/dr-nilufar-begum-gynae-2/,,
Dr. Md. Mizanur Rahman,"MBBS, FCPS (Surgery)",General Surgeon,Consultant,samorita Hospital,Dhaka,https://doctorsdirectory.com.bd/wp-content/uploads/2025/02/Dr.-Md.-Mizanur Rahman-Surgery-2.jpg,https://doctorsdirectory.com.bd/add-doctor/dr-md-mizanur-rahman-surgery-2/,,
Dr. Tahmina Akter,"MBBS, DCH",Child Specialist,Consultant,samorita Hospital,Dhaka,https://doctorsdirectory.com.bd/wp-content/uploads/2025/02/Dr.-Tahmina Akter-Child-2.jpg,https://doctorsdirectory.com.bd/add-doctor/dr-tahmina-akter-child-2/,,
Dr. Md. Anwar Hossain,"MBBS, MD (Medicine)",Medicine Specialist,Consultant,samorita Hospital,Dhaka,https://doctorsdirectory.com.bd/wp-content/uploads/2025/02/Dr.-Md.-Anwar Hossain-Medicine-2.jpg,https://doctorsdirectory.com.bd/add-doctor/dr-md-anwar-hossain-medicine-2/,,
Dr. Syeda Shahanara Begum,"MBBS, MS (Gynae)",Gynecologist,Consultant,samorita Hospital,Dhaka,https://doctorsdirectory.com.bd/wp-content/uploads/2025/02/Dr.-Syeda Shahanara Begum-Gynae-2.jpg,https://doctorsdirectory.com.bd/add-doctor/dr-syeda-shahanara-begum-gynae-2/,,
Dr. Md. Jahangir Alam,"MBBS, FCPS (Surgery)",General Surgeon,Consultant,samorita Hospital,Dhaka,https://doctorsdirectory.com.bd/wp-content/uploads/2025/02/Dr.-Md.-Jahangir Alam-Surgery.jpg,https://doctorsdirectory.com.bd/add-doctor/dr-md-jahangir-alam-surgery/,,
Dr. Nasima Akter,"MBBS, DCH",Child Specialist,Consultant,samorita Hospital,Dhaka,https://doctorsdirectory.com.bd/wp-content/uploads/2025/02/Dr.-Nasima Akter-Child.jpg,https://doctorsdirectory.com.bd/add-doctor/dr-nasima-akter-child/,,
Dr. Md. Ashraful Islam,"MBBS, MD (Medicine)",Medicine Specialist,Consultant,samorita Hospital,Dhaka,https://doctorsdirectory.com.bd/wp-content/uploads/2025/02/Dr.-Md.-Ashraful Islam-Medicine-2.jpg,https://doctorsdirectory.com.bd/add-doctor/dr-md-ashraful-islam-medicine-2/,,
Dr. Sultana Ahmed,"MBBS, MS (Gynae)",Gynecologist,Consultant,samorita Hospital,Dhaka,https://doctorsdirectory.com.bd/wp-content/uploads/2025/02/Dr.-Sultana Ahmed-Gynae-2.jpg,https://doctorsdirectory.com.bd/add-doctor/dr-sultana-ahmed-gynae-2/,,
Dr. Md. Habibur Rahman,"MBBS, FCPS (Surgery)",General Surgeon,Consultant,samorita Hospital,Dhaka,https://doctorsdirectory.com.bd/wp-content/uploads/2025/02/Dr.-Md.-Habibur Rahman-Surgery-2.jpg,https://doctorsdirectory.com.bd/add-doctor/dr-md-habibur-rahman-surgery-2/,,
Dr. Rokshana Begum,"MBBS, DCH",Child Specialist,Consultant,samorita Hospital,Dhaka,https://doctorsdirectory.com.bd/wp-content/uploads/2025/02/Dr.-Rokshana Begum-Child-2.jpg,https://doctorsdirectory.com.bd/add-doctor/dr-rokshana-begum-child-2/,,
Dr. Md. Monirul Islam,"MBBS, MD (Medicine)",Medicine Specialist,Consultant,samorita Hospital,Dhaka,https://doctorsdirectory.com.bd/wp-content/uploads/2025/02/Dr.-Md.-Monirul Islam-Medicine.jpg,https://doctorsdirectory.com.bd/add-doctor/dr-md-monirul-islam-medicine/,,
Dr. Ferdousi Begum,"MBBS, MS (Gynae)",Gynecologist,Consultant,samorita Hospital,Dhaka,https://doctorsdirectory.com.bd/wp-content/uploads/2025/02/Dr.-Ferdousi Begum-Gynae-2.jpg,https://doctorsdirectory.com.bd/add-doctor/dr-ferdousi-begum-gynae-2/,,
Dr. Md. Khairul Islam,"MBBS, FCPS (Surgery)",General Surgeon,Consultant,samorita Hospital,Dhaka,https://doctorsdirectory.com.bd/wp-content/uploads/2025/02/Dr.-Md.-Khairul Islam-Surgery.jpg,https://doctorsdirectory.com.bd/add-doctor/dr-md-khairul-islam-surgery/,,
Dr. Sabina Yasmin,"MBBS, DCH",Child Specialist,Consultant,samorita Hospital,Dhaka,https://doctorsdirectory.com.bd/wp-content/uploads/2025/02/Dr.-Sabina Yasmin-Child-2.jpg,https://doctorsdirectory.com.bd/add-doctor/dr-sabina-yasmin-child-2/,,
Dr. Md. Abul Kalam,"MBBS, MD (Medicine)",Medicine Specialist,Consultant,samorita Hospital,Dhaka,https://doctorsdirectory.com.bd/wp-content/uploads/2025/02/Dr.-Md.-Abul Kalam-Medicine.jpg,https://doctorsdirectory.com.bd/add-doctor/dr-md-abul-kalam-medicine/,,
Dr. Jahanara Begum,"MBBS, MS (Gynae)",Gynecologist,Consultant,samorita Hospital,Dhaka,https://doctorsdirectory.com.bd/wp-content/uploads/2025/02/Dr.-Jahanara Begum-Gynae-3.jpg,https://doctorsdirectory.com.bd/add-doctor/dr-jahanara-begum-gynae-3/,,
Dr. Md. Nazmul Islam,"MBBS, FCPS (Surgery)",General Surgeon,Consultant,samorita Hospital,Dhaka,https://doctorsdirectory.com.bd/wp-content/uploads/2025/02/Dr.-Md.-Nazmul Islam-Surgery-2.jpg,https://doctorsdirectory.com.bd/add-doctor/dr-md-nazmul-islam-dhaka-surgery-2/,,
Dr. Shamima Sultana,"MBBS, DCH",Child Specialist,Consultant,samorita Hospital,Dhaka,https://doctorsdirectory.com.bd/wp-content/uploads/2025/02/Dr.-Shamima Sultana-Child.jpg,https://doctorsdirectory.com.bd/add-doctor/dr-shamima-sultana-child/,,
Dr. Md. Shafiqul Islam,"MBBS, MD (Medicine)",Medicine Specialist,Consultant,samorita Hospital,Dhaka,https://doctorsdirectory.com.bd/wp-content/uploads/2025/02/Dr.-Md.-Shafiqul Islam-Medicine.jpg,https://doctorsdirectory.com.bd/add-doctor/dr-md-shafiqul-islam-medicine/,,
Dr. Rehana Parvin,"MBBS, MS (Gynae)",Gynecologist,Consultant,samorita Hospital,Dhaka,https://doctorsdirectory.com.bd/wp-content/uploads/2025/02/Dr.-Rehana Parvin-Gynae-3.jpg,https://doctorsdirectory.com.bd/add-doctor/dr-rehana-parvin-gynae-3/,,
Dr. Md. Mahbubur Rahman,"MBBS, FCPS (Surgery)",General Surgeon,Consultant,samorita Hospital,Dhaka,https://doctorsdirectory.com.bd/wp-content/uploads/2025/02/Dr.-Md.-Mahbubur Rahman-Surgery-3.jpg,https://doctorsdirectory.com.bd/add-doctor/dr-md-mahbubur-rahman-surgery-3/,,
Dr. Salma Begum,"MBBS, DCH",Child Specialist,Consultant,samorita Hospital,Dhaka,https://doctorsdirectory.com.bd/wp-content/uploads/2025/02/Dr.-Salma Begum-Child-2.jpg,https://doctorsdirectory.com.bd/add-doctor/dr-salma-begum-child-2/,,
Dr. Md. Zahidul Islam,"MBBS, MD (Medicine)",Medicine Specialist,Consultant,samorita Hospital,Dhaka,https://doctorsdirectory.com.bd/wp-content/uploads/2025/02/Dr.-Md.-Zahidul Islam-Medicine.jpg,https://doctorsdirectory.com.bd/add-doctor/dr-md-zahidul-islam-medicine/,,
Dr. Farida Begum,"MBBS, MS (Gynae)",Gynecologist,Consultant,samorita Hospital,Dhaka,https://doctorsdirectory.com.bd/wp-content/uploads/2025/02/Dr.-Farida Begum-Gynae-3.jpg,https://doctorsdirectory.com.bd/add-doctor/dr-farida-begum-gynae-3/,,
Dr. Md. Ibrahim,"MBBS, FCPS (Surgery)",General Surgeon,Consultant,samorita Hospital,Dhaka,https://doctorsdirectory.com.bd/wp-content/uploads/2025/02/Dr.-Md.-Ibrahim-Surgery.jpg,https://doctorsdirectory.com.bd/add-doctor/dr-md-ibrahim-surgery/,,
Dr. Nasreen Akter,"MBBS, DCH",Child Specialist,Consultant,samorita Hospital,Dhaka,https://doctorsdirectory.com.bd/wp-content/uploads/2025/02/Dr.-Nasreen Akter-Child.jpg,https://doctorsdirectory.com.bd/add-doctor/dr-nasreen-akter-child/,,
Dr. Md. Abul Kashem,"MBBS, MD (Medicine)",Medicine Specialist,Consultant,samorita Hospital,Dhaka,https://doctorsdirectory.com.bd/wp-content/uploads/2025/02/Dr.-Md.-Abul Kashem-Medicine-2.jpg,https://doctorsdirectory.com.bd/add-doctor/dr-md-abul-kashem-medicine-2/,,
Dr. Shahnaz Parveen,"MBBS, MS (Gynae)",Gynecologist,Consultant,samorita Hospital,Dhaka,https://doctorsdirectory.com.bd/wp-content/uploads/2025/02/Dr.-Shahnaz Parveen-Gynae-2.jpg,https://doctorsdirectory.com.bd/add-doctor/dr-shahnaz-parveen-gynae-2/,,
Dr. Md. Kamrul Islam,"MBBS, FCPS (Surgery)",General Surgeon,Consultant,samorita Hospital,Dhaka,https://doctorsdirectory.com.bd/wp-content/uploads/2025/02/Dr.-Md.-Kamrul Islam-Surgery-2.jpg,https://doctorsdirectory.com.bd/add-doctor/dr-md-kamrul-islam-surgery-2/,,
Dr. Nilufar Begum,"MBBS, DCH",Child Specialist,Consultant,samorita Hospital,Dhaka,https://doctorsdirectory.com.bd/wp-content/uploads/2025/02/Dr.-Nilufar Begum-Child.jpg,https://doctorsdirectory.com.bd/add-doctor/dr-nilufar-begum-child/,,
Dr. Md. Mizanur Rahman,"MBBS, MD (Medicine)",Medicine Specialist,Consultant,samorita Hospital,Dhaka,https://doctorsdirectory.com.bd/wp-content/uploads/2025/02/Dr.-Md.-Mizanur Rahman-Medicine-2.jpg,https://doctorsdirectory.com.bd/add-doctor/dr-md-mizanur-rahman-medicine-2/,,
Dr. Tahmina Akter,"MBBS, MS (Gynae)",Gynecologist,Consultant,samorita Hospital,Dhaka,https://doctorsdirectory.com.bd/wp-content/uploads/2025/02/Dr.-Tahmina Akter-Gynae-3.jpg,https://doctorsdirectory.com.bd/add-doctor/dr-tahmina-akter-gynae-3/,,
Dr. Md. Anwar Hossain,"MBBS, FCPS (Surgery)",General Surgeon,Consultant,samorita Hospital,Dhaka,https://doctorsdirectory.com.bd/wp-content/uploads/2025/02/Dr.-Md.-Anwar Hossain-Surgery-2.jpg,https://doctorsdirectory.com.bd/add-doctor/dr-md-anwar-hossain-surgery-2/,,
Dr. Syeda Shahanara Begum,"MBBS, DCH",Child Specialist,Consultant,samorita Hospital,Dhaka,https://doctorsdirectory.com.bd/wp-content/uploads/2025/02/Dr.-Syeda Shahanara Begum-Child.jpg,https://doctorsdirectory.com.bd/add-doctor/dr-syeda-shahanara-begum-child/,,
Dr. Md. Jahangir Alam,"MBBS, MD (Medicine)",Medicine Specialist,Consultant,samorita Hospital,Dhaka,https://doctorsdirectory.com.bd/wp-content/uploads/2025/02/Dr.-Md.-Jahangir Alam-Medicine-2.jpg,https://doctorsdirectory.com.bd/add-doctor/dr-md-jahangir-alam-medicine-2/,,
Dr. Nasima Akter,"MBBS, MS (Gynae)",Gynecologist,Consultant,samorita Hospital,Dhaka,https://doctorsdirectory.com.bd/wp-content/uploads/2025/02/Dr.-Nasima Akter-Gynae-2.jpg,https://doctorsdirectory.com.bd/add-doctor/dr-nasima-akter-gynae-2/,,
Dr. Md. Ashraful Islam,"MBBS, FCPS (Surgery)",General Surgeon,Consultant,samorita Hospital,Dhaka,https://doctorsdirectory.com.bd/wp-content/uploads/2025/02/Dr.-Md.-Ashraful Islam-Surgery.jpg,https://doctorsdirectory.com.bd/add-doctor/dr-md-ashraful-islam-surgery/,,
Dr. Sultana Ahmed,"MBBS, DCH",Child Specialist,Consultant,samorita Hospital,Dhaka,https://doctorsdirectory.com.bd/wp-content/uploads/2025/02/Dr.-Sultana Ahmed-Child.jpg,https://doctorsdirectory.com.bd/add-doctor/dr-sultana-ahmed-child/,,
Dr. Md. Habibur Rahman,"MBBS, MD (Medicine)",Medicine Specialist,Consultant,samorita Hospital,Dhaka,https://doctorsdirectory.com.bd/wp-content/uploads/2025/02/Dr.-Md.-Habibur Rahman-Medicine-2.jpg,https://doctorsdirectory.com.bd/add-doctor/dr-md-habibur-rahman-medicine-2/,,
Dr. Rokshana Begum,"MBBS, MS (Gynae)",Gynecologist,Consultant,samorita Hospital,Dhaka,https://doctorsdirectory.com.bd/wp-content/uploads/2025/02/Dr.-Rokshana Begum-Gynae-3.jpg,https://doctorsdirectory.com.bd/add-doctor/dr-rokshana-begum-gynae-3/,,
Dr. Md. Monirul Islam,"MBBS, FCPS (Surgery)",General Surgeon,Consultant,samorita Hospital,Dhaka,https://doctorsdirectory.com.bd/wp-content/uploads/2025/02/Dr.-Md.-Monirul Islam-Surgery-2.jpg,https://doctorsdirectory.com.bd/add-doctor/dr-md-monirul-islam-surgery-2/,,
Dr. Ferdousi Begum,"MBBS, DCH",Child Specialist,Consultant,samorita Hospital,Dhaka,https://doctorsdirectory.com.bd/wp-content/uploads/2025/02/Dr.-Ferdousi Begum-Child.jpg,https://doctorsdirectory.com.bd/add-doctor/dr-ferdousi-begum-child/,,
Dr. Md. Khairul Islam,"MBBS, MD (Medicine)",Medicine Specialist,Consultant,samorita Hospital,Dhaka,https://doctorsdirectory.com.bd/wp-content/uploads/2025/02/Dr.-Md.-Khairul Islam-Medicine-2.jpg,https://doctorsdirectory.com.bd/add-doctor/dr-md-khairul-islam-medicine-2/,,
Dr. Sabina Yasmin,"MBBS, MS (Gynae)",Gynecologist,Consultant,samorita Hospital,Dhaka,https://doctorsdirectory.com.bd/wp-content/uploads/2025/02/Dr.-Sabina Yasmin-Gynae-3.jpg,https://doctorsdirectory.com.bd/add-doctor/dr-sabina-yasmin-gynae-3/,,
Dr. Md. Abul Kalam,"MBBS, FCPS (Surgery)",General Surgeon,Consultant,samorita Hospital,Dhaka,https://doctorsdirectory.com.bd/wp-content/uploads/2025/02/Dr.-Md.-Abul Kalam-Surgery-2.jpg,https://doctorsdirectory.com.bd/add-doctor/dr-md-abul-kalam-surgery-2/,,
Dr. Jahanara Begum,"MBBS, DCH",Child Specialist,Consultant,samorita Hospital,Dhaka,https://doctorsdirectory.com.bd/wp-content/uploads/2025/02/Dr.-Jahanara Begum-Child-3.jpg,https://doctorsdirectory.com.bd/add-doctor/dr-jahanara-begum-child-3/,,
Dr. Md. Nazmul Islam,"MBBS, MD (Medicine)",Medicine Specialist,Consultant,samorita Hospital,Dhaka,https://doctorsdirectory.com.bd/wp-content/uploads/2025/02/Dr.-Md.-Nazmul Islam-Medicine-2.jpg,https://doctorsdirectory.com.bd/add-doctor/dr-md-nazmul-islam-dhaka-medicine-2/,,
Dr. Shamima Sultana,"MBBS, MS (Gynae)",Gynecologist,Consultant,samorita Hospital,Dhaka,https://doctorsdirectory.com.bd/wp-content/uploads/2025/02/Dr.-Shamima Sultana-Gynae-3.jpg,https://doctorsdirectory.com.bd/add-doctor/dr-shamima-sultana-gynae-3/,,
Dr. Md. Shafiqul Islam,"MBBS, FCPS (Surgery)",General Surgeon,Consultant,samorita Hospital,Dhaka,https://doctorsdirectory.com.bd/wp-content/uploads/2025/02/Dr.-Md.-Shafiqul Islam-Surgery-2.jpg,https://doctorsdirectory.com.bd/add-doctor/dr-md-shafiqul-islam-surgery-2/,,
Dr. Rehana Parvin,"MBBS, DCH",Child Specialist,Consultant,samorita Hospital,Dhaka,https://doctorsdirectory.com.bd/wp-content/uploads/2025/02/Dr.-Rehana Parvin-Child-3.jpg,https://doctorsdirectory.com.bd/add-doctor/dr-rehana-parvin-child-3/,,
Dr. Md. Mahbubur Rahman,"MBBS, MD (Medicine)",Medicine Specialist,Consultant,samorita Hospital,Dhaka,https://doctorsdirectory.com.bd/wp-content/uploads/2025/02/Dr.-Md.-Mahbubur Rahman-Medicine-2.jpg,https://doctorsdirectory.com.bd/add-doctor/dr-md-mahbubur-rahman-medicine-2/,,
Dr. Salma Begum,"MBBS, MS (Gynae)",Gynecologist,Consultant,samorita Hospital,Dhaka,https://doctorsdirectory.com.bd/wp-content/uploads/2025/02/Dr.-Salma Begum-Gynae-3.jpg,https://doctorsdirectory.com.bd/add-doctor/dr-salma-begum-gynae-3/,,
Dr. Md. Zahidul Islam,"MBBS, FCPS (Surgery)",General Surgeon,Consultant,samorita Hospital,Dhaka,https://doctorsdirectory.com.bd/wp-content/uploads/2025/02/Dr.-Md.-Zahidul Islam-Surgery-3.jpg,https://doctorsdirectory.com.bd/add-doctor/dr-md-zahidul-islam-surgery-3/,,
Dr. Farida Begum,"MBBS, DCH",Child Specialist,Consultant,samorita Hospital,Dhaka,https://doctorsdirectory.com.bd/wp-content/uploads/2025/02/Dr.-Farida Begum-Child-3.jpg,https://doctorsdirectory.com.bd/add-doctor/dr-farida-begum-child-3/,,
Dr. Md. Ibrahim,"MBBS, MD (Medicine)",Medicine Specialist,Consultant,samorita Hospital,Dhaka,https://doctorsdirectory.com.bd/wp-content/uploads/2025/02/Dr.-Md.-Ibrahim-Medicine-3.jpg,https://doctorsdirectory.com.bd/add-doctor/dr-md-ibrahim-medicine-3/,,
Dr. Nasreen Akter,"MBBS, MS (Gynae)",Gynecologist,Consultant,samorita Hospital,Dhaka,https://doctorsdirectory.com.bd/wp-content/uploads/2025/02/Dr.-Nasreen Akter-Gynae-3.jpg,https://doctorsdirectory.com.bd/add-doctor/dr-nasreen-akter-gynae-3/,,
Dr. Md. Abul Kashem,"MBBS, FCPS (Surgery)",General Surgeon,Consultant,samorita Hospital,Dhaka,https://doctorsdirectory.com.bd/wp-content/uploads/2025/02/Dr.-Md.-Abul Kashem-Surgery-3.jpg,https://doctorsdirectory.com.bd/add-doctor/dr-md-abul-kashem-surgery-3/,,
Dr. Shahnaz Parveen,"MBBS, DCH",Child Specialist,Consultant,samorita Hospital,Dhaka,https://doctorsdirectory.com.bd/wp-content/uploads/2025/02/Dr.-Shahnaz Parveen-Child-2.jpg,https://doctorsdirectory.com.bd/add-doctor/dr-shahnaz-parveen-child-2/,,
Dr. Md. Kamrul Islam,"MBBS, MD (Medicine)",Medicine Specialist,Consultant,samorita Hospital,Dhaka,https://doctorsdirectory.com.bd/wp-content/uploads/2025/02/Dr.-Md.-Kamrul Islam-Medicine-2.jpg,https://doctorsdirectory.com.bd/add-doctor/dr-md-kamrul-islam-medicine-2/,,
Dr. Nilufar Begum,"MBBS, MS (Gynae)",Gynecologist,Consultant,samorita Hospital,Dhaka,https://doctorsdirectory.com.bd/wp-content/uploads/2025/02/Dr.-Nilufar Begum-Gynae-3.jpg,https://doctorsdirectory.com.bd/add-doctor/dr-nilufar-begum-gynae-3/,,
Dr. Md. Mizanur Rahman,"MBBS, FCPS (Surgery)",General Surgeon,Consultant,samorita Hospital,Dhaka,https://doctorsdirectory.com.bd/wp-content/uploads/2025/02/Dr.-Md.-Mizanur Rahman-Surgery-3.jpg,https://doctorsdirectory.com.bd/add-doctor/dr-md-mizanur-rahman-surgery-3/,,
Dr. Tahmina Akter,"MBBS, DCH",Child Specialist,Consultant,samorita Hospital,Dhaka,https://doctorsdirectory.com.bd/wp-content/uploads/2025/02/Dr.-Tahmina Akter-Child-3.jpg,https://doctorsdirectory.com.bd/add-doctor/dr-tahmina-akter-child-3/,,
Dr. Md. Anwar Hossain,"MBBS, MD (Medicine)",Medicine Specialist,Consultant,samorita Hospital,Dhaka,https://doctorsdirectory.com.bd/wp-content/uploads/2025/02/Dr.-Md.-Anwar Hossain-Medicine-3.jpg,https://doctorsdirectory.com.bd/add-doctor/dr-md-anwar-hossain-medicine-3/,,
Dr. Syeda Shahanara Begum,"MBBS, MS (Gynae)",Gynecologist,Consultant,samorita Hospital,Dhaka,https://doctorsdirectory.com.bd/wp-content/uploads/2025/02/Dr.-Syeda Shahanara Begum-Gynae-3.jpg,https://doctorsdirectory.com.bd/add-doctor/dr-syeda-shahanara-begum-gynae-3/,,
Dr. Md. Jahangir Alam,"MBBS, FCPS (Surgery)",General Surgeon,Consultant,samorita Hospital,Dhaka,https://doctorsdirectory.com.bd/wp-content/uploads/2025/02/Dr.-Md.-Jahangir Alam-Surgery-2.jpg,https://doctorsdirectory.com.bd/add-doctor/dr-md-jahangir-alam-surgery-2/,,
Dr. Nasima Akter,"MBBS, DCH",Child Specialist,Consultant,samorita Hospital,Dhaka,https://doctorsdirectory.com.bd/wp-content/uploads/2025/02/Dr.-Nasima Akter-Child-2.jpg,https://doctorsdirectory.com.bd/add-doctor/dr-nasima-akter-child-2/,,
Dr. Md. Ashraful Islam,"MBBS, MD (Medicine)",Medicine Specialist,Consultant,samorita Hospital,Dhaka,https://doctorsdirectory.com.bd/wp-content/uploads/2025/02/Dr.-Md.-Ashraful Islam-Medicine-3.jpg,https://doctorsdirectory.com.bd/add-doctor/dr-md-ashraful-islam-medicine-3/,,
Dr. Sultana Ahmed,"MBBS, MS (Gynae)",Gynecologist,Consultant,samorita Hospital,Dhaka,https://doctorsdirectory.com.bd/wp-content/uploads/2025/02/Dr.-Sultana Ahmed-Gynae-3.jpg,https://doctorsdirectory.com.bd/add-doctor/dr-sultana-ahmed-gynae-3/,,
Dr. Md. Habibur Rahman,"MBBS, FCPS (Surgery)",General Surgeon,Consultant,samorita Hospital,Dhaka,https://doctorsdirectory.com.bd/wp-content/uploads/2025/02/Dr.-Md.-Habibur Rahman-Surgery-3.jpg,https://doctorsdirectory.com.bd/add-doctor/dr-md-habibur-rahman-surgery-3/,,
Dr. Rokshana Begum,"MBBS, DCH",Child Specialist,Consultant,samorita Hospital,Dhaka,https://doctorsdirectory.com.bd/wp-content/uploads/2025/02/Dr.-Rokshana Begum-Child-3.jpg,https://doctorsdirectory.com.bd/add-doctor/dr-rokshana-begum-child-3/,,
Dr. Md. Monirul Islam,"MBBS, MD (Medicine)",Medicine Specialist,Consultant,samorita Hospital,Dhaka,https://doctorsdirectory.com.bd/wp-content/uploads/2025/02/Dr.-Md.-Monirul Islam-Medicine-2.jpg,https://doctorsdirectory.com.bd/add-doctor/dr-md-monirul-islam-medicine-2/,,
Dr. Ferdousi Begum,"MBBS, MS (Gynae)",Gynecologist,Consultant,samorita Hospital,Dhaka,https://doctorsdirectory.com.bd/wp-content/uploads/2025/02/Dr.-Ferdousi Begum-Gynae-3.jpg,https://doctorsdirectory.com.bd/add-doctor/dr-ferdousi-begum-gynae-3/,,
Dr. Md. Khairul Islam,"MBBS, FCPS (Surgery)",General Surgeon,Consultant,samorita Hospital,Dhaka,https://doctorsdirectory.com.bd/wp-content/uploads/2025/02/Dr.-Md.-Khairul Islam-Surgery-2.jpg,https://doctorsdirectory.com.bd/add-doctor/dr-md-khairul-islam-surgery-2/,,
Dr. Sabina Yasmin,"MBBS, DCH",Child Specialist,Consultant,samorita Hospital,Dhaka,https://doctorsdirectory.com.bd/wp-content/uploads/2025/02/Dr.-Sabina Yasmin-Child-3.jpg,https://doctorsdirectory.com.bd/add-doctor/dr-sabina-yasmin-child-3/,,
Dr. Md. Abul Kalam,"MBBS, MD (Medicine)",Medicine Specialist,Consultant,samorita Hospital,Dhaka,https://doctorsdirectory.com.bd/wp-content/uploads/2025/02/Dr.-Md.-Abul Kalam-Medicine-2.jpg,https://doctorsdirectory.com.bd/add-doctor/dr-md-abul-kalam-medicine-2/,,
Dr. Jahanara Begum,"MBBS, MS (Gynae)",Gynecologist,Consultant,samorita Hospital,Dhaka,https://doctorsdirectory.com.bd/wp-content/uploads/2025/02/Dr.-Jahanara Begum-Gynae-4.jpg,https://doctorsdirectory.com.bd/add-doctor/dr-jahanara-begum-gynae-4/,,
Dr. Md. Nazmul Islam,"MBBS, FCPS (Surgery)",General Surgeon,Consultant,samorita Hospital,Dhaka,https://doctorsdirectory.com.bd/wp-content/uploads/2025/02/Dr.-Md.-Nazmul Islam-Surgery-3.jpg,https://doctorsdirectory.com.bd/add-doctor/dr-md-nazmul-islam-dhaka-surgery-3/,,
Dr. Shamima Sultana,"MBBS, DCH",Child Specialist,Consultant,samorita Hospital,Dhaka,https://doctorsdirectory.com.bd/wp-content/uploads/2025/02/Dr.-Shamima Sultana-Child-2.jpg,https://doctorsdirectory.com.bd/add-doctor/dr-shamima-sultana-child-2/,,
Dr. Md. Shafiqul Islam,"MBBS, MD (Medicine)",Medicine Specialist,Consultant,samorita Hospital,Dhaka,https://doctorsdirectory.com.bd/wp-content/uploads/2025/02/Dr.-Md.-Shafiqul Islam-Medicine-2.jpg,https://doctorsdirectory.com.bd/add-doctor/dr-md-shafiqul-islam-medicine-2/,,
Dr. Rehana Parvin,"MBBS, MS (Gynae)",Gynecologist,Consultant,samorita Hospital,Dhaka,https://doctorsdirectory.com.bd/wp-content/uploads/2025/02/Dr.-Rehana Parvin-Gynae-4.jpg,https://doctorsdirectory.com.bd/add-doctor/dr-rehana-parvin-gynae-4/,,
Dr. Md. Mahbubur Rahman,"MBBS, FCPS (Surgery)",General Surgeon,Consultant,samorita Hospital,Dhaka,https://doctorsdirectory.com.bd/wp-content/uploads/2025/02/Dr.-Md.-Mahbubur Rahman-Surgery-4.jpg,https://doctorsdirectory.com.bd/add-doctor/dr-md-mahbubur-rahman-surgery-4/,,
Dr. Salma Begum,"MBBS, DCH",Child Specialist,Consultant,samorita Hospital,Dhaka,https://doctorsdirectory.com.bd/wp-content/uploads/2025/02/Dr.-Salma Begum-Child-3.jpg,https://doctorsdirectory.com.bd/add-doctor/dr-salma-begum-child-3/,,
Dr. Md. Zahidul Islam,"MBBS, MD (Medicine)",Medicine Specialist,Consultant,samorita Hospital,Dhaka,https://doctorsdirectory.com.bd/wp-content/uploads/2025/02/Dr.-Md.-Zahidul Islam-Medicine-2.jpg,https://doctorsdirectory.com.bd/add-doctor/dr-md-zahidul-islam-medicine-2/,,
Dr. Farida Begum,"MBBS, MS (Gynae)",Gynecologist,Consultant,samorita Hospital,Dhaka,https://doctorsdirectory.com.bd/wp-content/uploads/2025/02/Dr.-Farida Begum-Gynae-4.jpg,https://doctorsdirectory.com.bd/add-doctor/dr-farida-begum-gynae-4/,,
Dr. Md. Ibrahim,"MBBS, FCPS (Surgery)",General Surgeon,Consultant,samorita Hospital,Dhaka,https://doctorsdirectory.com.bd/wp-content/uploads/2025/02/Dr.-Md.-Ibrahim-Surgery-2.jpg,https://doctorsdirectory.com.bd/add-doctor/dr-md-ibrahim-surgery-2/,,
Dr. Nasreen Akter,"MBBS, DCH",Child Specialist,Consultant,samorita Hospital,Dhaka,https://doctorsdirectory.com.bd/wp-content/uploads/2025/02/Dr.-Nasreen Akter-Child-2.jpg,https://doctorsdirectory.com.bd/add-doctor/dr-nasreen-akter-child-2/,,
Dr. Md. Abul Kashem,"MBBS, MD (Medicine)",Medicine Specialist,Consultant,samorita Hospital,Dhaka,https://doctorsdirectory.com.bd/wp-content/uploads/2025/02/Dr.-Md.-Abul Kashem-Medicine-3.jpg,https://doctorsdirectory.com.bd/add-doctor/dr-md-abul-kashem-medicine-3/,,
Dr. Shahnaz Parveen,"MBBS, MS (Gynae)",Gynecologist,Consultant,samorita Hospital,Dhaka,https://doctorsdirectory.com.bd/wp-content/uploads/2025/02/Dr.-Shahnaz Parveen-Gynae-3.jpg,https://doctorsdirectory.com.bd/add-doctor/dr-shahnaz-parveen-gynae-3/,,
Dr. Md. Kamrul Islam,"MBBS, FCPS (Surgery)",General Surgeon,Consultant,samorita Hospital,Dhaka,https://doctorsdirectory.com.bd/wp-content/uploads/2025/02/Dr.-Md.-Kamrul Islam-Surgery-3.jpg,https://doctorsdirectory.com.bd/add-doctor/dr-md-kamrul-islam-surgery-3/,,
Dr. Nilufar Begum,"MBBS, DCH",Child Specialist,Consultant,samorita Hospital,Dhaka,https://doctorsdirectory.com.bd/wp-content/uploads/2025/02/Dr.-Nilufar Begum-Child-2.jpg,https://doctorsdirectory.com.bd/add-doctor/dr-nilufar-begum-child-2/,,
Dr. Md. Mizanur Rahman,"MBBS, MD (Medicine)",Medicine Specialist,Consultant,samorita Hospital,Dhaka,https://doctorsdirectory.com.bd/wp-content/uploads/2025/02/Dr.-Md.-Mizanur Rahman-Medicine-3.jpg,https://doctorsdirectory.com.bd/add-doctor/dr-md-mizanur-rahman-medicine-3/,,
Dr. Tahmina Akter,"MBBS, MS (Gynae)",Gynecologist,Consultant,samorita Hospital,Dhaka,https://doctorsdirectory.com.bd/wp-content/uploads/2025/02/Dr.-Tahmina Akter-Gynae-4.jpg,https://doctorsdirectory.com.bd/add-doctor/dr-tahmina-akter-gynae-4/,,
Dr. Md. Nazmul Islam,MBBS (DMC) FCPS (Surgery),General Surgeon,Senior Consultant,Popular Diagnostic Centre,Dhaka,https://doctorsdirectory.com.bd/wp-content/uploads/2025/02/Dr.-Md.-Nazmul-Islam-Surgery-3.jpg,https://doctorsdirectory.com.bd/add-doctor/dr-md-nazmul-islam-dhaka-surgery-3/,,
Dr. Shamima Sultana,MBBS DCH,Child Specialist,Consultant,Labaid Diagnostic,Dhaka,https://doctorsdirectory.com.bd/wp-content/uploads/2025/02/Dr.-Shamima-Sultana-Child-2.jpg,https://doctorsdirectory.com.bd/add-doctor/dr-shamima-sultana-child-2/,,
Dr. Md. Shafiqul Islam,MBBS MD (Medicine),Medicine Specialist,Assistant Professor,National Institute of Cardiovascular Diseases,Dhaka,https://doctorsdirectory.com.bd/wp-content/uploads/2025/02/Dr.-Md.-Shafiqul-Islam-Medicine-2.jpg,https://doctorsdirectory.com.bd/add-doctor/dr-md-shafiqul-islam-medicine-2/,,
Dr. Rehana Parvin,MBBS MS (Gynae),Gynecologist,Consultant,Ibn Sina Specialized Hospital,Dhaka,https://doctorsdirectory.com.bd/wp-content/uploads/2025/02/Dr.-Rehana-Parvin-Gynae-4.jpg,https://doctorsdirectory.com.bd/add-doctor/dr-rehana-parvin-gynae-4/,,
Dr. Md. Mahbubur Rahman,MBBS FCPS (Surgery),General Surgeon,Professor,Dhaka Medical College,Dhaka,https://doctorsdirectory.com.bd/wp-content/uploads/2025/02/Dr.-Md.-Mahbubur-Rahman-Surgery-4.jpg,https://doctorsdirectory.com.bd/add-doctor/dr-md-mahbubur-rahman-surgery-4/,,
Dr. Salma Begum,MBBS DCH,Child Specialist,Consultant,Popular Diagnostic Center,Dhaka,https://doctorsdirectory.com.bd/wp-content/uploads/2025/02/Dr.-Salma-Begum-Child-3.jpg,https://doctorsdirectory.com.bd/add-doctor/dr-salma-begum-child-3/,,
Dr. Md. Zahidul Islam,MBBS MD (Medicine),Medicine Specialist,Senior Consultant,Green Life Hospital,Dhaka,https://doctorsdirectory.com.bd/wp-content/uploads/2025/02/Dr.-Md.-Zahidul-Islam-Medicine-2.jpg,https://doctorsdirectory.com.bd/add-doctor/dr-md-zahidul-islam-medicine-2/,,
Dr. Farida Begum,MBBS MS (Gynae),Gynecologist,Consultant,Square Hospital,Dhaka,https://doctorsdirectory.com.bd/wp-content/uploads/2025/02/Dr.-Farida-Begum-Gynae-4.jpg,https://doctorsdirectory.com.bd/add-doctor/dr-farida-begum-gynae-4/,,
Dr. Md. Ibrahim,MBBS FCPS (Surgery),General Surgeon,Senior Consultant,United Hospital,Dhaka,https://doctorsdirectory.com.bd/wp-content/uploads/2025/02/Dr.-Md.-Ibrahim-Surgery-2.jpg,https://doctorsdirectory.com.bd/add-doctor/dr-md-ibrahim-surgery-2/,,
Dr. Nasreen Akter,MBBS DCH,Child Specialist,Associate Professor,Dhaka Shishu Hospital,Dhaka,https://doctorsdirectory.com.bd/wp-content/uploads/2025/02/Dr.-Nasreen-Akter-Child-2.jpg,https://doctorsdirectory.com.bd/add-doctor/dr-nasreen-akter-child-2/,,
Dr. Md. Abul Kashem,MBBS MD (Medicine),Internal Medicine,Consultant,Central Hospital,Dhaka,https://doctorsdirectory.com.bd/wp-content/uploads/2025/02/Dr.-Md.-Abul-Kashem-Medicine-3.jpg,https://doctorsdirectory.com.bd/add-doctor/dr-md-abul-kashem-medicine-3/,,
Dr. Shahnaz Parveen,MBBS MS (Gynae),Gynecologist,Senior Consultant,Apollo Hospital,Dhaka,https://doctorsdirectory.com.bd/wp-content/uploads/2025/02/Dr.-Shahnaz-Parveen-Gynae-3.jpg,https://doctorsdirectory.com.bd/add-doctor/dr-shahnaz-parveen-gynae-3/,,
Dr. Md. Kamrul Islam,MBBS FCPS (Surgery),Laparoscopic Surgeon,Professor,Sir Salimullah Medical College,Dhaka,https://doctorsdirectory.com.bd/wp-content/uploads/2025/02/Dr.-Md.-Kamrul-Islam-Surgery-3.jpg,https://doctorsdirectory.com.bd/add-doctor/dr-md-kamrul-islam-surgery-3/,,
Dr. Nilufar Begum,MBBS DCH,Child Specialist,Consultant,Evercare Hospital,Dhaka,https://doctorsdirectory.com.bd/wp-content/uploads/2025/02/Dr.-Nilufar-Begum-Child-2.jpg,https://doctorsdirectory.com.bd/add-doctor/dr-nilufar-begum-child-2/,,
Dr. Md. Mizanur Rahman,MBBS MD (Medicine),Cardiologist,Assistant Professor,BSMMU,Dhaka,https://doctorsdirectory.com.bd/wp-content/uploads/2025/02/Dr.-Md.-Mizanur-Rahman-Medicine-3.jpg,https://doctorsdirectory.com.bd/add-doctor/dr-md-mizanur-rahman-medicine-3/,,
Dr. Tahmina Akter,MBBS MS (Gynae),Gynecologist,Senior Consultant,Labaid Specialized Hospital,Dhaka,https://doctorsdirectory.com.bd/wp-content/uploads/2025/02/Dr.-Tahmina-Akter-Gynae-4.jpg,https://doctorsdirectory.com.bd/add-doctor/dr-tahmina-akter-gynae-4/,,
Dr. Prof. Brig. Gen. Dr. Hasina Sultana,"MBBS, DGO (DU), FCPS (OBGYN)","Gynecology, Infertility, Obstetrics Specialist & Laparoscopic Surgeon",Professor,Armed Forces Medical College,Dhaka,https://doctorsdirectory.com.bd/wp-content/uploads/2025/01/Prof.-Brig.-Gen.-Dr.-Hasina-Sult.jpg,https://doctorsdirectory.com.bd/add-doctor/prof-brig-gen-dr-hasina-sultana/,,
Dr. Farhana Rahman,"MBBS, FCPS (OBGYN)","Gynecology, Obstetrics Specialist & Surgeon",Consultant,Dhaka Dental College & Hospital,Dhaka,https://doctorsdirectory.com.bd/wp-content/uploads/2025/01/Dr.-Farhana-Rahman-2.jpg,https://doctorsdirectory.com.bd/add-doctor/dr-farhana-rahman/,,
Dr. Md. Shakhawat Hossain,"MBBS, MS (Urology)","Urology (Kidneys, Bladder, Ureters, Prostate) Specialist & Surgeon",Assistant Professor,Dhaka Medical College & Hospital,Dhaka,https://doctorsdirectory.com.bd/wp-content/uploads/2025/01/Dr.-Md.-Shakhawat-Hossain.jpg,https://doctorsdirectory.com.bd/add-doctor/dr-md-shakhawat-hossain-urology/,,
Dr. Uttam Karmaker,"MBBS (DMC), MRCS (Edin), MS (Urology)","Urology (Kidneys, Bladder, Ureters, Prostate) Specialist & Surgeon",Associate Professor,Dhaka Medical College & Hospital,Dhaka,https://doctorsdirectory.com.bd/wp-content/uploads/2025/01/Dr.-Uttam-Karmaker.jpg,https://doctorsdirectory.com.bd/add-doctor/dr-uttam-karmaker/,,
Dr. Md. Abdul Jalil,"MBBS, MS (Urology)","Kidney, Ureter, Bladder & Prostate Specialist Surgeon",Associate Professor,National Institute of Kidney Diseases & Urology,Dhaka,https://doctorsdirectory.com.bd/wp-content/uploads/2025/01/Dr.-Md.-Abdul-Jalil.jpg,https://doctorsdirectory.com.bd/add-doctor/dr-md-abdul-jalil-urology/,,
Dr. Md. Shafiqul Alam,"MBBS, FCPS (Surgery), MS (Urology)","Urology (Kidney, Ureter, Bladder, Prostate) Surgeon",Associate Professor,National Institute of Kidney Diseases & Urology,Dhaka,https://doctorsdirectory.com.bd/wp-content/uploads/2025/01/Dr.-Md.-Shafiqul-Alam.jpg,https://doctorsdirectory.com.bd/add-doctor/dr-md-shafiqul-alam-urology/,,
Dr. Md. Ruhul Amin,"MBBS, FCPS (Surgery), MS (Urology)",Urology Specialist & Surgeon,Associate Professor,National Institute of Kidney Diseases & Urology,Dhaka,https://doctorsdirectory.com.bd/wp-content/uploads/2025/01/Dr.-Md.-Ruhul-Amin.jpg,https://doctorsdirectory.com.bd/add-doctor/dr-md-ruhul-amin-urology/,,
Dr. Md. Golam Rahman,"MBBS, FCPS (Surgery), MS (Urology)",Urologist & Surgeon,Associate Professor,Dhaka Medical College & Hospital,Dhaka,https://doctorsdirectory.com.bd/wp-content/uploads/2025/01/Dr.-Md.-Golam-Rahman.jpg,https://doctorsdirectory.com.bd/add-doctor/dr-md-golam-rahman-urology/,,
Dr. Md. Shahidul Islam,"MBBS, FCPS (Surgery), MS (Urology)",Urology Specialist & Surgeon,Assistant Professor,Shaheed Suhrawardy Medical College & Hospital,Dhaka,https://doctorsdirectory.com.bd/wp-content/uploads/2025/01/Dr.-Md.-Shahidul-Islam-Uro.jpg,https://doctorsdirectory.com.bd/add-doctor/dr-md-shahidul-islam-urology/,,
Dr. Md. Moniruzzaman,"MBBS, MS (Urology)","Urology (Kidney, Ureter, Bladder, Prostate) Surgeon",Assistant Professor,Dhaka Medical College & Hospital,Dhaka,https://doctorsdirectory.com.bd/wp-content/uploads/2025/01/Dr.-Md.-Moniruzzaman-Uro.jpg,https://doctorsdirectory.com.bd/add-doctor/dr-md-moniruzzaman-urology/,,
Dr. Md. Zahidul Islam,"MBBS, MS (Urology)",Urology Specialist & Surgeon,Assistant Professor,Mughda Medical College & Hospital,Dhaka,https://doctorsdirectory.com.bd/wp-content/uploads/2025/01/Dr.-Md.-Zahidul-Islam-Uro.jpg,https://doctorsdirectory.com.bd/add-doctor/dr-md-zahidul-islam-urology/,,
Dr. Md. Aminul Islam,"MBBS, MS (Urology)",Urology Specialist & Surgeon,Assistant Professor,National Institute of Kidney Diseases & Urology,Dhaka,https://doctorsdirectory.com.bd/wp-content/uploads/2025/01/Dr.-Md.-Aminul-Islam-Uro.jpg,https://doctorsdirectory.com.bd/add-doctor/dr-md-aminul-islam-urology/,,
Dr. Md. Saiful Islam,"MBBS, MS (Urology)",Urology Specialist & Surgeon,Assistant Professor,Sir Salimullah Medical College & Hospital,Dhaka,https://doctorsdirectory.com.bd/wp-content/uploads/2025/01/Dr.-Md.-Saiful-Islam-Uro.jpg,https://doctorsdirectory.com.bd/add-doctor/dr-md-saiful-islam-urology/,,
Dr. Md. Nazmul Haque,"MBBS, MS (Urology)",Urology Specialist & Surgeon,Assistant Professor,National Institute of Kidney Diseases & Urology,Dhaka,https://doctorsdirectory.com.bd/wp-content/uploads/2025/01/Dr.-Md.-Nazmul-Haque-Uro.jpg,https://doctorsdirectory.com.bd/add-doctor/dr-md-nazmul-haque-urology/,,
Dr. Md. Ashraful Islam,"MBBS, MS (Urology)",Urology Specialist & Surgeon,Assistant Professor,Shaheed Suhrawardy Medical College & Hospital,Dhaka,https://doctorsdirectory.com.bd/wp-content/uploads/2025/01/Dr.-Md.-Ashraful-Islam-Uro.jpg,https://doctorsdirectory.com.bd/add-doctor/dr-md-ashraful-islam-urology/,,
Dr. Md. Mizanur Rahman,"MBBS, MS (Urology)",Urology Specialist & Surgeon,Assistant Professor,National Institute of Kidney Diseases & Urology,Dhaka,https://doctorsdirectory.com.bd/wp-content/uploads/2025/01/Dr.-Md.-Mizanur-Rahman-Uro.jpg,https://doctorsdirectory.com.bd/add-doctor/dr-md-mizanur-rahman-urology/,,
Dr. Md. Anwar Hossain,"MBBS, MS (Urology)",Urology Specialist & Surgeon,Assistant Professor,Sir Salimullah Medical College & Hospital,Dhaka,https://doctorsdirectory.com.bd/wp-content/uploads/2025/01/Dr.-Md.-Anwar-Hossain-Uro.jpg,https://doctorsdirectory.com.bd/add-doctor/dr-md-anwar-hossain-urology/,,
Dr. Md. Habibur Rahman,"MBBS, MS (Urology)",Urology Specialist & Surgeon,Assistant Professor,Mughda Medical College & Hospital,Dhaka,https://doctorsdirectory.com.bd/wp-content/uploads/2025/01/Dr.-Md.-Habibur-Rahman-Uro.jpg,https://doctorsdirectory.com.bd/add-doctor/dr-md-habibur-rahman-urology/,,
Dr. Md. Kamruzzaman,"MBBS, MS (Urology)",Urology Specialist & Surgeon,Assistant Professor,National Institute of Kidney Diseases & Urology,Dhaka,https://doctorsdirectory.com.bd/wp-content/uploads/2025/01/Dr.-Md.-Kamruzzaman-Uro.jpg,https://doctorsdirectory.com.bd/add-doctor/dr-md-kamruzzaman-urology/,,
Dr. Md. Sharif Hossain,"MBBS, MS (Urology)",Urology Specialist & Surgeon,Assistant Professor,Dhaka Medical College & Hospital,Dhaka,https://doctorsdirectory.com.bd/wp-content/uploads/2025/01/Dr.-Md.-Sharif-Hossain-Uro.jpg,https://doctorsdirectory.com.bd/add-doctor/dr-md-sharif-hossain-urology/,,
Dr. Md. Tariqul Islam,"MBBS, MS (Urology)",Urology Specialist & Surgeon,Assistant Professor,Shaheed Suhrawardy Medical College & Hospital,Dhaka,https://doctorsdirectory.com.bd/wp-content/uploads/2025/01/Dr.-Md.-Tariqul-Islam-Uro.jpg,https://doctorsdirectory.com.bd/add-doctor/dr-md-tariqul-islam-urology/,,
Dr. Md. Khairul Islam,"MBBS, MS (Urology)",Urology Specialist & Surgeon,Assistant Professor,National Institute of Kidney Diseases & Urology,Dhaka,https://doctorsdirectory.com.bd/wp-content/uploads/2025/01/Dr.-Md.-Khairul-Islam-Uro.jpg,https://doctorsdirectory.com.bd/add-doctor/dr-md-khairul-islam-urology/,,
Dr. Md. Abul Kalam,"MBBS, MS (Urology)",Urology Specialist & Surgeon,Assistant Professor,Sir Salimullah Medical College & Hospital,Dhaka,https://doctorsdirectory.com.bd/wp-content/uploads/2025/01/Dr.-Md.-Abul-Kalam-Uro.jpg,https://doctorsdirectory.com.bd/add-doctor/dr-md-abul-kalam-urology/,,
Dr. Md. Rafiqul Islam,"MBBS, MS (Urology)",Urology Specialist & Surgeon,Assistant Professor,Dhaka Medical College & Hospital,Dhaka,https://doctorsdirectory.com.bd/wp-content/uploads/2025/01/Dr.-Md.-Rafiqul-Islam-Uro.jpg,https://doctorsdirectory.com.bd/add-doctor/dr-md-rafiqul-islam-urology/,,
Dr. Md. Sharif Uddin,"MBBS, BCS (Health), FCPS (Surgery), MS (Urology)",Urologist & Surgeon,Assistant Professor,National Institute of Kidney Diseases & Urology,Dhaka,https://doctorsdirectory.com.bd/wp-content/uploads/2025/01/Dr.-Md.-Sharif-Uddin.jpg,https://doctorsdirectory.com.bd/add-doctor/dr-md-sharif-uddin-urology/,,
Dr. Md. Nurul Hooda,"MBBS, MS (Urology)",Urology Specialist & Surgeon,Assistant Professor,National Institute of Kidney Diseases & Urology,Dhaka,https://doctorsdirectory.com.bd/wp-content/uploads/2025/01/Dr.-Md.-Nurul-Hooda.jpg,https://doctorsdirectory.com.bd/add-doctor/dr-md-nurul-hooda-urology/,,
Dr. Md. Azfar Uddin Ahmed,"MBBS, MS (Urology)","Urology (Kidney, Ureter, Bladder, Prostate) Surgeon",Assistant Professor,National Institute of Kidney Diseases & Urology,Dhaka,https://doctorsdirectory.com.bd/wp-content/uploads/2025/01/Dr.-Md.-Azfar-Uddin-Ahmed.jpg,https://doctorsdirectory.com.bd/add-doctor/dr-md-azfar-uddin-ahmed-urology/,,
Dr. Md. Saifuddin Ahmed,"MBBS, MS (Urology)",Urology Specialist & Surgeon,Assistant Professor,National Institute of Kidney Diseases & Urology,Dhaka,https://doctorsdirectory.com.bd/wp-content/uploads/2025/01/Dr.-Md.-Saifuddin-Ahmed.jpg,https://doctorsdirectory.com.bd/add-doctor/dr-md-saifuddin-ahmed-urology/,,
Dr. Md. Abul Hayat,"MBBS, MS (Urology)",Urology Specialist & Surgeon,Assistant Professor,National Institute of Kidney Diseases & Urology,Dhaka,https://doctorsdirectory.com.bd/wp-content/uploads/2025/01/Dr.-Md.-Abul-Hayat.jpg,https://doctorsdirectory.com.bd/add-doctor/dr-md-abul-hayat-urology/,,
Dr. Md. Muksudul Alam,"MBBS, MS (Urology)",Urology Specialist & Surgeon,Assistant Professor,National Institute of Kidney Diseases & Urology,Dhaka,https://doctorsdirectory.com.bd/wp-content/uploads/2025/01/Dr.-Md.-Muksudul-Alam.jpg,https://doctorsdirectory.com.bd/add-doctor/dr-md-muksudul-alam-urology/,,
Dr. Md. Nasir Uddin,"MBBS, MS (Urology)",Urology Specialist & Surgeon,Assistant Professor,National Institute of Kidney Diseases & Urology,Dhaka,https://doctorsdirectory.com.bd/wp-content/uploads/2025/01/Dr.-Md.-Nasir-Uddin-Uro.jpg,https://doctorsdirectory.com.bd/add-doctor/dr-md-nasir-uddin-urology/,,
Dr. Md. Abdus Samad,"MBBS, MS (Urology)",Urology Specialist & Surgeon,Assistant Professor,National Institute of Kidney Diseases & Urology,Dhaka,https://doctorsdirectory.com.bd/wp-content/uploads/2025/01/Dr.-Md.-Abdus-Samad.jpg,https://doctorsdirectory.com.bd/add-doctor/dr-md-abdus-samad-urology/,,
Dr. Md. Jahangir Kabir,"MBBS, MS (Urology)",Urology Specialist & Surgeon,Assistant Professor,National Institute of Kidney Diseases & Urology,Dhaka,https://doctorsdirectory.com.bd/wp-content/uploads/2025/01/Dr.-Md.-Jahangir-Kabir.jpg,https://doctorsdirectory.com.bd/add-doctor/dr-md-jahangir-kabir-urology/,,
Dr. Md. Nurul Amin,"MBBS, MS (Urology)",Urology Specialist & Surgeon,Assistant Professor,National Institute of Kidney Diseases & Urology,Dhaka,https://doctorsdirectory.com.bd/wp-content/uploads/2025/01/Dr.-Md.-Nurul-Amin.jpg,https://doctorsdirectory.com.bd/add-doctor/dr-md-nurul-amin-urology/,,
Dr. Md. Faruk Ahmed,"MBBS, MS (Urology)",Urology Specialist & Surgeon,Assistant Professor,National Institute of Kidney Diseases & Urology,Dhaka,https://doctorsdirectory.com.bd/wp-content/uploads/2025/01/Dr.-Md.-Faruk-Ahmed-Uro.jpg,https://doctorsdirectory.com.bd/add-doctor/dr-md-faruk-ahmed-urology/,,
Dr. Md. Atiqur Rahman,"MBBS, MS (Urology)",Urology Specialist & Surgeon,Assistant Professor,National Institute of Kidney Diseases & Urology,Dhaka,https://doctorsdirectory.com.bd/wp-content/uploads/2025/01/Dr.-Md.-Atiqur-Rahman.jpg,https://doctorsdirectory.com.bd/add-doctor/dr-md-atiqur-rahman-urology/,,
Dr. Md. Abdus Salam,"MBBS, MS (Urology)",Urology Specialist & Surgeon,Assistant Professor,National Institute of Kidney Diseases & Urology,Dhaka,https://doctorsdirectory.com.bd/wp-content/uploads/2025/01/Dr.-Md.-Abdus-Salam-Uro.jpg,https://doctorsdirectory.com.bd/add-doctor/dr-md-abdus-salam-urology/,,
Dr. Md. Monirul Islam,"MBBS, MS (Urology)",Urology Specialist & Surgeon,Assistant Professor,National Institute of Kidney Diseases & Urology,Dhaka,https://doctorsdirectory.com.bd/wp-content/uploads/2025/01/Dr.-Md.-Monirul-Islam-Uro.jpg,https://doctorsdirectory.com.bd/add-doctor/dr-md-monirul-islam-urology/,,
Dr. Md. Mahbubur Rahman,"MBBS, MS (Urology)",Urology Specialist & Surgeon,Assistant Professor,National Institute of Kidney Diseases & Urology,Dhaka,https://doctorsdirectory.com.bd/wp-content/uploads/2025/01/Dr.-Md.-Mahbubur-Rahman-Uro.jpg,https://doctorsdirectory.com.bd/add-doctor/dr-md-mahbubur-rahman-urology/,,
Dr. Md. Nazrul Islam,"MBBS, MS (Urology)",Urology Specialist & Surgeon,Assistant Professor,National Institute of Kidney Diseases & Urology,Dhaka,https://doctorsdirectory.com.bd/wp-content/uploads/2025/01/Dr.-Md.-Nazrul-Islam.jpg,https://doctorsdirectory.com.bd/add-doctor/dr-md-nazrul-islam-urology/,,
Dr. Md. Shahidullah,"MBBS, MS (Urology)",Urology Specialist & Surgeon,Assistant Professor,National Institute of Kidney Diseases & Urology,Dhaka,https://doctorsdirectory.com.bd/wp-content/uploads/2025/01/Dr.-Md.-Shahidullah-Uro.jpg,https://doctorsdirectory.com.bd/add-doctor/dr-md-shahidullah-urology/,,
Dr. Md. Ashraful Islam,"MBBS, MS (Urology)",Urology Specialist & Surgeon,Assistant Professor,National Institute of Kidney Diseases & Urology,Dhaka,https://doctorsdirectory.com.bd/wp-content/uploads/2025/01/Dr.-Md.-Ashraful-Islam-Uro-2.jpg,https://doctorsdirectory.com.bd/add-doctor/dr-md-ashraful-islam-urology-2/,,
Dr. Md. Habibur Rahman,"MBBS, MS (Urology)",Urology Specialist & Surgeon,Assistant Professor,National Institute of Kidney Diseases & Urology,Dhaka,https://doctorsdirectory.com.bd/wp-content/uploads/2025/01/Dr.-Md.-Habibur-Rahman-Uro-2.jpg,https://doctorsdirectory.com.bd/add-doctor/dr-md-habibur-rahman-urology-2/,,
Dr. Md. Kamruzzaman,"MBBS, MS (Urology)",Urology Specialist & Surgeon,Assistant Professor,National Institute of Kidney Diseases & Urology,Dhaka,https://doctorsdirectory.com.bd/wp-content/uploads/2025/01/Dr.-Md.-Kamruzzaman-Uro-2.jpg,https://doctorsdirectory.com.bd/add-doctor/dr-md-kamruzzaman-urology-2/,,
Dr. Md. Sharif Hossain,"MBBS, MS (Urology)",Urology Specialist & Surgeon,Assistant Professor,National Institute of Kidney Diseases & Urology,Dhaka,https://doctorsdirectory.com.bd/wp-content/uploads/2025/01/Dr.-Md.-Sharif-Hossain-Uro-2.jpg,https://doctorsdirectory.com.bd/add-doctor/dr-md-sharif-hossain-urology-2/,,
Dr. Md. Tariqul Islam,"MBBS, MS (Urology)",Urology Specialist & Surgeon,Assistant Professor,National Institute of Kidney Diseases & Urology,Dhaka,https://doctorsdirectory.com.bd/wp-content/uploads/2025/01/Dr.-Md.-Tariqul-Islam-Uro-2.jpg,https://doctorsdirectory.com.bd/add-doctor/dr-md-tariqul-islam-urology-2/,,
Dr. Md. Khairul Islam,"MBBS, MS (Urology)",Urology Specialist & Surgeon,Assistant Professor,National Institute of Kidney Diseases & Urology,Dhaka,https://doctorsdirectory.com.bd/wp-content/uploads/2025/01/Dr.-Md.-Khairul-Islam-Uro-2.jpg,https://doctorsdirectory.com.bd/add-doctor/dr-md-khairul-islam-urology-2/,,
Dr. Md. Abul Kalam,"MBBS, MS (Urology)",Urology Specialist & Surgeon,Assistant Professor,National Institute of Kidney Diseases & Urology,Dhaka,https://doctorsdirectory.com.bd/wp-content/uploads/2025/01/Dr.-Md.-Abul-Kalam-Uro-2.jpg,https://doctorsdirectory.com.bd/add-doctor/dr-md-abul-kalam-urology-2/,,
Dr. Md. Rafiqul Islam,"MBBS, MS (Urology)",Urology Specialist & Surgeon,Assistant Professor,National Institute of Kidney Diseases & Urology,Dhaka,https://doctorsdirectory.com.bd/wp-content/uploads/2025/01/Dr.-Md.-Rafiqul-Islam-Uro-2.jpg,https://doctorsdirectory.com.bd/add-doctor/dr-md-rafiqul-islam-urology-2/,,
Dr. Md. Saiful Islam,"MBBS, MS (Urology)",Urology Specialist & Surgeon,Assistant Professor,National Institute of Kidney Diseases & Urology,Dhaka,https://doctorsdirectory.com.bd/wp-content/uploads/2025/01/Dr.-Md.-Saiful-Islam-Uro-2.jpg,https://doctorsdirectory.com.bd/add-doctor/dr-md-saiful-islam-urology-2/,,
Dr. Md. Nazmul Haque,"MBBS, MS (Urology)",Urology Specialist & Surgeon,Assistant Professor,National Institute of Kidney Diseases & Urology,Dhaka,https://doctorsdirectory.com.bd/wp-content/uploads/2025/01/Dr.-Md.-Nazmul-Haque-Uro-2.jpg,https://doctorsdirectory.com.bd/add-doctor/dr-md-nazmul-haque-urology-2/,,
Dr. Md. Mizanur Rahman,"MBBS, MS (Urology)",Urology Specialist & Surgeon,Assistant Professor,National Institute of Kidney Diseases & Urology,Dhaka,https://doctorsdirectory.com.bd/wp-content/uploads/2025/01/Dr.-Md.-Mizanur-Rahman-Uro-2.jpg,https://doctorsdirectory.com.bd/add-doctor/dr-md-mizanur-rahman-urology-2/,,
Dr. Md. Anwar Hossain,"MBBS, MS (Urology)",Urology Specialist & Surgeon,Assistant Professor,National Institute of Kidney Diseases & Urology,Dhaka,https://doctorsdirectory.com.bd/wp-content/uploads/2025/01/Dr.-Md.-Anwar-Hossain-Uro-2.jpg,https://doctorsdirectory.com.bd/add-doctor/dr-md-anwar-hossain-urology-2/,,
Dr. Md. Shahidul Islam,"MBBS, MS (Urology)",Urology Specialist & Surgeon,Assistant Professor,National Institute of Kidney Diseases & Urology,Dhaka,https://doctorsdirectory.com.bd/wp-content/uploads/2025/01/Dr.-Md.-Shahidul-Islam-Uro-2.jpg,https://doctorsdirectory.com.bd/add-doctor/dr-md-shahidul-islam-urology-2/,,
Dr. Md. Moniruzzaman,"MBBS, MS (Urology)",Urology Specialist & Surgeon,Assistant Professor,National Institute of Kidney Diseases & Urology,Dhaka,https://doctorsdirectory.com.bd/wp-content/uploads/2025/01/Dr.-Md.-Moniruzzaman-Uro-2.jpg,https://doctorsdirectory.com.bd/add-doctor/dr-md-moniruzzaman-urology-2/,,
Dr. Md. Zahidul Islam,"MBBS, MS (Urology)",Urology Specialist & Surgeon,Assistant Professor,National Institute of Kidney Diseases & Urology,Dhaka,https://doctorsdirectory.com.bd/wp-content/uploads/2025/01/Dr.-Md.-Zahidul-Islam-Uro-2.jpg,https://doctorsdirectory.com.bd/add-doctor/dr-md-zahidul-islam-urology-2/,,
Dr. Md. Aminul Islam,"MBBS, MS (Urology)",Urology Specialist & Surgeon,Assistant Professor,National Institute of Kidney Diseases & Urology,Dhaka,https://doctorsdirectory.com.bd/wp-content/uploads/2025/01/Dr.-Md.-Aminul-Islam-Uro-2.jpg,https://doctorsdirectory.com.bd/add-doctor/dr-md-aminul-islam-urology-2/,,
Dr. Md. Shariful Alam,"MBBS, MS (Urology)",Urology Specialist & Surgeon,Assistant Professor,National Institute of Kidney Diseases & Urology,Dhaka,https://doctorsdirectory.com.bd/wp-content/uploads/2025/01/Dr.-Md.-Shariful-Alam-Uro-2.jpg,https://doctorsdirectory.com.bd/add-doctor/dr-md-shariful-alam-urology-2/,,
Dr. Md. Nilufar Sultana,"MBBS, MS (Urology)",Urology Specialist & Surgeon,Assistant Professor,National Institute of Kidney Diseases & Urology,Dhaka,https://doctorsdirectory.com.bd/wp-content/uploads/2025/01/Dr.-Md.-Nilufar-Sultana-Uro.jpg,https://doctorsdirectory.com.bd/add-doctor/dr-md-nilufar-sultana-urology/,,
Dr. Md. Afroza Khanum,"MBBS, MS (Urology)",Urology Specialist & Surgeon,Assistant Professor,National Institute of Kidney Diseases & Urology,Dhaka,https://doctorsdirectory.com.bd/wp-content/uploads/2025/01/Dr.-Md.-Afroza-Khanum-Uro.jpg,https://doctorsdirectory.com.bd/add-doctor/dr-md-afroza-khanum-urology/,,
Dr. Md. Shahnaz Begum,"MBBS, MS (Urology)",Urology Specialist & Surgeon,Assistant Professor,National Institute of Kidney Diseases & Urology,Dhaka,https://doctorsdirectory.com.bd/wp-content/uploads/2025/01/Dr.-Md.-Shahnaz-Begum-Uro.jpg,https://doctorsdirectory.com.bd/add-doctor/dr-md-shahnaz-begum-urology/,,
Dr. Md. Kaniz Fatema,"MBBS, MS (Urology)",Urology Specialist & Surgeon,Assistant Professor,National Institute of Kidney Diseases & Urology,Dhaka,https://doctorsdirectory.com.bd/wp-content/uploads/2025/01/Dr.-Md.-Kaniz-Fatema-Uro.jpg,https://doctorsdirectory.com.bd/add-doctor/dr-md-kaniz-fatema-urology/,,
Dr. Md. Mahmuda Khatun,"MBBS, MS (Urology)",Urology Specialist & Surgeon,Assistant Professor,National Institute of Kidney Diseases & Urology,Dhaka,https://doctorsdirectory.com.bd/wp-content/uploads/2025/01/Dr.-Md.-Mahmuda-Khatun-Uro.jpg,https://doctorsdirectory.com.bd/add-doctor/dr-md-mahmuda-khatun-urology/,,
Dr. Md. Syeda Shahanara Begum,"MBBS, MS (Urology)",Urology Specialist & Surgeon,Assistant Professor,National Institute of Kidney Diseases & Urology,Dhaka,https://doctorsdirectory.com.bd/wp-content/uploads/2025/01/Dr.-Md.-Syeda-Shahanara-Begum-Uro.jpg,https://doctorsdirectory.com.bd/add-doctor/dr-md-syeda-shahanara-begum-urology/,,
Dr. Md. Nasima Akter,"MBBS, MS (Urology)",Urology Specialist & Surgeon,Assistant Professor,National Institute of Kidney Diseases & Urology,Dhaka,https://doctorsdirectory.com.bd/wp-content/uploads/2025/01/Dr.-Md.-Nasima-Akter-Uro.jpg,https://doctorsdirectory.com.bd/add-doctor/dr-md-nasima-akter-urology/,,
Dr. Md. Sultana Ahmed,"MBBS, MS (Urology)",Urology Specialist & Surgeon,Assistant Professor,National Institute of Kidney Diseases & Urology,Dhaka,https://doctorsdirectory.com.bd/wp-content/uploads/2025/01/Dr.-Md.-Sultana-Ahmed-Uro.jpg,https://doctorsdirectory.com.bd/add-doctor/dr-md-sultana-ahmed-urology/,,
Dr. Md. Rokshana Begum,"MBBS, MS (Urology)",Urology Specialist & Surgeon,Assistant Professor,National Institute of Kidney Diseases & Urology,Dhaka,https://doctorsdirectory.com.bd/wp-content/uploads/2025/01/Dr.-Md.-Rokshana-Begum-Uro.jpg,https://doctorsdirectory.com.bd/add-doctor/dr-md-rokshana-begum-urology/,,
Dr. Md. Ferdousi Begum,"MBBS, MS (Urology)",Urology Specialist & Surgeon,Assistant Professor,National Institute of Kidney Diseases & Urology,Dhaka,https://doctorsdirectory.com.bd/wp-content/uploads/2025/01/Dr.-Md.-Ferdousi-Begum-Uro.jpg,https://doctorsdirectory.com.bd/add-doctor/dr-md-ferdousi-begum-urology/,,
Dr. Md. Jahanara Begum,"MBBS, MS (Urology)",Urology Specialist & Surgeon,Assistant Professor,National Institute of Kidney Diseases & Urology,Dhaka,https://doctorsdirectory.com.bd/wp-content/uploads/2025/01/Dr.-Md.-Jahanara-Begum-Uro.jpg,https://doctorsdirectory.com.bd/add-doctor/dr-md-jahanara-begum-urology/,,
Dr. Md. Shamima Sultana,"MBBS, MS (Urology)",Urology Specialist & Surgeon,Assistant Professor,National Institute of Kidney Diseases & Urology,Dhaka,https://doctorsdirectory.com.bd/wp-content/uploads/2025/01/Dr.-Md.-Shamima-Sultana-Uro.jpg,https://doctorsdirectory.com.bd/add-doctor/dr-md-shamima-sultana-urology/,,
Dr. Md. Rehana Parvin,"MBBS, MS (Urology)",Urology Specialist & Surgeon,Assistant Professor,National Institute of Kidney Diseases & Urology,Dhaka,https://doctorsdirectory.com.bd/wp-content/uploads/2025/01/Dr.-Md.-Rehana-Parvin-Uro.jpg,https://doctorsdirectory.com.bd/add-doctor/dr-md-rehana-parvin-urology/,,
Dr. Md. Salma Begum,"MBBS, MS (Urology)",Urology Specialist & Surgeon,Assistant Professor,National Institute of Kidney Diseases & Urology,Dhaka,https://doctorsdirectory.com.bd/wp-content/uploads/2025/01/Dr.-Md.-Salma-Begum-Uro.jpg,https://doctorsdirectory.com.bd/add-doctor/dr-md-salma-begum-urology/,,
Dr. Md. Farida Begum,"MBBS, MS (Urology)",Urology Specialist & Surgeon,Assistant Professor,National Institute of Kidney Diseases & Urology,Dhaka,https://doctorsdirectory.com.bd/wp-content/uploads/2025/01/Dr.-Md.-Farida-Begum-Uro.jpg,https://doctorsdirectory.com.bd/add-doctor/dr-md-farida-begum-urology/,,
Dr. Md. Rowshan Ara,"MBBS, MS (Urology)",Urology Specialist & Surgeon,Assistant Professor,National Institute of Kidney Diseases & Urology,Dhaka,https://doctorsdirectory.com.bd/wp-content/uploads/2025/01/Dr.-Md.-Rowshan-Ara-Uro.jpg,https://doctorsdirectory.com.bd/add-doctor/dr-md-rowshan-ara-urology/,,
Dr. Md. Shahanara Begum,"MBBS, MS (Urology)",Urology Specialist & Surgeon,Assistant Professor,National Institute of Kidney Diseases & Urology,Dhaka,https://doctorsdirectory.com.bd/wp-content/uploads/2025/01/Dr.-Md.-Shahanara-Begum-Uro.jpg,https://doctorsdirectory.com.bd/add-doctor/dr-md-shahanara-begum-urology/,,
Dr. Prof. Dr. Mahboob-E-Haseeb Shahryar Sabet,"MBBS, FCPS (Surgery), MD (USA)","Neurosurgery (Brain, Nerve, Spine Surgery) Specialist","Senior Consultant, Neurosurgery",Uttara Adhunik Medical College & Hospital,Dhaka,https://doctorsdirectory.com.bd/wp-content/uploads/2025/02/Dr.-M.H.-Shahryer-Sabet.jpg,https://doctorsdirectory.com.bd/add-doctor/prof-dr-mahboob-e-haseeb-shahryar-sabet/,,
Dr. Prof. Dr. Golam Mahmud Selim,"MBBS, FCPS (Medicine), FACP (USA), FRCP (Glasgow), FRCP (Edinburgh)",Medicine Specialist,"Former Professor & Head, Department of Medicine",Sher-E-Bangla Medical College & Hospital,Dhaka,https://doctorsdirectory.com.bd/wp-content/uploads/2025/02/Prof.-Dr.-Golam-Mahmud-Selim.jpg,https://doctorsdirectory.com.bd/add-doctor/prof-dr-golam-mahmud-selim/,,
Dr. Dr. Masum Ahmed,"MBBS, FCPS (Medicine), MD (Chest Diseases)",Chest Diseases & Medicine Specialist,"Assistant Professor, Respiratory Medicine",Sher-E-Bangla Medical College & Hospital,Dhaka,https://doctorsdirectory.com.bd/wp-content/uploads/2025/02/Dr.-Masum-Ahmed.jpg,https://doctorsdirectory.com.bd/add-doctor/dr-masum-ahmed/,,
Dr. Dr. M. Saleh Uddin,"MBBS, MCPS (Medicine), MD (Cardiology), FICC, FCSI, FACP, FISC, FCCP (USA)","Medicine, Cardiology, Rheumatology & Hypertension Specialist","Associate Professor & Head, Cardiology",Sher-E-Bangla Medical College & Hospital,Dhaka,https://doctorsdirectory.com.bd/wp-content/uploads/2025/02/Dr.-M.-Saleh-Uddin.jpg,https://doctorsdirectory.com.bd/add-doctor/dr-m-saleh-uddin/,,
Dr. Dr. Md. Mohsin Howlader,"MBBS, FCPS (Radiotherapy)",Cancer Specialist,"Consultant, Radiotherapy",Sher-E-Bangla Medical College & Hospital,Dhaka,https://doctorsdirectory.com.bd/wp-content/uploads/2025/02/Dr.-Md.-Mohsin-Howlader.jpg,https://doctorsdirectory.com.bd/add-doctor/dr-md-mohsin-howlader/,,
Dr. Dr. Amitabh Sarkar,"MBBS, MD (Neurology)","Brain, Stroke, Nerve, Medicine & Neuromedicine Specialist",Consultant,Sher-E-Bangla Medical College & Hospital,Dhaka,https://doctorsdirectory.com.bd/wp-content/uploads/2025/02/Dr.-Amitabh-Sarkar.jpg,https://doctorsdirectory.com.bd/add-doctor/dr-amitabh-sarkar/,,
Dr. Dr. Shahnaz Shimul,"MBBS, BCS (Health), DGO (BSMMU)",Gynecologist & Surgeon,Consultant,Sher-E-Bangla Medical College & Hospital,Dhaka,https://doctorsdirectory.com.bd/wp-content/uploads/2025/02/Dr.-Shahnaz-Shimul.jpg,https://doctorsdirectory.com.bd/add-doctor/dr-shahnaz-shimul/,,
Dr. Dr. Md. Mushfiquzzaman,"MBBS, BCS (Health), D-CARD (NICVD)",Cardiology & Heart Specialist,Consultant,Sher-E-Bangla Medical College & Hospital,Dhaka,https://doctorsdirectory.com.bd/wp-content/uploads/2025/02/Dr.-Md.-Mushfiquzzaman.jpg,https://doctorsdirectory.com.bd/add-doctor/dr-md-mushfiquzzaman/,,
Dr. Dr. Shamim Ahmed,"MBBS, BCS (Health), FCPS (Medicine), MD (Cardiology)","Cardiology, Diabetes & Medicine Specialist",Consultant,National Institute of Cardiovascular Diseases & Hospital,Dhaka,https://doctorsdirectory.com.bd/wp-content/uploads/2025/02/Dr.-Shamim-Ahmed.jpg,https://doctorsdirectory.com.bd/add-doctor/dr-shamim-ahmed/,,
Dr. Dr. A K Choudhary Apurba,"MBBS, BCS (Health), MS (CVTS)",Cardiovascular & Thoracic Specialist Surgeon,Consultant Surgeon,Sher-E-Bangla Medical College & Hospital,Dhaka,https://doctorsdirectory.com.bd/wp-content/uploads/2025/02/Dr.-A-K-Choudhary-Apurba.jpg,https://doctorsdirectory.com.bd/add-doctor/dr-a-k-choudhary-apurba/,,
Dr. Dr. Md. Afjal Hossain,"MBBS, BCS (Health), MD (Cardiology), MACP (USA)","Cardiology (Heart Diseases, Hypertension, Rheumatic Fever) Specialist",Cardiologist,Sher-E-Bangla Medical College & Hospital,Dhaka,https://doctorsdirectory.com.bd/wp-content/uploads/2025/02/Dr.-Md.-Afjal-Hossain.jpg,https://doctorsdirectory.com.bd/add-doctor/dr-md-afjal-hossain/,,
Dr. Dr. Sharafat Nurul Islam,"MBBS (DMC), BCS (Health), FCPS (Medicine), MD (Cardiology)",Cardiology & Medicine Specialist,Associate Professor & Head,Sher-E-Bangla Medical College & Hospital,Dhaka,https://doctorsdirectory.com.bd/wp-content/uploads/2025/02/Dr.-Sharafat-Nurul-Islam.jpg,https://doctorsdirectory.com.bd/add-doctor/dr-sharafat-nurul-islam/,,
Dr. Dr. Sirajus Salekin,"MBBS, BCS (Health), MD (Oncology)",Cancer Specialist,Indoor Medical Officer,Sher-E-Bangla Medical College & Hospital,Dhaka,https://doctorsdirectory.com.bd/wp-content/uploads/2025/02/Dr-Sirajus-Salekin.jpg,https://doctorsdirectory.com.bd/add-doctor/dr-sirajus-salekin/,,
Dr. Dr. Farhana Khan,"MBBS, BCS (Health), MD (Oncology)",Cancer Specialist,Consultant,Sher-E-Bangla Medical College & Hospital,Dhaka,https://doctorsdirectory.com.bd/wp-content/uploads/2025/02/Dr.-Farhana-Khan.jpg,https://doctorsdirectory.com.bd/add-doctor/dr-farhana-khan/,,
Dr. Dr. A.N.M. Mainul Islam,"MBBS (Dhaka), BCS (Health), MPhil (Radiotherapy)",Cancer & Tumor Specialist,Assistant Professor & Head,Sher-E-Bangla Medical College & Hospital,Dhaka,https://doctorsdirectory.com.bd/wp-content/uploads/2025/02/Dr.-A.N.M.-Mainul-Islam.jpg,https://doctorsdirectory.com.bd/add-doctor/dr-a-n-m-mainul-islam/,,
Dr. Dr. Masreful Islam Saikat,"MBBS, BCS (Health), D-ORTHO (NITOR)","Bone-Joint, Arthritis, Orthopedic Specialist & Trauma Surgeon",Consultant,Sher-E-Bangla Medical College & Hospital,Dhaka,https://doctorsdirectory.com.bd/wp-content/uploads/2025/02/Dr.-Masreful-Islam-Saikat.jpg,https://doctorsdirectory.com.bd/add-doctor/dr-masreful-islam-saikat/,,
Dr. Dr. Anwar Hossain Bablu,"MBBS, FCPS (Medicine), MD (Neurology)","Brain, Nerve, Spine, Stroke & Neuromedicine Specialist",Assistant Professor,Sher-E-Bangla Medical College & Hospital,Dhaka,https://doctorsdirectory.com.bd/wp-content/uploads/2025/02/Dr.-Anwar-Hossain-Bablu.jpg,https://doctorsdirectory.com.bd/add-doctor/dr-anwar-hossain-bablu/,,
Dr. Dr. Indrani Kar,"MBBS (DU), BCS (Health), FCPS (OBGYN)",Gynecologist & Surgeon,Consultant,Sher-E-Bangla Medical College & Hospital,Dhaka,https://doctorsdirectory.com.bd/wp-content/uploads/2025/02/Dr.-Indrani-Kar.jpg,https://doctorsdirectory.com.bd/add-doctor/dr-indrani-kar/,,
Dr. Dr. Md. Aminul Haque,"MBBS, BCS (Health), FCPS (ENT)","Ear, Nose, Throat Specialist & Head Neck Surgeon",Consultant,Sher-E-Bangla Medical College & Hospital,Dhaka,https://doctorsdirectory.com.bd/wp-content/uploads/2025/02/Dr.-Md.-Aminul-Haque.jpg,https://doctorsdirectory.com.bd/add-doctor/dr-md-aminul-haque/,,
Dr. Prof. Dr. Syed Zahid Hossain,"MBBS, FCPS (Pediatrics), D-MED (AU), Fellow (AU)",Child Diseases Specialist,Former Professor & Head,Sher-E-Bangla Medical College & Hospital,Dhaka,https://doctorsdirectory.com.bd/wp-content/uploads/2025/02/Prof.-Dr.-Syed-Zahid-Hossain.jpg,https://doctorsdirectory.com.bd/add-doctor/prof-dr-syed-zahid-hossain/,,
Dr. Dr. M.K. Zaman,"MBBS, FMD (Medicine), CCD (BIRDEM)",Medicine & Diabetes Specialist,Consultant,Sher-E-Bangla Medical College & Hospital,Dhaka,https://doctorsdirectory.com.bd/wp-content/uploads/2025/02/Dr.-M.K.-Zaman.jpg,https://doctorsdirectory.com.bd/add-doctor/dr-m-k-zaman/,,
Dr. Dr. Mohammed Ali Rumi,"MBBS, BCS (Health), MD (Nephrology)",Kidney Diseases Specialist,Assistant Professor & Head,Sher-E-Bangla Medical College & Hospital,Dhaka,https://doctorsdirectory.com.bd/wp-content/uploads/2025/02/Dr.-Mohammed-Ali-Rumi.jpg,https://doctorsdirectory.com.bd/add-doctor/dr-mohammed-ali-rumi/,,
Dr. Dr. Md. Samsul Arafin (Rana),"MBBS (MMC), BCS (HEALTH), MD (HEPATOLOGY)-BSMMU",Gastro-Liver & Medicine Specialist,Consultant,Sher-E-Bangla Medical College & Hospital,Dhaka,https://doctorsdirectory.com.bd/wp-content/uploads/2025/02/Dr.-Md.-Samsul-Arafin-Rana.jpg,https://doctorsdirectory.com.bd/add-doctor/dr-md-samsul-arafin-rana/,,
Dr. Dr. Md. Nazmul Islam,"MBBS, BCS (Health), FCPS (ENT), MCPS (ENT), DLO (ENT)",ENT Specialist & Head Neck Surgeon,Consultant,General Hospital,Dhaka,https://doctorsdirectory.com.bd/wp-content/uploads/2025/02/Dr.-Nazmul-Islam.jpg,https://doctorsdirectory.com.bd/add-doctor/dr-md-nazmul-islam/,,
Dr. Dr. Manabendra Das,"MBBS, MD (Nephrology)","Kidney Diseases, Dialysis & Medicine Specialist",Resident Physician,Sher-E-Bangla Medical College & Hospital,Dhaka,https://doctorsdirectory.com.bd/wp-content/uploads/2025/02/Dr.-Manabendra-Das.jpg,https://doctorsdirectory.com.bd/add-doctor/dr-manabendra-das/,,
Dr. Dr. M. Shariful Islam Rumen,"MBBS (Dhaka), BCS (Health), FCPS (ENT)","Ear, Nose, Throat Specialist & Head Neck Surgeon",Specialist,Sher-E-Bangla Medical College & Hospital,Dhaka,https://doctorsdirectory.com.bd/wp-content/uploads/2025/02/Dr.-M.-Shariful-Islam-Rumen.jpg,https://doctorsdirectory.com.bd/add-doctor/dr-m-shariful-islam-rumen/,,
Dr. Dr. Md. Nurul Alam,"MBBS, DCH, FCPS (Pediatrics)",Child Specialist,Resident Physician,Sher-E-Bangla Medical College & Hospital,Dhaka,https://doctorsdirectory.com.bd/wp-content/uploads/2025/02/Dr.-Md.-Nurul-Alam.jpg,https://doctorsdirectory.com.bd/add-doctor/dr-md-nurul-alam/,,
Dr. Prof. Dr. M.R. Talukdar Mujib,"MBBS (Dhaka), MD (Child Health)","Neonatal, Adolescent & Child Diseases Specialist",Professor & Head,Sher-E-Bangla Medical College & Hospital,Dhaka,https://doctorsdirectory.com.bd/wp-content/uploads/2025/02/Prof.-Dr.-M.R.-Talukdar-Mujib.jpg,https://doctorsdirectory.com.bd/add-doctor/prof-dr-m-r-talukdar-mujib/,,
Dr. Dr. Mahmudul Hasan Banna,"MBBS, BCS (Health), DTCD (BSMMU), CCD (BIRDEM), FCCP (USA)",Chest Diseases & Diabetes Specialist,Consultant,TB Hospital,Dhaka,https://doctorsdirectory.com.bd/wp-content/uploads/2025/02/Dr.-Mahmudul-Hasan-Banna.jpg,https://doctorsdirectory.com.bd/add-doctor/dr-mahmudul-hasan-banna/,,
Dr. Dr. Biplob Kumar Das,"MBBS, DDV","Skin, Allergy, Leprosy & Sex Diseases Specialist",Associate Professor,Sher-E-Bangla Medical College & Hospital,Dhaka,https://doctorsdirectory.com.bd/wp-content/uploads/2025/02/Dr.-Biplob-Kumar-Das-.jpg,https://doctorsdirectory.com.bd/add-doctor/dr-biplob-kumar-das/,,
Dr. Dr. S. M. Zahid Hasan,"MBBS, MD (Russia), CO (EYE), PhD (EYE)",Eye Specialist & Phaco Surgeon,Consultant,BellView Hospital & Medical Services,Dhaka,https://doctorsdirectory.com.bd/wp-content/uploads/2025/02/Dr.-S.-M.-Zahid-Hasan-.jpg,https://doctorsdirectory.com.bd/add-doctor/dr-s-m-zahid-hasan/,,
Dr. Dr. Ashish Kumar Halder,"MBBS (Dhaka), DCH (Pediatrics), FCPS (Pediatrics)",Neonatal & Child Diseases Specialist,Assistant Professor,Sher-E-Bangla Medical College & Hospital,Dhaka,https://doctorsdirectory.com.bd/wp-content/uploads/2025/02/Dr.-Ashish-Kumar-Halder.jpg,https://doctorsdirectory.com.bd/add-doctor/dr-ashish-kumar-halder/,,
Dr. Prof. Dr. Md. Zakir Hossain,"MBBS (Dhaka), PGT (Medicine), FRCP (EDEN), D-CARD (NICVD), FACC (USA)","Cardiology, Hypertension & Rheumatology Specialist",Professor,Sher-E-Bangla Medical College & Hospital,Dhaka,https://doctorsdirectory.com.bd/wp-content/uploads/2025/02/Prof.-Dr.-Md.-Zakir-Hossain.jpg,https://doctorsdirectory.com.bd/add-doctor/prof-dr-md-zakir-hossain/,,
Dr. Dr. Sheikh Shawkat Kamal,"MBBS, FCPS (ENT)","Ear, Nose, Throat Specialist & Head Neck Surgeon",Specialist,Surgiscope Hospital,Dhaka,https://doctorsdirectory.com.bd/wp-content/uploads/2025/02/Dr.-Sheikh-Shawkat-Kamal.jpg,https://doctorsdirectory.com.bd/add-doctor/dr-sheikh-shawkat-kamal/,,
Dr. Dr. Mohammad Emran,"MBBS, BCS (Health), DLO (BSMMU)","ENT (Ear, Nose, Throat) Specialist & Head Neck Surgeon",Consultant,Chittagong Medical College & Hospital,Dhaka,https://doctorsdirectory.com.bd/wp-content/uploads/2025/02/Dr.-Mohammad-Emran.jpg,https://doctorsdirectory.com.bd/add-doctor/dr-mohammad-emran/,,
Dr. Dr. Feroza Meher,"MBBS (CMC), Post Graduate Diploma in Dermatology (South Wales University, UK)",Aesthetic Dermatology & Cosmetology Specialist,Consultant,Surecell Medical,Dhaka,https://doctorsdirectory.com.bd/wp-content/uploads/2025/02/Dr.-Feroza-Meher.jpg,https://doctorsdirectory.com.bd/add-doctor/dr-feroza-meher/,,
Dr. Dr. Nishith Ranjan Dey,"MBBS, FRCP, MD (SKIN & VD)","Aesthetic Dermatology, Cosmetology & Regenerative Medicine Specialist",Associate Professor,Chittagong Medical College & Hospital,Dhaka,https://doctorsdirectory.com.bd/wp-content/uploads/2025/02/Dr.-Nishith-Ranjan-Dey.jpg,https://doctorsdirectory.com.bd/add-doctor/dr-nishith-ranjan-dey/,,
Dr. Dr. Pritish Barua,"MBBS (CU), DGUM (UK), DD (Australia)","Skin, Allergy, Hair, Nail, Sexual Diseases Specialist",Consultant,Lab One Health Services,Dhaka,https://doctorsdirectory.com.bd/wp-content/uploads/2025/02/Dr.-Pritish-Barua.jpg,https://doctorsdirectory.com.bd/add-doctor/dr-pritish-barua/,,
Dr. Dr. Md. Jahangir Alam Chowdhury,"MBBS, FCPS (Physical Medicine)","Arthritis, Pain, Paralysis, Physical Medicine Rehabilitation Specialist",Associate Professor & Head,Chattogram Maa-O-Shishu Hospital Medical College,Dhaka,https://doctorsdirectory.com.bd/wp-content/uploads/2025/02/Dr.-Md.-Jahangir-Alam-Chowdhury.jpg,https://doctorsdirectory.com.bd/add-doctor/dr-md-jahangir-alam-chowdhury/,,
Dr. Dr. Nazmun Nahar Rosy,"MBBS, FCPS (Obs & Gyne)","Gynecology, Obstetrics, Infertility Specialist & Laparoscopic Surgeon",Specialist,Health View Maternity & Child Hospital,Dhaka,https://doctorsdirectory.com.bd/wp-content/uploads/2025/02/Dr.-Nazmun-Nahar-Rosy.jpg,https://doctorsdirectory.com.bd/add-doctor/dr-nazmun-nahar-rosy/,,
Dr. Prof. Col. Dr. Sohel Ahmed,"MBBS (CU), FCPS (Surgery), FACS (USA)","General, Laparoscopic & Colorectal Surgery Specialist",Professor,Apollo Imperial Hospital,Dhaka,https://doctorsdirectory.com.bd/wp-content/uploads/2025/02/Porf.-Col.-Dr.-Sohel-Ahmed.jpg,https://doctorsdirectory.com.bd/add-doctor/prof-col-dr-sohel-ahmed/,,
Dr. Dr. Prasenjit Barua,"MBBS, FCPS (Medicine), MACP (USA)",Medicine & Diabetes Specialist,Specialist,Chittagong Medical College & Hospital,Dhaka,https://doctorsdirectory.com.bd/wp-content/uploads/2025/02/Dr.-Prasenjit-Barua.jpg,https://doctorsdirectory.com.bd/add-doctor/dr-prasenjit-barua/,,
Dr. Prof. Dr. Md. Akbar Husain Bhuiyan,"MBBS, MS (Pediatric Surgery), Trained in Plastic Surgery (Japan)",Child & Plastic Surgery Specialist,Professor & Head (Ex),Chittagong Medical College & Hospital,Dhaka,https://doctorsdirectory.com.bd/wp-content/uploads/2025/02/Prof.-Dr.-Md.-Akbar-Husain-Bhuiy.jpg,https://doctorsdirectory.com.bd/add-doctor/prof-dr-md-akbar-husain-bhuiyan/,,
Dr. Prof. Dr. S.M. Ashraf Ali,"MBBS, FCPS (Surgery), FMAS (India), FACS (USA)",General & Advanced Laparoscopic Surgeon,Professor,Marine City Medical College & Hospital,Dhaka,https://doctorsdirectory.com.bd/wp-content/uploads/2025/02/Prof.-Dr.-S.M.-Ashraf-Ali.jpg,https://doctorsdirectory.com.bd/add-doctor/prof-dr-s-m-ashraf-ali/,,
Dr. Dr. Mohammed Maksudul Karim,"MBBS, BCS (Health), FCPS (Medicine), MCPS (Medicine)",Medicine Specialist,Consultant,Chittagong Medical College & Hospital,Dhaka,https://doctorsdirectory.com.bd/wp-content/uploads/2025/02/Dr.-Mohammed-Maksudul-Karim.jpg,https://doctorsdirectory.com.bd/add-doctor/dr-mohammed-maksudul-karim/,,
Dr. Dr. M. A. Yousuf Chowdhury,"MBBS, BCS (Health), MD (Internal Medicine), Fellow in Diabetology (BIRDEM)",Medicine & Diabetes Specialist,Associate Professor,Chittagong Medical College & Hospital,Dhaka,https://doctorsdirectory.com.bd/wp-content/uploads/2025/02/Dr.-MA-Yousuf-Chowdhury.jpg,https://doctorsdirectory.com.bd/add-doctor/dr-m-a-yousuf-chowdhury/,,
Dr. Dr. Ashfaq Ahmad,"MBBS, FCPS (ENT)","ENT (Ear, Nose, Throat) Specialist & Head Neck Surgeon",Associate Professor,Chittagong Medical College & Hospital,Dhaka,https://doctorsdirectory.com.bd/wp-content/uploads/2025/02/Dr.-Ashfaq-Ahmad.jpg,https://doctorsdirectory.com.bd/add-doctor/dr-ashfaq-ahmad/,,
Dr. Dr. Md. Minhajul Haque,"MBBS, BCS (Health), FCPS (ENT)","Ear, Nose, Throat Specialist & Head Neck Surgeon",Medical Officer,Chittagong General Hospital,Dhaka,https://doctorsdirectory.com.bd/wp-content/uploads/2025/02/Dr.-Md.-Minhajul-Haque.jpg,https://doctorsdirectory.com.bd/add-doctor/dr-md-minhajul-haque/,,
Dr. Dr. Rupasree Biswas,"MBBS, FCPS (OBGYN)","Gynecology, Obstetrics Specialist & Surgeon",Assistant Professor,Southern Medical College & Hospital,Dhaka,https://doctorsdirectory.com.bd/wp-content/uploads/2025/02/Dr.-Rupasree-Biswas.jpg,https://doctorsdirectory.com.bd/add-doctor/dr-rupasree-biswas/,,
Dr. Dr. Mohammad Khaled Hossain,"MBBS (DMC), BCS (Health), FCPS (Pediatrics)",Child Diseases Specialist,Consultant,Parkview Hospital,Dhaka,https://doctorsdirectory.com.bd/wp-content/uploads/2025/02/Dr.-Mohammad-Khaled-Hossain.jpg,https://doctorsdirectory.com.bd/add-doctor/dr-mohammad-khaled-hossain/,,
Dr. Prof. Dr. Muslim Uddin Sobuj,"MBBS, DCH, MD (Child Health)","Newborn, Adolescent & Child Diseases Specialist",Professor & Head,Chittagong Medical College & Hospital,Dhaka,https://doctorsdirectory.com.bd/wp-content/uploads/2025/02/Prof.-Dr.-Muslim-Uddin-Sobuj.jpg,https://doctorsdirectory.com.bd/add-doctor/prof-dr-muslim-uddin-sobuj/,,
Dr. Dr. Mohammadul Haque Mezbah,"MBBS, BCS (Health), DO (BSMMU), MCPS (EYE)",Eye Specialist & Phaco Surgeon,Consultant,Chittagong Medical College & Hospital,Dhaka,https://doctorsdirectory.com.bd/wp-content/uploads/2025/02/Dr.-Mohammadul-Haque-Mezbah.jpg,https://doctorsdirectory.com.bd/add-doctor/dr-mohammadul-haque-mezbah/,,
Dr. Prof. Dr. Ahmed Sharif,"MBBS, MS (ENT)","ENT (Ear, Nose, Throat) Specialist & Head Neck Surgeon",Professor & Head,Chittagong Medical College & Hospital,Dhaka,https://doctorsdirectory.com.bd/wp-content/uploads/2025/02/Prof.-Dr.-Ahmed-Sharif.jpg,https://doctorsdirectory.com.bd/add-doctor/prof-dr-ahmed-sharif/,,
Dr. Dr. Aloke Kumar Raha,"MBBS (Dhaka), MCPS (Medicine), MD (Hepatology)",Liver Diseases Specialist,Associate Professor & Head,Chittagong Medical College & Hospital,Dhaka,https://doctorsdirectory.com.bd/wp-content/uploads/2025/02/Dr.-Aloke-Kumar-Raha.jpg,https://doctorsdirectory.com.bd/add-doctor/dr-aloke-kumar-raha/,,
Dr. Dr. Bijan Kumar Nath,"MBBS, FCPS (Surgery)",General & Laparoscopic Specialist Surgeon,Senior Consultant,General Hospital,Dhaka,https://doctorsdirectory.com.bd/wp-content/uploads/2025/02/Dr.-Bijan-Kumar-Nath.jpg,https://doctorsdirectory.com.bd/add-doctor/dr-bijan-kumar-nath/,,
Dr. Prof. Dr. Md. Mizanur Rahman Chowdhury,"MBBS, MS (Orthopedic), Training in Arthroplasty (India)","Orthopedics (Bone, Joint, Fractures, Sports Injury, Trauma) & Spine Surgeon",Professor & Head,Chittagong Medical College & Hospital,Dhaka,https://doctorsdirectory.com.bd/wp-content/uploads/2025/02/Dr.-Md.-Mizanur-Rahman-Chowdhury.jpg,https://doctorsdirectory.com.bd/add-doctor/prof-dr-md-mizanur-rahman-chowdhury/,,
Dr. Prof. Dr. Md. Nur Hossain Bhuiyan,"MBBS, FCPS (Surgery), FMAS (India), FACS (USA), FRCS (UK)","General, Colorectal, Endo-Laparoscopic & Laser Surgeon",Specialist,Dhaka Medical College & Hospital,Dhaka,https://doctorsdirectory.com.bd/wp-content/uploads/2025/02/Dr.-Md.-Nur-Hossain-Bhuiyan-Shah.jpg,https://doctorsdirectory.com.bd/add-doctor/prof-dr-md-nur-hossain-bhuiyan/,,
Dr. Dr. Aminur Rahman Azad,"MBBS, MS (Neurosurgery)","Neurosurgery (Brain, Stroke, Spine Surgery) Specialist",Specialist,Chittagong Medical College & Hospital,Dhaka,https://doctorsdirectory.com.bd/wp-content/uploads/2025/02/Dr.-Aminur-Rahman-Azad.jpg,https://doctorsdirectory.com.bd/add-doctor/dr-aminur-rahman-azad/,,
Dr. Dr. Shantanu Biswas,"MBBS, BCS (Health), FCPS (Surgery)","Gastrointestinal, Hepatobiliary & Pancreatic Specialist Surgeon",Consultant,National Gastroliver Institute & Hospital,Dhaka,https://doctorsdirectory.com.bd/wp-content/uploads/2025/02/Dr.-Shantanu-Biswas.jpg,https://doctorsdirectory.com.bd/add-doctor/dr-shantanu-biswas/,,
Dr. Dr. Sheikh Mohammad Murad,"MBBS, MCPS (EYE), Training (Phaco Surgery)",Eye Specialist & Phaco Surgeon,Consultant,Lions Charitable Eye Hospital,Dhaka,https://doctorsdirectory.com.bd/wp-content/uploads/2025/02/Dr.-Sheikh-Mohammad-Murad.jpg,https://doctorsdirectory.com.bd/add-doctor/dr-sheikh-mohammad-murad/,,
Dr. Dr. SM. Mizanul Hoque,"MBBS, DCO, Training in Phaco Surgery",Eye Specialist & Phaco Surgeon,Consultant,Lions Charitable Eye Hospital,Dhaka,https://doctorsdirectory.com.bd/wp-content/uploads/2025/02/Dr.-SM.-Mizanul-Hoque.jpg,https://doctorsdirectory.com.bd/add-doctor/dr-sm-mizanul-hoque/,,
Dr. Prof. Dr. G. M. Zakir Hossain,"MBBS, FCPS (Surgery), FCPS (Urology), FRCS (Glassgow)",General & Urological Surgeon,Professor,Chittagong Medical College & Hospital,Dhaka,https://doctorsdirectory.com.bd/wp-content/uploads/2025/02/Prof.-Dr.-G.-M.-Zakir-Hossain.jpg,https://doctorsdirectory.com.bd/add-doctor/prof-dr-g-m-zakir-hossain/,,
Dr. Dr. Mohammed Rashed Mirjada,"MBBS, FCPS (Medicine)",Medicine Specialist,Associate Professor,Chittagong Medical College & Hospital,Dhaka,https://doctorsdirectory.com.bd/wp-content/uploads/2025/02/Dr.-Rashed-Mirjada.jpg,https://doctorsdirectory.com.bd/add-doctor/dr-mohammed-rashed-mirjada/,,
Dr. Dr. Mirza Nurul Karim,"MBBS, FCPS (Medicine)","Medicine, Diabetes, Rheumatology & Chest Disease Specialist",Assistant Professor,Chittagong Medical College & Hospital,Dhaka,https://doctorsdirectory.com.bd/wp-content/uploads/2025/02/Dr.-Mirza-Nurul-Karim.jpg,https://doctorsdirectory.com.bd/add-doctor/dr-mirza-nurul-karim/,,
Dr. Dr. Razuana Rahman,"MBBS (SSMC), DIRM (Germany), Fellowship IVF & Infertility (Germany), ADMU (USA)",Infertility & Reproductive Hormone Specialist,Consultant,Sir Salimullah Medical College & Mitford Hospital,Dhaka,https://doctorsdirectory.com.bd/wp-content/uploads/2025/02/Dr.-Razuana-Rahman.jpg,https://doctorsdirectory.com.bd/add-doctor/dr-razuana-rahman/,,
Dr. Dr. S.M. Ishtiaque Ali Rubel,MBBS. FCPS (Surgery),"General, Laparoscopic. Colorectal. Breast & Trauma Surgeon",Assistant Professor,Rangamati Medical College & Hospital,Dhaka,https://doctorsdirectory.com.bd/wp-content/uploads/2025/02/Dr.-S.M.-Ishtiaque-Ali-Rubel.jpg,https://doctorsdirectory.com.bd/add-doctor/dr-s-m-ishtiaque-ali-rubel/,,
Dr. Dr. Md. Nazibur Rahman Khokon,"MBBS, MCPS (Medicine), MD (Rheumatology), ECRD (Switzerland)","Rheumatology, Arthritis & Medicine Specialist",Consultant,Parkview Hospital Ltd,Dhaka,https://doctorsdirectory.com.bd/wp-content/uploads/2025/02/Dr.-Md.-Nazibur-Rahman-Khokon.jpg,https://doctorsdirectory.com.bd/add-doctor/dr-md-nazibur-rahman-khokon/,,
Dr. Dr. Shirin Fatema,"MBBS, MCPS, DGO, FCPS","Gynecology, Obstetrics Specialist & Surgeon",Consultant,Apollo Imperial Hospital,Dhaka,https://doctorsdirectory.com.bd/wp-content/uploads/2025/02/Dr.-Shirin-Fatema.jpg,https://doctorsdirectory.com.bd/add-doctor/dr-shirin-fatema/,,
Dr. Dr. Shaifur Rahman Shohel,"MBBS, D-CARD","Cardiology (Heart Diseases, Hypertension & Rheumatic Fever) Specialist",Consultant,Fortis Escorts Heart Institute,Dhaka,https://doctorsdirectory.com.bd/wp-content/uploads/2025/02/Dr.-Shaifur-Rahman-Shohel.jpg,https://doctorsdirectory.com.bd/add-doctor/dr-shaifur-rahman-shohel/,,
Dr. Dr. Shahryar Ahmed Milan,"MBBS, BCS (Health), DEM (BIRDEM)","Endocrinology (Diabetes, Thyroid & Hormonal Diseases) Specialist",Assistant Professor,Chittagong Medical College & Hospital,Dhaka,https://doctorsdirectory.com.bd/wp-content/uploads/2025/02/Dr.-Shahryar-Ahmed-Milan.jpg,https://doctorsdirectory.com.bd/add-doctor/dr-shahryar-ahmed-milan/,,
Dr. Dr. M. Mahbub Alam,"MBBS (CMC), PhD (Physical Medicine), Advanced Clinical Education (Rheumatology)","Physical Medicine, Pain & Rheumatology Specialist",Consultant,Chattogram Metropolitan Hospital,Dhaka,https://doctorsdirectory.com.bd/wp-content/uploads/2025/02/Dr.-M.-Mahbub-Alam.jpg,https://doctorsdirectory.com.bd/add-doctor/dr-m-mahbub-alam/,,
Dr. Prof. Dr. Mohammed Hasan Meah,"MBBS, MS (Urology)","Urology (Kidneys, Bladder, Ureters, Prostate) Specialist & Surgeon",Professor,Chattogram International Medical College & Hospital,Dhaka,https://doctorsdirectory.com.bd/wp-content/uploads/2025/02/Prof.-Dr.-Mohammed-Hasan-Meah.jpg,https://doctorsdirectory.com.bd/add-doctor/prof-dr-mohammed-hasan-meah/,,
Dr. Dr. Monzurul Karim,"MBBS, FCPS (Surgery), FICS (USA)","General, Laparoscopic & Colorectal Surgeon",Senior Consultant,Ibn Sina Hospital & Diagnostic Center,Dhaka,https://doctorsdirectory.com.bd/wp-content/uploads/2025/01/Dr.-Monzurul-Karim.jpg,https://doctorsdirectory.com.bd/add-doctor/dr-monzurul-karim/,,
Dr. Dr. T.K. Roy,"MBBS, FCPS (Pediatrics), PGPN (Child Nutrition, USA)",Neonatal & Child Diseases Specialist,Assistant Professor,Bangabandhu Memorial Hospital,Dhaka,https://doctorsdirectory.com.bd/wp-content/uploads/2025/01/Dr.-T.K.-Roy.jpg,https://doctorsdirectory.com.bd/add-doctor/dr-t-k-roy/,,
Dr. Dr. Shanjida Kabir,"MBBS, MCPS (OBGYN), FCPS (OBGYN), DMU (Ultra)","Gynecology, Obstetrics, Infertility Specialist & Laparoscopic Surgeon",Consultant,Evercare Hospital,Dhaka,https://doctorsdirectory.com.bd/wp-content/uploads/2025/01/Dr.-Sanjida-Kabir.jpg,https://doctorsdirectory.com.bd/add-doctor/dr-shanjida-kabir/,,
Dr. Dr. Mohammad Ilias,"MBBS, FCPS (Physical Medicine), FCGP, FIPM (India & Taiwan)","Arthritis, Pain, Paralysis, Sports Injury, Physical Medicine & Rehabilitation Specialist",Associate Professor,Bangabandhu Memorial Hospital,Dhaka,https://doctorsdirectory.com.bd/wp-content/uploads/2025/01/Dr.-Mohammad-Ilias.jpg,https://doctorsdirectory.com.bd/add-doctor/dr-mohammad-ilias/,,
Dr. Dr. Abu Sayeed,"MBBS, BCS (Health), MD (Internal Medicine)",Medicine Specialist,Consultant,Chittagong Medical College & Hospital,Dhaka,https://doctorsdirectory.com.bd/wp-content/uploads/2025/01/Dr.-Abu-Sayeed.jpg,https://doctorsdirectory.com.bd/add-doctor/dr-abu-sayeed/,,
Dr. Dr. M. S. Chowdhury,"MBBS, BCS (Health), PGT (Medicine), CMU (Ultrasound)",Medicine Specialist,Consultant,Max Hospital & Diagnostic,Dhaka,https://doctorsdirectory.com.bd/wp-content/uploads/2025/01/Dr.-M.-S.-Chowdhury.jpg,https://doctorsdirectory.com.bd/add-doctor/dr-m-s-chowdhury/,,
Dr. Dr. Nushrat Zahan Khondaker,"MBBS, CCD (BIRDEM), PGT (Medicine & Dermatology)","Skin, Allergy, Venereal Disease & Anti-Aging Specialist",Consultant,Labaid Diagnostic,Dhaka,https://doctorsdirectory.com.bd/wp-content/uploads/2025/01/Dr.-Nushrat-Zahan-Khondaker.jpg,https://doctorsdirectory.com.bd/add-doctor/dr-nushrat-zahan-khondaker/,,
Dr. Dr. A. B. M. Maruf ul Kader,"MBBS, BCS (Health), MCPS (Medicine), MD (Medicine)",Medicine Specialist,Consultant,Chittagong Medical College & Hospital,Dhaka,https://doctorsdirectory.com.bd/wp-content/uploads/2025/01/Dr.-A.-B.-M.-Maruf-ul-Kader.jpg,https://doctorsdirectory.com.bd/add-doctor/dr-a-b-m-maruf-ul-kader/,,
Dr. Dr. Fahmida Islam Chowdhury,"MBBS, BCS (Health), FCPS (OBGYN)",Gynecologist & Surgeon,Assistant Professor,Chittagong Medical College & Hospital,Dhaka,https://doctorsdirectory.com.bd/wp-content/uploads/2025/01/Dr.-Fahmida-Islam-Chowdhury.jpg,https://doctorsdirectory.com.bd/add-doctor/dr-fahmida-islam-chowdhury/,,
Dr. Dr. K.M. Faisal,"MBBS (DMC), BCS (Health), MD (Nephrology)","Kidney, High Blood Pressure & Medicine Specialist",Consultant,Chittagong Medical College & Hospital,Dhaka,https://doctorsdirectory.com.bd/wp-content/uploads/2025/01/Dr.-K.M.-Faisal.jpg,https://doctorsdirectory.com.bd/add-doctor/dr-k-m-faisal/,,
Dr. Dr. Kamrun Nahar Lima,"MBBS, BCS (Health), DGO, MCPS (OBGYN), FCPS (OBGYN)",Gynecologist & Laparoscopic Surgeon,Consultant,Chittagong Medical College & Hospital,Dhaka,https://doctorsdirectory.com.bd/wp-content/uploads/2025/01/Dr.-Kamrun-Nahar-Lima.jpg,https://doctorsdirectory.com.bd/add-doctor/dr-kamrun-nahar-lima/,,
Dr. Dr. Md. Ibrahim Khalil,"MBBS, BCS (Health), MD (Neurology)",Neuromedicine Specialist,Assistant Professor,Chittagong Medical College & Hospital,Dhaka,https://doctorsdirectory.com.bd/wp-content/uploads/2025/01/Dr.-Md.-Ibrahim-Khalil.jpg,https://doctorsdirectory.com.bd/add-doctor/dr-md-ibrahim-khalil/,,
Dr. Dr. S.M. Miftahul Alam,"MBBS (CU), BCS (Health), MD (Gastroenterology)","Gastrointestinal, Liver, Pancreas & Biliary Specialist",Consultant,Chittagong Medical College & Hospital,Dhaka,https://doctorsdirectory.com.bd/wp-content/uploads/2025/01/Dr.-S.M.-Miftahul-Alam.jpg,https://doctorsdirectory.com.bd/add-doctor/dr-s-m-miftahul-alam/,,
Dr. Dr. Nushrat Jahan,"MBBS, FCPS (Pediatrics), MD (Neonatology)","Newborn, Adolescent & Child Diseases Specialist",Assistant Professor,Chittagong Medical College & Hospital,Dhaka,https://doctorsdirectory.com.bd/wp-content/uploads/2025/01/Dr.-Nushrat-Jahan.jpg,https://doctorsdirectory.com.bd/add-doctor/dr-nushrat-jahan-ctg/,,
Dr. Dr. Mohammad Mohiuddin,"MBBS, BCS (Health), FCPS (ENT)",Ear Nose Throat Specialist & Head Neck Surgeon,Resident Surgeon,Chittagong Medical College & Hospital,Dhaka,https://doctorsdirectory.com.bd/wp-content/uploads/2025/01/Dr.-Mohammad-Mohiuddin.jpg,https://doctorsdirectory.com.bd/add-doctor/dr-mohammad-mohiuddin/,,
Dr. Dr. Aysha Siddika Nishi,"MBBS, BCS (Health), MD (Cardiology)","Cardiology, Hypertension & Heart Specialist",Consultant,Chittagong Medical College & Hospital,Dhaka,https://doctorsdirectory.com.bd/wp-content/uploads/2025/01/Dr.-Aysha-Siddika-Nishi.jpg,https://doctorsdirectory.com.bd/add-doctor/dr-aysha-siddika-nishi/,,
Dr. Dr. Mostafa Tarek Ullah,"MBBS (DMC), BCS (Health), MD (Neurology)",Neuromedicine Specialist,Consultant,Chittagong Medical College & Hospital,Dhaka,https://doctorsdirectory.com.bd/wp-content/uploads/2025/01/Dr.-Mostafa-Tarek-Ullah.jpg,https://doctorsdirectory.com.bd/add-doctor/dr-mostafa-tarek-ullah/,,
Dr. Dr. Mohammad Moinul Islam,"MBBS, BCS (Health), MCPS, FCPS (Medicine)",Medicine Specialist,Consultant,Chittagong Medical College & Hospital,Dhaka,https://doctorsdirectory.com.bd/wp-content/uploads/2025/01/Dr.-Mohammad-Moinul-Islam.jpg,https://doctorsdirectory.com.bd/add-doctor/dr-mohammad-moinul-islam/,,
Dr. Dr. Abul Quasem,"MBBS, DO",Eye Specialist & Phaco Surgeon,Associate Professor,Chittagong Eye Infirmary & Training Complex,Dhaka,https://doctorsdirectory.com.bd/wp-content/uploads/2025/01/Dr.-Abul-Quasem.jpg,https://doctorsdirectory.com.bd/add-doctor/dr-abul-quasem/,,
Dr. Dr. A N M Ashik-E-Elahi,"MBBS (CMC), BCS (Health), FCPS (Medicine)",Medicine Specialist,Assistant Professor,Marine City Medical College & Hospital,Dhaka,https://doctorsdirectory.com.bd/wp-content/uploads/2025/01/Dr.-A-N-M-Ashik-E-Elahi.jpg,https://doctorsdirectory.com.bd/add-doctor/dr-a-n-m-ashik-e-elahi/,,
Dr. Dr. Shakhawat Hossain,"MBBS, BCS (Health), FCPS (ENT)",Ear Nose Throat Specialist & Head Neck Surgeon,Consultant,Chittagong Medical College & Hospital,Dhaka,https://doctorsdirectory.com.bd/wp-content/uploads/2025/01/Dr.-Shakhawat-Hossain.jpg,https://doctorsdirectory.com.bd/add-doctor/dr-shakhawat-hossain-ctg/,,
Dr. Dr. Zarin Nawar,"MBBS, BCS (Health), FCPS (OBGYN)",Gynecologist & Surgeon,Consultant,Feni General Hospital,Dhaka,https://doctorsdirectory.com.bd/wp-content/uploads/2025/01/Dr.-Zarin-Nawar.jpg,https://doctorsdirectory.com.bd/add-doctor/dr-zarin-nawar/,,
Dr. Dr. Abida Sultana Rina,"MBBS (CMC), DCH, FCPS (Pediatrics)",Newborn & Child Diseases Specialist,Associate Professor & Head,Cox’s Bazar Medical College & Hospital,Dhaka,https://doctorsdirectory.com.bd/wp-content/uploads/2025/01/Dr.-Abida-Sultana-Rina.jpg,https://doctorsdirectory.com.bd/add-doctor/dr-abida-sultana-rina/,,
Dr. Dr. Md. Main Uddin Mahmud,"MBBS (DMC), BCS, MD (Nephrology)",Kidney Diseases & Medicine Specialist,Registrar,Chittagong Medical College & Hospital,Dhaka,https://doctorsdirectory.com.bd/wp-content/uploads/2025/01/Dr.-Md.-Main-Uddin-Mahmud.jpg,https://doctorsdirectory.com.bd/add-doctor/dr-md-main-uddin-mahmud/,,
Dr. Prof. Dr. Hasina Akhter,"MBBS, MCPS, FCPS (OBGYN)",Gynecologist & Surgeon,Professor & Head,BGC Trust Medical College & Hospital,Dhaka,https://doctorsdirectory.com.bd/wp-content/uploads/2025/01/Prof.-Dr.-Hasina-Akhter.jpg,https://doctorsdirectory.com.bd/add-doctor/prof-dr-hasina-akhter/,,
Dr. Dr. A S M Ashraful Islam,"MBBS, FCPS (Surgery), FMAS (India), MS (Colorectal Surgery)","Colorectal, Laparoscopic & General Surgeon",Assistant Professor,Chittagong Medical College & Hospital,Dhaka,https://doctorsdirectory.com.bd/wp-content/uploads/2025/01/Dr.-A-S-M-Ashraful-Islam.jpg,https://doctorsdirectory.com.bd/add-doctor/dr-a-s-m-ashraful-islam/,,
Dr. Dr. Sumaiya Binte Jalil,"MBBS, BCS (Health), FCPS (OBGYN)",Gynecologist & Surgeon,Consultant,Feni General Hospital,Dhaka,https://doctorsdirectory.com.bd/wp-content/uploads/2025/01/Dr.-Sumaiya-Binte-Jalil.jpg,https://doctorsdirectory.com.bd/add-doctor/dr-sumaiya-binte-jalil/,,
Dr. Dr. Kafil Uddin,"MBBS (DMC), BCS (Health), FCPS (Medicine)","Medicine Specialist, Diabetologist & Rheumatologist",Assistant Professor,Dhaka Medical College & Hospital,Dhaka,https://doctorsdirectory.com.bd/wp-content/uploads/2025/01/Dr.-Kafil-Uddin.jpg,https://doctorsdirectory.com.bd/add-doctor/dr-kafil-uddin/,,
Dr. Prof. Dr. Mohammad Omar Faruque,"MBBS, DO, FCPS (EYE)","Glaucoma, Phaco & Eye Specialist Surgeon",Professor,Chittagong Medical College & Hospital,Dhaka,https://doctorsdirectory.com.bd/wp-content/uploads/2025/01/Prof.-Dr.-Mohammad-Omar-Faruque.jpg,https://doctorsdirectory.com.bd/add-doctor/prof-dr-mohammad-omar-faruque/,,
Dr. Dr. Sujan Debnath,"MBBS, BCS (Health), MD (Cardiology)","Cardiology, Rheumatic Fever & Medicine Specialist",Cardiologist,Chittagong Medical College & Hospital,Dhaka,https://doctorsdirectory.com.bd/wp-content/uploads/2025/01/Dr.-Sujan-Debnath.jpg,https://doctorsdirectory.com.bd/add-doctor/dr-sujan-debnath/,,
Dr. Dr. Mohammad Mostafa Monowar,"MBBS, MCPS, MD (Nephrology), FRCP, Fellow (ISN), FASN (USA)","Kidney Specialist, Interventional Nephrologist",Consultant,Max Hospital & Diagnostic,Dhaka,https://doctorsdirectory.com.bd/wp-content/uploads/2025/01/Dr.-Mohammad-Mostafa-Monowar.jpg,https://doctorsdirectory.com.bd/add-doctor/dr-mohammad-mostafa-monowar/,,
Dr. Dr. Hasina Begum,"MBBS, BCS (Health), DCH (BSMMU), MD (Neurology)",Neuromedicine Specialist,Consultant,Chittagong Medical College & Hospital,Dhaka,https://doctorsdirectory.com.bd/wp-content/uploads/2025/01/Dr.-Hasina-Begum.jpg,https://doctorsdirectory.com.bd/add-doctor/dr-hasina-begum/,,
Dr. Dr. Priti Partho Barua,"MBBS, BCS (Health), FCPS (Surgery)",General & Laparoscopic Surgeon,Consultant,Cox’s Bazar Medical College & Hospital,Dhaka,https://doctorsdirectory.com.bd/wp-content/uploads/2025/01/Dr.-Priti-Partho-Barua.jpg,https://doctorsdirectory.com.bd/add-doctor/dr-priti-partho-barua/,,
Dr. Dr. Mohammed Badruddoza,"MBBS, FCPS (Surgery), MS (Neurosurgery)","Brain, Nerve, Spinal Cord & Tumor Specialist Surgeon",Associate Professor,Bangabandhu Memorial Hospital,Dhaka,https://doctorsdirectory.com.bd/wp-content/uploads/2025/01/Dr.-Mohammed-Badruddoza.jpg,https://doctorsdirectory.com.bd/add-doctor/dr-mohammed-badruddoza/,,
Dr. Dr. Pradip Kumar Sarker,"MBBS, DCH, FCPS (Pediatrics)","Newborn, Adolescent & Child Diseases Specialist",Senior Consultant,Epic Healthcare,Dhaka,https://doctorsdirectory.com.bd/wp-content/uploads/2025/01/Dr.-Pradip-Kumar-Sarker.jpg,https://doctorsdirectory.com.bd/add-doctor/dr-pradip-kumar-sarker/,,
Dr. Dr. Romen Das,"MBBS (CMC), BCS (Health), MD (Endocrinology)","Diabetes, Thyroid & Hormone Specialist",Consultant,Chittagong Medical College & Hospital,Dhaka,https://doctorsdirectory.com.bd/wp-content/uploads/2025/01/Dr.-Romen-Das.jpg,https://doctorsdirectory.com.bd/add-doctor/dr-romen-das/,,
Dr. Dr. Fahima Afrin Jhinu,"MBBS, BCS (Health), MD (Dermatology)",Skin & Venereal Diseases Specialist,Consultant,Chittagong Medical College & Hospital,Dhaka,https://doctorsdirectory.com.bd/wp-content/uploads/2025/01/Dr.-Fahima-Afrin-Jhinu.jpg,https://doctorsdirectory.com.bd/add-doctor/dr-fahima-afrin-jhinu/,,
Dr. Dr. Md. Saiful Islam,"MBBS, MCPS (Medicine), MD (Cardiology), FCPS (Medicine)","Cardiology, Diabetes & Medicine Specialist",Assistant Professor,Chittagong Medical College & Hospital,Dhaka,https://doctorsdirectory.com.bd/wp-content/uploads/2025/01/Dr.-Md.-Saiful-Islam.jpg,https://doctorsdirectory.com.bd/add-doctor/dr-md-saiful-islam-ctg/,,
Dr. Prof. Dr. Mohammad Al-Amin,"MBBS, BCS (Health), DO, MS (EYE)","Cornea, Phaco & Lasik Specialist",Professor,Chittagong Medical College & Hospital,Dhaka,https://doctorsdirectory.com.bd/wp-content/uploads/2025/01/Prof.-Dr.-Mohammad-Al-Amin.jpg,https://doctorsdirectory.com.bd/add-doctor/prof-dr-mohammad-al-amin/,,
Dr. Dr. Shajeda Begum,"MBBS, BCS (Health), DGO, FCPS (OBGYN)",Gynecologist & Surgeon,Consultant,Chittagong Medical College & Hospital,Dhaka,https://doctorsdirectory.com.bd/wp-content/uploads/2025/01/Dr.-Shajeda-Begum.jpg,https://doctorsdirectory.com.bd/add-doctor/dr-shajeda-begum/,,
Dr. Dr. Didarul Islam,"MBBS, BCS (Health), MD (Hepatology)","Liver, Gastrointestinal & Medicine Specialist",Assistant Professor,Chittagong Medical College & Hospital,Dhaka,https://doctorsdirectory.com.bd/wp-content/uploads/2025/01/Dr.-Didarul-Islam.jpg,https://doctorsdirectory.com.bd/add-doctor/dr-didarul-islam/,,
Dr. Dr. Arnab Chowdhury,"MBBS, MCPS, FCPS (Pediatrics)",Child Diseases Specialist,Consultant,Mount Hospital Ltd,Dhaka,https://doctorsdirectory.com.bd/wp-content/uploads/2025/01/Dr.-Arnab-Chowdhury.jpg,https://doctorsdirectory.com.bd/add-doctor/dr-arnab-chowdhury/,,
Dr. Dr. Nazmun Nahar Eva,"MBBS (CMC), BCS (Health), FCPS (Surgery), MS (General Surgery)",General Surgeon,Assistant Professor,Cox’s Bazar Medical College & Hospital,Dhaka,https://doctorsdirectory.com.bd/wp-content/uploads/2025/01/Dr.-Nazmun-Nahar-Eva.jpg,https://doctorsdirectory.com.bd/add-doctor/dr-nazmun-nahar-eva/,,
Dr. Dr. Abul Mansur Md. Abdullah,"MBBS, MCPS (Medicine), MD (Internal Medicine)","Medicine, Arthritis, Diabetes & Neuromedicine Specialist",Associate Professor,Chattogram International Medical College & Hospital,Dhaka,https://doctorsdirectory.com.bd/wp-content/uploads/2025/01/Dr.-Abul-Mansur-Md.-Abdullah.jpg,https://doctorsdirectory.com.bd/add-doctor/dr-abul-mansur-md-abdullah/,,
Dr. Dr. F M A Qader,"MBBS, BCS (Health), FCPS (Physical Medicine)",Arthritis & Pain Specialist,Associate Professor,Chattogram Maa-O-Shishu Hospital Medical College,Dhaka,https://doctorsdirectory.com.bd/wp-content/uploads/2025/01/Dr.-F-M-A-Qader.jpg,https://doctorsdirectory.com.bd/add-doctor/dr-f-m-a-qader/,,
Dr. Dr. Sanchita Das,"MBBS, BCS (Health), FCPS (OBGYN)",Gynecologist & Surgeon,Consultant,General Hospital,Dhaka,https://doctorsdirectory.com.bd/wp-content/uploads/2025/01/Dr.-Sanchita-Das.jpg,https://doctorsdirectory.com.bd/add-doctor/dr-sanchita-das/,,
Dr. Dr. Md. Saiful Huq,"MBBS (DMC), BCS (Health), MRCP (UK)",Medicine & Diabetes Specialist,Consultant,Chittagong Medical College & Hospital,Dhaka,https://doctorsdirectory.com.bd/wp-content/uploads/2025/01/Dr.-Md.-Saiful-Huq.jpg,https://doctorsdirectory.com.bd/add-doctor/dr-md-saiful-huq/,,
Dr. Dr. Zinat Maruf,"MBBS, FCPS (Obs & Gynae)",Gynecologist & Surgeon,Assistant Professor,Chittagong Medical College & Hospital,Dhaka,https://doctorsdirectory.com.bd/wp-content/uploads/2025/01/Dr.-Zinat-Maruf.jpg,https://doctorsdirectory.com.bd/add-doctor/dr-zinat-maruf/,,
Dr. Dr. Md. Farhad Uddin,"MBBS (DMC), MD (Pediatrics)",Newborn & Child Diseases Specialist,Specialist,Max Hospital & Diagnostic,Dhaka,https://doctorsdirectory.com.bd/wp-content/uploads/2025/01/Dr.-Md.-Farhad-Uddin.jpg,https://doctorsdirectory.com.bd/add-doctor/dr-md-farhad-uddin/,,
Dr. Dr. Zabeer Ahmed,"MBBS (CMC), BCS (Health), MD (Cardiology)",Cardiology & Medicine Specialist,Resident Physician,Chittagong Medical College & Hospital,Dhaka,https://doctorsdirectory.com.bd/wp-content/uploads/2025/01/Dr.-Zabeer-Ahmed.jpg,https://doctorsdirectory.com.bd/add-doctor/dr-zabeer-ahmed/,,
Dr. Dr. Mohammad Jahangir Alam,"MBBS (SSMC), BCS (Health), D-ORTHO, MS (Ortho)","Orthopedics, Arthroscopy & Joint Replacement Surgeon",Assistant Professor,Chittagong Medical College & Hospital,Dhaka,https://doctorsdirectory.com.bd/wp-content/uploads/2025/01/Dr.-Mohammad-Jahangir-Alam.jpg,https://doctorsdirectory.com.bd/add-doctor/dr-mohammad-jahangir-alam/,,
Dr. Prof. Dr. Mizanur Rahman,"MBBS, MCPS (Medicine), MD (Medicine)",Medicine Specialist,Professor,Chattogram Maa-O-Shishu Hospital Medical College,Dhaka,https://doctorsdirectory.com.bd/wp-content/uploads/2025/01/Prof.-Dr.-Mizanur-Rahman.jpg,https://doctorsdirectory.com.bd/add-doctor/prof-dr-mizanur-rahman/,,
Dr. Dr. Farhana Yasmeen,"MBBS (CU), FCPS (Obs & Gynae)",Gynecologist & Surgeon,Assistant Professor,BGC Trust Medical College & Hospital,Dhaka,https://doctorsdirectory.com.bd/wp-content/uploads/2025/01/Dr.-Farhana-Yasmeen.jpg,https://doctorsdirectory.com.bd/add-doctor/dr-farhana-yasmeen/,,
Dr. Dr. Md. Tareq-Ul-Kader,"MBBS, BCS, FCPS (Medicine)","Medicine, Diabetologist & Rheumatology Specialist",Registrar,Chattogram Maa-O-Shishu Hospital Medical College,Dhaka,https://doctorsdirectory.com.bd/wp-content/uploads/2025/01/Dr.-Md.-Tareq-Ul-Kader.jpg,https://doctorsdirectory.com.bd/add-doctor/dr-md-tareq-ul-kader/,,
Dr. Dr. Masuda Nesa,"MBBS, FCPS (Obs & Gynae), DGO, MCPS (Obs & Gynae)",Gynecologist & Surgeon,Associate Professor,Institute of Applied Health Sciences (IAHS),Dhaka,https://doctorsdirectory.com.bd/wp-content/uploads/2025/01/Dr.-Masuda-Nesa.jpg,https://doctorsdirectory.com.bd/add-doctor/dr-masuda-nesa/,,
Dr. Dr. Lutfur Rahman,"MBBS, FCPS (Medicine), MD (Neurology)",Neuromedicine Specialist,Senior Consultant,General Hospital,Dhaka,https://doctorsdirectory.com.bd/wp-content/uploads/2025/01/Dr.-Lutfur-Rahman.jpg,https://doctorsdirectory.com.bd/add-doctor/dr-lutfur-rahman/,,
Dr. Dr. Tahmina Begum,"MBBS, FCPS, DGO",Gynecology & Obstetrics Specialist,Consultant,Imperial Hospital Limited,Dhaka,https://doctorsdirectory.com.bd/wp-content/uploads/2025/01/Dr.-Tahmina-Begum.jpg,https://doctorsdirectory.com.bd/add-doctor/dr-tahmina-begum/,,
Dr. Dr. Md. Shah Newaz,"MBBS, D-CARD, MD (Cardiology)","Cardiology (Heart Diseases, Rheumatic Fever) Specialist",Consultant,Feni Diabetes Hospital,Dhaka,https://doctorsdirectory.com.bd/wp-content/uploads/2025/01/Dr.-Md.-Shah-Newaz.jpg,https://doctorsdirectory.com.bd/add-doctor/dr-md-shah-newaz/,,
Dr. Dr. Farhana Halim,"MBBS (SSMC), BCS (Health), FCPS (Medicine), MACP (USA)",Medicine Specialist,Consultant,Chittagong Medical College & Hospital,Dhaka,https://doctorsdirectory.com.bd/wp-content/uploads/2025/01/Dr.-Farhana-Halim.jpg,https://doctorsdirectory.com.bd/add-doctor/dr-farhana-halim/,,
Dr. Dr. Hasina Akhter,"MBBS, FCPS (Surgery), FMAS, FIAGES","General, Breast & Laparoscopic Surgeon",Consultant,Imperial Hospital Limited,Dhaka,https://doctorsdirectory.com.bd/wp-content/uploads/2025/01/Dr.-Hasina-Akhter.jpg,https://doctorsdirectory.com.bd/add-doctor/dr-hasina-akhter/,,
Dr. Dr. Bipul Kanti Paul,"MBBS, MCPS (Medicine), MD (Neuromedicine)",Neuromedicine Specialist,Consultant,National Institute of Neurosciences & Hospital,Dhaka,https://doctorsdirectory.com.bd/wp-content/uploads/2025/01/Dr.-Bipul-Kanti-Paul.jpg,https://doctorsdirectory.com.bd/add-doctor/dr-bipul-kanti-paul/,,
Dr. Dr. Sumon Das,"MBBS (CMC), BCS (Health), MCPS, FCPS (ENT)",Ear Nose Throat Specialist & Head Neck Surgeon,Consultant,Chittagong Medical College & Hospital,Dhaka,https://doctorsdirectory.com.bd/wp-content/uploads/2025/01/Dr.-Sumon-Das.jpg,https://doctorsdirectory.com.bd/add-doctor/dr-sumon-das/,,
Dr. Dr. Arup Ratan Das,"MBBS (DMC), BCS (Health), FCPS (Medicine), MCPS (Medicine)",Medicine Specialist,Consultant,Chittagong Medical College & Hospital,Dhaka,https://doctorsdirectory.com.bd/wp-content/uploads/2025/01/Dr.-Arup-Ratan-Das.jpg,https://doctorsdirectory.com.bd/add-doctor/dr-arup-ratan-das/,,
Dr. Prof. Dr. Ferdousi Begum,"MBBS, FCPS (Obstetrics and Gynaecology)",Gynecology & Obstetrics Specialist,Professor & Head,Chattogram Maa-O-Shishu Hospital Medical College,Dhaka,https://doctorsdirectory.com.bd/wp-content/uploads/2025/01/Prof.-Dr.-Ferdousi-Begum.jpg,https://doctorsdirectory.com.bd/add-doctor/prof-dr-ferdousi-begum/,,
Dr. Dr. A T M Moinuddin,"MBBS, DLO, MCPS (ENT)","Ear, Nose, Throat Specialist & Surgeon",Consultant,Feni Clinic,Dhaka,https://doctorsdirectory.com.bd/wp-content/uploads/2025/01/Dr.-A-T-M-Moinuddin.jpg,https://doctorsdirectory.com.bd/add-doctor/dr-a-t-m-moinuddin/,,
Dr. Dr. Suman Talukder,"MBBS, BCS (Health), MD (Cardiology)",Cardiology & Rheumatic Fever Specialist,Assistant Professor,Chittagong Medical College & Hospital,Dhaka,https://doctorsdirectory.com.bd/wp-content/uploads/2025/01/Dr.-Suman-Talukder.jpg,https://doctorsdirectory.com.bd/add-doctor/dr-suman-talukder/,,
Dr. Dr. Rubina Yasmin,"MBBS, MCPS (OBGYN), DGO, FCPS (OBGYN)",Gynecologist & Surgeon,Associate Professor,Chittagong Medical College & Hospital,Dhaka,https://doctorsdirectory.com.bd/wp-content/uploads/2025/01/Dr.-Rubina-Yasmin.jpg,https://doctorsdirectory.com.bd/add-doctor/dr-rubina-yasmin/,,
Dr. Dr. Soumitra Das,"MBBS, MD (Neurology)",Neuromedicine Specialist,Junior Consultant,General Hospital,Dhaka,https://doctorsdirectory.com.bd/wp-content/uploads/2025/01/Dr.-Soumitra-Das.jpg,https://doctorsdirectory.com.bd/add-doctor/dr-soumitra-das/,,
Dr. Dr. Md. Nazmul Haque Talukdar,"MBBS, MD (Chest Disease)","Chest, Asthma, COPD, Tuberculosis Specialist",Assistant Professor,Chittagong Medical College & Hospital,Dhaka,https://doctorsdirectory.com.bd/wp-content/uploads/2025/01/Dr.-Md.-Nazmul-Haque-Talukdar.jpg,https://doctorsdirectory.com.bd/add-doctor/dr-md-nazmul-haque-talukdar/,,
Dr. Prof. Dr. Syed Khurshid Mahmood,"MBBS, FCPS (ENT)","Ear, Nose, Throat Specialist & Head Neck Surgeon",Professor & Head,Marine City Medical College & Hospital,Dhaka,https://doctorsdirectory.com.bd/wp-content/uploads/2025/01/Prof.-Dr.-Syed-Khurshid-Mahmood.jpg,https://doctorsdirectory.com.bd/add-doctor/prof-dr-syed-khurshid-mahmood/,,
Dr. Dr. Muniruddin Ahmed,"MBBS (CU), FCPS (Medicine)","Medicine, Diabetes & Hormone Specialist",Assistant Professor,Cox’s Bazar Medical College & Hospital,Dhaka,https://doctorsdirectory.com.bd/wp-content/uploads/2025/01/Dr.-Muniruddin-Ahmed.jpg,https://doctorsdirectory.com.bd/add-doctor/dr-muniruddin-ahmed/,,
Dr. Dr. Nusrat Jahan (Zenia),"MBBS, DGO, MCPS (OBGYN)","Gynecologist, Surgeon & Infertility Specialist",Consultant,BGC Trust Medical College & Hospital,Dhaka,https://doctorsdirectory.com.bd/wp-content/uploads/2025/01/Dr.-Nusrat-Jahan-Zenia.jpg,https://doctorsdirectory.com.bd/add-doctor/dr-nusrat-jahan-zenia/,,
Dr. Dr. Saquiba Ananna,"MBBS, FCPS (Psychiatry)","Psychiatry Specialist (Mental, Brain, Sexual, Headache, Epilepsy, Drug Addiction)",Consultant,Chittagong Medical College & Hospital,Dhaka,https://doctorsdirectory.com.bd/wp-content/uploads/2025/01/Dr.-Saquiba-Ananna.jpg,https://doctorsdirectory.com.bd/add-doctor/dr-saquiba-ananna/,,
Dr. Prof. Dr. Suvash Ranjan Dey,"MBBS, DA (DU), MD (Neurology)",Neuromedicine Specialist,Professor & Head,Chattogram Maa-O-Shishu Hospital Medical College,Dhaka,https://doctorsdirectory.com.bd/wp-content/uploads/2025/01/Prof.-Dr.-Suvash-Ranjan-Dey.jpg,https://doctorsdirectory.com.bd/add-doctor/prof-dr-suvash-ranjan-dey/,,
Dr. Dr. Monisha Chowdhury,"MBBS, DGO, FCPS (Obs & Gynae)",Gynecology & Obstetrics Specialist,Consultant,Imperial Hospital Limited,Dhaka,https://doctorsdirectory.com.bd/wp-content/uploads/2025/01/Dr.-Monisha-Chowdhury.jpg,https://doctorsdirectory.com.bd/add-doctor/dr-monisha-chowdhury/,,
Dr. Dr. Nushrat Binte Kamal,"MBBS (CMC), BCS (Health), D-CARD (BSMMU)",Cardiologist & Echocardiographer,Consultant,Chittagong Medical College & Hospital,Dhaka,https://doctorsdirectory.com.bd/wp-content/uploads/2025/01/Dr.-Nushrat-Binte-Kamal.jpg,https://doctorsdirectory.com.bd/add-doctor/dr-nushrat-binte-kamal/,,
Dr. Dr. Nigar Sultana,"MBBS, FCPS (OBGYN), MS (OBGYN)",Gynecologist & Surgeon,Assistant Professor,BGC Trust Medical College & Hospital,Dhaka,https://doctorsdirectory.com.bd/wp-content/uploads/2025/01/Dr.-Nigar-Sultana.jpg,https://doctorsdirectory.com.bd/add-doctor/dr-nigar-sultana/,,
Dr. Dr. A S M Monowar Tariq,"MBBS (SSMC), BCS (Health), MD (Cardiology)","Cardiology (Heart Diseases, Rheumatic Fever) Specialist",Consultant,Chittagong Medical College & Hospital,Dhaka,https://doctorsdirectory.com.bd/wp-content/uploads/2025/01/Dr.-A-S-M-Monowar-Tariq.jpg,https://doctorsdirectory.com.bd/add-doctor/dr-a-s-m-monowar-tariq/,,
Dr. Dr. Nur Nobi Bitu,"MBBS (DMC), BCS (Health), MD (Nephrology)",Kidney Diseases & Medicine Specialist,Assistant Professor,Chittagong Medical College & Hospital,Dhaka,https://doctorsdirectory.com.bd/wp-content/uploads/2025/01/Dr.-Nur-Nobi-Bitu.jpg,https://doctorsdirectory.com.bd/add-doctor/dr-nur-nobi-bitu/,,
Dr. Dr. Nazia Huq,"MBBS (Dhaka), MCPS (OBGYN), DGO, FCPS (OBGYN)",Gynecologist & Surgeon,Consultant,General Hospital,Dhaka,https://doctorsdirectory.com.bd/wp-content/uploads/2025/01/Dr.-Nazia-Huq.jpg,https://doctorsdirectory.com.bd/add-doctor/dr-nazia-huq/,,
Dr. Prof. Dr. Mohammad Masud Karim,"MBBS, BCS (Health), DCH, MD (Child)",Child Diseases Specialist,Professor & Head,Cox’s Bazar Medical College & Hospital,Dhaka,https://doctorsdirectory.com.bd/wp-content/uploads/2025/01/Prof.-Dr.-Mohammad-Masud-Karim.jpg,https://doctorsdirectory.com.bd/add-doctor/prof-dr-mohammad-masud-karim/,,
Dr. Dr. Abanti Deb Nath,"MBBS (DU), BCS (Health), FCPS (Medicine)",Medicine & Neuromedicine Specialist,Assistant Professor,Chittagong Medical College & Hospital,Dhaka,https://doctorsdirectory.com.bd/wp-content/uploads/2025/01/Dr.-Abanti-Deb-Nath.jpg,https://doctorsdirectory.com.bd/add-doctor/dr-abanti-deb-nath/,,
Dr. Dr. Nahida Akter Joly,"MBBS, DGO, MCPS (OBGYN), MRCOG (UK)",Gynecologist & Surgeon,Consultant,Evercare Hospital,Dhaka,https://doctorsdirectory.com.bd/wp-content/uploads/2025/01/Dr.-Nahida-Akter-Joly.jpg,https://doctorsdirectory.com.bd/add-doctor/dr-nahida-akter-joly/,,
Dr. Dr. Ashish Kumur Das,"MBBS, BCS (Health), FCPS (Surgery)",General & Laparoscopic Specialist Surgeon,Assistant Professor,Cox’s Bazar Medical College & Hospital,Dhaka,https://doctorsdirectory.com.bd/wp-content/uploads/2025/01/Dr.-Ashish-Kumur-Das.jpg,https://doctorsdirectory.com.bd/add-doctor/dr-ashish-kumur-das/,,
Dr. Dr. Tahmina Yeasmin Rozy,"MBBS, BCS (Health), FCPS (OBGYN)",Gynecologist & Surgeon,Consultant,Chittagong Medical College & Hospital,Dhaka,https://doctorsdirectory.com.bd/wp-content/uploads/2025/01/Dr.-Tahmina-Yeasmin-Rozy.jpg,https://doctorsdirectory.com.bd/add-doctor/dr-tahmina-yeasmin-rozy/,,
Dr. Dr. Abul Fazal Muhammad Nazimuddin,"MBBS, FCPS (Medicine)",Medicine Specialist,Associate Professor,Chattogram Maa-O-Shishu Hospital Medical College,Dhaka,https://doctorsdirectory.com.bd/wp-content/uploads/2025/01/Dr.-A.-F.-M.-Nazimuddin.jpg,https://doctorsdirectory.com.bd/add-doctor/dr-abul-fazal-muhammad-nazimuddin/,,
Dr. Prof. Dr. Shahena Akter,"MBBS, DGO, FCPS (OBGYN)","Gynecology, Obstetrics, Infertility Specialist & Surgeon",Professor,Chittagong Medical College & Hospital,Dhaka,https://doctorsdirectory.com.bd/wp-content/uploads/2025/01/Prof.-Dr.-Shahena-Akter.jpg,https://doctorsdirectory.com.bd/add-doctor/prof-dr-shahena-akter/,,
Dr. Dr. Mohammad Rezaul Karim,"MBBS, DCH, FCPS (Pediatrics)",Child Diseases Specialist,Consultant,Cox’s Bazar District Hospital,Dhaka,https://doctorsdirectory.com.bd/wp-content/uploads/2025/01/Dr.-Mohammad-Rezaul-Karim.jpg,https://doctorsdirectory.com.bd/add-doctor/dr-mohammad-rezaul-karim/,,
Dr. Dr. Md. Mofizur Rahman,"MBBS, FCPS (Physical Medicine)",Pain & Rheumatology Specialist,Consultant,Treatment Hospital,Dhaka,https://doctorsdirectory.com.bd/wp-content/uploads/2025/01/Dr.-Md.-Mofizur-Rahman.jpg,https://doctorsdirectory.com.bd/add-doctor/dr-md-mofizur-rahman/,,
Dr. Dr. Shamima Akhter Chowdhury,"MBBS, DGO, MCPS (OBGYN)",Gynecologist & Obstetrician,Former Consultant,Chittagong Medical College & Hospital,Dhaka,https://doctorsdirectory.com.bd/wp-content/uploads/2025/01/Dr.-Shamima-Akhter-Chowdhury.jpg,https://doctorsdirectory.com.bd/add-doctor/dr-shamima-akhter-chowdhury/,,
Dr. Dr. Shafiul Hasan,"MBBS (DMC), BCS (Health), D-CARD (BSMMU)",Cardiologist & Echocardiographer,Consultant,Feni General Hospital,Dhaka,https://doctorsdirectory.com.bd/wp-content/uploads/2025/01/Dr.-Shafiul-Hasan.jpg,https://doctorsdirectory.com.bd/add-doctor/dr-shafiul-hasan/,,
Dr. Dr. Rummana Khan,"MBBS (DMC), MD (Pediatrics)",Neonatal & Child Diseases Specialist,Consultant,Parkview Hospital,Dhaka,https://doctorsdirectory.com.bd/wp-content/uploads/2025/01/Dr.-Rummana-Khan.jpg,https://doctorsdirectory.com.bd/add-doctor/dr-rummana-khan/,,
Dr. Prof. Dr. Emran Bin Yunus,"MBBS (Dhaka), FCPS (Medicine), MACP (USA), FACP (USA)",Medicine & Nephrology Specialist,Former Professor,Chittagong Medical College & Hospital,Dhaka,https://doctorsdirectory.com.bd/wp-content/uploads/2025/01/Prof.-Dr.-Emran-Bin-Yunus.jpg,https://doctorsdirectory.com.bd/add-doctor/prof-dr-emran-bin-yunus/,,
Dr. Dr. Shamima Akther,"MBBS, DGO, MCPS, MS (OBGYN)",Gynecology & Obstetrics Specialist,Consultant,Imperial Hospital Limited,Dhaka,https://doctorsdirectory.com.bd/wp-content/uploads/2025/01/Dr.-Shamima-Akther.jpg,https://doctorsdirectory.com.bd/add-doctor/dr-shamima-akther/,,
Dr. Dr. Md. Omar Faruque,"MBBS (DMC), BCS, FCPS (Surgery), MRCS (Edinburgh, UK), FACS (USA), MS (Pediatric Surgery)","General, Laparoscopic & Pediatric Surgeon",Assistant Professor,Chittagong Medical College & Hospital,Dhaka,https://doctorsdirectory.com.bd/wp-content/uploads/2025/01/Dr.-Md.-Omar-Faruque.jpg,https://doctorsdirectory.com.bd/add-doctor/dr-md-omar-faruque/,,
Dr. Dr. Mostafa Mahfuzul Anwar,"MBBS (CMC), BCS (Health), MD (Cardiology)",Cardiology & Medicine Specialist,Consultant,General Hospital,Dhaka,https://doctorsdirectory.com.bd/wp-content/uploads/2025/01/Dr.-Mostafa-Mahfuzul-Anwar.jpg,https://doctorsdirectory.com.bd/add-doctor/dr-mostafa-mahfuzul-anwar/,,
Dr. Dr. Farhana Mahmud Siddiqui,"MBBS, BCS (Health), DGO, FCPS (OBGYN)",Gynecologist & Surgeon,Consultant,Chittagong Medical College & Hospital,Dhaka,https://doctorsdirectory.com.bd/wp-content/uploads/2025/01/Dr.-Farhana-Mahmud-Siddiqui.jpg,https://doctorsdirectory.com.bd/add-doctor/dr-farhana-mahmud-siddiqui/,,
Dr. Dr. A.H.M. Mohiuddin,"MBBS, DO",Eye Specialist & Phaco Surgeon,Consultant,Chittagong Eye Infirmary & Training Complex,Dhaka,https://doctorsdirectory.com.bd/wp-content/uploads/2025/01/Dr.-A.H.M.-Mohiuddin.jpg,https://doctorsdirectory.com.bd/add-doctor/dr-a-h-m-mohiuddin/,,
Dr. Dr. Fowaz Hossain Shuvo,"MBBS, MD (Chest Diseases)","Chest, Allergy, TB, Asthma Specialist & Bronchoscopist",Consultant,Chest Disease Hospital,Dhaka,https://doctorsdirectory.com.bd/wp-content/uploads/2025/01/Dr.-Fowaz-Hossain-Shuvo.jpg,https://doctorsdirectory.com.bd/add-doctor/dr-fowaz-hossain-shuvo/,,
Dr. Dr. A T M Khaled Zaman,"MBBS, BCS (Health), D-ORTHO",Orthopedic Specialist & Surgeon,Consultant,Labaid Diagnostic,Dhaka,https://doctorsdirectory.com.bd/wp-content/uploads/2025/01/Dr.-A-T-M-Khaled-Zaman.jpg,https://doctorsdirectory.com.bd/add-doctor/dr-a-t-m-khaled-zaman/,,
Dr. Prof. Dr. Boshir Ahmed,"MBBS, MCPS (Surgery), MS (Ortho)","Orthopedic, Spine, Trauma Specialist & Surgeon",Professor,Chittagong Medical College & Hospital,Dhaka,https://doctorsdirectory.com.bd/wp-content/uploads/2025/01/Prof.-Dr.-Boshir-Ahmed.jpg,https://doctorsdirectory.com.bd/add-doctor/prof-dr-boshir-ahmed/,,
Dr. Dr. Suraiya Akter,"MBBS, DGO, MCPS (OBGYN)",Gynecologist & Surgeon,Consultant,Feni District Hospital,Dhaka,https://doctorsdirectory.com.bd/wp-content/uploads/2025/01/Dr.-Suraiya-Akter.jpg,https://doctorsdirectory.com.bd/add-doctor/dr-suraiya-akter/,,
Dr. Dr. Kazi Mahfuzur Rahman,"MBBS, DCH",Child Diseases Specialist,Assistant Professor,Chattogram Maa-O-Shishu Hospital Medical College,Dhaka,https://doctorsdirectory.com.bd/wp-content/uploads/2025/01/Dr.-Kazi-Mahfuzur-Rahman.jpg,https://doctorsdirectory.com.bd/add-doctor/dr-kazi-mahfuzur-rahman/,,
Dr. Dr. Mostafa Kamal,"MBBS, MCPS (Medicine), MD (Gastroenterology)","Gastrointestinal, Liver Disease Specialist & Interventional Endoscopist",Assistant Professor,BGC Trust Medical College & Hospital,Dhaka,https://doctorsdirectory.com.bd/wp-content/uploads/2025/01/Dr.-Mostafa-Kamal.jpg,https://doctorsdirectory.com.bd/add-doctor/dr-mostafa-kamal/,,
Dr. Dr. Saima Shah Alam,"MBBS (SSMC), BCS (Health), FCPS (OBGYN)",Gynecologist & Surgeon,Consultant,Chittagong Medical College & Hospital,Dhaka,https://doctorsdirectory.com.bd/wp-content/uploads/2025/01/Dr.-Saima-Shah-Alam.jpg,https://doctorsdirectory.com.bd/add-doctor/dr-saima-shah-alam/,,
Dr. Prof. Dr. Shahanara Chowdhury,"MBBS (Dhaka), FCPS (OBGYN), Fellow (WHO), Advanced Training (Thailand)","Gynecology, Obstetrics Specialist & Laparoscopic Surgeon",Former Professor & Head,Chittagong Medical College & Hospital,Dhaka,https://doctorsdirectory.com.bd/wp-content/uploads/2025/01/Prof.-Dr.-Shahanara-Chowdhury.jpg,https://doctorsdirectory.com.bd/add-doctor/prof-dr-shahanara-chowdhury/,,
Dr. Dr. Abidur Rahman,"MBBS, MCPS, DCH","Newborn, Adolescent & Child Specialist",Consultant,National Hospital,Dhaka,https://doctorsdirectory.com.bd/wp-content/uploads/2025/01/Dr.-Abidur-Rahman.jpg,https://doctorsdirectory.com.bd/add-doctor/dr-abidur-rahman/,,
Dr. Dr. Mursheda Yesmin,"MBBS (CMC), BCS (Health), FCPS (OBGYN)","Gynecologist, Surgeon & Infertility Specialist",Consultant,Cox’s Bazar Medical College & Hospital,Dhaka,https://doctorsdirectory.com.bd/wp-content/uploads/2025/01/Dr.-Mursheda-Yesmin.jpg,https://doctorsdirectory.com.bd/add-doctor/dr-mursheda-yesmin/,,
Dr. Prof. Dr. Farzana Neowaj,"MBBS, FCPS (Surgery)",General & Laparoscopic Specialist Surgeon,Professor & Head,Southern Medical College & Hospital,Dhaka,https://doctorsdirectory.com.bd/wp-content/uploads/2025/01/Prof.-Dr.-Farzana-Neowaj.jpg,https://doctorsdirectory.com.bd/add-doctor/prof-dr-farzana-neowaj/,,
Dr. Dr. Md. Mainuddin,"MBBS (DU), BCS (Health), MD (Cardiology)","Cardiology, Medicine & Rheumatic Fever Specialist",Consultant,Chittagong Medical College & Hospital,Dhaka,https://doctorsdirectory.com.bd/wp-content/uploads/2025/01/Dr.-Md.-Mainuddin.jpg,https://doctorsdirectory.com.bd/add-doctor/dr-md-mainuddin/,,
Dr. Dr. Syeda Nur-A-Lina,"MBBS (DU), FCPS (OBGYN), MRCOG (UK)",Gynecology & Obstetrics Specialist,Assistant Professor,Chattogram Maa-O-Shishu Hospital Medical College,Dhaka,https://doctorsdirectory.com.bd/wp-content/uploads/2025/01/Dr.-Syeda-Nur-A-Lina.jpg,https://doctorsdirectory.com.bd/add-doctor/dr-syeda-nur-a-lina/,,
Dr. Dr. Ujjal Kanti Das,"MBBS (DMC), BCS (Health), MD (Chest Diseases)","Chest, Asthma & Pulmonology Specialist",Assistant Professor,Cox’s Bazar Medical College & Hospital,Dhaka,https://doctorsdirectory.com.bd/wp-content/uploads/2025/01/Dr.-Ujjal-Kanti-Das.jpg,https://doctorsdirectory.com.bd/add-doctor/dr-ujjal-kanti-das/,,
Dr. Dr. Md. Ehteshamul Haque,"MBBS, MD (Cardiology)","Heart Diseases, Cardiology, Hypertension Specialist",Assistant Professor,Cox’s Bazar Medical College & Hospital,Dhaka,https://doctorsdirectory.com.bd/wp-content/uploads/2025/01/Dr.-Md.-Ehteshamul-Haque.jpg,https://doctorsdirectory.com.bd/add-doctor/dr-md-ehteshamul-haque/,,
Dr. Dr. Rokshana Hoque,"MBBS, DGO, MCPS (OBGYN)",Gynecologist & Surgeon,Consultant,Chevron Clinical Laboratory,Dhaka,https://doctorsdirectory.com.bd/wp-content/uploads/2025/01/Dr.-Rokshana-Hoque.jpg,https://doctorsdirectory.com.bd/add-doctor/dr-rokshana-hoque/,,
Dr. Dr. F.M.A. Zahid,"MBBS, MCPS, FCPS (Medicine)","Medicine, Diabetology & Neuromedicine Specialist",Assistant Professor,Chittagong Medical College & Hospital,Dhaka,https://doctorsdirectory.com.bd/wp-content/uploads/2025/01/Dr.-F.M.A.-Zahid.jpg,https://doctorsdirectory.com.bd/add-doctor/dr-f-m-a-zahid/,,
Dr. Prof. Dr. Muhammad Ishaque,"MBBS, FCPS (Medicine), MD (Neurology)",Neuromedicine Specialist,Former Head,General Hospital,Dhaka,https://doctorsdirectory.com.bd/wp-content/uploads/2025/01/Prof.-Dr.-Muhammad-Ishaque.jpg,https://doctorsdirectory.com.bd/add-doctor/prof-dr-muhammad-ishaque/,,
Dr. Dr. Kamrunnessa Runa,"MBBS (DMC), BCS (Health), FCPS (OBGYN)",Gynecologist & Surgeon,Consultant,General Hospital,Dhaka,https://doctorsdirectory.com.bd/wp-content/uploads/2025/02/Dr.-Kamrunnessa-Runa.jpg,https://doctorsdirectory.com.bd/add-doctor/dr-kamrunnessa-runa/,,
Dr. Dr. A Z M Sakhawat Hossain,"MBBS, BCS (Health), MCPS (Medicine), FCPS (Medicine), FRCP (UK)",Medicine Specialist,Associate Professor,Marine City Medical College & Hospital,Dhaka,https://doctorsdirectory.com.bd/wp-content/uploads/2025/01/Dr.-A-Z-M-Sakhawat-Hossain.jpg,https://doctorsdirectory.com.bd/add-doctor/dr-a-z-m-sakhawat-hossain/,,
Dr. Dr. M.A. Hassan Chowdhury,"MBBS, FCPS, FRCP (Edin), FACP (USA)",Medicine Specialist,Professor,Chittagong Medical College & Hospital,Dhaka,https://doctorsdirectory.com.bd/wp-content/uploads/2025/01/Dr.-M.A.-Hassan-Chowdhury.jpg,https://doctorsdirectory.com.bd/add-doctor/dr-m-a-hassan-chowdhury/,,
Dr. Dr. Fahima Islam Chowdhury,"MBBS (Dhaka), FCPS (OBGYN), Fellow in IVF & Reproductive Medicine (India)",Gynecology & Infertility Specialist,Consultant,CSCR Hospital,Dhaka,https://doctorsdirectory.com.bd/wp-content/uploads/2025/01/Dr.-Fahima-Islam-Chowdhury.jpg,https://doctorsdirectory.com.bd/add-doctor/dr-fahima-islam-chowdhury/,,
Dr. Dr. Masihuzzaman Alpha,"MBBS (DMC), MS (CV&TS)","Cardiac Surgery (Heart, Lung & Vascular) Specialist",Assistant Professor,Chittagong Medical College & Hospital,Dhaka,https://doctorsdirectory.com.bd/wp-content/uploads/2025/01/Dr.-Masihuzzaman-Alpha.jpg,https://doctorsdirectory.com.bd/add-doctor/dr-masihuzzaman-alpha/,,
Dr. Dr. Mostafa Nuruddin,"MBBS, MCPS, MD (Pediatrics)",Child Diseases Specialist,Associate Professor,Chattogram International Medical College & Hospital,Dhaka,https://doctorsdirectory.com.bd/wp-content/uploads/2025/01/Dr.-Mostafa-Nuruddin.jpg,https://doctorsdirectory.com.bd/add-doctor/dr-mostafa-nuruddin/,,
Dr. Dr. A S M Fazlul Karim,"MBBS, FCPS (Surgery)","General, Colorectal & Laparoscopic Surgeon",Former Associate Professor,Chittagong Medical College & Hospital,Dhaka,https://doctorsdirectory.com.bd/wp-content/uploads/2025/01/Dr.-A-S-M-Fazlul-Karim.jpg,https://doctorsdirectory.com.bd/add-doctor/dr-a-s-m-fazlul-karim/,,
Dr. Dr. Tahrima Khanom,"MBBS, BCS (Health), FCPS (OBGYN), MRCOG (London)","Gynecology, Obstetrics Specialist & Surgeon",Consultant,Chittagong Medical College & Hospital,Dhaka,https://doctorsdirectory.com.bd/wp-content/uploads/2025/01/Dr.-Tahrima-Khanom.jpg,https://doctorsdirectory.com.bd/add-doctor/dr-tahrima-khanom/,,
Dr. Dr. Sanat Kumar Barua,"MBBS (CMC), DCH (BIRDEM), FCPS (Pediatrics)",Child Diseases Specialist,Consultant,Chittagong Medical College & Hospital,Dhaka,https://doctorsdirectory.com.bd/wp-content/uploads/2025/01/Dr.-Sanat-Kumar-Barua.jpg,https://doctorsdirectory.com.bd/add-doctor/dr-sanat-kumar-barua/,,
Dr. Prof. Dr. Abul Kasem,"MBBS, FCPS, MS, FACS",General & Laparoscopic Surgeon,Professor,BGC Trust Medical College & Hospital,Dhaka,https://doctorsdirectory.com.bd/wp-content/uploads/2025/01/Prof.-Dr.-Abul-Kasem.jpg,https://doctorsdirectory.com.bd/add-doctor/prof-dr-abul-kasem/,,
Dr. Dr. Masuda Novera,"MBBS, BCS (Health), FCPS (OBGYN)",Gynecologist & Surgeon,Consultant,Health View Maternity & Child Hospital,Dhaka,https://doctorsdirectory.com.bd/wp-content/uploads/2025/01/Dr.-Masuda-Novera.jpg,https://doctorsdirectory.com.bd/add-doctor/dr-masuda-novera/,,
Dr. Dr. Md. Abu Taher,"MBBS, FCPS (Medicine)",Medicine Specialist,Consultant,Max Hospital & Diagnostic,Dhaka,https://doctorsdirectory.com.bd/wp-content/uploads/2025/01/Dr.-Md.-Abu-Taher.jpg,https://doctorsdirectory.com.bd/add-doctor/dr-md-abu-taher/,,
Dr. Dr. Shajedur Rahman,"MBBS, BCS (Health), MD (Cardiology)","Cardiology (Heart Diseases, Rheumatic Fever) Specialist",Assistant Professor,Chittagong Medical College & Hospital,Dhaka,https://doctorsdirectory.com.bd/wp-content/uploads/2025/01/Dr.-Shajedur-Rahman.jpg,https://doctorsdirectory.com.bd/add-doctor/dr-shajedur-rahman/,,
Dr. Prof. Dr. Rowshan Morshed,"MBBS, FCPS (Obs & Gynae)",Gynecologist & Surgeon,Professor,Chattogram Maa-O-Shishu Hospital Medical College,Dhaka,https://doctorsdirectory.com.bd/wp-content/uploads/2025/01/Prof.-Dr.-Rowshan-Morshed.jpg,https://doctorsdirectory.com.bd/add-doctor/prof-dr-rowshan-morshed/,,
Dr. Dr. Anupam Barua,"MBBS, MD (Neurology)","Brain, Stroke, Nerve & Neuromedicine Specialist",Assistant Professor,Cox’s Bazar Medical College & Hospital,Dhaka,https://doctorsdirectory.com.bd/wp-content/uploads/2025/01/Dr.-Anupam-Barua.jpg,https://doctorsdirectory.com.bd/add-doctor/dr-anupam-barua/,,
Dr. Dr. Hasina Akhter,"MBBS, BCS (Health), MCPS, FCPS (OBGYN)",Gynecologist & Surgeon,Consultant,Chittagong Medical College & Hospital,Dhaka,https://doctorsdirectory.com.bd/wp-content/uploads/2025/01/Dr.-Hasina-Akhter-1.jpg,https://doctorsdirectory.com.bd/add-doctor/dr-hasina-akhter-ctg/,,
Dr. Md. Nasir Uddin,"MBBS (CU), MD (Neurology)","Brain, Nerve, Spine, Stroke & Neuromedicine Specialist","Assistant Professor, Neurology",Chittagong Medical College & Hospital,Chittagong,https://doctorsdirectory.com.bd/wp-content/uploads/2025/01/Dr.-Md.-Nasir-Uddin.jpg,https://doctorsdirectory.com.bd/add-doctor/dr-md-nasir-uddin/,,
Dr. Muhammad Shafiul Azam,"MBBS, MD (Neurology)","Brain, Stroke, Nerve & Neuromedicine Specialist","Consultant, Neurology",Chittagong Medical College & Hospital,Chittagong,https://doctorsdirectory.com.bd/wp-content/uploads/2025/01/Dr.-Muhammad-Shafiul-Azam.jpg,https://doctorsdirectory.com.bd/add-doctor/dr-muhammad-shafiul-azam/,,
Dr. S.M. Muazzem Hossain,"MBBS (DMC), BCS (Health), MD (Neurology)","Brain, Nerve, Stroke & Neuromedicine Specialist","Consultant, Neurology",Chittagong Medical College & Hospital,Chittagong,https://doctorsdirectory.com.bd/wp-content/uploads/2025/01/Dr.-S.M.-Muazzem-Hossain.jpg,https://doctorsdirectory.com.bd/add-doctor/dr-s-m-muazzem-hossain/,,
Dr. Md. Nurul Absar Beg,"MBBS, BCS (Health), MD (Neurology)",Neuromedicine Specialist,"Assistant Professor, Neurology",Chittagong Medical College & Hospital,Chittagong,https://doctorsdirectory.com.bd/wp-content/uploads/2025/01/Dr.-Md.-Nurul-Absar-Beg.jpg,https://doctorsdirectory.com.bd/add-doctor/dr-md-nurul-absar-beg/,,
Dr. Atanu Saha,"MBBS, BCS (Health), MD (Neurology)",Neuromedicine Specialist,"Assistant Professor, Neurology",Chittagong Medical College & Hospital,Chittagong,https://doctorsdirectory.com.bd/wp-content/uploads/2025/01/Dr.-Atanu-Saha.jpg,https://doctorsdirectory.com.bd/add-doctor/dr-atanu-saha/,,
Dr. M.A. Shakoor,"MBBS, BCS (Health), MD (Internal Medicine), MD (Neurology)","Medicine, Brain & Neuromedicine Specialist","Assistant Professor, Neurology",Chittagong Medical College & Hospital,Chittagong,https://doctorsdirectory.com.bd/wp-content/uploads/2025/01/Dr.-M.A.-Shakoor.jpg,https://doctorsdirectory.com.bd/add-doctor/dr-m-a-shakoor/,,
Prof. Dr. Mansurul Alam,"MBBS, MD (Dermatology)",Skin & Venereal Diseases Specialist,"Professor & Head, Dermatology",Chittagong Medical College & Hospital,Chittagong,https://doctorsdirectory.com.bd/wp-content/uploads/2025/01/Prof.-Dr.-Mansurul-Alam.jpg,https://doctorsdirectory.com.bd/add-doctor/prof-dr-mansurul-alam/,,
Dr. Md. Shaukat Hossain,"MBBS, MD (Dermatology)",Skin & Venereal Diseases Specialist,"Associate Professor, Dermatology",Chittagong Medical College & Hospital,Chittagong,https://doctorsdirectory.com.bd/wp-content/uploads/2025/01/Dr.-Md.-Shaukat-Hossain.jpg,https://doctorsdirectory.com.bd/add-doctor/dr-md-shaukat-hossain/,,
Dr. S.M. Ali Ahmed Nazmul,"MBBS, DDV",Skin & Venereal Diseases Specialist,"Assistant Professor, Dermatology",Chittagong Medical College & Hospital,Chittagong,https://doctorsdirectory.com.bd/wp-content/uploads/2025/01/Dr.-S.M.-Ali-Ahmed-Nazmul.jpg,https://doctorsdirectory.com.bd/add-doctor/dr-s-m-ali-ahmed-nazmul/,,
Dr. Rezwana Ahmed,"MBBS, DDV, MD (Dermatology)",Skin & Venereal Diseases Specialist,"Consultant, Dermatology",Chittagong Medical College & Hospital,Chittagong,https://doctorsdirectory.com.bd/wp-content/uploads/2025/01/Dr.-Rezwana-Ahmed.jpg,https://doctorsdirectory.com.bd/add-doctor/dr-rezwana-ahmed/,,
Dr. G.M. Moniruddin,"MBBS, MS (Neurosurgery)",Brain & Spine Surgeon,"Assistant Professor, Neurosurgery",Chittagong Medical College & Hospital,Chittagong,https://doctorsdirectory.com.bd/wp-content/uploads/2025/01/Dr.-G.M.-Moniruddin.jpg,https://doctorsdirectory.com.bd/add-doctor/dr-g-m-moniruddin/,,
Dr. S.M. Noble Kumar Barua,"MBBS, MS (Neurosurgery)","Brain, Spine & Nerve Surgeon","Assistant Professor, Neurosurgery",Chittagong Medical College & Hospital,Chittagong,https://doctorsdirectory.com.bd/wp-content/uploads/2025/01/Dr.-S.M.-Noble-Kumar-Barua.jpg,https://doctorsdirectory.com.bd/add-doctor/dr-s-m-noble-kumar-barua/,,
Dr. Md. Saiful Alam,"MBBS, MS (Neurosurgery)","Brain, Nerve & Spine Specialist Surgeon","Associate Professor, Neurosurgery",Chittagong Medical College & Hospital,Chittagong,https://doctorsdirectory.com.bd/wp-content/uploads/2025/01/Dr.-Md.-Saiful-Alam.jpg,https://doctorsdirectory.com.bd/add-doctor/dr-md-saiful-alam/,,
Prof. Dr. Md. Kamal Uddin,"MBBS, MS (Neurosurgery)","Brain, Nerve & Spine Surgeon","Professor & Head, Neurosurgery",Chittagong Medical College & Hospital,Chittagong,https://doctorsdirectory.com.bd/wp-content/uploads/2025/01/Prof.-Dr.-Md.-Kamal-Uddin.jpg,https://doctorsdirectory.com.bd/add-doctor/prof-dr-md-kamal-uddin/,,
Dr. Md. Towhidul Alam,"MBBS, FCPS (Surgery), MS (Neurosurgery)","Brain, Nerve & Spine Specialist Surgeon","Consultant, Neurosurgery",Chittagong Medical College & Hospital,Chittagong,https://doctorsdirectory.com.bd/wp-content/uploads/2025/01/Dr.-Md.-Towhidul-Alam.jpg,https://doctorsdirectory.com.bd/add-doctor/dr-md-towhidul-alam/,,
Dr. Mohammad Salahuddin Faruq,"MBBS, MS (Surgery), MS (Urology)",Urology Specialist & Surgeon,"Associate Professor, Urology",Chittagong Medical College & Hospital,Chittagong,https://doctorsdirectory.com.bd/wp-content/uploads/2025/01/Dr.-Mohammad-Salahuddin-Faruq.jpg,https://doctorsdirectory.com.bd/add-doctor/dr-mohammad-salahuddin-faruq/,,
Dr. Md. Nurul Absar,"MBBS, FCPS (Surgery), MS (Urology)","Urology (Kidney, Ureter, Bladder, Prostate) Specialist Surgeon","Consultant, Urology",Chittagong Medical College & Hospital,Chittagong,https://doctorsdirectory.com.bd/wp-content/uploads/2025/01/Dr.-Md.-Nurul-Absar.jpg,https://doctorsdirectory.com.bd/add-doctor/dr-md-nurul-absar/,,
Dr. Mohammed Belayet Hossain,"MBBS, BCS (Health), MS (Urology)","Kidney, Ureter, Bladder & Prostate Specialist Surgeon","Consultant, Urology",Chittagong Medical College & Hospital,Chittagong,https://doctorsdirectory.com.bd/wp-content/uploads/2025/01/Dr.-Mohammed-Belayet-Hossain.jpg,https://doctorsdirectory.com.bd/add-doctor/dr-mohammed-belayet-hossain/,,
Dr. Muhammad Shofique Ur Rahman,"MBBS, MS (Urology)",Urology Specialist & Surgeon,"Assistant Professor, Urology",Chittagong Medical College & Hospital,Chittagong,https://doctorsdirectory.com.bd/wp-content/uploads/2025/01/Dr.-Muhammad-Shofique-Ur-Rahman.jpg,https://doctorsdirectory.com.bd/add-doctor/dr-muhammad-shofique-ur-rahman/,,
Dr. Md. Abdul Mobin,"MBBS, BCS (Health), FCPS (Surgery), MS (Urology)",Urologist & Surgeon,"Assistant Professor, Urology",Chittagong Medical College & Hospital,Chittagong,https://doctorsdirectory.com.bd/wp-content/uploads/2025/01/Dr.-Md.-Abdul-Mobin.jpg,https://doctorsdirectory.com.bd/add-doctor/dr-md-abdul-mobin/,,
Dr. Md. Manzurul Hoque,"MBBS, MS (Urology)",Urology Specialist & Surgeon,"Assistant Professor, Urology",Chittagong Medical College & Hospital,Chittagong,https://doctorsdirectory.com.bd/wp-content/uploads/2025/01/Dr.-Md.-Manzurul-Hoque.jpg,https://doctorsdirectory.com.bd/add-doctor/dr-md-manzurul-hoque/,,
Dr. Kamrul Hasan,"MBBS (Dhaka), BCS (Health), MD (Urology)",Urology Specialist & Surgeon,"Assistant Professor, Urology",Chittagong Medical College & Hospital,Chittagong,https://doctorsdirectory.com.bd/wp-content/uploads/2025/01/Dr.-Kamrul-Hasan.jpg,https://doctorsdirectory.com.bd/add-doctor/dr-kamrul-hasan/,,
Dr. Mohammed Sanaullah Shetu,"MBBS, MS (Urology)","Urology (Kidney, Ureter, Bladder, Prostate) Surgeon","Assistant Professor, Urology",Chittagong Medical College & Hospital,Chittagong,https://doctorsdirectory.com.bd/wp-content/uploads/2025/01/Dr.-Mohammed-Sanaullah-Shetu.jpg,https://doctorsdirectory.com.bd/add-doctor/dr-mohammed-sanaullah-shetu/,,
Dr. Mohammad Saiful Hoque,"MBBS, FCPS (Medicine), MD (Cardiology)",Cardiology & Medicine Specialist,"Assistant Professor, Cardiology",Chittagong Medical College & Hospital,Chittagong,https://doctorsdirectory.com.bd/wp-content/uploads/2025/01/Dr.-Mohammad-Saiful-Hoque.jpg,https://doctorsdirectory.com.bd/add-doctor/dr-mohammad-saiful-hoque/,,
Dr. Abu Tarek Iqbal,"MBBS, FCPS (Medicine), MD (Cardiology)",Cardiology & Medicine Specialist,"Associate Professor, Cardiology",Chittagong Medical College & Hospital,Chittagong,https://doctorsdirectory.com.bd/wp-content/uploads/2025/01/Dr.-Abu-Tarek-Iqbal.jpg,https://doctorsdirectory.com.bd/add-doctor/dr-abu-tarek-iqbal/,,
Dr. Md. Ibrahim Chowdhury,"MBBS, FCPS (Medicine), MD (Cardiology)","Cardiology, Rheumatic Fever & Medicine Specialist","Associate Professor, Cardiology",Chittagong Medical College & Hospital,Chittagong,https://doctorsdirectory.com.bd/wp-content/uploads/2025/01/Dr.-Md.-Ibrahim-Chowdhury.jpg,https://doctorsdirectory.com.bd/add-doctor/dr-md-ibrahim-chowdhury/,,
Dr. Ashish Dey,"MBBS, FCPS (Medicine), MD (Cardiology)",Cardiology & Medicine Specialist,"Assistant Professor, Cardiology",Chittagong Medical College & Hospital,Chittagong,https://doctorsdirectory.com.bd/wp-content/uploads/2025/01/Dr.-Ashish-Dey.jpg,https://doctorsdirectory.com.bd/add-doctor/dr-ashish-dey/,,
Dr. Prabir Kumar Das,"MBBS, FCPS (Medicine), MD (Cardiology)",Cardiology & Medicine Specialist,"Associate Professor, Cardiology",Chittagong Medical College & Hospital,Chittagong,https://doctorsdirectory.com.bd/wp-content/uploads/2025/01/Dr.-Prabir-Kumar-Das.jpg,https://doctorsdirectory.com.bd/add-doctor/dr-prabir-kumar-das/,,
Prof. Dr. Mohammad Ibrahim,"MBBS, FCPS (Medicine), MD (Cardiology)",Cardiology & Medicine Specialist,"Professor & Head, Cardiology",Chittagong Medical College & Hospital,Chittagong,https://doctorsdirectory.com.bd/wp-content/uploads/2025/01/Prof.-Dr.-Mohammad-Ibrahim.jpg,https://doctorsdirectory.com.bd/add-doctor/prof-dr-mohammad-ibrahim/,,
Dr. Md. Arifur Rahman,"MBBS, D-CARD, MD (Cardiology)",Cardiology & Rheumatic Fever Specialist,"Consultant, Cardiology",Chittagong Medical College & Hospital,Chittagong,https://doctorsdirectory.com.bd/wp-content/uploads/2025/01/Dr.-Arifur-Rahman.jpg,https://doctorsdirectory.com.bd/add-doctor/dr-md-arifur-rahman/,,
Dr. S.M. Miftahul Alam,"MBBS (CU), BCS (Health), MD (Gastroenterology)","Gastrointestinal, Liver, Pancreas & Biliary Specialist","Consultant, Gastroenterology",Chittagong Medical College & Hospital,Chittagong,https://doctorsdirectory.com.bd/wp-content/uploads/2025/01/Dr.-S.M.-Miftahul-Alam.jpg,https://doctorsdirectory.com.bd/add-doctor/dr-s-m-miftahul-alam/,,
Dr. Binoy Paul,"MBBS, MD (Gastroenterology)","Gastrointestinal, Liver, Pancreas & Biliary Specialist","Assistant Professor, Gastroenterology",Chittagong Medical College & Hospital,Chittagong,https://doctorsdirectory.com.bd/wp-content/uploads/2025/01/Dr.-Binoy-Paul.jpg,https://doctorsdirectory.com.bd/add-doctor/dr-binoy-paul/,,
Dr. Alak Kumar Raha,"MBBS, MCPS (Medicine), MD (Hepatology)",Liver & Medicine Specialist,"Associate Professor & Head, Hepatology",Chittagong Medical College & Hospital,Chittagong,https://doctorsdirectory.com.bd/wp-content/uploads/2025/01/Dr.-Alak-Kumar-Raha.jpg,https://doctorsdirectory.com.bd/add-doctor/dr-alak-kumar-raha/,,
Dr. Aloke Kumar Raha,"MBBS (Dhaka), MCPS (Medicine), MD (Hepatology)",Liver Diseases Specialist,"Associate Professor & Head, Hepatology",Chittagong Medical College & Hospital,Chittagong,https://doctorsdirectory.com.bd/wp-content/uploads/2025/02/Dr.-Aloke-Kumar-Raha.jpg,https://doctorsdirectory.com.bd/add-doctor/dr-aloke-kumar-raha/,,
Dr. Sumit Ranjan Paul,"MBBS, BCS (Health), MD (Nephrology)",Kidney Diseases & Medicine Specialist,"Assistant Professor, Nephrology",Chittagong Medical College & Hospital,Chittagong,https://doctorsdirectory.com.bd/wp-content/uploads/2025/01/Dr.-Sumit-Ranjan-Paul.jpg,https://doctorsdirectory.com.bd/add-doctor/dr-sumit-ranjan-paul/,,
Dr. Md. Nurul Absar Beg,"MBBS, BCS (Health), MD (Nephrology)",Kidney Diseases & Medicine Specialist,"Assistant Professor, Nephrology",Chittagong Medical College & Hospital,Chittagong,https://doctorsdirectory.com.bd/wp-content/uploads/2025/01/Dr.-Md.-Nurul-Absar-Beg-Kidney.jpg,https://doctorsdirectory.com.bd/add-doctor/dr-md-nurul-absar-beg-kidney/,,
Prof. Dr. Md. Enayet Karim,"MBBS, MD (Nephrology)",Kidney Diseases Specialist,"Professor & Head, Nephrology",Chittagong Medical College & Hospital,Chittagong,https://doctorsdirectory.com.bd/wp-content/uploads/2025/01/Prof.-Dr.-Md.-Enayet-Karim.jpg,https://doctorsdirectory.com.bd/add-doctor/prof-dr-md-enayet-karim/,,
Dr. K.M. Faisal,"MBBS (DMC), BCS (Health), MD (Nephrology)","Kidney, High Blood Pressure & Medicine Specialist","Consultant, Nephrology",Chittagong Medical College & Hospital,Chittagong,https://doctorsdirectory.com.bd/wp-content/uploads/2025/01/Dr.-K.M.-Faisal.jpg,https://doctorsdirectory.com.bd/add-doctor/dr-k-m-faisal/,,
Dr. Kamrul Hasan,"MBBS (Dhaka), BCS (Health), MD (Endocrinology)","Diabetes, Thyroid & Hormone Specialist","Assistant Professor & Head, Endocrinology",Chittagong Medical College & Hospital,Chittagong,https://doctorsdirectory.com.bd/wp-content/uploads/2025/01/Dr.-Kamrul-Hasan-Endo.jpg,https://doctorsdirectory.com.bd/add-doctor/dr-kamrul-hasan-endo/,,
Dr. Farhana Akter,"MBBS, FCPS (Medicine), MD (Endocrinology)","Diabetes, Thyroid & Hormone Specialist","Assistant Professor, Endocrinology",Chittagong Medical College & Hospital,Chittagong,https://doctorsdirectory.com.bd/wp-content/uploads/2025/01/Dr.-Farhana-Akter.jpg,https://doctorsdirectory.com.bd/add-doctor/dr-farhana-akter/,,
Dr. Shahryar Ahmed Milan,"MBBS, BCS (Health), DEM (BIRDEM)","Endocrinology (Diabetes, Thyroid & Hormonal Diseases) Specialist","Assistant Professor, Endocrinology",Chittagong Medical College & Hospital,Chittagong,https://doctorsdirectory.com.bd/wp-content/uploads/2025/02/Dr.-Shahryar-Ahmed-Milan.jpg,https://doctorsdirectory.com.bd/add-doctor/dr-shahryar-ahmed-milan/,,
Dr. Md. Nazmul Haque Talukdar,"MBBS, MD (Chest Disease)","Chest, Asthma, COPD, Tuberculosis Specialist","Assistant Professor, Pulmonology",Chittagong Medical College & Hospital,Chittagong,https://doctorsdirectory.com.bd/wp-content/uploads/2025/01/Dr.-Md.-Nazmul-Haque-Talukdar.jpg,https://doctorsdirectory.com.bd/add-doctor/dr-md-nazmul-haque-talukdar/,,
Dr. Muniruddin Ahmed,"MBBS (CU), FCPS (Medicine)","Medicine, Diabetes & Hormone Specialist","Assistant Professor, Medicine",Cox’s Bazar Medical College & Hospital,Chittagong,https://doctorsdirectory.com.bd/wp-content/uploads/2025/01/Dr.-Muniruddin-Ahmed.jpg,https://doctorsdirectory.com.bd/add-doctor/dr-muniruddin-ahmed/,,
Dr. Md. Tareq-Ul-Kader,"MBBS, BCS, FCPS (Medicine)","Medicine, Diabetologist & Rheumatology Specialist","Registrar, Medicine",Chattogram Maa-O-Shishu Hospital Medical College,Chittagong,https://doctorsdirectory.com.bd/wp-content/uploads/2025/01/Dr.-Md.-Tareq-Ul-Kader.jpg,https://doctorsdirectory.com.bd/add-doctor/dr-md-tareq-ul-kader/,,
Dr. A Z M Sakhawat Hossain,"MBBS, BCS (Health), MCPS (Medicine), FCPS (Medicine), FRCP (UK)",Medicine Specialist,"Associate Professor, Medicine",Marine City Medical College & Hospital,Chittagong,https://doctorsdirectory.com.bd/wp-content/uploads/2025/01/Dr.-A-Z-M-Sakhawat-Hossain.jpg,https://doctorsdirectory.com.bd/add-doctor/dr-a-z-m-sakhawat-hossain/,,
Dr. M.A. Hassan Chowdhury,"MBBS, FCPS, FRCP (Edin), FACP (USA)",Medicine Specialist,"Professor, Department of Medicine",Chittagong Medical College & Hospital,Chittagong,https://doctorsdirectory.com.bd/wp-content/uploads/2025/01/Dr.-M.A.-Hassan-Chowdhury.jpg,https://doctorsdirectory.com.bd/add-doctor/dr-m-a-hassan-chowdhury/,,
Dr. Abul Fazal Muhammad Nazimuddin,"MBBS, FCPS (Medicine)",Medicine Specialist,"Associate Professor, Medicine",Chattogram Maa-O-Shishu Hospital Medical College,Chittagong,https://doctorsdirectory.com.bd/wp-content/uploads/2025/01/Dr.-A.-F.-M.-Nazimuddin.jpg,https://doctorsdirectory.com.bd/add-doctor/dr-abul-fazal-muhammad-nazimuddin/,,
Dr. Md. Abu Taher,"MBBS, FCPS (Medicine)",Medicine Specialist,"Consultant, Medicine",Max Hospital & Diagnostic,Chittagong,https://doctorsdirectory.com.bd/wp-content/uploads/2025/01/Dr.-Md.-Abu-Taher.jpg,https://doctorsdirectory.com.bd/add-doctor/dr-md-abu-taher/,,
Dr. Md. Saiful Huq,"MBBS (DMC), BCS (Health), MRCP (UK)",Medicine & Diabetes Specialist,"Consultant, Medicine",Chittagong Medical College & Hospital,Chittagong,https://doctorsdirectory.com.bd/wp-content/uploads/2025/01/Dr.-Md.-Saiful-Huq.jpg,https://doctorsdirectory.com.bd/add-doctor/dr-md-saiful-huq/,,
Prof. Dr. Mizanur Rahman,"MBBS, MCPS (Medicine), MD (Medicine)",Medicine Specialist,"Professor, Medicine",Chattogram Maa-O-Shishu Hospital Medical College,Chittagong,https://doctorsdirectory.com.bd/wp-content/uploads/2025/01/Prof.-Dr.-Mizanur-Rahman.jpg,https://doctorsdirectory.com.bd/add-doctor/prof-dr-mizanur-rahman/,,
Dr. Abanti Deb Nath,"MBBS (DU), BCS (Health), FCPS (Medicine)",Medicine & Neuromedicine Specialist,"Assistant Professor, Medicine",Chittagong Medical College & Hospital,Chittagong,https://doctorsdirectory.com.bd/wp-content/uploads/2025/01/Dr.-Abanti-Deb-Nath.jpg,https://doctorsdirectory.com.bd/add-doctor/dr-abanti-deb-nath/,,
Dr. F.M.A. Zahid,"MBBS, MCPS, FCPS (Medicine)","Medicine, Diabetology & Neuromedicine Specialist","Assistant Professor, Medicine",Chittagong Medical College & Hospital,Chittagong,https://doctorsdirectory.com.bd/wp-content/uploads/2025/01/Dr.-F.M.A.-Zahid.jpg,https://doctorsdirectory.com.bd/add-doctor/dr-f-m-a-chid/,,
Prof. Dr. Emran Bin Yunus,"MBBS (Dhaka), FCPS (Medicine), MACP (USA), FACP (USA)",Medicine & Nephrology Specialist,"Former Professor, Nephrology",Chittagong Medical College & Hospital,Chittagong,https://doctorsdirectory.com.bd/wp-content/uploads/2025/01/Prof.-Dr.-Emran-Bin-Yunus.jpg,https://doctorsdirectory.com.bd/add-doctor/prof-dr-emran-bin-yunus/,,
Dr. Kafil Uddin,"MBBS (DMC), BCS (Health), FCPS (Medicine)","Medicine Specialist, Diabetologist & Rheumatologist","Assistant Professor, Medicine",Dhaka Medical College & Hospital,Chittagong,https://doctorsdirectory.com.bd/wp-content/uploads/2025/01/Dr.-Kafil-Uddin.jpg,https://doctorsdirectory.com.bd/add-doctor/dr-kafil-uddin/,,
Dr. Arup Ratan Das,"MBBS (DMC), BCS (Health), FCPS (Medicine), MCPS (Medicine)",Medicine Specialist,"Consultant, Medicine",Chittagong Medical College & Hospital,Chittagong,https://doctorsdirectory.com.bd/wp-content/uploads/2025/01/Dr.-Arup-Ratan-Das.jpg,https://doctorsdirectory.com.bd/add-doctor/dr-arup-ratan-das/,,
Dr. Abu Sayeed,"MBBS, BCS (Health), MD (Internal Medicine)",Medicine Specialist,"Consultant, Medicine",Chittagong Medical College & Hospital,Chittagong,https://doctorsdirectory.com.bd/wp-content/uploads/2025/01/Dr.-Abu-Sayeed.jpg,https://doctorsdirectory.com.bd/add-doctor/dr-abu-sayeed/,,
Dr. Mohammad Moinul Islam,"MBBS, BCS (Health), MCPS, FCPS (Medicine)",Medicine Specialist,"Consultant, Medicine",Chittagong Medical College & Hospital,Chittagong,https://doctorsdirectory.com.bd/wp-content/uploads/2025/01/Dr.-Mohammad-Moinul-Islam.jpg,https://doctorsdirectory.com.bd/add-doctor/dr-mohammad-moinul-islam/,,
Dr. Farhana Halim,"MBBS (SSMC), BCS (Health), FCPS (Medicine), MACP (USA)",Medicine Specialist,"Consultant, Medicine",Chittagong Medical College & Hospital,Chittagong,https://doctorsdirectory.com.bd/wp-content/uploads/2025/01/Dr.-Farhana-Halim.jpg,https://doctorsdirectory.com.bd/add-doctor/dr-farhana-halim/,,
Dr. A N M Ashik-E-Elahi,"MBBS (CMC), BCS (Health), FCPS (Medicine)",Medicine Specialist,"Assistant Professor, Medicine",Marine City Medical College & Hospital,Chittagong,https://doctorsdirectory.com.bd/wp-content/uploads/2025/01/Dr.-A-N-M-Ashik-E-Elahi.jpg,https://doctorsdirectory.com.bd/add-doctor/dr-a-n-m-ashik-e-elahi/,,
Dr. M. S. Chowdhury,"MBBS, BCS (Health), PGT (Medicine), CMU (Ultrasound)",Medicine Specialist,Chittagong,Max Hospital & Diagnostic,https://doctorsdirectory.com.bd/wp-content/uploads/2025/01/Dr.-M.-S.-Chowdhury.jpg,https://doctorsdirectory.com.bd/add-doctor/dr-m-s-chowdhury/,,,
Dr. Mohammed Maksudul Karim,"MBBS, BCS (Health), FCPS (Medicine), MCPS (Medicine)",Medicine Specialist,"Consultant, Medicine",Chittagong Medical College & Hospital,Chittagong,https://doctorsdirectory.com.bd/wp-content/uploads/2025/02/Dr.-Mohammed-Maksudul-Karim.jpg,https://doctorsdirectory.com.bd/add-doctor/dr-mohammed-maksudul-karim/,,
Dr. M. A. Yousuf Chowdhury,"MBBS, BCS (Health), MD (Internal Medicine), Fellow in Diabetology (BIRDEM)",Medicine & Diabetes Specialist,"Associate Professor, Medicine",Chittagong Medical College & Hospital,Chittagong,https://doctorsdirectory.com.bd/wp-content/uploads/2025/02/Dr.-MA-Yousuf-Chowdhury.jpg,https://doctorsdirectory.com.bd/add-doctor/dr-m-a-yousuf-chowdhury/,,
Dr. Prasenjit Barua,"MBBS, FCPS (Medicine), MACP (USA)",Medicine & Diabetes Specialist,Fellowship Training in Gastroenterology & Liver Diseases,Chittagong Medical College & Hospital,Chittagong,https://doctorsdirectory.com.bd/wp-content/uploads/2025/02/Dr.-Prasenjit-Barua.jpg,https://doctorsdirectory.com.bd/add-doctor/dr-prasenjit-barua/,,
Dr. Mohammed Rashed Mirjada,"MBBS, FCPS (Medicine)",Medicine Specialist,"Associate Professor, Medicine",Chittagong Medical College & Hospital,Chittagong,https://doctorsdirectory.com.bd/wp-content/uploads/2025/02/Dr.-Rashed-Mirjada.jpg,https://doctorsdirectory.com.bd/add-doctor/dr-mohammed-rashed-mirjada/,,
Dr. Mirza Nurul Karim,"MBBS, FCPS (Medicine)","Medicine, Diabetes, Rheumatology & Chest Disease Specialist","Assistant Professor, Department of Medicine",Chittagong Medical College & Hospital,Chittagong,https://doctorsdirectory.com.bd/wp-content/uploads/2025/02/Dr.-Mirza-Nurul-Karim.jpg,https://doctorsdirectory.com.bd/add-doctor/dr-mirza-nurul-karim/,,
Dr. Sumon Das,"MBBS (CMC), BCS (Health), MCPS, FCPS (ENT)",Ear Nose Throat Specialist & Head Neck Surgeon,"Consultant, ENT",Chittagong Medical College & Hospital,Chittagong,https://doctorsdirectory.com.bd/wp-content/uploads/2025/01/Dr.-Sumon-Das.jpg,https://doctorsdirectory.com.bd/add-doctor/dr-sumon-das/,,
Dr. A T M Moinuddin,"MBBS, DLO, MCPS (ENT)","Ear, Nose, Throat Specialist & Surgeon", Feni,Feni Clinic,"Consultant, ENT",Chittagong,https://doctorsdirectory.com.bd/wp-content/uploads/2025/01/Dr.-A-T-M-Moinuddin.jpg,https://doctorsdirectory.com.bd/add-doctor/dr-a-t-m-moinuddin/,
Dr. Mohammad Mohiuddin,"MBBS, BCS (Health), FCPS (ENT)",Ear Nose Throat Specialist & Head Neck Surgeon,"Resident Surgeon, ENT",Chittagong Medical College & Hospital,Chittagong,https://doctorsdirectory.com.bd/wp-content/uploads/2025/01/Dr.-Mohammad-Mohiuddin.jpg,https://doctorsdirectory.com.bd/add-doctor/dr-mohammad-moiuddin/,,
Dr. Shakhawat Hossain,"MBBS, BCS (Health), FCPS (ENT)",Ear Nose Throat Specialist & Head Neck Surgeon,"Consultant, ENT",Chittagong Medical College & Hospital,Chittagong,https://doctorsdirectory.com.bd/wp-content/uploads/2025/01/Dr.-Shakhawat-Hossain.jpg,https://doctorsdirectory.com.bd/add-doctor/dr-shakhawat-hossain-ctg/,,
Prof. Dr. Ahmed Sharif,"MBBS, MS (ENT)","ENT (Ear, Nose, Throat) Specialist & Head Neck Surgeon","Professor & Head, ENT & HNS Department",Chittagong Medical College & Hospital,Chittagong,https://doctorsdirectory.com.bd/wp-content/uploads/2025/02/Prof.-Dr.-Ahmed-Sharif.jpg,https://doctorsdirectory.com.bd/add-doctor/prof-dr-ahmed-sharif/,,
Dr. Ashfaq Ahmad,"MBBS, FCPS (ENT)","ENT (Ear, Nose, Throat) Specialist & Head Neck Surgeon","Associate Professor, ENT",Chittagong Medical College & Hospital,Chittagong,https://doctorsdirectory.com.bd/wp-content/uploads/2025/02/Dr.-Ashfaq-Ahmad.jpg,https://doctorsdirectory.com.bd/add-doctor/dr-ashfaq-ahmad/,,
Dr. Md. Minhajul Haque,"MBBS, BCS (Health), FCPS (ENT)","Ear, Nose, Throat Specialist & Head Neck Surgeon","Medical Officer, ENT",Chittagong General Hospital,Chittagong,https://doctorsdirectory.com.bd/wp-content/uploads/2025/02/Dr.-Md.-Minhajul-Haque.jpg,https://doctorsdirectory.com.bd/add-doctor/dr-md-minhajul-haque/,,
Dr. Mohammad Emran,"MBBS, BCS (Health), DLO (BSMMU)","ENT (Ear, Nose, Throat) Specialist & Head Neck Surgeon","Consultant, ENT",Chittagong Medical College & Hospital,Chittagong,https://doctorsdirectory.com.bd/wp-content/uploads/2025/02/Dr.-Mohammad-Emran.jpg,https://doctorsdirectory.com.bd/add-doctor/dr-mohammad-emran/,,
Dr. Sheikh Shawkat Kamal,"MBBS, FCPS (ENT)","Ear, Nose, Throat Specialist & Head Neck Surgeon", Chittagong,Surgiscope Hospital,,Chittagong,https://doctorsdirectory.com.bd/wp-content/uploads/2025/02/Dr.-Sheikh-Shawkat-Kamal.jpg,https://doctorsdirectory.com.bd/add-doctor/dr-sheikh-shawkat-kamal/,
Dr. Didarul Islam,"MBBS, BCS (Health), MD (Hepatology)","Liver, Gastrointestinal & Medicine Specialist","Assistant Professor, Hepatology",Chittagong Medical College & Hospital,Chittagong,https://doctorsdirectory.com.bd/wp-content/uploads/2025/01/Dr.-Didarul-Islam.jpg,https://doctorsdirectory.com.bd/add-doctor/dr-didarul-islam/,,
Dr. Rokshana Hoque,"MBBS, DGO, MCPS (OBGYN)",Gynecologist & Surgeon, Chittagong,Chevron Clinical Laboratory,"Consultant, Gynecology",Chittagong,https://doctorsdirectory.com.bd/wp-content/uploads/2025/01/Dr.-Rokshana-Hoque.jpg,https://doctorsdirectory.com.bd/add-doctor/dr-rokshana-hoque/,
Dr. Farhana Mahmud Siddiqui,"MBBS, BCS (Health), DGO, FCPS (OBGYN)",Gynecologist & Surgeon,"Consultant, Gynecology",Chittagong Medical College & Hospital,Chittagong,https://doctorsdirectory.com.bd/wp-content/uploads/2025/01/Dr.-Farhana-Mahmud-Siddiqui.jpg,https://doctorsdirectory.com.bd/add-doctor/dr-farhana-mahmud-siddiqui/,,
Dr. Zarin Nawar,"MBBS, BCS (Health), FCPS (OBGYN)",Gynecologist & Surgeon,"Consultant, Gynecology",Feni General Hospital,Chittagong,https://doctorsdirectory.com.bd/wp-content/uploads/2025/01/Dr.-Zarin-Nawar.jpg,https://doctorsdirectory.com.bd/add-doctor/dr-zarin-nawar/,,
Dr. Sumaiya Binte Jalil,"MBBS, BCS (Health), FCPS (OBGYN)",Gynecologist & Surgeon,"Consultant, Gynecology",Feni General Hospital,Chittagong,https://doctorsdirectory.com.bd/wp-content/uploads/2025/01/Dr.-Sumaiya-Binte-Jalil.jpg,https://doctorsdirectory.com.bd/add-doctor/dr-sumaiya-binte-jalil/,,
Dr. Kamrunnessa Runa,"MBBS (DMC), BCS (Health), FCPS (OBGYN)",Gynecologist & Surgeon, Chittagong,General Hospital,"Consultant, Gynecology",Chittagong,https://doctorsdirectory.com.bd/wp-content/uploads/2025/01/Dr.-Kamrunnessa-Runa.jpg,https://doctorsdirectory.com.bd/add-doctor/dr-kamrunnessa-runa/,
Dr. Suraiya Akter,"MBBS, DGO, MCPS (OBGYN)",Gynecologist & Surgeon,"Consultant, Gynecology",Feni District Hospital,Chittagong,https://doctorsdirectory.com.bd/wp-content/uploads/2025/01/Dr.-Suraiya-Akter.jpg,https://doctorsdirectory.com.bd/add-doctor/dr-suraiya-akter/,,
Dr. Nazia Huq,"MBBS (Dhaka), MCPS (OBGYN), DGO, FCPS (OBGYN)",Gynecologist & Surgeon, Chittagong,General Hospital,"Consultant, Gynecology & Obstetrics",Chittagong,https://doctorsdirectory.com.bd/wp-content/uploads/2025/01/Dr.-Nazia-Huq.jpg,https://doctorsdirectory.com.bd/add-doctor/dr-nazia-huq/,
Dr. Nusrat Jahan (Zenia),"MBBS, DGO, MCPS (OBGYN)","Gynecologist, Surgeon & Infertility Specialist","Consultant, Gynecology",BGC Trust Medical College & Hospital,Chittagong,https://doctorsdirectory.com.bd/wp-content/uploads/2025/01/Dr.-Nusrat-Jahan-Zenia.jpg,https://doctorsdirectory.com.bd/add-doctor/dr-nusrat-jahan-zenia/,,
Dr. Saima Shah Alam,"MBBS (SSMC), BCS (Health), FCPS (OBGYN)",Gynecologist & Surgeon,"Consultant, Gynecology & Obstetrics",Chittagong Medical College & Hospital,Chittagong,https://doctorsdirectory.com.bd/wp-content/uploads/2025/01/Dr.-Saima-Shah-Alam.jpg,https://doctorsdirectory.com.bd/add-doctor/dr-saima-shah-alam/,,
Dr. Mursheda Yesmin,"MBBS (CMC), BCS (Health), FCPS (OBGYN)","Gynecologist, Surgeon & Infertility Specialist","Consultant, Gynecology & Obstetrics",Cox’s Bazar Medical College & Hospital,Chittagong,https://doctorsdirectory.com.bd/wp-content/uploads/2025/01/Dr.-Mursheda-Yesmin.jpg,https://doctorsdirectory.com.bd/add-doctor/dr-mursheda-yesmin/,,
Dr. Shajeda Begum,"MBBS, BCS (Health), DGO, FCPS (OBGYN)",Gynecologist & Surgeon,"Consultant, Gynecology & Obstetrics",Chittagong Medical College & Hospital,Chittagong,https://doctorsdirectory.com.bd/wp-content/uploads/2025/01/Dr.-Shajeda-Begum.jpg,https://doctorsdirectory.com.bd/add-doctor/dr-shajeda-begum/,,
Dr. Kamrun Nahar Lima,"MBBS, BCS (Health), DGO, MCPS (OBGYN), FCPS (OBGYN)",Gynecologist & Laparoscopic Surgeon,"Consultant, Gynecology & Obstetrics",Chittagong Medical College & Hospital,Chittagong,https://doctorsdirectory.com.bd/wp-content/uploads/2025/01/Dr.-Kamrun-Nahar-Lima.jpg,https://doctorsdirectory.com.bd/add-doctor/dr-kamrun-nahar-lima/,,
Dr. Tahmina Yeasmin Rozy,"MBBS, BCS (Health), FCPS (OBGYN)",Gynecologist & Surgeon,"Consultant, Gynecology & Obstetrics",Chittagong Medical College & Hospital,Chittagong,https://doctorsdirectory.com.bd/wp-content/uploads/2025/01/Dr.-Tahmina-Yeasmin-Rozy.jpg,https://doctorsdirectory.com.bd/add-doctor/dr-tahmina-yeasmin-rozy/,,
Dr. Sanchita Das,"MBBS, BCS (Health), FCPS (OBGYN)",Gynecologist & Surgeon, Chittagong,General Hospital,"Consultant, Gynecology",Chittagong,https://doctorsdirectory.com.bd/wp-content/uploads/2025/01/Dr.-Sanchita-Das.jpg,https://doctorsdirectory.com.bd/add-doctor/dr-sanchita-das/,
Dr. Hasina Akhter,"MBBS, BCS (Health), MCPS, FCPS (OBGYN)",Gynecologist & Surgeon,"Consultant, Gynecology & Obstetrics",Chittagong Medical College & Hospital,Chittagong,https://doctorsdirectory.com.bd/wp-content/uploads/2025/01/Dr.-Hasina-Akhter-1.jpg,https://doctorsdirectory.com.bd/add-doctor/dr-hasina-akhter-ctg/,,
Dr. Tahrima Khanom,"MBBS, BCS (Health), FCPS (OBGYN), MRCOG (London)","Gynecology, Obstetrics Specialist & Surgeon","Consultant, Gynecology & Obstetrics",Chittagong Medical College & Hospital,Chittagong,https://doctorsdirectory.com.bd/wp-content/uploads/2025/01/Dr.-Tahrima-Khanom.jpg,https://doctorsdirectory.com.bd/add-doctor/dr-tahrima-khanom/,,
Dr. Fahmida Islam Chowdhury,"MBBS, BCS (Health), FCPS (OBGYN)",Gynecologist & Surgeon,"Assistant Professor, Gynecology & Obstetrics",Chittagong Medical College & Hospital,Chittagong,https://doctorsdirectory.com.bd/wp-content/uploads/2025/01/Dr.-Fahmida-Islam-Chowdhury.jpg,https://doctorsdirectory.com.bd/add-doctor/dr-fahmida-islam-chowdhury/,,
Dr. Syeda Nur-A-Lina,"MBBS (DU), FCPS (OBGYN), MRCOG (UK)",Gynecology & Obstetrics Specialist,"Assistant Professor, Gynecology & Obstetrics",Chattogram Maa-O-Shishu Hospital Medical College,Chittagong,https://doctorsdirectory.com.bd/wp-content/uploads/2025/01/Dr.-Syeda-Nur-A-Lina.jpg,https://doctorsdirectory.com.bd/add-doctor/dr-syeda-nur-a-lina/,,
Dr. Zinat Maruf,"MBBS, FCPS (Obs & Gynae)",Gynecologist & Surgeon,"Assistant Professor, Gynecology & Obstetrics",Chittagong Medical College & Hospital,Chittagong,https://doctorsdirectory.com.bd/wp-content/uploads/2025/01/Dr.-Zinat-Maruf.jpg,https://doctorsdirectory.com.bd/add-doctor/dr-zinat-maruf/,,
Dr. Rubina Yasmin,"MBBS, MCPS (OBGYN), DGO, FCPS (OBGYN)",Gynecologist & Surgeon,"Associate Professor, Gynecology & Obstetrics",Chittagong Medical College & Hospital,Chittagong,https://doctorsdirectory.com.bd/wp-content/uploads/2025/01/Dr.-Rubina-Yasmin.jpg,https://doctorsdirectory.com.bd/add-doctor/dr-rubina-yasmin/,,
Dr. Nigar Sultana,"MBBS, FCPS (OBGYN), MS (OBGYN)",Gynecologist & Surgeon,"Assistant Professor, Gynecology & Obstetrics",BGC Trust Medical College & Hospital,Chittagong,https://doctorsdirectory.com.bd/wp-content/uploads/2025/01/Dr.-Nigar-Sultana.jpg,https://doctorsdirectory.com.bd/add-doctor/dr-nigar-sultana/,,
Dr. Farhana Yasmeen,"MBBS (CU), FCPS (Obs & Gynae)",Gynecologist & Surgeon,"Assistant Professor, Gynecology & Obstetrics",BGC Trust Medical College & Hospital,Chittagong,https://doctorsdirectory.com.bd/wp-content/uploads/2025/01/Dr.-Farhana-Yasmeen.jpg,https://doctorsdirectory.com.bd/add-doctor/dr-farhana-yasmeen/,,
Dr. Masuda Novera,"MBBS, BCS (Health), FCPS (OBGYN)",Gynecologist & Surgeon, Chittagong,Health View Maternity & Child Hospital,"Consultant, Gynecology & Obstetrics",Chittagong,https://doctorsdirectory.com.bd/wp-content/uploads/2025/01/Dr.-Masuda-Novera.jpg,https://doctorsdirectory.com.bd/add-doctor/dr-masuda-novera/,
Prof. Dr. Hasina Akhter,"MBBS, MCPS, FCPS (OBGYN)",Gynecologist & Surgeon,"Professor & Head, Gynecology & Obstetrics",BGC Trust Medical College & Hospital,Chittagong,https://doctorsdirectory.com.bd/wp-content/uploads/2025/01/Prof.-Dr.-Hasina-Akhter.jpg,https://doctorsdirectory.com.bd/add-doctor/prof-dr-hasina-akhter/,,
Prof. Dr. Rowshan Morshed,"MBBS, FCPS (Obs & Gynae)",Gynecologist & Surgeon,"Professor, Gynecology & Obstetrics",Chattogram Maa-O-Shishu Hospital Medical College,Chittagong,https://doctorsdirectory.com.bd/wp-content/uploads/2025/01/Prof.-Dr.-Rowshan-Morshed.jpg,https://doctorsdirectory.com.bd/add-doctor/prof-dr-rowshan-morshed/,,
Prof. Dr. Shahena Akter,"MBBS, DGO, FCPS (OBGYN)","Gynecology, Obstetrics, Infertility Specialist & Surgeon","Professor, Gynecology & Obstetrics",Chittagong Medical College & Hospital,Chittagong,https://doctorsdirectory.com.bd/wp-content/uploads/2025/01/Prof.-Dr.-Shahena-Akter.jpg,https://doctorsdirectory.com.bd/add-doctor/prof-dr-shahena-akter/,,
Prof. Dr. Shahanara Chowdhury,"MBBS (Dhaka), FCPS (OBGYN), Fellow (WHO), Advanced Training (Thailand)","Gynecology, Obstetrics Specialist & Laparoscopic Surgeon","Former Professor & Head, Gynecology & Obstetrics",Chittagong Medical College & Hospital,Chittagong,https://doctorsdirectory.com.bd/wp-content/uploads/2025/01/Prof.-Dr.-Shahanara-Chowdhury.jpg,https://doctorsdirectory.com.bd/add-doctor/prof-dr-shahanara-chowdhury/,,
Prof. Dr. Ferdousi Begum,"MBBS, FCPS (Obstetrics and Gynaecology)",Gynecology & Obstetrics Specialist,"Professor & Head, Gynecology & Obstetrics",Chattogram Maa-O-Shishu Hospital Medical College,Chittagong,https://doctorsdirectory.com.bd/wp-content/uploads/2025/01/Prof.-Dr.-Ferdousi-Begum.jpg,https://doctorsdirectory.com.bd/add-doctor/prof-dr-ferdousi-begum/,,
Dr. Shirin Fatema,"MBBS, MCPS, DGO, FCPS","Gynecology, Obstetrics Specialist & Surgeon", Chittagong,Apollo Imperial Hospital,"Consultant, Gynecology & Obstetrics",Chittagong,https://doctorsdirectory.com.bd/wp-content/uploads/2025/02/Dr.-Shirin-Fatema.jpg,https://doctorsdirectory.com.bd/add-doctor/dr-shirin-fatema/,
Dr. Rupasree Biswas,"MBBS, FCPS (OBGYN)","Gynecology, Obstetrics Specialist & Surgeon","Assistant Professor, Gynecology & Obstetrics",Southern Medical College & Hospital,Chittagong,https://doctorsdirectory.com.bd/wp-content/uploads/2025/02/Dr.-Rupasree-Biswas.jpg,https://doctorsdirectory.com.bd/add-doctor/dr-rupasree-biswas/,,
Dr. Nazmun Nahar Rosy,"MBBS, FCPS (Obs & Gyne)","Gynecology, Obstetrics, Infertility Specialist & Laparoscopic Surgeon", Chittagong,Health View Maternity & Child Hospital,Fellowship in Infertility & Reproductive Medicine,Chittagong,https://doctorsdirectory.com.bd/wp-content/uploads/2025/02/Dr.-Nazmun-Nahar-Rosy.jpg,https://doctorsdirectory.com.bd/add-doctor/dr-nazmun-nahar-rosy/,
Dr. Ishrat Jahan,"MBBS, PGT (Medicine), D-CARD (BSMMU)","Cardiologist, Echocardiographer & Medicine Specialist", Feni,Feni Clinic,"Consultant, Cardiology",Chittagong,https://doctorsdirectory.com.bd/wp-content/uploads/2025/01/Dr.-Ishrat-Jahan.jpg,https://doctorsdirectory.com.bd/add-doctor/dr-ishrat-jahan-ctg/,
Dr. Sujan Debnath,"MBBS, BCS (Health), MD (Cardiology)","Cardiology, Rheumatic Fever & Medicine Specialist","Cardiologist, Cardiology",Chittagong Medical College & Hospital,Chittagong,https://doctorsdirectory.com.bd/wp-content/uploads/2025/01/Dr.-Sujan-Debnath.jpg,https://doctorsdirectory.com.bd/add-doctor/dr-sujan-debnath/,,
Dr. Aysha Siddika Nishi,"MBBS, BCS (Health), MD (Cardiology)","Cardiology, Hypertension & Heart Specialist","Consultant, Cardiology",Chittagong Medical College & Hospital,Chittagong,https://doctorsdirectory.com.bd/wp-content/uploads/2025/01/Dr.-Aysha-Siddika-Nishi.jpg,https://doctorsdirectory.com.bd/add-doctor/dr-aysha-siddika-nishi/,,
Dr. Md. Mainuddin,"MBBS (DU), BCS (Health), MD (Cardiology)","Cardiology, Medicine & Rheumatic Fever Specialist","Consultant, Cardiology",Chittagong Medical College & Hospital,Chittagong,https://doctorsdirectory.com.bd/wp-content/uploads/2025/01/Dr.-Md.-Mainuddin.jpg,https://doctorsdirectory.com.bd/add-doctor/dr-md-mainuddin/,,
Dr. Suman Talukder,"MBBS, BCS (Health), MD (Cardiology)",Cardiology & Rheumatic Fever Specialist,"Assistant Professor, Cardiology",Chittagong Medical College & Hospital,Chittagong,https://doctorsdirectory.com.bd/wp-content/uploads/2025/01/Dr.-Suman-Talukder.jpg,https://doctorsdirectory.com.bd/add-doctor/dr-suman-talukder/,,
Dr. Nushrat Binte Kamal,"MBBS (CMC), BCS (Health), D-CARD (BSMMU)",Cardiologist & Echocardiographer,"Consultant, Cardiology",Chittagong Medical College & Hospital,Chittagong,https://doctorsdirectory.com.bd/wp-content/uploads/2025/01/Dr.-Nushrat-Binte-Kamal.jpg,https://doctorsdirectory.com.bd/add-doctor/dr-nushrat-binte-kamal/,,
Dr. Zabeer Ahmed,"MBBS (CMC), BCS (Health), MD (Cardiology)",Cardiology & Medicine Specialist,"Resident Physician, Cardiology",Chittagong Medical College & Hospital,Chittagong,https://doctorsdirectory.com.bd/wp-content/uploads/2025/01/Dr.-Zabeer-Ahmed.jpg,https://doctorsdirectory.com.bd/add-doctor/dr-zabeer-ahmed/,,
Dr. Md. Saiful Islam,"MBBS, MCPS (Medicine), MD (Cardiology), FCPS (Medicine)","Cardiology, Diabetes & Medicine Specialist","Assistant Professor, Cardiology",Chittagong Medical College & Hospital,Chittagong,https://doctorsdirectory.com.bd/wp-content/uploads/2025/01/Dr.-Md.-Saiful-Islam.jpg,https://doctorsdirectory.com.bd/add-doctor/dr-md-saiful-islam-ctg/,,
Dr. Shajedur Rahman,"MBBS, BCS (Health), MD (Cardiology)","Cardiology (Heart Diseases, Rheumatic Fever) Specialist","Assistant Professor, Cardiology",Chittagong Medical College & Hospital,Chittagong,https://doctorsdirectory.com.bd/wp-content/uploads/2025/01/Dr.-Shajedur-Rahman.jpg,https://doctorsdirectory.com.bd/add-doctor/dr-shajedur-rahman/,,
Dr. Shafiul Hasan,"MBBS (DMC), BCS (Health), D-CARD (BSMMU)",Cardiologist & Echocardiographer,"Consultant, Cardiology",Feni General Hospital,Chittagong,https://doctorsdirectory.com.bd/wp-content/uploads/2025/01/Dr.-Shafiul-Hasan.jpg,https://doctorsdirectory.com.bd/add-doctor/dr-shafiul-hasan/,,
Dr. A S M Monowar Tariq,"MBBS (SSMC), BCS (Health), MD (Cardiology)","Cardiology (Heart Diseases, Rheumatic Fever) Specialist","Consultant, Cardiology",Chittagong Medical College & Hospital,Chittagong,https://doctorsdirectory.com.bd/wp-content/uploads/2025/01/Dr.-A-S-M-Monowar-Tariq.jpg,https://doctorsdirectory.com.bd/add-doctor/dr-a-s-m-monowar-tariq/,,
Dr. Md. Ehteshamul Haque,"MBBS, MD (Cardiology)","Heart Diseases, Cardiology, Hypertension Specialist","Assistant Professor, Cardiology",Cox’s Bazar Medical College & Hospital,Chittagong,https://doctorsdirectory.com.bd/wp-content/uploads/2025/01/Dr.-Md.-Ehteshamul-Haque.jpg,https://doctorsdirectory.com.bd/add-doctor/dr-md-ehteshamul-haque/,,
Dr. Shaifur Rahman Shohel,"MBBS, D-CARD","Cardiology (Heart Diseases, Hypertension & Rheumatic Fever) Specialist", Chittagong,Fortis Escorts Heart Institute,"Consultant, Cardiology",Chittagong,https://doctorsdirectory.com.bd/wp-content/uploads/2025/02/Dr.-Shaifur-Rahman-Shohel.jpg,https://doctorsdirectory.com.bd/add-doctor/dr-shaifur-rahman-shohel/,
Dr. Md. Shah Newaz,"MBBS, D-CARD, MD (Cardiology)","Cardiology (Heart Diseases, Rheumatic Fever) Specialist","Consultant, Cardiology",Feni Diabetes Hospital,Chittagong,https://doctorsdirectory.com.bd/wp-content/uploads/2025/01/Dr.-Md.-Shah-Newaz.jpg,https://doctorsdirectory.com.bd/add-doctor/dr-md-shah-newaz/,,
Dr. Mohammad Ilias,"MBBS, FCPS (Physical Medicine), FCGP, FIPM (India & Taiwan)","Arthritis, Pain, Paralysis, Sports Injury, Physical Medicine & Rehabilitation Specialist", USTC,Bangabandhu Memorial Hospital, Chittagong,"Associate Professor, Physical Medicine",Chittagong,https://doctorsdirectory.com.bd/wp-content/uploads/2025/01/Dr.-Mohammad-Ilias.jpg,https://doctorsdirectory.com.bd/add-doctor/dr-mohammad-ilias/
Dr. Md. Jahangir Alam Chowdhury,"MBBS, FCPS (Physical Medicine)","Arthritis, Pain, Paralysis, Physical Medicine Rehabilitation Specialist","Associate Professor & Head, Physical Medicine & Rehabilitation",Chattogram Maa-O-Shishu Hospital Medical College,Chittagong,https://doctorsdirectory.com.bd/wp-content/uploads/2025/02/Dr.-Md.-Jahangir-Alam-Chowdhury.jpg,https://doctorsdirectory.com.bd/add-doctor/dr-md-jahangir-alam-chowdhury/,,
Dr. M. Mahbub Alam,"MBBS (CMC), PhD (Physical Medicine), Advanced Clinical Education (Rheumatology)","Physical Medicine, Pain & Rheumatology Specialist","Consultant, Physical Medicine",Chattogram Metropolitan Hospital,Chittagong,https://doctorsdirectory.com.bd/wp-content/uploads/2025/02/Dr.-M.-Mahbub-Alam.jpg,https://doctorsdirectory.com.bd/add-doctor/dr-m-mahbub-alam/,,
Dr. F M A Qader,"MBBS, BCS (Health), FCPS (Physical Medicine)",Arthritis & Pain Specialist,"Associate Professor, Physical Medicine",Chattogram Maa-O-Shishu Hospital Medical College,Chittagong,https://doctorsdirectory.com.bd/wp-content/uploads/2025/01/Dr.-F-M-A-Qader.jpg,https://doctorsdirectory.com.bd/add-doctor/dr-f-m-a-qader/,,
Dr. Md. Mofizur Rahman,"MBBS, FCPS (Physical Medicine)",Pain & Rheumatology Specialist, Chittagong,Treatment Hospital,"Consultant, Rheumatology",Chittagong,https://doctorsdirectory.com.bd/wp-content/uploads/2025/01/Dr.-Md.-Mofizur-Rahman.jpg,https://doctorsdirectory.com.bd/add-doctor/dr-md-mofizur-rahman/,
Dr. Mostafa Nuruddin,"MBBS, MCPS, MD (Pediatrics)",Child Diseases Specialist,"Associate Professor, Pediatrics",Chattogram International Medical College & Hospital,Chittagong,https://doctorsdirectory.com.bd/wp-content/uploads/2025/01/Dr.-Mostafa-Nuruddin.jpg,https://doctorsdirectory.com.bd/add-doctor/dr-mostafa-nuruddin/,,
Dr. Abidur Rahman,"MBBS, MCPS, DCH","Newborn, Adolescent & Child Specialist","Consultant, Pediatrics",National Hospital,Chittagong,https://doctorsdirectory.com.bd/wp-content/uploads/2025/01/Dr.-Abidur-Rahman.jpg,https://doctorsdirectory.com.bd/add-doctor/dr-abidur-rahman/,,
Dr. Kazi Mahfuzur Rahman,"MBBS, DCH",Child Diseases Specialist,"Assistant Professor, Pediatrics",Chattogram Maa-O-Shishu Hospital Medical College,Chittagong,https://doctorsdirectory.com.bd/wp-content/uploads/2025/01/Dr.-Kazi-Mahfuzur-Rahman.jpg,https://doctorsdirectory.com.bd/add-doctor/dr-kazi-mahfuzur-rahman/,,
Dr. Abida Sultana Rina,"MBBS (CMC), DCH, FCPS (Pediatrics)",Newborn & Child Diseases Specialist,"Associate Professor & Head, Pediatrics",Cox’s Bazar Medical College & Hospital,Chittagong,https://doctorsdirectory.com.bd/wp-content/uploads/2025/01/Dr.-Abida-Sultana-Rina.jpg,https://doctorsdirectory.com.bd/add-doctor/dr-abida-sultana-rina/,,
Dr. Mohammad Rezaul Karim,"MBBS, DCH, FCPS (Pediatrics)",Child Diseases Specialist,"Consultant, Pediatrics",Cox’s Bazar District Hospital,Chittagong,https://doctorsdirectory.com.bd/wp-content/uploads/2025/01/Dr.-Mohammad-Rezaul-Karim.jpg,https://doctorsdirectory.com.bd/add-doctor/dr-mohammad-rezaul-karim/,,
Dr. Rummana Khan,"MBBS (DMC), MD (Pediatrics)",Neonatal & Child Diseases Specialist, Chittagong,Parkview Hospital,"Consultant, Pediatrics",Chittagong,https://doctorsdirectory.com.bd/wp-content/uploads/2025/01/Dr.-Rummana-Khan.jpg,https://doctorsdirectory.com.bd/add-doctor/dr-rummana-khan/,
Dr. Md. Farhad Uddin,"MBBS (DMC), MD (Pediatrics)",Newborn & Child Diseases Specialist, Chittagong,Max Hospital & Diagnostic,"Specialist, Pediatrics",Chittagong,https://doctorsdirectory.com.bd/wp-content/uploads/2025/01/Dr.-Md.-Farhad-Uddin.jpg,https://doctorsdirectory.com.bd/add-doctor/dr-md-farhad-uddin/,
Dr. Sanat Kumar Barua,"MBBS (CMC), DCH (BIRDEM), FCPS (Pediatrics)",Child Diseases Specialist,"Consultant, Pediatrics",Chittagong Medical College & Hospital,Chittagong,https://doctorsdirectory.com.bd/wp-content/uploads/2025/01/Dr.-Sanat-Kumar-Barua.jpg,https://doctorsdirectory.com.bd/add-doctor/dr-sanat-kumar-barua/,,
Dr. Nushrat Jahan,"MBBS, FCPS (Pediatrics), MD (Neonatology)","Newborn, Adolescent & Child Diseases Specialist","Assistant Professor, Neonatology",Chittagong Medical College & Hospital,Chittagong,https://doctorsdirectory.com.bd/wp-content/uploads/2025/01/Dr.-Nushrat-Jahan.jpg,https://doctorsdirectory.com.bd/add-doctor/dr-nushrat-jahan-ctg/,,
Dr. Arnab Chowdhury,"MBBS, MCPS, FCPS (Pediatrics)",Child Diseases Specialist, Chittagong,Mount Hospital Ltd,"Consultant, Pediatrics",Chittagong,https://doctorsdirectory.com.bd/wp-content/uploads/2025/01/Dr.-Arnab-Chowdhury.jpg,https://doctorsdirectory.com.bd/add-doctor/dr-arnab-chowdhury/,
Dr. Pradip Kumar Sarker,"MBBS, DCH, FCPS (Pediatrics)","Newborn, Adolescent & Child Diseases Specialist", Chittagong,Epic Healthcare,"Senior Consultant, Pediatrics",Chittagong,https://doctorsdirectory.com.bd/wp-content/uploads/2025/01/Dr.-Pradip-Kumar-Sarker.jpg,https://doctorsdirectory.com.bd/add-doctor/dr-pradip-kumar-sarker/,
Prof. Dr. Mohammad Masud Karim,"MBBS, BCS (Health), DCH, MD (Child)",Child Diseases Specialist,"Professor & Head, Pediatrics",Cox’s Bazar Medical College & Hospital,Chittagong,https://doctorsdirectory.com.bd/wp-content/uploads/2025/01/Prof.-Dr.-Mohammad-Masud-Karim.jpg,https://doctorsdirectory.com.bd/add-doctor/prof-dr-mohammad-masud-karim/,,
Dr. Mohammad Khaled Hossain,"MBBS (DMC), BCS (Health), FCPS (Pediatrics)",Child Diseases Specialist, Chittagong,Parkview Hospital,"Consultant, Pediatrics",Chittagong,https://doctorsdirectory.com.bd/wp-content/uploads/2025/02/Dr.-Mohammad-Khaled-Hossain.jpg,https://doctorsdirectory.com.bd/add-doctor/dr-mohammad-khaled-hossain/,
Prof. Dr. Muslim Uddin Sobuj,"MBBS, DCH, MD (Child Health)","Newborn, Adolescent & Child Diseases Specialist","Professor & Head, Pediatrics",Chittagong Medical College & Hospital,Chittagong,https://doctorsdirectory.com.bd/wp-content/uploads/2025/02/Prof.-Dr.-Muslim-Uddin-Sobuj.jpg,https://doctorsdirectory.com.bd/add-doctor/prof-dr-muslim-uddin-sobuj/,,
Dr. T.K. Roy,"MBBS, FCPS (Pediatrics), PGPN (Child Nutrition, USA)",Neonatal & Child Diseases Specialist, USTC,Bangabandhu Memorial Hospital, Chittagong,"Assistant Professor, Pediatrics",Chittagong,https://doctorsdirectory.com.bd/wp-content/uploads/2025/02/Dr.-T.K.-Roy.jpg,https://doctorsdirectory.com.bd/add-doctor/dr-t-k-roy/
Dr. Fahima Afrin Jhinu,"MBBS, BCS (Health), MD (Dermatology)",Skin & Venereal Diseases Specialist,"Consultant, Dermatology",Chittagong Medical College & Hospital,Chittagong,https://doctorsdirectory.com.bd/wp-content/uploads/2025/01/Dr.-Fahima-Afrin-Jhinu.jpg,https://doctorsdirectory.com.bd/add-doctor/dr-fahima-afrin-jhinu/,,
Dr. Nushrat Zahan Khondaker,"MBBS, CCD (BIRDEM), PGT (Medicine & Dermatology)","Skin, Allergy, Venereal Disease & Anti-Aging Specialist", Chittagong,Labaid Diagnostic,"Consultant, Dermatology",Chittagong,https://doctorsdirectory.com.bd/wp-content/uploads/2025/01/Dr.-Nushrat-Zahan-Khondaker.jpg,https://doctorsdirectory.com.bd/add-doctor/dr-nushrat-zahan-khondaker/,
Dr. Nishith Ranjan Dey,"MBBS, FRCP, MD (SKIN & VD)","Aesthetic Dermatology, Cosmetology & Regenerative Medicine Specialist","Associate Professor, Dermatology",Chittagong Medical College & Hospital,Chittagong,https://doctorsdirectory.com.bd/wp-content/uploads/2025/02/Dr.-Nishith-Ranjan-Dey.jpg,https://doctorsdirectory.com.bd/add-doctor/dr-nishith-ranjan-dey/,,
Dr. Pritish Barua,"MBBS (CU), DGUM (UK), DD (Australia)","Skin, Allergy, Hair, Nail, Sexual Diseases Specialist", Chittagong,Lab One Health Services,"Consultant, Dermatology & Venereology",Chittagong,https://doctorsdirectory.com.bd/wp-content/uploads/2025/02/Dr.-Pritish-Barua.jpg,https://doctorsdirectory.com.bd/add-doctor/dr-pritish-barua/,
Dr. Feroza Meher,"MBBS (CMC), Post Graduate Diploma in Dermatology (South Wales University, UK)",Aesthetic Dermatology & Cosmetology Specialist, Chattogram,Surecell Medical,"Consultant, Dermatology",Chittagong,https://doctorsdirectory.com.bd/wp-content/uploads/2025/02/Dr.-Feroza-Meher.jpg,https://doctorsdirectory.com.bd/add-doctor/dr-feroza-meher/,
Dr. Mohammadul Haque Mezbah,"MBBS, BCS (Health), DO (BSMMU), MCPS (EYE)",Eye Specialist & Phaco Surgeon,"Consultant, Ophthalmology",Chittagong Medical College & Hospital,Chittagong,https://doctorsdirectory.com.bd/wp-content/uploads/2025/02/Dr.-Mohammadul-Haque-Mezbah.jpg,https://doctorsdirectory.com.bd/add-doctor/dr-mohammadul-haque-mezbah/,,
Dr. Abul Quasem,"MBBS, DO",Eye Specialist & Phaco Surgeon,"Associate Professor, Ophthalmology",Chittagong Eye Infirmary & Training Complex,Chittagong,https://doctorsdirectory.com.bd/wp-content/uploads/2025/01/Dr.-Abul-Quasem.jpg,https://doctorsdirectory.com.bd/add-doctor/dr-abul-quasem/,,
Dr. A.H.M. Mohiuddin,"MBBS, DO",Eye Specialist & Phaco Surgeon,"Consultant, Ophthalmology",Chittagong Eye Infirmary & Training Complex,Chittagong,https://doctorsdirectory.com.bd/wp-content/uploads/2025/01/Dr.-A.H.M.-Mohiuddin.jpg,https://doctorsdirectory.com.bd/add-doctor/dr-a-h-m-mohiuddin/,,
Dr. SM. Mizanul Hoque,"MBBS, DCO, Training in Phaco Surgery",Eye Specialist & Phaco Surgeon, Chittagong,Lions Charitable Eye Hospital,"Consultant, Ophthalmology",Chittagong,https://doctorsdirectory.com.bd/wp-content/uploads/2025/02/Dr.-SM.-Mizanul-Hoque.jpg,https://doctorsdirectory.com.bd/add-doctor/dr-sm-mizanul-hoque/,
Dr. Sheikh Mohammad Murad,"MBBS, MCPS (EYE), Training (Phaco Surgery)",Eye Specialist & Phaco Surgeon, Chittagong,Lions Charitable Eye Hospital,"Consultant, Ophthalmology",Chittagong,https://doctorsdirectory.com.bd/wp-content/uploads/2025/02/Dr.-Sheikh-Mohammad-Murad.jpg,https://doctorsdirectory.com.bd/add-doctor/dr-sheikh-mohammad-murad/,
Prof. Dr. Mohammad Al-Amin,"MBBS, BCS (Health), DO, MS (EYE)","Cornea, Phaco & Lasik Specialist","Professor, Eye",Chittagong Medical College & Hospital,Chittagong,https://doctorsdirectory.com.bd/wp-content/uploads/2025/01/Prof.-Dr.-Mohammad-Al-Amin.jpg,https://doctorsdirectory.com.bd/add-doctor/prof-dr-mohammad-al-amin/,,
Prof. Dr. Mohammad Omar Faruque,"MBBS, DO, FCPS (EYE)","Glaucoma, Phaco & Eye Specialist Surgeon","Professor, Glaucoma",Chittagong Medical College & Hospital,Chittagong,https://doctorsdirectory.com.bd/wp-content/uploads/2025/01/Prof.-Dr.-Mohammad-Omar-Faruque.jpg,https://doctorsdirectory.com.bd/add-doctor/prof-dr-mohammad-omar-faruque/,,
Dr. Md. Ibrahim Khalil,"MBBS, BCS (Health), MD (Neurology)",Neuromedicine Specialist,"Assistant Professor, Neurology",Chittagong Medical College & Hospital,Chittagong,https://doctorsdirectory.com.bd/wp-content/uploads/2025/01/Dr.-Md.-Ibrahim-Khalil.jpg,https://doctorsdirectory.com.bd/add-doctor/dr-md-ibrahim-khalil/,,
Dr. Mostafa Tarek Ullah,"MBBS (DMC), BCS (Health), MD (Neurology)",Neuromedicine Specialist,"Consultant, Neurology",Chittagong Medical College & Hospital,Chittagong,https://doctorsdirectory.com.bd/wp-content/uploads/2025/01/Dr.-Mostafa-Tarek-Ullah.jpg,https://doctorsdirectory.com.bd/add-doctor/dr-mostafa-tarek-ullah/,,
Dr. Lutfur Rahman,"MBBS, FCPS (Medicine), MD (Neurology)",Neuromedicine Specialist, Chittagong,General Hospital,"Senior Consultant, Neuromedicine",Chittagong,https://doctorsdirectory.com.bd/wp-content/uploads/2025/01/Dr.-Lutfur-Rahman.jpg,https://doctorsdirectory.com.bd/add-doctor/dr-lutfur-rahman/,
Dr. Bipul Kanti Paul,"MBBS, MCPS (Medicine), MD (Neuromedicine)",Neuromedicine Specialist,"Consultant, Neuromedicine",National Institute of Neurosciences & Hospital,Chittagong,https://doctorsdirectory.com.bd/wp-content/uploads/2025/01/Dr.-Bipul-Kanti-Paul.jpg,https://doctorsdirectory.com.bd/add-doctor/dr-bipul-kanti-paul/,,
Dr. Soumitra Das,"MBBS, MD (Neurology)",Neuromedicine Specialist, Chittagong,General Hospital,"Junior Consultant, Neuromedicine",Chittagong,https://doctorsdirectory.com.bd/wp-content/uploads/2025/01/Dr.-Soumitra-Das.jpg,https://doctorsdirectory.com.bd/add-doctor/dr-soumitra-das/,
Prof. Dr. Suvash Ranjan Dey,"MBBS, DA (DU), MD (Neurology)",Neuromedicine Specialist,"Professor & Head, Neurology",Chattogram Maa-O-Shishu Hospital Medical College,Chittagong,https://doctorsdirectory.com.bd/wp-content/uploads/2025/01/Prof.-Dr.-Suvash-Ranjan-Dey.jpg,https://doctorsdirectory.com.bd/add-doctor/prof-dr-suvash-ranjan-dey/,,
Prof. Dr. Muhammad Ishaque,"MBBS, FCPS (Medicine), MD (Neurology)",Neuromedicine Specialist, Chittagong,General Hospital,"Former Head, Neuromedicine",Chittagong,https://doctorsdirectory.com.bd/wp-content/uploads/2025/01/Prof.-Dr.-Muhammad-Ishaque.jpg,https://doctorsdirectory.com.bd/add-doctor/prof-dr-muhammad-ishaque/,
Dr. Md. Faruk Ahmed,"MBBS, MS (Urology)",Urology Specialist & Surgeon,"Assistant Professor, Urology",Chittagong Medical College & Hospital,Chittagong,https://doctorsdirectory.com.bd/wp-content/uploads/2025/01/Dr.-Md.-Faruk Ahmed.jpg,https://doctorsdirectory.com.bd/add-doctor/dr-md-faruk-ahmed/,,
Dr. Mohammad Mostafa Monowar,"MBBS, MCPS, MD (Nephrology), FRCP, Fellow (ISN), FASN (USA)","Kidney Specialist, Interventional Nephrologist","Consultant, Nephrology",Max Hospital & Diagnostic,Chittagong,https://doctorsdirectory.com.bd/wp-content/uploads/2025/01/Dr.-Mohammad-Mostafa-Monowar.jpg,https://doctorsdirectory.com.bd/add-doctor/dr-mohammad-mostafa-monowar/,,
Dr. Md. Main Uddin Mahmud,"MBBS (DMC), BCS, MD (Nephrology)",Kidney Diseases & Medicine Specialist,"Registrar, Nephrology",Chittagong Medical College & Hospital,Chittagong,https://doctorsdirectory.com.bd/wp-content/uploads/2025/01/Dr.-Md.-Main-Uddin-Mahmud.jpg,https://doctorsdirectory.com.bd/add-doctor/dr-md-main-uddin-mahmud/,,
Dr. Nur Nobi Bitu,"MBBS (DMC), BCS (Health), MD (Nephrology)",Kidney Diseases & Medicine Specialist,"Assistant Professor, Nephrology",Chittagong Medical College & Hospital,Chittagong,https://doctorsdirectory.com.bd/wp-content/uploads/2025/01/Dr.-Nur-Nobi-Bitu.jpg,https://doctorsdirectory.com.bd/add-doctor/dr-nur-nobi-bitu/,,
Dr. Kamrul Hasan,"MBBS (Dhaka), BCS (Health), MD (Nephrology)",Kidney Diseases Specialist,"Assistant Professor, Nephrology",Chittagong Medical College & Hospital,Chittagong,https://doctorsdirectory.com.bd/wp-content/uploads/2025/01/Dr.-Kamrul-Hasan-Kidney.jpg,https://doctorsdirectory.com.bd/add-doctor/dr-kamrul-hasan-kidney/,,
Dr. Muhammad Shofiur Rahman,"MBBS, MD (Nephrology)",Kidney Diseases & Medicine Specialist,"Assistant Professor, Nephrology",Chittagong Medical College & Hospital,Chittagong,https://doctorsdirectory.com.bd/wp-content/uploads/2025/01/Dr.-Muhammad-Shofiur-Rahman.jpg,https://doctorsdirectory.com.bd/add-doctor/dr-muhammad-shofiur-rahman/,,
Dr. Md. Nazibur Rahman Khokon,"MBBS, MCPS (Medicine), MD (Rheumatology), ECRD (Switzerland)","Rheumatology, Arthritis & Medicine Specialist", Chittagong,Parkview Hospital Ltd,"Consultant, Medicine",Chittagong,https://doctorsdirectory.com.bd/wp-content/uploads/2025/02/Dr.-Md.-Nazibur-Rahman-Khokon.jpg,https://doctorsdirectory.com.bd/add-doctor/dr-md-nazibur-rahman-khokon/,
Dr. Mohammed Badruddoza,"MBBS, FCPS (Surgery), MS (Neurosurgery)","Brain, Nerve, Spinal Cord & Tumor Specialist Surgeon", USTC,Bangabandhu Memorial Hospital, Chittagong,"Associate Professor, Neurosurgery",Chittagong,https://doctorsdirectory.com.bd/wp-content/uploads/2025/01/Dr.-Mohammed-Badruddoza.jpg,https://doctorsdirectory.com.bd/add-doctor/dr-mohammed-badruddoza/
Dr. Aminur Rahman Azad,"MBBS, MS (Neurosurgery)","Neurosurgery (Brain, Stroke, Spine Surgery) Specialist","Fellow Micro Neurosurgery (Japan), Fellow Endoscopy & Microscopy (Japan), Neurosurgery (Germany)",Chittagong Medical College & Hospital,Chittagong,https://doctorsdirectory.com.bd/wp-content/uploads/2025/02/Dr.-Aminur-Rahman-Azad.jpg,https://doctorsdirectory.com.bd/add-doctor/dr-aminur-rahman-azad/,,
Dr. Md. Ibrahim Khalil,"MBBS, BCS (Health), MD (Neurology)",Neuromedicine Specialist,"Assistant Professor, Neurology",Chittagong Medical College & Hospital,Chittagong,https://doctorsdirectory.com.bd/wp-content/uploads/2025/01/Dr.-Md.-Ibrahim-Khalil.jpg,https://doctorsdirectory.com.bd/add-doctor/dr-md-ibrahim-khalil/,,
Dr. Mostafa Tarek Ullah,"MBBS (DMC), BCS (Health), MD (Neurology)",Neuromedicine Specialist,"Consultant, Neurology",Chittagong Medical College & Hospital,Chittagong,https://doctorsdirectory.com.bd/wp-content/uploads/2025/01/Dr.-Mostafa-Tarek-Ullah.jpg,https://doctorsdirectory.com.bd/add-doctor/dr-mostafa-tarek-ullah/,,
Dr. Mahfuzur Rahman,MBBS MD (Cardiology),"Cardiology (Heart Diseases, Hypertension, Rheumatic Fever) Specialist",Consultant,Khulna Medical College & Hospital,Khulna,https://doctorsdirectory.com.bd/wp-content/uploads/2025/02/Dr.-Md.-Mahfuzur-Rahman-Khulna-5.jpg,https://doctorsdirectory.com.bd/add-doctor/dr-md-mahfuzur-rahman-khulna-5/,,
Dr. Md. Shamsul Alam,"MBBS (DMC), BCS (Health), MS (Surgery), MS (Urology)","Urology (Kidney, Bladder, Prostate) Specialist Surgeon",Senior Consultant,Shaheed Shaikh Abu-Naser Specialized Hospital,Khulna,https://doctorsdirectory.com.bd/wp-content/uploads/2025/02/Dr.-Md.-Shamsul-Alam-Khulna-4.jpg,https://doctorsdirectory.com.bd/add-doctor/dr-md-shamsul-alam-khulna-4/,,
Dr. Uttam Kumar Saha,"MBBS (DMC), BCS (Health), MD (Cardiology)","Cardiology (Heart Diseases, Hypertension, Rheumatic Fever) Specialist",Associate Professor,Khulna Medical College & Hospital,Khulna,https://doctorsdirectory.com.bd/wp-content/uploads/2025/02/Dr.-Uttam-Kumar-Saha-Khulna-4.jpg,https://doctorsdirectory.com.bd/add-doctor/dr-uttam-kumar-saha-khulna-4/,,
Dr. Md. Mostafizur Rahman,"MBBS (DMC), BCS (Health), FCPS (Medicine)","Medicine, Diabetes, Arthritis & Rheumatic Fever Specialist",Assistant Professor,Khulna Medical College & Hospital,Khulna,https://doctorsdirectory.com.bd/wp-content/uploads/2025/02/Dr.-Md.-Mostafizur-Rahman-Khulna-5.jpg,https://doctorsdirectory.com.bd/add-doctor/dr-md-mostafizur-rahman-khulna-5/,,
Dr. Md. Shafiul Islam,"MBBS (DMC), BCS (Health), MS (ENT)","Ear, Nose, Throat Specialist & Head Neck Surgeon",Associate Professor,Khulna Medical College & Hospital,Khulna,https://doctorsdirectory.com.bd/wp-content/uploads/2025/02/Dr.-Md.-Shafiul-Islam-Khulna-5.jpg,https://doctorsdirectory.com.bd/add-doctor/dr-md-shafiul-islam-khulna-5/,,
Dr. S.M. Ali Ahmed Nazmul,"MBBS (DMC), BCS (Health), DDV, MD (Dermatology)","Skin, Allergy, Venereal Diseases & Sexual Specialist",Assistant Professor,Khulna Medical College & Hospital,Khulna,https://doctorsdirectory.com.bd/wp-content/uploads/2025/02/Dr.-S.M.-Ali-Ahmed-Nazmul-Khulna-5.jpg,https://doctorsdirectory.com.bd/add-doctor/dr-s-m-ali-ahmed-nazmul-khulna-5/,,
Dr. Dilshad Zahira,"MBBS (DMC), BCS (Health), FCPS (Obs & Gynae)","Gynecology, Obstetrics Specialist & Surgeon",Associate Professor,Khulna Medical College & Hospital,Khulna,https://doctorsdirectory.com.bd/wp-content/uploads/2025/02/Dr.-Dilshad-Zahira-Khulna-4.jpg,https://doctorsdirectory.com.bd/add-doctor/dr-dilshad-zahira-khulna-4/,,
Dr. Md. Aminul Huq Khan,"MBBS (DMC), BCS (Health), MS (Surgery)",General & Laparoscopic Specialist Surgeon,Assistant Professor,Khulna Medical College & Hospital,Khulna,https://doctorsdirectory.com.bd/wp-content/uploads/2025/02/Dr.-Md.-Aminul-Huq-Khan-Khulna-4.jpg,https://doctorsdirectory.com.bd/add-doctor/dr-md-aminul-huq-khan-khulna-4/,,
Dr. S.M. Noble Kumar Barua,"MBBS (DMC), BCS (Health), MS (Neurosurgery)","Brain, Nerve, Spinal Cord Surgeon & Neuromedicine Specialist",Assistant Professor,Shaheed Shaikh Abu-Naser Specialized Hospital,Khulna,https://doctorsdirectory.com.bd/wp-content/uploads/2025/02/Dr.-S.M.-Noble-Kumar-Barua-Khulna-5.jpg,https://doctorsdirectory.com.bd/add-doctor/dr-s-m-noble-kumar-barua-khulna-5/,,
Dr. Md. Tariqul Alam,"MBBS (DMC), BCS (Health), MS (Orthopedics)","Orthopedic, Spine, Trauma Specialist Surgeon",Senior Consultant,Shaheed Shaikh Abu-Naser Specialized Hospital,Khulna,https://doctorsdirectory.com.bd/wp-content/uploads/2025/02/Dr.-Md.-Tariqul-Alam-Khulna-5.jpg,https://doctorsdirectory.com.bd/add-doctor/dr-md-tariqul-alam-khulna-5/,,
Dr. Dipok Kumar Mondal,"MBBS (DMC), BCS (Health), MS (Neurosurgery)","Brain, Nerve & Spine Specialist Surgeon",Assistant Professor,Khulna Medical College & Hospital,Khulna,https://doctorsdirectory.com.bd/wp-content/uploads/2025/02/Dr.-Dipok-Kumar-Mondal-Khulna-4.jpg,https://doctorsdirectory.com.bd/add-doctor/dr-dipok-kumar-mondal-khulna-4/,,
Dr. Sheikh Amir Hossain,"MBBS (DMC), BCS (Health), MD (Medicine)","Medicine, Diabetes, Arthritis & High Blood Pressure Specialist",Associate Professor,Khulna Medical College & Hospital,Khulna,https://doctorsdirectory.com.bd/wp-content/uploads/2025/02/Dr.-Sheikh-Amir-Hossain-Khulna-4.jpg,https://doctorsdirectory.com.bd/add-doctor/dr-sheikh-amir-hossain-khulna-4/,,
Dr. Ashfaquzzaman,"MBBS (DMC), BCS (Health), MS (Surgery)","General, Laparoscopic & Colorectal Specialist Surgeon",Associate Professor,Khulna Medical College & Hospital,Khulna,https://doctorsdirectory.com.bd/wp-content/uploads/2025/02/Dr.-Ashfaquzzaman-Khulna-4.jpg,https://doctorsdirectory.com.bd/add-doctor/dr-ashfaquzzaman-khulna-4/,,
Dr. Md. Humayun Kabir,"MBBS (DMC), BCS (Health), MD (Neurology)","Neuromedicine (Brain, Stroke, Nerve, Spine, Headache) Specialist",Consultant,Shaheed Shaikh Abu-Naser Specialized Hospital,Khulna,https://doctorsdirectory.com.bd/wp-content/uploads/2025/02/Dr.-Md.-Humayun-Kabir-Khulna-5.jpg,https://doctorsdirectory.com.bd/add-doctor/dr-md-humayun-kabir-khulna-5/,,
Dr. S.M. Muniruzzaman,"MBBS (DMC), BCS (Health), FCPS (Surgery), MS (Surgery)","General, Laparoscopic, Colorectal & Cancer Surgeon",Associate Professor,Khulna Medical College & Hospital,Khulna,https://doctorsdirectory.com.bd/wp-content/uploads/2025/02/Dr.-S.M.-Muniruzzaman-Khulna-4.jpg,https://doctorsdirectory.com.bd/add-doctor/dr-s-m-muniruzzaman-khulna-4/,,
Dr. Md. Saiful Islam,"MBBS (DMC), BCS (Health), FCPS (Surgery)","General, Laparoscopic, Colorectal & Cancer Surgeon",Assistant Professor,Khulna Medical College & Hospital,Khulna,https://doctorsdirectory.com.bd/wp-content/uploads/2025/02/Dr.-Md.-Saiful-Islam-Surgery-Khulna-5.jpg,https://doctorsdirectory.com.bd/add-doctor/dr-md-saiful-islam-surgery-khulna-5/,,
Dr. Rabindra Nath Mondal,"MBBS (DMC), BCS (Health), MD (Cardiology)","Cardiology (Heart Diseases, Hypertension, Rheumatic Fever) Specialist",Assistant Professor,Khulna Medical College & Hospital,Khulna,https://doctorsdirectory.com.bd/wp-content/uploads/2025/02/Dr.-Rabindra-Nath-Mondal-Khulna-4.jpg,https://doctorsdirectory.com.bd/add-doctor/dr-rabindra-nath-mondal-khulna-4/,,
Dr. Md. Sirajum Munir,"MBBS, BCS (Health), MD (Cardiology)","Heart Diseases, Medicine, Hypertension, Rheumatic Fever Specialist",Assistant Professor,Kushtia Medical College & Hospital,Khulna,https://doctorsdirectory.com.bd/wp-content/uploads/2025/02/Dr.-Md.-Sirajum-Munir.jpg,https://doctorsdirectory.com.bd/add-doctor/dr-md-sirajum-munir/,,
Dr. Debashis Paul,"MBBS (DMC), FCPS (Surgery), FMAS (Laparoscopy, India)",General & Laparoscopic Surgery Specialist,Assistant Professor,Kushtia Medical College & Hospital,Khulna,https://doctorsdirectory.com.bd/wp-content/uploads/2025/02/Dr.-Debashis-Paul.jpg,https://doctorsdirectory.com.bd/add-doctor/dr-debashis-paul/,,
Dr. Sabiha Akter,"MBBS, BCS (Health), FCPS (CHILD)","Newborn, Adolescent & Child Diseases Specialist",Assistant Professor,Kushtia Medical College & Hospital,Khulna,https://doctorsdirectory.com.bd/wp-content/uploads/2025/02/Dr.-Sabiha-Akter.jpg,https://doctorsdirectory.com.bd/add-doctor/dr-sabiha-akter/,,
Dr. Md. Shahin Akter Sumon,"MBBS, BCS, MD (CHILD), FCPS (FP)","Child, Newborn & Adolescent Diseases Specialist",Consultant,Kushtia Medical College & Hospital,Khulna,https://doctorsdirectory.com.bd/wp-content/uploads/2025/02/Dr.-Md.-Shahin-Akter-Sumon.jpg,https://doctorsdirectory.com.bd/add-doctor/dr-md-shahin-akter-sumon/,,
Dr. Mohajer Mohiuddin,"BDS, PGT (Oral & Maxillofacial Surgery), PGT (Orthodontics)",General Dentist & Cosmetics Dentistry Specialist,Specialist,TMC Diagnostic & Hospital, Mymensingh,Mymensingh,https://doctorsdirectory.com.bd/wp-content/uploads/2025/01/Dr.-Mohajer-Mohiuddin.jpg,https://doctorsdirectory.com.bd/add-doctor/dr-mohajer-mohiuddin/,
Prof. Dr. M. Karim Khan,"MBBS, DPED (Vienna), MCPS (Pediatrics), DCH (Glasgow), DTM&H (UK), MPH (DU)","Newborn, Child & Adolescent Diseases Specialist",Professor,Community Based Medical College & Hospital,Mymensingh,https://doctorsdirectory.com.bd/wp-content/uploads/2025/01/Prof.-Dr.-M.-Karim-Khan.jpg,https://doctorsdirectory.com.bd/add-doctor/prof-dr-m-karim-khan/,,
Dr. M. Asraful Siddike Pathan,"MBBS, MPhil (Psychiatry)","Mental Health, Drug Addiction & Psychiatry Specialist",Associate Professor & Head,Mymensingh Medical College & Hospital,Mymensingh,https://doctorsdirectory.com.bd/wp-content/uploads/2025/01/Dr.-Asraful-Siddike-Pathan.jpg,https://doctorsdirectory.com.bd/add-doctor/dr-m-asraful-siddike-pathan/,,
Dr. Md. Emdadul Haque,"MBBS, BCS (Health), MD (Cardiology)","Cardiology (Heart Diseases, Hypertension, Rheumatic Fever) Specialist",Assistant Professor,Mymensingh Medical College & Hospital,Mymensingh,https://doctorsdirectory.com.bd/wp-content/uploads/2025/01/Dr.-Md.-Emdadul-Haque.jpg,https://doctorsdirectory.com.bd/add-doctor/dr-md-emdadul-haque/,,
Dr. Mohammad Mizanur Rahman,"MBBS, MCPS, FCPS (Surgery), MS (Surgery)","General, Laparoscopic & Colorectal Surgeon",Assistant Professor,Mymensingh Medical College & Hospital,Mymensingh,https://doctorsdirectory.com.bd/wp-content/uploads/2025/01/Dr.-Mohammad-Mizanur-Rahman.jpg,https://doctorsdirectory.com.bd/add-doctor/dr-mohammad-mizanur-rahman-mym/,,
Dr. Md. Khorshed Alam,"MBBS, FCPS (Surgery), MS (Surgery)","General, Laparoscopic & Cancer Surgeon",Associate Professor,Mymensingh Medical College & Hospital,Mymensingh,https://doctorsdirectory.com.bd/wp-content/uploads/2025/01/Dr.-Md.-Khorshed-Alam.jpg,https://doctorsdirectory.com.bd/add-doctor/dr-md-khorshed-alam-mym/,,
Dr. Md. Abu Sayeed,"MBBS, BCS (Health), MD (Internal Medicine)",Medicine Specialist,Consultant,Mymensingh Medical College & Hospital,Mymensingh,https://doctorsdirectory.com.bd/wp-content/uploads/2025/01/Dr.-Md.-Abu-Sayeed-Mym.jpg,https://doctorsdirectory.com.bd/add-doctor/dr-md-abu-sayeed-mym/,,
Dr. Muhammad Shofiur Rahman,"MBBS, MD (Nephrology)",Kidney Diseases & Medicine Specialist,Assistant Professor,Mymensingh Medical College & Hospital,Mymensingh,https://doctorsdirectory.com.bd/wp-content/uploads/2025/01/Dr.-Muhammad-Shofiur-Rahman-Mym.jpg,https://doctorsdirectory.com.bd/add-doctor/dr-muhammad-shofiur-rahman-mym/,,
Dr. Md. Habibur Rahman,"MBBS, FCPS (ENT)","Ear, Nose, Throat Specialist & Head Neck Surgeon",Associate Professor,Mymensingh Medical College & Hospital,Mymensingh,https://doctorsdirectory.com.bd/wp-content/uploads/2025/01/Dr.-Md.-Habibur-Rahman-Mym.jpg,https://doctorsdirectory.com.bd/add-doctor/dr-md-habibur-rahman-mym/,,
Dr. Dilruba Akter,"MBBS, BCS (Health), FCPS (Obs & Gynae)","Gynecology, Obstetrics Specialist & Surgeon",Assistant Professor,Mymensingh Medical College & Hospital,Mymensingh,https://doctorsdirectory.com.bd/wp-content/uploads/2025/01/Dr.-Dilruba-Akter.jpg,https://doctorsdirectory.com.bd/add-doctor/dr-dilruba-akter/,,
Dr. Md. Shah Alam,"MBBS, MS (Neurosurgery)","Brain, Nerve & Spine Specialist Surgeon",Assistant Professor,Mymensingh Medical College & Hospital,Mymensingh,https://doctorsdirectory.com.bd/wp-content/uploads/2025/01/Dr.-Md.-Shah-Alam.jpg,https://doctorsdirectory.com.bd/add-doctor/dr-md-shah-alam-mym/,,
Dr. Afroza Islam,"MBBS, BCS (Health), FCPS (Surgery)",Breast & Colorectal Surgeon,Assistant Professor,Mymensingh Medical College & Hospital,Mymensingh,https://doctorsdirectory.com.bd/wp-content/uploads/2025/01/Dr.-Afroza-Islam.jpg,https://doctorsdirectory.com.bd/add-doctor/dr-afroza-islam/,,
Dr. Jahir Uddin Mohammed Sharif,"MBBS, BCS (Health), FCPS (Medicine), MD (Medicine), MACP (USA)",Cardiology & Medicine Specialist,Junior Consultant,Mymensingh Medical College & Hospital,Mymensingh,https://doctorsdirectory.com.bd/wp-content/uploads/2025/01/Dr.-Jahir-Uddin-Mohammed-Sharif.jpg,https://doctorsdirectory.com.bd/add-doctor/dr-jahir-uddin-mohammed-sharif/,,
Dr. Gobinda Kanti Pal,"MBBS, BCS (Health), FCPS (Medicine), MD (Cardiology)","Cardiology, Medicine & Rheumatology Specialist",Assistant Professor,Mymensingh Medical College & Hospital,Mymensingh,https://doctorsdirectory.com.bd/wp-content/uploads/2025/01/Dr.-Gobinda-Kanti-Pal.jpg,https://doctorsdirectory.com.bd/add-doctor/dr-gobinda-kanti-pal/,,
Dr. Md. Azizul Haque,"MBBS, MD (Cardiology)",Cardiology Specialist,Professor,Mymensingh Medical College & Hospital,Mymensingh,,https://doctorsdirectory.com.bd/add-doctor/prof-dr-md-azizul-haque/,,
Dr. Shams-Ul Islam Zakaria,BDS PGT DDC,"Orthodontic, Root Canal & Maxillofacial Surgery Specialist",Specialist,"Namira Oro-Dental Care, Bogura",Rajshahi,https://doctorsdirectory.com.bd/wp-content/uploads/2025/10/Dr.-Shams-Ul-Islam-Zakaria.png,https://doctorsdirectory.com.bd/add-doctor/dr-shams-ul-islam-zakaria/,,
Dr. Jannat-ul Ferdous Baishakhi,"MBBS, BCS (Health), PGT (OBGYN)","Gynecology, Obstetrics Specialist & Surgeon",UH & FPO,"Santhia Upazila Health Complex, Pabna",Rajshahi,https://doctorsdirectory.com.bd/wp-content/uploads/2025/02/Dr.-Jannat-ul-Ferdous-Baishakhi.jpg,https://doctorsdirectory.com.bd/add-doctor/dr-jannat-ul-ferdous-baishakhi/,,
Dr. Shamima Khatun Poly,"MBBS, BCS (Health), FCPS (OBGYN)","Gynecology, Obstetrics Specialist & Laparoscopic Surgeon",Consultant,Pabna General Hospital,Rajshahi,https://doctorsdirectory.com.bd/wp-content/uploads/2025/02/Dr.-Shamima-Khatun-Poly.jpg,https://doctorsdirectory.com.bd/add-doctor/dr-shamima-khatun-poly/,,
Dr. Pradip Kumar Sarker,"MBBS, DCH, FCPS (Pediatrics)","Newborn, Adolescent & Child Diseases Specialist",Senior Consultant,Epic Healthcare,Rajshahi,https://doctorsdirectory.com.bd/wp-content/uploads/2025/01/Dr.-Pradip-Kumar-Sarker.jpg,https://doctorsdirectory.com.bd/add-doctor/dr-pradip-kumar-sarker-raj/,,
Dr. Romen Das,"MBBS (CMC), BCS (Health), MD (Endocrinology)","Diabetes, Thyroid & Hormone Specialist",Consultant,Rajshahi Medical College & Hospital,Rajshahi,https://doctorsdirectory.com.bd/wp-content/uploads/2025/01/Dr.-Romen-Das-Raj.jpg,https://doctorsdirectory.com.bd/add-doctor/dr-romen-das-raj/,,
Dr. Fahima Afrin Jhinu,"MBBS, BCS (Health), MD (Dermatology)",Skin & Venereal Diseases Specialist,Consultant,Rajshahi Medical College & Hospital,Rajshahi,https://doctorsdirectory.com.bd/wp-content/uploads/2025/01/Dr.-Fahima-Afrin-Jhinu-Raj.jpg,https://doctorsdirectory.com.bd/add-doctor/dr-fahima-afrin-jhinu-raj/,,
Dr. Md. Saiful Islam,"MBBS, MCPS (Medicine), MD (Cardiology), FCPS (Medicine)","Cardiology, Diabetes & Medicine Specialist",Assistant Professor,Rajshahi Medical College & Hospital,Rajshahi,https://doctorsdirectory.com.bd/wp-content/uploads/2025/01/Dr.-Md.-Saiful-Islam-Raj.jpg,https://doctorsdirectory.com.bd/add-doctor/dr-md-saiful-islam-raj/,,
Prof. Dr. Mohammad Al-Amin,"MBBS, BCS (Health), DO, MS (EYE)","Cornea, Phaco & Lasik Specialist",Professor,Rajshahi Medical College & Hospital,Rajshahi,https://doctorsdirectory.com.bd/wp-content/uploads/2025/01/Prof.-Dr.-Mohammad-Al-Amin-Raj.jpg,https://doctorsdirectory.com.bd/add-doctor/prof-dr-mohammad-al-amin-raj/,,
Dr. Shajeda Begum,"MBBS, BCS (Health), DGO, FCPS (OBGYN)",Gynecologist & Surgeon,Consultant,Rajshahi Medical College & Hospital,Rajshahi,https://doctorsdirectory.com.bd/wp-content/uploads/2025/01/Dr.-Shajeda Begum-Raj.jpg,https://doctorsdirectory.com.bd/add-doctor/dr-shajeda-begum-raj/,,
Dr. Didarul Islam,"MBBS, BCS (Health), MD (Hepatology)","Liver, Gastrointestinal & Medicine Specialist",Assistant Professor,Rajshahi Medical College & Hospital,Rajshahi,https://doctorsdirectory.com.bd/wp-content/uploads/2025/01/Dr.-Didarul-Islam-Raj.jpg,https://doctorsdirectory.com.bd/add-doctor/dr-didarul-islam-raj/,,
Dr. Arnab Chowdhury,"MBBS, MCPS, FCPS (Pediatrics)",Child Diseases Specialist,Consultant,Popular Diagnostic Center,Rajshahi,https://doctorsdirectory.com.bd/wp-content/uploads/2025/01/Dr.-Arnab-Chowdhury-Raj.jpg,https://doctorsdirectory.com.bd/add-doctor/dr-arnab-chowdhury-raj/,,
Dr. Nazmun Nahar Eva,"MBBS (CMC), BCS (Health), FCPS (Surgery), MS (General Surgery)",General Surgeon,Assistant Professor,Rajshahi Medical College & Hospital,Rajshahi,https://doctorsdirectory.com.bd/wp-content/uploads/2025/01/Dr.-Nazmun-Nahar-Eva-Raj.jpg,https://doctorsdirectory.com.bd/add-doctor/dr-nazmun-nahar-eva-raj/,,
Dr. Abul Mansur Md. Abdullah,"MBBS, MCPS (Medicine), MD (Internal Medicine)","Medicine, Arthritis, Diabetes & Neuromedicine Specialist",Associate Professor,Rajshahi Medical College & Hospital,Rajshahi,https://doctorsdirectory.com.bd/wp-content/uploads/2025/01/Dr.-Abul-Mansur-Md.-Abdullah-Raj.jpg,https://doctorsdirectory.com.bd/add-doctor/dr-abul-mansur-md-abdullah-raj/,,
Dr. F M A Qader,"MBBS, BCS (Health), FCPS (Physical Medicine)",Arthritis & Pain Specialist,Associate Professor,Rajshahi Medical College & Hospital,Rajshahi,https://doctorsdirectory.com.bd/wp-content/uploads/2025/01/Dr.-F-M-A-Qader-Raj.jpg,https://doctorsdirectory.com.bd/add-doctor/dr-f-m-a-qader-raj/,,
Dr. Sanchita Das,"MBBS, BCS (Health), FCPS (OBGYN)",Gynecologist & Surgeon,Consultant,General Hospital, Rajshahi,Rajshahi,https://doctorsdirectory.com.bd/wp-content/uploads/2025/01/Dr.-Sanchita-Das-Raj.jpg,https://doctorsdirectory.com.bd/add-doctor/dr-sanchita-das-raj/,
Dr. Md. Saiful Huq,"MBBS (DMC), BCS (Health), MRCP (UK)",Medicine & Diabetes Specialist,Consultant,Rajshahi Medical College & Hospital,Rajshahi,https://doctorsdirectory.com.bd/wp-content/uploads/2025/01/Dr.-Md.-Saiful-Huq-Raj.jpg,https://doctorsdirectory.com.bd/add-doctor/dr-md-saiful-huq-raj/,,
Dr. Zinat Maruf,"MBBS, FCPS (Obs & Gynae)",Gynecologist & Surgeon,Assistant Professor,Rajshahi Medical College & Hospital,Rajshahi,https://doctorsdirectory.com.bd/wp-content/uploads/2025/01/Dr.-Zinat-Maruf-Raj.jpg,https://doctorsdirectory.com.bd/add-doctor/dr-zinat-maruf-raj/,,
Dr. Md. Farhad Uddin,"MBBS (DMC), MD (Pediatrics)",Newborn & Child Diseases Specialist,Specialist,Popular Diagnostic Center,Rajshahi,https://doctorsdirectory.com.bd/wp-content/uploads/2025/01/Dr.-Md.-Farhad-Uddin-Raj.jpg,https://doctorsdirectory.com.bd/add-doctor/dr-md-farhad-uddin-raj/,,
Dr. Zabeer Ahmed,"MBBS (CMC), BCS (Health), MD (Cardiology)",Cardiology & Medicine Specialist,Resident Physician,Rajshahi Medical College & Hospital,Rajshahi,https://doctorsdirectory.com.bd/wp-content/uploads/2025/01/Dr.-Zabeer-Ahmed-Raj.jpg,https://doctorsdirectory.com.bd/add-doctor/dr-zabeer-ahmed-raj/,,
Dr. Mohammad Jahangir Alam,"MBBS (SSMC), BCS (Health), D-ORTHO, MS (Ortho)","Orthopedics, Arthroscopy & Joint Replacement Surgeon",Assistant Professor,Rajshahi Medical College & Hospital,Rajshahi,https://doctorsdirectory.com.bd/wp-content/uploads/2025/01/Dr.-Mohammad-Jahangir-Alam-Raj.jpg,https://doctorsdirectory.com.bd/add-doctor/dr-mohammad-jahangir-alam-raj/,,
Prof. Dr. Mizanur Rahman,"MBBS, MCPS (Medicine), MD (Medicine)",Medicine Specialist,Professor,Rajshahi Medical College & Hospital,Rajshahi,https://doctorsdirectory.com.bd/wp-content/uploads/2025/01/Prof.-Dr.-Mizanur-Rahman-Raj.jpg,https://doctorsdirectory.com.bd/add-doctor/prof-dr-mizanur-rahman-raj/,,
Dr. Farhana Yasmeen,"MBBS (CU), FCPS (Obs & Gynae)",Gynecologist & Surgeon,Assistant Professor,Rajshahi Medical College & Hospital,Rajshahi,https://doctorsdirectory.com.bd/wp-content/uploads/2025/01/Dr.-Farhana-Yasmeen-Raj.jpg,https://doctorsdirectory.com.bd/add-doctor/dr-farhana-yasmeen-raj/,,
Dr. Md. Tareq-Ul-Kader,"MBBS, BCS, FCPS (Medicine)","Medicine, Diabetologist & Rheumatology Specialist",Registrar,Rajshahi Medical College & Hospital,Rajshahi,https://doctorsdirectory.com.bd/wp-content/uploads/2025/01/Dr.-Md.-Tareq-Ul-Kader-Raj.jpg,https://doctorsdirectory.com.bd/add-doctor/dr-md-tareq-ul-kader-raj/,,
Dr. Masuda Nesa,"MBBS, FCPS (Obs & Gynae), DGO, MCPS (Obs & Gynae)",Gynecologist & Surgeon,Associate Professor,Rajshahi Medical College & Hospital,Rajshahi,https://doctorsdirectory.com.bd/wp-content/uploads/2025/01/Dr.-Masuda-Nesa-Raj.jpg,https://doctorsdirectory.com.bd/add-doctor/dr-masuda-nesa-raj/,,
Dr. Lutfur Rahman,"MBBS, FCPS (Medicine), MD (Neurology)",Neuromedicine Specialist,Senior Consultant,General Hospital, Rajshahi,Rajshahi,https://doctorsdirectory.com.bd/wp-content/uploads/2025/01/Dr.-Lutfur-Rahman-Raj.jpg,https://doctorsdirectory.com.bd/add-doctor/dr-lutfur-rahman-raj/,
Dr. Tahmina Begum,"MBBS, FCPS, DGO",Gynecology & Obstetrics Specialist,Consultant,Popular Diagnostic Center,Rajshahi,https://doctorsdirectory.com.bd/wp-content/uploads/2025/01/Dr.-Tahmina-Begum-Raj.jpg,https://doctorsdirectory.com.bd/add-doctor/dr-tahmina-begum-raj/,,
Dr. Md. Shah Newaz,"MBBS, D-CARD, MD (Cardiology)","Cardiology (Heart Diseases, Rheumatic Fever) Specialist",Consultant,Rajshahi Medical College & Hospital,Rajshahi,https://doctorsdirectory.com.bd/wp-content/uploads/2025/01/Dr.-Md.-Shah-Newaz-Raj.jpg,https://doctorsdirectory.com.bd/add-doctor/dr-md-shah-newaz-raj/,,
Dr. Farhana Halim,"MBBS (SSMC), BCS (Health), FCPS (Medicine), MACP (USA)",Medicine Specialist,Consultant,Rajshahi Medical College & Hospital,Rajshahi,https://doctorsdirectory.com.bd/wp-content/uploads/2025/01/Dr.-Farhana-Halim-Raj.jpg,https://doctorsdirectory.com.bd/add-doctor/dr-farhana-halim-raj/,,
Dr. Hasina Akhter,"MBBS, FCPS (Surgery), FMAS, FIAGES","General, Breast & Laparoscopic Surgeon",Consultant,Popular Diagnostic Center,Rajshahi,https://doctorsdirectory.com.bd/wp-content/uploads/2025/01/Dr.-Hasina-Akhter-Raj.jpg,https://doctorsdirectory.com.bd/add-doctor/dr-hasina-akhter-raj/,,
Dr. Bipul Kanti Paul,"MBBS, MCPS (Medicine), MD (Neuromedicine)",Neuromedicine Specialist,Consultant,Rajshahi Medical College & Hospital,Rajshahi,https://doctorsdirectory.com.bd/wp-content/uploads/2025/01/Dr.-Bipul-Kanti-Paul-Raj.jpg,https://doctorsdirectory.com.bd/add-doctor/dr-bipul-kanti-paul-raj/,,
Dr. Sumon Das,"MBBS (CMC), BCS (Health), MCPS, FCPS (ENT)",Ear Nose Throat Specialist & Head Neck Surgeon,Consultant,Rajshahi Medical College & Hospital,Rajshahi,https://doctorsdirectory.com.bd/wp-content/uploads/2025/01/Dr.-Sumon-Das-Raj.jpg,https://doctorsdirectory.com.bd/add-doctor/dr-sumon-das-raj/,,
Dr. Arup Ratan Das,"MBBS (DMC), BCS (Health), FCPS (Medicine), MCPS (Medicine)",Medicine Specialist,Consultant,Rajshahi Medical College & Hospital,Rajshahi,https://doctorsdirectory.com.bd/wp-content/uploads/2025/01/Dr.-Arup-Ratan-Das-Raj.jpg,https://doctorsdirectory.com.bd/add-doctor/dr-arup-ratan-das-raj/,,
Prof. Dr. Ferdousi Begum,"MBBS, FCPS (Obstetrics and Gynaecology)",Gynecology & Obstetrics Specialist,Professor & Head,Rajshahi Medical College & Hospital,Rajshahi,https://doctorsdirectory.com.bd/wp-content/uploads/2025/01/Prof.-Dr.-Ferdousi-Begum-Raj.jpg,https://doctorsdirectory.com.bd/add-doctor/prof-dr-ferdousi-begum-raj/,,
Dr. A T M Moinuddin,"MBBS, DLO, MCPS (ENT)","Ear, Nose, Throat Specialist & Surgeon",Consultant,Pabna General Hospital,Rajshahi,https://doctorsdirectory.com.bd/wp-content/uploads/2025/01/Dr.-A-T-M-Moinuddin-Raj.jpg,https://doctorsdirectory.com.bd/add-doctor/dr-a-t-m-moinuddin-raj/,,
Dr. Suman Talukder,"MBBS, BCS (Health), MD (Cardiology)",Cardiology & Rheumatic Fever Specialist,Assistant Professor,Rajshahi Medical College & Hospital,Rajshahi,https://doctorsdirectory.com.bd/wp-content/uploads/2025/01/Dr.-Suman-Talukder-Raj.jpg,https://doctorsdirectory.com.bd/add-doctor/dr-suman-talukder-raj/,,
Dr. Rubina Yasmin,"MBBS, MCPS (OBGYN), DGO, FCPS (OBGYN)",Gynecologist & Surgeon,Associate Professor,Rajshahi Medical College & Hospital,Rajshahi,https://doctorsdirectory.com.bd/wp-content/uploads/2025/01/Dr.-Rubina-Yasmin-Raj.jpg,https://doctorsdirectory.com.bd/add-doctor/dr-rubina-yasmin-raj/,,
Dr. Soumitra Das,"MBBS, MD (Neurology)",Neuromedicine Specialist,Junior Consultant,General Hospital, Rajshahi,Rajshahi,https://doctorsdirectory.com.bd/wp-content/uploads/2025/01/Dr.-Soumitra-Das-Raj.jpg,https://doctorsdirectory.com.bd/add-doctor/dr-soumitra-das-raj/,
Dr. Md. Nazmul Haque Talukdar,"MBBS, MD (Chest Disease)","Chest, Asthma, COPD, Tuberculosis Specialist",Assistant Professor,Rajshahi Medical College & Hospital,Rajshahi,https://doctorsdirectory.com.bd/wp-content/uploads/2025/01/Dr.-Md.-Nazmul-Haque-Talukdar-Raj.jpg,https://doctorsdirectory.com.bd/add-doctor/dr-md-nazmul-haque-talukdar-raj/,,
Prof. Dr. Syed Khurshid Mahmood,"MBBS, FCPS (ENT)","Ear, Nose, Throat Specialist & Head Neck Surgeon",Professor & Head,Rajshahi Medical College & Hospital,Rajshahi,https://doctorsdirectory.com.bd/wp-content/uploads/2025/01/Prof.-Dr.-Syed-Khurshid-Mahmood-Raj.jpg,https://doctorsdirectory.com.bd/add-doctor/prof-dr-syed-khurshid-mahmood-raj/,,
Dr. Muniruddin Ahmed,"MBBS (CU), FCPS (Medicine)","Medicine, Diabetes & Hormone Specialist",Assistant Professor,Rajshahi Medical College & Hospital,Rajshahi,https://doctorsdirectory.com.bd/wp-content/uploads/2025/01/Dr.-Muniruddin-Ahmed-Raj.jpg,https://doctorsdirectory.com.bd/add-doctor/dr-muniruddin-ahmed-raj/,,
Dr. Nusrat Jahan (Zenia),"MBBS, DGO, MCPS (OBGYN)","Gynecologist, Surgeon & Infertility Specialist",Consultant,Rajshahi Medical College & Hospital,Rajshahi,https://doctorsdirectory.com.bd/wp-content/uploads/2025/01/Dr.-Nusrat-Jahan-Zenia-Raj.jpg,https://doctorsdirectory.com.bd/add-doctor/dr-nusrat-jahan-zenia-raj/,,
Dr. Saquiba Ananna,"MBBS, FCPS (Psychiatry)","Psychiatry Specialist (Mental, Brain, Sexual, Drug Addiction)",Consultant,Rajshahi Medical College & Hospital,Rajshahi,https://doctorsdirectory.com.bd/wp-content/uploads/2025/01/Dr.-Saquiba-Ananna-Raj.jpg,https://doctorsdirectory.com.bd/add-doctor/dr-saquiba-ananna-raj/,,
Prof. Dr. Suvash Ranjan Dey,"MBBS, DA (DU), MD (Neurology)",Neuromedicine Specialist,Professor & Head,Rajshahi Medical College & Hospital,Rajshahi,https://doctorsdirectory.com.bd/wp-content/uploads/2025/01/Prof.-Dr.-Suvash-Ranjan-Dey-Raj.jpg,https://doctorsdirectory.com.bd/add-doctor/prof-dr-suvash-ranjan-dey-raj/,,
Dr. Monisha Chowdhury,"MBBS, DGO, FCPS (Obs & Gynae)",Gynecology & Obstetrics Specialist,Consultant,Popular Diagnostic Center,Rajshahi,https://doctorsdirectory.com.bd/wp-content/uploads/2025/01/Dr.-Monisha-Chowdhury-Raj.jpg,https://doctorsdirectory.com.bd/add-doctor/dr-monisha-chowdhury-raj/,,
Dr. Nushrat Binte Kamal,"MBBS (CMC), BCS (Health), D-CARD (BSMMU)",Cardiologist & Echocardiographer,Consultant,Rajshahi Medical College & Hospital,Rajshahi,https://doctorsdirectory.com.bd/wp-content/uploads/2025/01/Dr.-Nushrat-Binte-Kamal-Raj.jpg,https://doctorsdirectory.com.bd/add-doctor/dr-nushrat-binte-kamal-raj/,,
Dr. Nigar Sultana,"MBBS, FCPS (OBGYN), MS (OBGYN)",Gynecologist & Surgeon,Assistant Professor,Rajshahi Medical College & Hospital,Rajshahi,https://doctorsdirectory.com.bd/wp-content/uploads/2025/01/Dr.-Nigar-Sultana-Raj.jpg,https://doctorsdirectory.com.bd/add-doctor/dr-nigar-sultana-raj/,,
Dr. A S M Monowar Tariq,"MBBS (SSMC), BCS (Health), MD (Cardiology)","Cardiology (Heart Diseases, Rheumatic Fever) Specialist",Consultant,Rajshahi Medical College & Hospital,Rajshahi,https://doctorsdirectory.com.bd/wp-content/uploads/2025/01/Dr.-A-S-M-Monowar-Tariq-Raj.jpg,https://doctorsdirectory.com.bd/add-doctor/dr-a-s-m-monowar-tariq-raj/,,
Dr. Nur Nobi Bitu,"MBBS (DMC), BCS (Health), MD (Nephrology)",Kidney Diseases & Medicine Specialist,Assistant Professor,Rajshahi Medical College & Hospital,Rajshahi,https://doctorsdirectory.com.bd/wp-content/uploads/2025/01/Dr.-Nur-Nobi-Bitu-Raj.jpg,https://doctorsdirectory.com.bd/add-doctor/dr-nur-nobi-bitu-raj/,,
Dr. Nazia Huq,"MBBS (Dhaka), MCPS (OBGYN), DGO, FCPS (OBGYN)",Gynecologist & Surgeon,Consultant,General Hospital, Rajshahi,Rajshahi,https://doctorsdirectory.com.bd/wp-content/uploads/2025/01/Dr.-Nazia-Huq-Raj.jpg,https://doctorsdirectory.com.bd/add-doctor/dr-nazia-huq-raj/,
Prof. Dr. Mohammad Masud Karim,"MBBS, BCS (Health), DCH, MD (Child)",Child Diseases Specialist,Professor & Head,Rajshahi Medical College & Hospital,Rajshahi,https://doctorsdirectory.com.bd/wp-content/uploads/2025/01/Prof.-Dr.-Mohammad-Masud-Karim-Raj.jpg,https://doctorsdirectory.com.bd/add-doctor/prof-dr-mohammad-masud-karim-raj/,,
Dr. Abanti Deb Nath,"MBBS (DU), BCS (Health), FCPS (Medicine)",Medicine & Neuromedicine Specialist,Assistant Professor,Rajshahi Medical College & Hospital,Rajshahi,https://doctorsdirectory.com.bd/wp-content/uploads/2025/01/Dr.-Abanti-Deb-Nath-Raj.jpg,https://doctorsdirectory.com.bd/add-doctor/dr-abanti-deb-nath-raj/,,
Dr. Nahida Akter Joly,"MBBS, DGO, MCPS (OBGYN), MRCOG (UK)",Gynecologist & Surgeon,Consultant,Popular Diagnostic Center,Rajshahi,https://doctorsdirectory.com.bd/wp-content/uploads/2025/01/Dr.-Nahida-Akter-Joly-Raj.jpg,https://doctorsdirectory.com.bd/add-doctor/dr-nahida-akter-joly-raj/,,
Dr. Ashish Kumur Das,"MBBS, BCS (Health), FCPS (Surgery)",General & Laparoscopic Specialist Surgeon,Assistant Professor,Rajshahi Medical College & Hospital,Rajshahi,https://doctorsdirectory.com.bd/wp-content/uploads/2025/01/Dr.-Ashish-Kumur-Das-Raj.jpg,https://doctorsdirectory.com.bd/add-doctor/dr-ashish-kumur-das-raj/,,
Dr. Tahmina Yeasmin Rozy,"MBBS, BCS (Health), FCPS (OBGYN)",Gynecologist & Surgeon,Consultant,Rajshahi Medical College & Hospital,Rajshahi,https://doctorsdirectory.com.bd/wp-content/uploads/2025/01/Dr.-Tahmina-Yeasmin-Rozy-Raj.jpg,https://doctorsdirectory.com.bd/add-doctor/dr-tahmina-yeasmin-rozy-raj/,,
Dr. Abul Fazal Muhammad Nazimuddin,"MBBS, FCPS (Medicine)",Medicine Specialist,Associate Professor,Rajshahi Medical College & Hospital,Rajshahi,https://doctorsdirectory.com.bd/wp-content/uploads/2025/01/Dr.-A.-F.-M.-Nazimuddin-Raj.jpg,https://doctorsdirectory.com.bd/add-doctor/dr-abul-fazal-muhammad-nazimuddin-raj/,,
Prof. Dr. Shahena Akter,"MBBS, DGO, FCPS (OBGYN)","Gynecology, Obstetrics, Infertility Specialist & Surgeon",Professor,Rajshahi Medical College & Hospital,Rajshahi,https://doctorsdirectory.com.bd/wp-content/uploads/2025/01/Prof.-Dr.-Shahena-Akter-Raj.jpg,https://doctorsdirectory.com.bd/add-doctor/prof-dr-shahena-akter-raj/,,
Dr. Mohammad Rezaul Karim,"MBBS, DCH, FCPS (Pediatrics)",Child Diseases Specialist,Consultant,Rajshahi Medical College & Hospital,Rajshahi,https://doctorsdirectory.com.bd/wp-content/uploads/2025/01/Dr.-Mohammad-Rezaul-Karim-Raj.jpg,https://doctorsdirectory.com.bd/add-doctor/dr-mohammad-rezaul-karim-raj/,,
Dr. Md. Mofizur Rahman,"MBBS, FCPS (Physical Medicine)",Pain & Rheumatology Specialist,Consultant,Rajshahi Medical College & Hospital,Rajshahi,https://doctorsdirectory.com.bd/wp-content/uploads/2025/01/Dr.-Md.-Mofizur-Rahman-Raj.jpg,https://doctorsdirectory.com.bd/add-doctor/dr-md-mofizur-rahman-raj/,,
Dr. Shamima Akhter Chowdhury,"MBBS, DGO, MCPS (OBGYN)",Gynecologist & Obstetrician,Former Consultant,Rajshahi Medical College & Hospital,Rajshahi,https://doctorsdirectory.com.bd/wp-content/uploads/2025/01/Dr.-Shamima-Akhter-Chowdhury-Raj.jpg,https://doctorsdirectory.com.bd/add-doctor/dr-shamima-akhter-chowdhury-raj/,,
Dr. Shafiul Hasan,"MBBS (DMC), BCS (Health), D-CARD (BSMMU)",Cardiologist & Echocardiographer,Consultant,Rajshahi Medical College & Hospital,Rajshahi,https://doctorsdirectory.com.bd/wp-content/uploads/2025/01/Dr.-Shafiul-Hasan-Raj.jpg,https://doctorsdirectory.com.bd/add-doctor/dr-shafiul-hasan-raj/,,
Dr. Rummana Khan,"MBBS (DMC), MD (Pediatrics)",Neonatal & Child Diseases Specialist,Consultant,Rajshahi Medical College & Hospital,Rajshahi,https://doctorsdirectory.com.bd/wp-content/uploads/2025/01/Dr.-Rummana-Khan-Raj.jpg,https://doctorsdirectory.com.bd/add-doctor/dr-rummana-khan-raj/,,
Prof. Dr. Emran Bin Yunus,"MBBS (Dhaka), FCPS (Medicine), MACP (USA), FACP (USA)",Medicine & Nephrology Specialist,Former Professor,Rajshahi Medical College & Hospital,Rajshahi,https://doctorsdirectory.com.bd/wp-content/uploads/2025/01/Prof.-Dr.-Emran-Bin-Yunus-Raj.jpg,https://doctorsdirectory.com.bd/add-doctor/prof-dr-emran-bin-yunus-raj/,,
Dr. Shamima Akther,"MBBS, DGO, MCPS, MS (OBGYN)",Gynecology & Obstetrics Specialist,Consultant,Rajshahi Medical College & Hospital,Rajshahi,https://doctorsdirectory.com.bd/wp-content/uploads/2025/01/Dr.-Shamima-Akther-Raj.jpg,https://doctorsdirectory.com.bd/add-doctor/dr-shamima-akther-raj/,,
Dr. Md. Omar Faruque,"MBBS (DMC), BCS, FCPS (Surgery), MRCS (UK), FACS (USA), MS (Pediatric Surgery)","General, Laparoscopic & Pediatric Surgeon",Assistant Professor,Rajshahi Medical College & Hospital,Rajshahi,https://doctorsdirectory.com.bd/wp-content/uploads/2025/01/Dr.-Md.-Omar-Faruque-Raj.jpg,https://doctorsdirectory.com.bd/add-doctor/dr-md-omar-faruque-raj/,,
Dr. Mostafa Mahfuzul Anwar,"MBBS (CMC), BCS (Health), MD (Cardiology)",Cardiology & Medicine Specialist,Consultant,Rajshahi Medical College & Hospital,Rajshahi,https://doctorsdirectory.com.bd/wp-content/uploads/2025/01/Dr.-Mostafa-Mahfuzul-Anwar-Raj.jpg,https://doctorsdirectory.com.bd/add-doctor/dr-mostafa-mahfuzul-anwar-raj/,,
Dr. Farhana Mahmud Siddiqui,"MBBS, BCS (Health), DGO, FCPS (OBGYN)",Gynecologist & Surgeon,Consultant,Rajshahi Medical College & Hospital,Rajshahi,https://doctorsdirectory.com.bd/wp-content/uploads/2025/01/Dr.-Farhana-Mahmud-Siddiqui-Raj.jpg,https://doctorsdirectory.com.bd/add-doctor/dr-farhana-mahmud-siddiqui-raj/,,
Dr. A.H.M. Mohiuddin,"MBBS, DO",Eye Specialist & Phaco Surgeon,Consultant,Rajshahi Medical College & Hospital,Rajshahi,https://doctorsdirectory.com.bd/wp-content/uploads/2025/01/Dr.-A.H.M.-Mohiuddin-Raj.jpg,https://doctorsdirectory.com.bd/add-doctor/dr-a-h-m-mohiuddin-raj/,,
Dr. Fowaz Hossain Shuvo,"MBBS, MD (Chest Diseases)","Chest, Allergy, TB, Asthma Specialist & Bronchoscopist",Consultant,Rajshahi Medical College & Hospital,Rajshahi,https://doctorsdirectory.com.bd/wp-content/uploads/2025/01/Dr.-Fowaz-Hossain-Shuvo-Raj.jpg,https://doctorsdirectory.com.bd/add-doctor/dr-fowaz-hossain-shuvo-raj/,,
Dr. A T M Khaled Zaman,"MBBS, BCS (Health), D-ORTHO",Orthopedic Specialist & Surgeon,Consultant,Rajshahi Medical College & Hospital,Rajshahi,https://doctorsdirectory.com.bd/wp-content/uploads/2025/01/Dr.-A-T-M-Khaled-Zaman-Raj.jpg,https://doctorsdirectory.com.bd/add-doctor/dr-a-t-m-khaled-zaman-raj/,,
Prof. Dr. Boshir Ahmed,"MBBS, MCPS (Surgery), MS (Ortho)","Orthopedic, Spine, Trauma Specialist & Surgeon",Professor,Rajshahi Medical College & Hospital,Rajshahi,https://doctorsdirectory.com.bd/wp-content/uploads/2025/01/Prof.-Dr.-Boshir-Ahmed-Raj.jpg,https://doctorsdirectory.com.bd/add-doctor/prof-dr-boshir-ahmed-raj/,,
Dr. Suraiya Akter,"MBBS, DGO, MCPS (OBGYN)",Gynecologist & Surgeon,Consultant,Rajshahi Medical College & Hospital,Rajshahi,https://doctorsdirectory.com.bd/wp-content/uploads/2025/01/Dr.-Suraiya-Akter-Raj.jpg,https://doctorsdirectory.com.bd/add-doctor/dr-suraiya-akter-raj/,,
Dr. Kazi Mahfuzur Rahman,"MBBS, DCH",Child Diseases Specialist,Assistant Professor,Rajshahi Medical College & Hospital,Rajshahi,https://doctorsdirectory.com.bd/wp-content/uploads/2025/01/Dr.-Kazi-Mahfuzur-Rahman-Raj.jpg,https://doctorsdirectory.com.bd/add-doctor/dr-kazi-mahfuzur-rahman-raj/,,
Dr. Mostafa Kamal,"MBBS, MCPS (Medicine), MD (Gastroenterology)","Gastrointestinal, Liver Disease Specialist & Interventional Endoscopist",Assistant Professor,Rajshahi Medical College & Hospital,Rajshahi,https://doctorsdirectory.com.bd/wp-content/uploads/2025/01/Dr.-Mostafa-Kamal-Raj.jpg,https://doctorsdirectory.com.bd/add-doctor/dr-mostafa-kamal-raj/,,
Dr. Saima Shah Alam,"MBBS (SSMC), BCS (Health), FCPS (OBGYN)",Gynecologist & Surgeon,Consultant,Rajshahi Medical College & Hospital,Rajshahi,https://doctorsdirectory.com.bd/wp-content/uploads/2025/01/Dr.-Saima-Shah-Alam-Raj.jpg,https://doctorsdirectory.com.bd/add-doctor/dr-saima-shah-alam-raj/,,
Prof. Dr. Shahanara Chowdhury,"MBBS (Dhaka), FCPS (OBGYN), Fellow (WHO), Advanced Training (Thailand)","Gynecology, Obstetrics Specialist & Laparoscopic Surgeon",Former Professor & Head,Rajshahi Medical College & Hospital,Rajshahi,https://doctorsdirectory.com.bd/wp-content/uploads/2025/01/Prof.-Dr.-Shahanara-Chowdhury-Raj.jpg,https://doctorsdirectory.com.bd/add-doctor/prof-dr-shahanara-chowdhury-raj/,,
Dr. Abidur Rahman,"MBBS, MCPS, DCH","Newborn, Adolescent & Child Specialist",Consultant,Rajshahi Medical College & Hospital,Rajshahi,https://doctorsdirectory.com.bd/wp-content/uploads/2025/01/Dr.-Abidur-Rahman-Raj.jpg,https://doctorsdirectory.com.bd/add-doctor/dr-abidur-rahman-raj/,,
Dr. Mursheda Yesmin,"MBBS (CMC), BCS (Health), FCPS (OBGYN)","Gynecologist, Surgeon & Infertility Specialist",Consultant,Rajshahi Medical College & Hospital,Rajshahi,https://doctorsdirectory.com.bd/wp-content/uploads/2025/01/Dr.-Mursheda-Yesmin-Raj.jpg,https://doctorsdirectory.com.bd/add-doctor/dr-mursheda-yesmin-raj/,,
Prof. Dr. Farzana Neowaj,"MBBS, FCPS (Surgery)",General & Laparoscopic Specialist Surgeon,Professor & Head,Rajshahi Medical College & Hospital,Rajshahi,https://doctorsdirectory.com.bd/wp-content/uploads/2025/01/Prof.-Dr.-Farzana-Neowaj-Raj.jpg,https://doctorsdirectory.com.bd/add-doctor/prof-dr-farzana-neowaj-raj/,,
Dr. Md. Mainuddin,"MBBS (DU), BCS (Health), MD (Cardiology)","Cardiology, Medicine & Rheumatic Fever Specialist",Consultant,Rajshahi Medical College & Hospital,Rajshahi,https://doctorsdirectory.com.bd/wp-content/uploads/2025/01/Dr.-Md.-Mainuddin-Raj.jpg,https://doctorsdirectory.com.bd/add-doctor/dr-md-mainuddin-raj/,,
Dr. Syeda Nur-A-Lina,"MBBS (DU), FCPS (OBGYN), MRCOG (UK)",Gynecology & Obstetrics Specialist,Assistant Professor,Rajshahi Medical College & Hospital,Rajshahi,https://doctorsdirectory.com.bd/wp-content/uploads/2025/01/Dr.-Syeda-Nur-A-Lina-Raj.jpg,https://doctorsdirectory.com.bd/add-doctor/dr-syeda-nur-a-lina-raj/,,
Dr. Ujjal Kanti Das,"MBBS (DMC), BCS (Health), MD (Chest Diseases)","Chest, Asthma & Pulmonology Specialist",Assistant Professor,Rajshahi Medical College & Hospital,Rajshahi,https://doctorsdirectory.com.bd/wp-content/uploads/2025/01/Dr.-Ujjal-Kanti-Das-Raj.jpg,https://doctorsdirectory.com.bd/add-doctor/dr-ujjal-kanti-das-raj/,,
Dr. Md. Ehteshamul Haque,"MBBS, MD (Cardiology)","Heart Diseases, Cardiology, Hypertension Specialist",Assistant Professor,Rajshahi Medical College & Hospital,Rajshahi,https://doctorsdirectory.com.bd/wp-content/uploads/2025/01/Dr.-Md.-Ehteshamul-Haque-Raj.jpg,https://doctorsdirectory.com.bd/add-doctor/dr-md-ehteshamul-haque-raj/,,
Dr. Rokshana Hoque,"MBBS, DGO, MCPS (OBGYN)",Gynecologist & Surgeon,Consultant,Rajshahi Medical College & Hospital,Rajshahi,https://doctorsdirectory.com.bd/wp-content/uploads/2025/01/Dr.-Rokshana-Hoque-Raj.jpg,https://doctorsdirectory.com.bd/add-doctor/dr-rokshana-hoque-raj/,,
Dr. F.M.A. Zahid,"MBBS, MCPS, FCPS (Medicine)","Medicine, Diabetology & Neuromedicine Specialist",Assistant Professor,Rajshahi Medical College & Hospital,Rajshahi,https://doctorsdirectory.com.bd/wp-content/uploads/2025/01/Dr.-F.M.A.-Zahid-Raj.jpg,https://doctorsdirectory.com.bd/add-doctor/dr-f-m-a-zahid-raj/,,
Prof. Dr. Muhammad Ishaque,"MBBS, FCPS (Medicine), MD (Neurology)",Neuromedicine Specialist,Former Head,Rajshahi Medical College & Hospital,Rajshahi,https://doctorsdirectory.com.bd/wp-content/uploads/2025/01/Prof.-Dr.-Muhammad-Ishaque-Raj.jpg,https://doctorsdirectory.com.bd/add-doctor/prof-dr-muhammad-ishaque-raj/,,
Dr. Kamrunnessa Runa,"MBBS (DMC), BCS (Health), FCPS (OBGYN)",Gynecologist & Surgeon,Consultant,Rajshahi Medical College & Hospital,Rajshahi,https://doctorsdirectory.com.bd/wp-content/uploads/2025/02/Dr.-Kamrunnessa-Runa-Raj.jpg,https://doctorsdirectory.com.bd/add-doctor/dr-kamrunnessa-runa-raj/,,
Dr. A Z M Sakhawat Hossain,"MBBS, BCS (Health), MCPS (Medicine), FCPS (Medicine), FRCP (UK)",Medicine Specialist,Associate Professor,Rajshahi Medical College & Hospital,Rajshahi,https://doctorsdirectory.com.bd/wp-content/uploads/2025/01/Dr.-A-Z-M-Sakhawat-Hossain-Raj.jpg,https://doctorsdirectory.com.bd/add-doctor/dr-a-z-m-sakhawat-hossain-raj/,,
Dr. M.A. Hassan Chowdhury,"MBBS, FCPS, FRCP (Edin), FACP (USA)",Medicine Specialist,Professor,Rajshahi Medical College & Hospital,Rajshahi,https://doctorsdirectory.com.bd/wp-content/uploads/2025/01/Dr.-M.A.-Hassan-Chowdhury-Raj.jpg,https://doctorsdirectory.com.bd/add-doctor/dr-m-a-hassan-chowdhury-raj/,,
Dr. Fahima Islam Chowdhury,"MBBS (Dhaka), FCPS (OBGYN), Fellow in IVF & Reproductive Medicine (India)",Gynecology & Infertility Specialist,Consultant,Rajshahi Medical College & Hospital,Rajshahi,https://doctorsdirectory.com.bd/wp-content/uploads/2025/01/Dr.-Fahima-Islam-Chowdhury-Raj.jpg,https://doctorsdirectory.com.bd/add-doctor/dr-fahima-islam-chowdhury-raj/,,
Dr. Masihuzzaman Alpha,"MBBS (DMC), MS (CV&TS)","Cardiac Surgery (Heart, Lung & Vascular) Specialist",Assistant Professor,Rajshahi Medical College & Hospital,Rajshahi,https://doctorsdirectory.com.bd/wp-content/uploads/2025/01/Dr.-Masihuzzaman-Alpha-Raj.jpg,https://doctorsdirectory.com.bd/add-doctor/dr-masihuzzaman-alpha-raj/,,
Dr. Mostafa Nuruddin,"MBBS, MCPS, MD (Pediatrics)",Child Diseases Specialist,Associate Professor,Rajshahi Medical College & Hospital,Rajshahi,https://doctorsdirectory.com.bd/wp-content/uploads/2025/01/Dr.-Mostafa-Nuruddin-Raj.jpg,https://doctorsdirectory.com.bd/add-doctor/dr-mostafa-nuruddin-raj/,,
Dr. A S M Fazlul Karim,"MBBS, FCPS (Surgery)","General, Colorectal & Laparoscopic Surgeon",Former Associate Professor,Rajshahi Medical College & Hospital,Rajshahi,https://doctorsdirectory.com.bd/wp-content/uploads/2025/01/Dr.-A-S-M-Fazlul-Karim-Raj.jpg,https://doctorsdirectory.com.bd/add-doctor/dr-a-s-m-fazlul-karim-raj/,,
Dr. Tahrima Khanom,"MBBS, BCS (Health), FCPS (OBGYN), MRCOG (London)","Gynecology, Obstetrics Specialist & Surgeon",Consultant,Rajshahi Medical College & Hospital,Rajshahi,https://doctorsdirectory.com.bd/wp-content/uploads/2025/01/Dr.-Tahrima-Khanom-Raj.jpg,https://doctorsdirectory.com.bd/add-doctor/dr-tahrima-khanom-raj/,,
Dr. Sanat Kumar Barua,"MBBS (CMC), DCH (BIRDEM), FCPS (Pediatrics)",Child Diseases Specialist,Consultant,Rajshahi Medical College & Hospital,Rajshahi,https://doctorsdirectory.com.bd/wp-content/uploads/2025/01/Dr.-Sanat-Kumar-Barua-Raj.jpg,https://doctorsdirectory.com.bd/add-doctor/dr-sanat-kumar-barua-raj/,,
Prof. Dr. Abul Kasem,"MBBS, FCPS, MS, FACS",General & Laparoscopic Surgeon,Professor,Rajshahi Medical College & Hospital,Rajshahi,https://doctorsdirectory.com.bd/wp-content/uploads/2025/01/Prof.-Dr.-Abul-Kasem-Raj.jpg,https://doctorsdirectory.com.bd/add-doctor/prof-dr-abul-kasem-raj/,,
Dr. Masuda Novera,"MBBS, BCS (Health), FCPS (OBGYN)",Gynecologist & Surgeon,Consultant,Rajshahi Medical College & Hospital,Rajshahi,https://doctorsdirectory.com.bd/wp-content/uploads/2025/01/Dr.-Masuda-Novera-Raj.jpg,https://doctorsdirectory.com.bd/add-doctor/dr-masuda-novera-raj/,,
Dr. Md. Abu Taher,"MBBS, FCPS (Medicine)",Medicine Specialist,Consultant,Rajshahi Medical College & Hospital,Rajshahi,https://doctorsdirectory.com.bd/wp-content/uploads/2025/01/Dr.-Md.-Abu-Taher-Raj.jpg,https://doctorsdirectory.com.bd/add-doctor/dr-md-abu-taher-raj/,,
Dr. Shajedur Rahman,"MBBS, BCS (Health), MD (Cardiology)","Cardiology (Heart Diseases, Rheumatic Fever) Specialist",Assistant Professor,Rajshahi Medical College & Hospital,Rajshahi,https://doctorsdirectory.com.bd/wp-content/uploads/2025/01/Dr.-Shajedur-Rahman-Raj.jpg,https://doctorsdirectory.com.bd/add-doctor/dr-shajedur-rahman-raj/,,
Prof. Dr. Rowshan Morshed,"MBBS, FCPS (Obs & Gynae)",Gynecologist & Surgeon,Professor,Rajshahi Medical College & Hospital,Rajshahi,https://doctorsdirectory.com.bd/wp-content/uploads/2025/01/Prof.-Dr.-Rowshan-Morshed-Raj.jpg,https://doctorsdirectory.com.bd/add-doctor/prof-dr-rowshan-morshed-raj/,,
Dr. Anupam Barua,"MBBS, MD (Neurology)","Brain, Stroke, Nerve & Neuromedicine Specialist",Assistant Professor,Rajshahi Medical College & Hospital,Rajshahi,https://doctorsdirectory.com.bd/wp-content/uploads/2025/01/Dr.-Anupam-Barua-Raj.jpg,https://doctorsdirectory.com.bd/add-doctor/dr-anupam-barua-raj/,,
Dr. Hasina Akhter,"MBBS, BCS (Health), MCPS, FCPS (OBGYN)",Gynecologist & Surgeon,Consultant,Rajshahi Medical College & Hospital,Rajshahi,https://doctorsdirectory.com.bd/wp-content/uploads/2025/01/Dr.-Hasina-Akhter-Raj-1.jpg,https://doctorsdirectory.com.bd/add-doctor/dr-hasina-akhter-raj-ctg/,,
Dr. Md. Nasir Uddin,"MBBS (CU), MD (Neurology)","Brain, Nerve, Spine, Stroke & Neuromedicine Specialist",Assistant Professor,Rajshahi Medical College & Hospital,Rajshahi,https://doctorsdirectory.com.bd/wp-content/uploads/2025/01/Dr.-Md.-Nasir-Uddin-Raj.jpg,https://doctorsdirectory.com.bd/add-doctor/dr-md-nasir-uddin-raj/,,
Dr. Muhammad Shafiul Azam,"MBBS, MD (Neurology)","Brain, Stroke, Nerve & Neuromedicine Specialist",Consultant,Rajshahi Medical College & Hospital,Rajshahi,https://doctorsdirectory.com.bd/wp-content/uploads/2025/01/Dr.-Muhammad-Shafiul-Azam-Raj.jpg,https://doctorsdirectory.com.bd/add-doctor/dr-muhammad-shafiul-azam-raj/,,
Dr. S.M. Muazzem Hossain,"MBBS (DMC), BCS (Health), MD (Neurology)","Brain, Nerve, Stroke & Neuromedicine Specialist",Consultant,Rajshahi Medical College & Hospital,Rajshahi,https://doctorsdirectory.com.bd/wp-content/uploads/2025/01/Dr.-S.M.-Muazzem-Hossain-Raj.jpg,https://doctorsdirectory.com.bd/add-doctor/dr-s-m-muazzem-hossain-raj/,,
Dr. Md. Nurul Absar Beg,"MBBS, BCS (Health), MD (Neurology)",Neuromedicine Specialist,Assistant Professor,Rajshahi Medical College & Hospital,Rajshahi,https://doctorsdirectory.com.bd/wp-content/uploads/2025/01/Dr.-Md.-Nurul-Absar-Beg-Raj.jpg,https://doctorsdirectory.com.bd/add-doctor/dr-md-nurul-absar-beg-raj/,,
Dr. Atanu Saha,"MBBS, BCS (Health), MD (Neurology)",Neuromedicine Specialist,Assistant Professor,Rajshahi Medical College & Hospital,Rajshahi,https://doctorsdirectory.com.bd/wp-content/uploads/2025/01/Dr.-Atanu-Saha-Raj.jpg,https://doctorsdirectory.com.bd/add-doctor/dr-atanu-saha-raj/,,
Dr. M.A. Shakoor,"MBBS, BCS (Health), MD (Internal Medicine), MD (Neurology)","Medicine, Brain & Neuromedicine Specialist",Assistant Professor,Rajshahi Medical College & Hospital,Rajshahi,https://doctorsdirectory.com.bd/wp-content/uploads/2025/01/Dr.-M.A.-Shakoor-Raj.jpg,https://doctorsdirectory.com.bd/add-doctor/dr-m-a-shakoor-raj/,,
Prof. Dr. Mansurul Alam,"MBBS, MD (Dermatology)",Skin & Venereal Diseases Specialist,Professor & Head,Rajshahi Medical College & Hospital,Rajshahi,https://doctorsdirectory.com.bd/wp-content/uploads/2025/01/Prof.-Dr.-Mansurul-Alam-Raj.jpg,https://doctorsdirectory.com.bd/add-doctor/prof-dr-mansurul-alam-raj/,,
Dr. Md. Shaukat Hossain,"MBBS, MD (Dermatology)",Skin & Venereal Diseases Specialist,Associate Professor,Rajshahi Medical College & Hospital,Rajshahi,https://doctorsdirectory.com.bd/wp-content/uploads/2025/01/Dr.-Md.-Shaukat-Hossain-Raj.jpg,https://doctorsdirectory.com.bd/add-doctor/dr-md-shaukat-hossain-raj/,,
Dr. S.M. Ali Ahmed Nazmul,"MBBS, DDV",Skin & Venereal Diseases Specialist,Assistant Professor,Rajshahi Medical College & Hospital,Rajshahi,https://doctorsdirectory.com.bd/wp-content/uploads/2025/01/Dr.-S.M.-Ali-Ahmed-Nazmul-Raj.jpg,https://doctorsdirectory.com.bd/add-doctor/dr-s-m-ali-ahmed-nazmul-raj/,,
Dr. Rezwana Ahmed,"MBBS, DDV, MD (Dermatology)",Skin & Venereal Diseases Specialist,Consultant,Rajshahi Medical College & Hospital,Rajshahi,https://doctorsdirectory.com.bd/wp-content/uploads/2025/01/Dr.-Rezwana-Ahmed-Raj.jpg,https://doctorsdirectory.com.bd/add-doctor/dr-rezwana-ahmed-raj/,,
Dr. G.M. Moniruddin,"MBBS, MS (Neurosurgery)",Brain & Spine Surgeon,Assistant Professor,Rajshahi Medical College & Hospital,Rajshahi,https://doctorsdirectory.com.bd/wp-content/uploads/2025/01/Dr.-G.M.-Moniruddin-Raj.jpg,https://doctorsdirectory.com.bd/add-doctor/dr-g-m-moniruddin-raj/,,
Dr. S.M. Noble Kumar Barua,"MBBS, MS (Neurosurgery)","Brain, Spine & Nerve Surgeon",Assistant Professor,Rajshahi Medical College & Hospital,Rajshahi,https://doctorsdirectory.com.bd/wp-content/uploads/2025/01/Dr.-S.M.-Noble-Kumar-Barua-Raj.jpg,https://doctorsdirectory.com.bd/add-doctor/dr-s-m-noble-kumar-barua-raj/,,
Dr. Md. Saiful Alam,"MBBS, MS (Neurosurgery)","Brain, Nerve & Spine Specialist Surgeon",Associate Professor,Rajshahi Medical College & Hospital,Rajshahi,https://doctorsdirectory.com.bd/wp-content/uploads/2025/01/Dr.-Md.-Saiful-Alam-Raj.jpg,https://doctorsdirectory.com.bd/add-doctor/dr-md-saiful-alam-raj/,,
Prof. Dr. Md. Kamal Uddin,"MBBS, MS (Neurosurgery)","Brain, Nerve & Spine Surgeon",Professor & Head,Rajshahi Medical College & Hospital,Rajshahi,https://doctorsdirectory.com.bd/wp-content/uploads/2025/01/Prof.-Dr.-Md.-Kamal-Uddin-Raj.jpg,https://doctorsdirectory.com.bd/add-doctor/prof-dr-md-kamal-uddin-raj/,,
Dr. Md. Towhidul Alam,"MBBS, FCPS (Surgery), MS (Neurosurgery)","Brain, Nerve & Spine Specialist Surgeon",Consultant,Rajshahi Medical College & Hospital,Rajshahi,https://doctorsdirectory.com.bd/wp-content/uploads/2025/01/Dr.-Md.-Towhidul-Alam-Raj.jpg,https://doctorsdirectory.com.bd/add-doctor/dr-md-towhidul-alam-raj/,,
Dr. Mohammad Salahuddin Faruq,"MBBS, MS (Surgery), MS (Urology)",Urology Specialist & Surgeon,Associate Professor,Rajshahi Medical College & Hospital,Rajshahi,https://doctorsdirectory.com.bd/wp-content/uploads/2025/01/Dr.-Mohammad-Salahuddin-Faruq-Raj.jpg,https://doctorsdirectory.com.bd/add-doctor/dr-mohammad-salahuddin-faruq-raj/,,
Dr. Md. Nurul Absar,"MBBS, FCPS (Surgery), MS (Urology)","Urology (Kidney, Ureter, Bladder, Prostate) Specialist Surgeon",Consultant,Rajshahi Medical College & Hospital,Rajshahi,https://doctorsdirectory.com.bd/wp-content/uploads/2025/01/Dr.-Md.-Nurul-Absar-Raj.jpg,https://doctorsdirectory.com.bd/add-doctor/dr-md-nurul-absar-raj/,,
Dr. Mohammed Belayet Hossain,"MBBS, BCS (Health), MS (Urology)","Kidney, Ureter, Bladder & Prostate Specialist Surgeon",Consultant,Rajshahi Medical College & Hospital,Rajshahi,https://doctorsdirectory.com.bd/wp-content/uploads/2025/01/Dr.-Mohammed-Belayet-Hossain-Raj.jpg,https://doctorsdirectory.com.bd/add-doctor/dr-mohammed-belayet-hossain-raj/,,
Dr. Muhammad Shofique Ur Rahman,"MBBS, MS (Urology)",Urology Specialist & Surgeon,Assistant Professor,Rajshahi Medical College & Hospital,Rajshahi,https://doctorsdirectory.com.bd/wp-content/uploads/2025/01/Dr.-Muhammad-Shofique-Ur-Rahman-Raj.jpg,https://doctorsdirectory.com.bd/add-doctor/dr-muhammad-shofique-ur-rahman-raj/,,
Dr. Md. Abdul Mobin,"MBBS, BCS (Health), FCPS (Surgery), MS (Urology)",Urologist & Surgeon,Assistant Professor,Rajshahi Medical College & Hospital,Rajshahi,https://doctorsdirectory.com.bd/wp-content/uploads/2025/01/Dr.-Md.-Abdul-Mobin-Raj.jpg,https://doctorsdirectory.com.bd/add-doctor/dr-md-abdul-mobin-raj/,,
Dr. Md. Manzurul Hoque,"MBBS, MS (Urology)",Urology Specialist & Surgeon,Assistant Professor,Rajshahi Medical College & Hospital,Rajshahi,https://doctorsdirectory.com.bd/wp-content/uploads/2025/01/Dr.-Md.-Manzurul-Hoque-Raj.jpg,https://doctorsdirectory.com.bd/add-doctor/dr-md-manzurul-hoque-raj/,,
Dr. Kamrul Hasan,"MBBS (Dhaka), BCS (Health), MD (Urology)",Urology Specialist & Surgeon,Assistant Professor,Rajshahi Medical College & Hospital,Rajshahi,https://doctorsdirectory.com.bd/wp-content/uploads/2025/01/Dr.-Kamrul-Hasan-Raj.jpg,https://doctorsdirectory.com.bd/add-doctor/dr-kamrul-hasan-raj/,,
Dr. Mohammed Sanaullah Shetu,"MBBS, MS (Urology)","Urology (Kidney, Ureter, Bladder, Prostate) Surgeon",Assistant Professor,Rajshahi Medical College & Hospital,Rajshahi,https://doctorsdirectory.com.bd/wp-content/uploads/2025/01/Dr.-Mohammed-Sanaullah-Shetu-Raj.jpg,https://doctorsdirectory.com.bd/add-doctor/dr-mohammed-sanaullah-shetu-raj/,,
Dr. Mohammad Saiful Hoque,"MBBS, FCPS (Medicine), MD (Cardiology)",Cardiology & Medicine Specialist,Assistant Professor,Rajshahi Medical College & Hospital,Rajshahi,https://doctorsdirectory.com.bd/wp-content/uploads/2025/01/Dr.-Mohammad-Saiful-Hoque-Raj.jpg,https://doctorsdirectory.com.bd/add-doctor/dr-mohammad-saiful-hoque-raj/,,
Dr. Abu Tarek Iqbal,"MBBS, FCPS (Medicine), MD (Cardiology)",Cardiology & Medicine Specialist,Associate Professor,Rajshahi Medical College & Hospital,Rajshahi,https://doctorsdirectory.com.bd/wp-content/uploads/2025/01/Dr.-Abu-Tarek-Iqbal-Raj.jpg,https://doctorsdirectory.com.bd/add-doctor/dr-abu-tarek-iqbal-raj/,,
Dr. Md. Ibrahim Chowdhury,"MBBS, FCPS (Medicine), MD (Cardiology)","Cardiology, Rheumatic Fever & Medicine Specialist",Associate Professor,Rajshahi Medical College & Hospital,Rajshahi,https://doctorsdirectory.com.bd/wp-content/uploads/2025/01/Dr.-Md.-Ibrahim-Chowdhury-Raj.jpg,https://doctorsdirectory.com.bd/add-doctor/dr-md-ibrahim-chowdhury-raj/,,
Dr. Ashish Dey,"MBBS, FCPS (Medicine), MD (Cardiology)",Cardiology & Medicine Specialist,Assistant Professor,Rajshahi Medical College & Hospital,Rajshahi,https://doctorsdirectory.com.bd/wp-content/uploads/2025/01/Dr.-Ashish-Dey-Raj.jpg,https://doctorsdirectory.com.bd/add-doctor/dr-ashish-dey-raj/,,
Dr. Prabir Kumar Das,"MBBS, FCPS (Medicine), MD (Cardiology)",Cardiology & Medicine Specialist,Associate Professor,Rajshahi Medical College & Hospital,Rajshahi,https://doctorsdirectory.com.bd/wp-content/uploads/2025/01/Dr.-Prabir-Kumar-Das-Raj.jpg,https://doctorsdirectory.com.bd/add-doctor/dr-prabir-kumar-das-raj/,,
Prof. Dr. Mohammad Ibrahim,"MBBS, FCPS (Medicine), MD (Cardiology)",Cardiology & Medicine Specialist,Professor & Head,Rajshahi Medical College & Hospital,Rajshahi,https://doctorsdirectory.com.bd/wp-content/uploads/2025/01/Prof.-Dr.-Mohammad-Ibrahim-Raj.jpg,https://doctorsdirectory.com.bd/add-doctor/prof-dr-mohammad-ibrahim-raj/,,
Dr. Md. Arifur Rahman,"MBBS, D-CARD, MD (Cardiology)",Cardiology & Rheumatic Fever Specialist,Consultant,Rajshahi Medical College & Hospital,Rajshahi,https://doctorsdirectory.com.bd/wp-content/uploads/2025/01/Dr.-Arifur-Rahman-Raj.jpg,https://doctorsdirectory.com.bd/add-doctor/dr-md-arifur-rahman-raj/,,
Dr. Binoy Paul,"MBBS, MD (Gastroenterology)","Gastrointestinal, Liver, Pancreas & Biliary Specialist",Assistant Professor,Rajshahi Medical College & Hospital,Rajshahi,https://doctorsdirectory.com.bd/wp-content/uploads/2025/01/Dr.-Binoy-Paul-Raj.jpg,https://doctorsdirectory.com.bd/add-doctor/dr-binoy-paul-raj/,,
Dr. Md. Nasir Uddin,"MBBS, MD (Neurology)","Brain, Nerve, Spine, Stroke & Neuromedicine Specialist","Assistant Professor, Neurology",Rajshahi Medical College & Hospital,Rajshahi,https://doctorsdirectory.com.bd/wp-content/uploads/2025/01/Dr.-Md.-Nasir-Uddin-Raj.jpg,https://doctorsdirectory.com.bd/add-doctor/dr-md-nasir-uddin-raj/,,
Dr. Muhammad Shafiul Azam,"MBBS, MD (Neurology)","Brain, Stroke, Nerve & Neuromedicine Specialist",Consultant,Rajshahi Medical College & Hospital,Rajshahi,https://doctorsdirectory.com.bd/wp-content/uploads/2025/01/Dr.-Muhammad-Shafiul-Azam-Raj.jpg,https://doctorsdirectory.com.bd/add-doctor/dr-muhammad-shafiul-azam-raj/,,
Dr. S.M. Muazzem Hossain,"MBBS (DMC), BCS (Health), MD (Neurology)","Brain, Nerve, Stroke & Neuromedicine Specialist",Consultant,Rajshahi Medical College & Hospital,Rajshahi,https://doctorsdirectory.com.bd/wp-content/uploads/2025/01/Dr.-S.M.-Muazzem-Hossain-Raj.jpg,https://doctorsdirectory.com.bd/add-doctor/dr-s-m-muazzem-hossain-raj/,,
Dr. Md. Nurul Absar Beg,"MBBS, BCS (Health), MD (Neurology)",Neuromedicine Specialist,"Assistant Professor, Neurology",Rajshahi Medical College & Hospital,Rajshahi,https://doctorsdirectory.com.bd/wp-content/uploads/2025/01/Dr.-Md.-Nurul-Absar-Beg-Raj.jpg,https://doctorsdirectory.com.bd/add-doctor/dr-md-nurul-absar-beg-raj/,,
Dr. Atanu Saha,"MBBS, BCS (Health), MD (Neurology)",Neuromedicine Specialist,"Assistant Professor, Neurology",Rajshahi Medical College & Hospital,Rajshahi,https://doctorsdirectory.com.bd/wp-content/uploads/2025/01/Dr.-Atanu-Saha-Raj.jpg,https://doctorsdirectory.com.bd/add-doctor/dr-atanu-saha-raj/,,
Dr. M.A. Shakoor,"MBBS, BCS (Health), MD (Internal Medicine), MD (Neurology)","Medicine, Brain & Neuromedicine Specialist","Assistant Professor, Neurology",Rajshahi Medical College & Hospital,Rajshahi,https://doctorsdirectory.com.bd/wp-content/uploads/2025/01/Dr.-M.A.-Shakoor-Raj.jpg,https://doctorsdirectory.com.bd/add-doctor/dr-m-a-shakoor-raj/,,
Prof. Dr. Mansurul Alam,"MBBS, MD (Dermatology)",Skin & Venereal Diseases Specialist,"Professor & Head, Dermatology",Rajshahi Medical College & Hospital,Rajshahi,https://doctorsdirectory.com.bd/wp-content/uploads/2025/01/Prof.-Dr.-Mansurul-Alam-Raj.jpg,https://doctorsdirectory.com.bd/add-doctor/prof-dr-mansurul-alam-raj/,,
Dr. Md. Shaukat Hossain,"MBBS, MD (Dermatology)",Skin & Venereal Diseases Specialist,"Associate Professor, Dermatology",Rajshahi Medical College & Hospital,Rajshahi,https://doctorsdirectory.com.bd/wp-content/uploads/2025/01/Dr.-Md.-Shaukat-Hossain-Raj.jpg,https://doctorsdirectory.com.bd/add-doctor/dr-md-shaukat-hossain-raj/,,
Dr. S.M. Ali Ahmed Nazmul,"MBBS, DDV",Skin & Venereal Diseases Specialist,"Assistant Professor, Dermatology",Rajshahi Medical College & Hospital,Rajshahi,https://doctorsdirectory.com.bd/wp-content/uploads/2025/01/Dr.-S.M.-Ali-Ahmed-Nazmul-Raj.jpg,https://doctorsdirectory.com.bd/add-doctor/dr-s-m-ali-ahmed-nazmul-raj/,,
Dr. Rezwana Ahmed,"MBBS, DDV, MD (Dermatology)",Skin & Venereal Diseases Specialist,Consultant,Rajshahi Medical College & Hospital,Rajshahi,https://doctorsdirectory.com.bd/wp-content/uploads/2025/01/Dr.-Rezwana-Ahmed-Raj.jpg,https://doctorsdirectory.com.bd/add-doctor/dr-rezwana-ahmed-raj/,,
Dr. G.M. Moniruddin,"MBBS, MS (Neurosurgery)",Brain & Spine Surgeon,"Assistant Professor, Neurosurgery",Rajshahi Medical College & Hospital,Rajshahi,https://doctorsdirectory.com.bd/wp-content/uploads/2025/01/Dr.-G.M.-Moniruddin-Raj.jpg,https://doctorsdirectory.com.bd/add-doctor/dr-g-m-moniruddin-raj/,,
Dr. S.M. Noble Kumar Barua,"MBBS, MS (Neurosurgery)","Brain, Spine & Nerve Surgeon","Assistant Professor, Neurosurgery",Rajshahi Medical College & Hospital,Rajshahi,https://doctorsdirectory.com.bd/wp-content/uploads/2025/01/Dr.-S.M.-Noble-Kumar-Barua-Raj.jpg,https://doctorsdirectory.com.bd/add-doctor/dr-s-m-noble-kumar-barua-raj/,,
Dr. Md. Saiful Alam,"MBBS, MS (Neurosurgery)","Brain, Nerve & Spine Specialist Surgeon","Associate Professor, Neurosurgery",Rajshahi Medical College & Hospital,Rajshahi,https://doctorsdirectory.com.bd/wp-content/uploads/2025/01/Dr.-Md.-Saiful-Alam-Raj.jpg,https://doctorsdirectory.com.bd/add-doctor/dr-md-saiful-alam-raj/,,
Prof. Dr. Md. Kamal Uddin,"MBBS, MS (Neurosurgery)","Brain, Nerve & Spine Surgeon","Professor & Head, Neurosurgery",Rajshahi Medical College & Hospital,Rajshahi,https://doctorsdirectory.com.bd/wp-content/uploads/2025/01/Prof.-Dr.-Md.-Kamal-Uddin-Raj.jpg,https://doctorsdirectory.com.bd/add-doctor/prof-dr-md-kamal-uddin-raj/,,
Dr. Md. Towhidul Alam,"MBBS, FCPS (Surgery), MS (Neurosurgery)","Brain, Nerve & Spine Specialist Surgeon",Consultant,Rajshahi Medical College & Hospital,Rajshahi,https://doctorsdirectory.com.bd/wp-content/uploads/2025/01/Dr.-Md.-Towhidul-Alam-Raj.jpg,https://doctorsdirectory.com.bd/add-doctor/dr-md-towhidul-alam-raj/,,
Dr. Mohammad Salahuddin Faruq,"MBBS, MS (Surgery), MS (Urology)",Urology Specialist & Surgeon,"Associate Professor, Rajshahi Medical College & Hospital",Rajshahi Medical College & Hospital,Rajshahi,https://doctorsdirectory.com.bd/wp-content/uploads/2025/01/Dr.-Mohammad-Salahuddin-Faruq-Raj.jpg,https://doctorsdirectory.com.bd/add-doctor/dr-mohammad-salahuddin-faruq-raj/,,
Dr. Md. Nurul Absar,"MBBS, FCPS (Surgery), MS (Urology)","Urology (Kidney, Ureter, Bladder, Prostate) Specialist Surgeon",Consultant,Rajshahi Medical College & Hospital,Rajshahi,https://doctorsdirectory.com.bd/wp-content/uploads/2025/01/Dr.-Md.-Nurul-Absar-Raj.jpg,https://doctorsdirectory.com.bd/add-doctor/dr-md-nurul-absar-raj/,,
Dr. Mohammed Belayet Hossain,"MBBS, BCS (Health), MS (Urology)","Kidney, Ureter, Bladder & Prostate Specialist Surgeon",Consultant,Rajshahi Medical College & Hospital,Rajshahi,https://doctorsdirectory.com.bd/wp-content/uploads/2025/01/Dr.-Mohammed-Belayet-Hossain-Raj.jpg,https://doctorsdirectory.com.bd/add-doctor/dr-mohammed-belayet-hossain-raj/,,
Dr. Muhammad Shofique Ur Rahman,"MBBS, MS (Urology)",Urology Specialist & Surgeon,"Assistant Professor, Rajshahi Medical College & Hospital",Rajshahi Medical College & Hospital,Rajshahi,https://doctorsdirectory.com.bd/wp-content/uploads/2025/01/Dr.-Muhammad-Shofique-Ur-Rahman-Raj.jpg,https://doctorsdirectory.com.bd/add-doctor/dr-muhammad-shofique-ur-rahman-raj/,,
Dr. Md. Abdul Mobin,"MBBS, BCS (Health), FCPS (Surgery), MS (Urology)",Urologist & Surgeon,"Assistant Professor, Rajshahi Medical College & Hospital",Rajshahi Medical College & Hospital,Rajshahi,https://doctorsdirectory.com.bd/wp-content/uploads/2025/01/Dr.-Md.-Abdul-Mobin-Raj.jpg,https://doctorsdirectory.com.bd/add-doctor/dr-md-abdul-mobin-raj/,,
Dr. Md. Manzurul Hoque,"MBBS, MS (Urology)",Urology Specialist & Surgeon,"Assistant Professor, Rajshahi Medical College & Hospital",Rajshahi Medical College & Hospital,Rajshahi,https://doctorsdirectory.com.bd/wp-content/uploads/2025/01/Dr.-Md.-Manzurul-Hoque-Raj.jpg,https://doctorsdirectory.com.bd/add-doctor/dr-md-manzurul-hoque-raj/,,
Dr. Kamrul Hasan,"MBBS (Dhaka), BCS (Health), MD (Urology)",Urology Specialist & Surgeon,"Assistant Professor, Rajshahi Medical College & Hospital",Rajshahi Medical College & Hospital,Rajshahi,https://doctorsdirectory.com.bd/wp-content/uploads/2025/01/Dr.-Kamrul-Hasan-Raj.jpg,https://doctorsdirectory.com.bd/add-doctor/dr-kamrul-hasan-raj/,,
Dr. Mohammed Sanaullah Shetu,"MBBS, MS (Urology)","Urology (Kidney, Ureter, Bladder, Prostate) Surgeon","Assistant Professor, Rajshahi Medical College & Hospital",Rajshahi Medical College & Hospital,Rajshahi,https://doctorsdirectory.com.bd/wp-content/uploads/2025/01/Dr.-Mohammed-Sanaullah-Shetu-Raj.jpg,https://doctorsdirectory.com.bd/add-doctor/dr-mohammed-sanaullah-shetu-raj/,,
Dr. Mohammad Saiful Hoque,"MBBS, FCPS (Medicine), MD (Cardiology)",Cardiology & Medicine Specialist,"Assistant Professor, Cardiology",Rajshahi Medical College & Hospital,Rajshahi,https://doctorsdirectory.com.bd/wp-content/uploads/2025/01/Dr.-Mohammad-Saiful-Hoque-Raj.jpg,https://doctorsdirectory.com.bd/add-doctor/dr-mohammad-saiful-hoque-raj/,,
Dr. Abu Tarek Iqbal,"MBBS, FCPS (Medicine), MD (Cardiology)",Cardiology & Medicine Specialist,"Associate Professor, Cardiology",Rajshahi Medical College & Hospital,Rajshahi,https://doctorsdirectory.com.bd/wp-content/uploads/2025/01/Dr.-Abu-Tarek-Iqbal-Raj.jpg,https://doctorsdirectory.com.bd/add-doctor/dr-abu-tarek-iqbal-raj/,,
Dr. Md. Ibrahim Chowdhury,"MBBS, FCPS (Medicine), MD (Cardiology)","Cardiology, Rheumatic Fever & Medicine Specialist","Associate Professor, Cardiology",Rajshahi Medical College & Hospital,Rajshahi,https://doctorsdirectory.com.bd/wp-content/uploads/2025/01/Dr.-Md.-Ibrahim-Chowdhury-Raj.jpg,https://doctorsdirectory.com.bd/add-doctor/dr-md-ibrahim-chowdhury-raj/,,
Dr. Ashish Dey,"MBBS, FCPS (Medicine), MD (Cardiology)",Cardiology & Medicine Specialist,"Assistant Professor, Cardiology",Rajshahi Medical College & Hospital,Rajshahi,https://doctorsdirectory.com.bd/wp-content/uploads/2025/01/Dr.-Ashish-Dey-Raj.jpg,https://doctorsdirectory.com.bd/add-doctor/dr-ashish-dey-raj/,,
Dr. Prabir Kumar Das,"MBBS, FCPS (Medicine), MD (Cardiology)",Cardiology & Medicine Specialist,"Associate Professor, Cardiology",Rajshahi Medical College & Hospital,Rajshahi,https://doctorsdirectory.com.bd/wp-content/uploads/2025/01/Dr.-Prabir-Kumar-Das-Raj.jpg,https://doctorsdirectory.com.bd/add-doctor/dr-prabir-kumar-das-raj/,,
Prof. Dr. Mohammad Ibrahim,"MBBS, FCPS (Medicine), MD (Cardiology)",Cardiology & Medicine Specialist,"Professor & Head, Cardiology",Rajshahi Medical College & Hospital,Rajshahi,https://doctorsdirectory.com.bd/wp-content/uploads/2025/01/Prof.-Dr.-Mohammad-Ibrahim-Raj.jpg,https://doctorsdirectory.com.bd/add-doctor/prof-dr-mohammad-ibrahim-raj/,,
Dr. Md. Arifur Rahman,"MBBS, D-CARD, MD (Cardiology)",Cardiology & Rheumatic Fever Specialist,Consultant,Rajshahi Medical College & Hospital,Rajshahi,https://doctorsdirectory.com.bd/wp-content/uploads/2025/01/Dr.-Arifur-Rahman-Raj.jpg,https://doctorsdirectory.com.bd/add-doctor/dr-md-arifur-rahman-raj/,,
Dr. Binoy Paul,"MBBS, MD (Gastroenterology)","Gastrointestinal, Liver, Pancreas & Biliary Specialist","Assistant Professor, Rajshahi Medical College & Hospital",Rajshahi Medical College & Hospital,Rajshahi,https://doctorsdirectory.com.bd/wp-content/uploads/2025/01/Dr.-Binoy-Paul-Raj.jpg,https://doctorsdirectory.com.bd/add-doctor/dr-binoy-paul-raj/,,
Dr. Abu Md. Towab,"MBBS, BCS (Health), MACP (America), CCD (UK), MD (Cardiology)",Cardiology & Medicine Specialist,Consultant,National Institute of Cardiovascular Diseases,Rangpur,https://doctorsdirectory.com.bd/wp-content/uploads/2025/07/Dr.-Abu-Md.-Towab.png,https://doctorsdirectory.com.bd/add-doctor/dr-abu-md-towab/,,
Dr. Sarwar Ahmed Sobhan,"MBBS (DMC), FCPS (Surgery), MS (Hepatobiliary Surgery)","General, Laparoscopic, Hepatobiliary & Pancreatic Surgery Specialist",Consultant,Bangabandhu Sheikh Mujib Medical University Hospital,Rangpur,https://doctorsdirectory.com.bd/wp-content/uploads/2025/02/Dr.-Sarwar-Ahmed-Sobhan.jpg,https://doctorsdirectory.com.bd/add-doctor/dr-sarwar-ahmed-sobhan/,,
Prof. Dr. Ripon Sarkar,"MBBS, DO, FCPS (EYE)",Eye Specialist & Phaco Surgeon,Specialist,Rangpur Medical College & Hospital,Rangpur,https://doctorsdirectory.com.bd/wp-content/uploads/2025/02/Prof.-Dr.-Ripon-Sarkar.jpg,https://doctorsdirectory.com.bd/add-doctor/prof-dr-ripon-sarkar/,,
Dr. Nusrat Jahan,"MBBS, FCPS (Surgery), MS (Surgery)",General & Laparoscopic Specialist Surgeon,Consultant,Rangpur Medical College & Hospital,Rangpur,https://doctorsdirectory.com.bd/wp-content/uploads/2025/02/Dr.-Nusrat-Jahan.jpg,https://doctorsdirectory.com.bd/add-doctor/dr-nusrat-jahan-rangpur/,,
Prof. Dr. Md. Shahadat Hossain,"MBBS, MS (ENT)","Ear, Nose, Throat Specialist & Head Neck Surgeon",Professor,Rangpur Medical College & Hospital,Rangpur,https://doctorsdirectory.com.bd/wp-content/uploads/2025/02/Prof.-Dr.-Md.-Shahadat-Hossain.jpg,https://doctorsdirectory.com.bd/add-doctor/prof-dr-md-shahadat-hossain/,,
Dr. Md. Mofakkharul Islam,"MBBS, BCS (Health), MD (Cardiology)","Cardiology, Rheumatic Fever & Heart Diseases Specialist",Assistant Professor,Rangpur Medical College & Hospital,Rangpur,https://doctorsdirectory.com.bd/wp-content/uploads/2025/02/Dr.-Md.-Mofakkharul-Islam.jpg,https://doctorsdirectory.com.bd/add-doctor/dr-md-mofakkharul-islam/,,
Dr. S.M. Shahiduzzaman,"MBBS, MS (Orthopedic Surgery)","Bone Joint, Orthopedic Specialist & Trauma Surgeon",Assistant Professor,Rangpur Medical College & Hospital,Rangpur,https://doctorsdirectory.com.bd/wp-content/uploads/2025/02/Dr.-S.M.-Shahiduzzaman.jpg,https://doctorsdirectory.com.bd/add-doctor/dr-s-m-shahiduzzaman/,,
Dr. Farhana Yasmin (Urme),"MBBS, FCPS (Obs & Gynae)","Gynecology, Obstetrics Specialist & Surgeon",Assistant Professor,Rangpur Medical College & Hospital,Rangpur,https://doctorsdirectory.com.bd/wp-content/uploads/2025/02/Dr.-Farhana-Yasmin-Urme.jpg,https://doctorsdirectory.com.bd/add-doctor/dr-farhana-yasmin-urme/,,
Dr. Md. Abdul Aziz,"MBBS, FCPS (Medicine)","Medicine, Diabetes & Rheumatology Specialist",Assistant Professor,Rangpur Medical College & Hospital,Rangpur,https://doctorsdirectory.com.bd/wp-content/uploads/2025/02/Dr.-Md.-Abdul-Aziz.jpg,https://doctorsdirectory.com.bd/add-doctor/dr-md-abdul-aziz/,,
Dr. Md. Khairul Kabir (Kiron),"MBBS, MS (Surgery)",General & Laparoscopic Specialist Surgeon,Associate Professor,Rangpur Medical College & Hospital,Rangpur,https://doctorsdirectory.com.bd/wp-content/uploads/2025/02/Dr.-Md.-Khairul-Kabir-Kiron.jpg,https://doctorsdirectory.com.bd/add-doctor/dr-md-khairul-kabir-kiron/,,
Dr. Md. Shah Jalal,"MBBS, BCS (Health), MD (Cardiology)","Cardiology (Heart Diseases, Rheumatic Fever, Hypertension) Specialist",Assistant Professor,Rangpur Medical College & Hospital,Rangpur,https://doctorsdirectory.com.bd/wp-content/uploads/2025/02/Dr.-Md.-Shah-Jalal.jpg,https://doctorsdirectory.com.bd/add-doctor/dr-md-shah-jalal/,,
Prof. Dr. Md. Amzad Hossain,"MBBS, MS (Surgery), MS (Urology)",Urology Specialist Surgeon & General Surgeon,Professor,Rangpur Medical College & Hospital,Rangpur,https://doctorsdirectory.com.bd/wp-content/uploads/2025/02/Prof.-Dr.-Md.-Amzad-Hossain.jpg,https://doctorsdirectory.com.bd/add-doctor/prof-dr-md-amzad-hossain/,,
Dr. Md. Mahbubur Rahman,"MBBS, BCS (Health), MD (Neuromedicine)","Brain, Stroke, Nerve & Neuromedicine Specialist",Assistant Professor,Rangpur Medical College & Hospital,Rangpur,https://doctorsdirectory.com.bd/wp-content/uploads/2025/02/Dr.-Md.-Mahbubur-Rahman.jpg,https://doctorsdirectory.com.bd/add-doctor/dr-md-mahbubur-rahman-rang/,,
Dr. Md. Nurul Absar Beg,"MBBS, BCS (Health), MD (Nephrology)",Kidney Diseases & Medicine Specialist,Assistant Professor,Rangpur Medical College & Hospital,Rangpur,https://doctorsdirectory.com.bd/wp-content/uploads/2025/02/Dr.-Md.-Nurul-Absar-Beg.jpg,https://doctorsdirectory.com.bd/add-doctor/dr-md-nurul-absar-beg-rang/,,
Dr. Shajedur Rahman,"MBBS, BCS (Health), MD (Cardiology)","Cardiology (Heart Diseases, Rheumatic Fever, Hypertension) Specialist",Assistant Professor,Rangpur Medical College & Hospital,Rangpur,https://doctorsdirectory.com.bd/wp-content/uploads/2025/02/Dr.-Shajedur-Rahman.jpg,https://doctorsdirectory.com.bd/add-doctor/dr-shajedur-rahman-rang/,,
Dr. Palash Kumar Dey,"MBBS, BCS (Health), MD (Gastroenterology)","Gastrointestinal, Liver & Pancreas Diseases Specialist",Consultant,Rangpur Medical College & Hospital,Rangpur,https://doctorsdirectory.com.bd/wp-content/uploads/2025/02/Dr.-Palash-Kumar-Dey.jpg,https://doctorsdirectory.com.bd/add-doctor/dr-palash-kumar-dey-rang/,,
Dr. Md. Humayun Kabir,"MBBS, BCS (Health), MD (Neurology)","Neuromedicine (Brain, Stroke, Nerve, Spine, Headache) Specialist",Consultant,Rangpur Medical College & Hospital,Rangpur,https://doctorsdirectory.com.bd/wp-content/uploads/2025/02/Dr.-Md.-Humayun-Kabir.jpg,https://doctorsdirectory.com.bd/add-doctor/dr-md-humayun-kabir-rang/,,
Dr. S.M. Noble Kumar Barua,"MBBS, MS (Neurosurgery)","Brain, Nerve, Spinal Cord Surgeon & Neuromedicine Specialist",Assistant Professor,Rangpur Medical College & Hospital,Rangpur,https://doctorsdirectory.com.bd/wp-content/uploads/2025/02/Dr.-S.M.-Noble-Kumar-Barua.jpg,https://doctorsdirectory.com.bd/add-doctor/dr-s-m-noble-kumar-barua-rang/,,
Prof. Dr. Md. Asgar Ali,"MBBS, DPH, MCPS, DLO, FCPS (UK)","ENT (Ear, Nose, Throat) Specialist & Head Neck Surgeon",Professor & Head,Rangpur Community Medical College & Hospital,Rangpur,https://doctorsdirectory.com.bd/wp-content/uploads/2025/02/Prof.-Dr.-Md.-Asgar-Ali.jpg,https://doctorsdirectory.com.bd/add-doctor/prof-dr-md-asgar-ali/,,
Prof. Dr. Shafiqul Islam,"MBBS (DMC), MS (Ortho Surgery)","Bone Joint, Orthopedic Specialist & Trauma Surgeon",Professor & Head,Rangpur Medical College & Hospital,Rangpur,https://doctorsdirectory.com.bd/wp-content/uploads/2025/02/Prof.-Dr.-Shafiqul-Islam.jpg,https://doctorsdirectory.com.bd/add-doctor/prof-dr-shafiqul-islam/,,
Prof. Dr. Afroza Begum Shila,"MBBS, FCPS (OBGYN)","Gynecology, Obstetrics Specialist & Surgeon","Chairman, Gynecology & Obstetrics",Genome Medical College & Hospital,Sylhet,https://doctorsdirectory.com.bd/wp-content/uploads/2025/01/Prof.-Dr.-Afroza-Begum-Shila.jpg,https://doctorsdirectory.com.bd/add-doctor/prof-dr-afroza-begum-shila/,,
Dr. Sakib Mohammad Ataur (Ullas),"MBBS, DO( BSMMU), Advanced Microsurgical IOL Training",Eye Specialist & Phaco Surgeon,Consultant,Friends Eye Hospital, Sylhet,Sylhet,https://doctorsdirectory.com.bd/wp-content/uploads/2025/01/Dr.-Sakib-Mohammad-Ataur.jpg,https://doctorsdirectory.com.bd/add-doctor/dr-sakib-mohammad-ataur-ullas/,
Prof. Dr. Khawja Mohammad Moiz,"MBBS, FCPS (Physical Medicine)","Physical Medicine (Pain, Paralysis, Sports Injury) & Rehabilitation Specialist","Professor & Head, Physical Medicine & Rehabilitation",Jalalabad Ragib-Rabeya Medical College & Hospital,Sylhet,https://doctorsdirectory.com.bd/wp-content/uploads/2025/01/Prof.-Dr.-Khawja-Mohammad-Moiz.jpg,https://doctorsdirectory.com.bd/add-doctor/prof-dr-khawja-mohammad-moiz/,,
Dr. Md. Suhail Alam,"MBBS, MD (Cardiology, BSMMU)","Cardiology, Heart Diseases & Rheumatic Fever Specialist",Consultant,"Al Haramain Hospital Private Limited, Sylhet",Sylhet,https://doctorsdirectory.com.bd/wp-content/uploads/2025/01/Dr.-Md.-Suhail-Alam.jpg,https://doctorsdirectory.com.bd/add-doctor/dr-md-suhail-alam/,,
Dr. Ajoy Kumar Dutta,"MBBS, MD (Cardiology), NICVD","Cardiology, Hypertension & Rheumatic Fever Specialist",Chief Consultant,"Al Haramain Hospital Private Limited, Sylhet",Sylhet,https://doctorsdirectory.com.bd/wp-content/uploads/2025/01/Dr.-Ajoy-Kumar-Dutta.jpg,https://doctorsdirectory.com.bd/add-doctor/dr-ajoy-kumar-dutta/,,
Dr. Mohammad Zabed Zillul Bari,"MBBS, BCS (Health), MD (Medicine)",Medicine Specialist,Consultant,Sylhet MAG Osmani Medical College & Hospital,Sylhet,https://doctorsdirectory.com.bd/wp-content/uploads/2025/01/Dr.-Mohammad-Zabed-Zillul-Bari.jpg,https://doctorsdirectory.com.bd/add-doctor/dr-mohammad-zabed-zillul-bari/,,
Prof. Dr. Shameem Anwarul Hoque,"MBBS, FCPS (ENT)","Ear, Nose, Throat Specialist & Head Neck Surgeon",Professor & Head,MH Samorita Hospital & Medical College,Sylhet,https://doctorsdirectory.com.bd/wp-content/uploads/2025/01/Prof.-Dr.-Shameem-Anwarul-Hoque.jpg,https://doctorsdirectory.com.bd/add-doctor/prof-dr-shameem-anwarul-hoque/,,
Dr. Md. Nasir Uddin,"MBBS (CU), MD (Neurology)","Brain, Nerve, Spine, Stroke & Neuromedicine Specialist","Assistant Professor, Neurology",Sylhet Medical College & Hospital,Sylhet,https://doctorsdirectory.com.bd/wp-content/uploads/2025/01/Dr.-Md.-Nasir-Uddin-Syl.jpg,https://doctorsdirectory.com.bd/add-doctor/dr-md-nasir-uddin-syl/,,
Dr. Muhammad Shafiul Azam,"MBBS, MD (Neurology)","Brain, Stroke, Nerve & Neuromedicine Specialist",Consultant,Sylhet Medical College & Hospital,Sylhet,https://doctorsdirectory.com.bd/wp-content/uploads/2025/01/Dr.-Muhammad-Shafiul-Azam-Syl.jpg,https://doctorsdirectory.com.bd/add-doctor/dr-muhammad-shafiul-azam-syl/,,
Dr. S.M. Muazzem Hossain,"MBBS (DMC), BCS (Health), MD (Neurology)","Brain, Nerve, Stroke & Neuromedicine Specialist",Consultant,Sylhet Medical College & Hospital,Sylhet,https://doctorsdirectory.com.bd/wp-content/uploads/2025/01/Dr.-S.M.-Muazzem-Hossain-Syl.jpg,https://doctorsdirectory.com.bd/add-doctor/dr-s-m-muazzem-hossain-syl/,,
Dr. Md. Nurul Absar Beg,"MBBS, BCS (Health), MD (Neurology)",Neuromedicine Specialist,"Assistant Professor, Neurology",Sylhet Medical College & Hospital,Sylhet,https://doctorsdirectory.com.bd/wp-content/uploads/2025/01/Dr.-Md.-Nurul-Absar-Beg-Syl.jpg,https://doctorsdirectory.com.bd/add-doctor/dr-md-nurul-absar-beg-syl/,,
Dr. Atanu Saha,"MBBS, BCS (Health), MD (Neurology)",Neuromedicine Specialist,"Assistant Professor, Neurology",Sylhet Medical College & Hospital,Sylhet,https://doctorsdirectory.com.bd/wp-content/uploads/2025/01/Dr.-Atanu-Saha-Syl.jpg,https://doctorsdirectory.com.bd/add-doctor/dr-atanu-saha-syl/,,
Dr. M.A. Shakoor,"MBBS, BCS (Health), MD (Internal Medicine), MD (Neurology)","Medicine, Brain & Neuromedicine Specialist","Assistant Professor, Neurology",Sylhet Medical College & Hospital,Sylhet,https://doctorsdirectory.com.bd/wp-content/uploads/2025/01/Dr.-M.A.-Shakoor-Syl.jpg,https://doctorsdirectory.com.bd/add-doctor/dr-m-a-shakoor-syl/,,
Prof. Dr. Mansurul Alam,"MBBS, MD (Dermatology)",Skin & Venereal Diseases Specialist,"Professor & Head, Dermatology",Sylhet Medical College & Hospital,Sylhet,https://doctorsdirectory.com.bd/wp-content/uploads/2025/01/Prof.-Dr.-Mansurul-Alam-Syl.jpg,https://doctorsdirectory.com.bd/add-doctor/prof-dr-mansurul-alam-syl/,,
Dr. Md. Shaukat Hossain,"MBBS, MD (Dermatology)",Skin & Venereal Diseases Specialist,"Associate Professor, Dermatology",Sylhet Medical College & Hospital,Sylhet,https://doctorsdirectory.com.bd/wp-content/uploads/2025/01/Dr.-Md.-Shaukat-Hossain-Syl.jpg,https://doctorsdirectory.com.bd/add-doctor/dr-md-shaukat-hossain-syl/,,
Dr. S.M. Ali Ahmed Nazmul,"MBBS, DDV",Skin & Venereal Diseases Specialist,"Assistant Professor, Dermatology",Sylhet Medical College & Hospital,Sylhet,https://doctorsdirectory.com.bd/wp-content/uploads/2025/01/Dr.-S.M.-Ali-Ahmed-Nazmul-Syl.jpg,https://doctorsdirectory.com.bd/add-doctor/dr-s-m-ali-ahmed-nazmul-syl/,,
Dr. Rezwana Ahmed,"MBBS, DDV, MD (Dermatology)",Skin & Venereal Diseases Specialist,Consultant,Sylhet Medical College & Hospital,Sylhet,https://doctorsdirectory.com.bd/wp-content/uploads/2025/01/Dr.-Rezwana-Ahmed-Syl.jpg,https://doctorsdirectory.com.bd/add-doctor/dr-rezwana-ahmed-syl/,,
Dr. G.M. Moniruddin,"MBBS, MS (Neurosurgery)",Brain & Spine Surgeon,"Assistant Professor, Neurosurgery",Sylhet Medical College & Hospital,Sylhet,https://doctorsdirectory.com.bd/wp-content/uploads/2025/01/Dr.-G.M.-Moniruddin-Syl.jpg,https://doctorsdirectory.com.bd/add-doctor/dr-g-m-moniruddin-syl/,,
Dr. S.M. Noble Kumar Barua,"MBBS, MS (Neurosurgery)","Brain, Spine & Nerve Surgeon","Assistant Professor, Neurosurgery",Sylhet Medical College & Hospital,Sylhet,https://doctorsdirectory.com.bd/wp-content/uploads/2025/01/Dr.-S.M.-Noble-Kumar-Barua-Syl.jpg,https://doctorsdirectory.com.bd/add-doctor/dr-s-m-noble-kumar-barua-syl/,,
Dr. Md. Saiful Alam,"MBBS, MS (Neurosurgery)","Brain, Nerve & Spine Specialist Surgeon","Associate Professor, Neurosurgery",Sylhet Medical College & Hospital,Sylhet,https://doctorsdirectory.com.bd/wp-content/uploads/2025/01/Dr.-Md.-Saiful-Alam-Syl.jpg,https://doctorsdirectory.com.bd/add-doctor/dr-md-saiful-alam-syl/,,
Prof. Dr. Md. Kamal Uddin,"MBBS, MS (Neurosurgery)","Brain, Nerve & Spine Surgeon","Professor & Head, Neurosurgery",Sylhet Medical College & Hospital,Sylhet,https://doctorsdirectory.com.bd/wp-content/uploads/2025/01/Prof.-Dr.-Md.-Kamal-Uddin-Syl.jpg,https://doctorsdirectory.com.bd/add-doctor/prof-dr-md-kamal-uddin-syl/,,
Dr. Md. Towhidul Alam,"MBBS, FCPS (Surgery), MS (Neurosurgery)","Brain, Nerve & Spine Specialist Surgeon",Consultant,Sylhet Medical College & Hospital,Sylhet,https://doctorsdirectory.com.bd/wp-content/uploads/2025/01/Dr.-Md.-Towhidul-Alam-Syl.jpg,https://doctorsdirectory.com.bd/add-doctor/dr-md-towhidul-alam-syl/,,
Dr. Mohammad Salahuddin Faruq,"MBBS, MS (Surgery), MS (Urology)",Urology Specialist & Surgeon,"Associate Professor, Sylhet Medical College & Hospital",Sylhet Medical College & Hospital,Sylhet,https://doctorsdirectory.com.bd/wp-content/uploads/2025/01/Dr.-Mohammad-Salahuddin-Faruq-Syl.jpg,https://doctorsdirectory.com.bd/add-doctor/dr-mohammad-salahuddin-faruq-syl/,,
Dr. Md. Nurul Absar,"MBBS, FCPS (Surgery), MS (Urology)","Urology (Kidney, Ureter, Bladder, Prostate) Specialist Surgeon",Consultant,Sylhet Medical College & Hospital,Sylhet,https://doctorsdirectory.com.bd/wp-content/uploads/2025/01/Dr.-Md.-Nurul-Absar-Syl.jpg,https://doctorsdirectory.com.bd/add-doctor/dr-md-nurul-absar-syl/,,
Dr. Mohammed Belayet Hossain,"MBBS, BCS (Health), MS (Urology)","Kidney, Ureter, Bladder & Prostate Specialist Surgeon",Consultant,Sylhet Medical College & Hospital,Sylhet,https://doctorsdirectory.com.bd/wp-content/uploads/2025/01/Dr.-Mohammed-Belayet-Hossain-Syl.jpg,https://doctorsdirectory.com.bd/add-doctor/dr-mohammed-belayet-hossain-syl/,,
Dr. Muhammad Shofique Ur Rahman,"MBBS, MS (Urology)",Urology Specialist & Surgeon,"Assistant Professor, Sylhet Medical College & Hospital",Sylhet Medical College & Hospital,Sylhet,https://doctorsdirectory.com.bd/wp-content/uploads/2025/01/Dr.-Muhammad-Shofique-Ur-Rahman-Syl.jpg,https://doctorsdirectory.com.bd/add-doctor/dr-muhammad-shofique-ur-rahman-syl/,,
Dr. Md. Abdul Mobin,"MBBS, BCS (Health), FCPS (Surgery), MS (Urology)",Urologist & Surgeon,"Assistant Professor, Sylhet Medical College & Hospital",Sylhet Medical College & Hospital,Sylhet,https://doctorsdirectory.com.bd/wp-content/uploads/2025/01/Dr.-Md.-Abdul-Mobin-Syl.jpg,https://doctorsdirectory.com.bd/add-doctor/dr-md-abdul-mobin-syl/,,
Dr. Md. Manzurul Hoque,"MBBS, MS (Urology)",Urology Specialist & Surgeon,"Assistant Professor, Sylhet Medical College & Hospital",Sylhet Medical College & Hospital,Sylhet,https://doctorsdirectory.com.bd/wp-content/uploads/2025/01/Dr.-Md.-Manzurul-Hoque-Syl.jpg,https://doctorsdirectory.com.bd/add-doctor/dr-md-manzurul-hoque-syl/,,
Dr. Kamrul Hasan,"MBBS (Dhaka), BCS (Health), MD (Urology)",Urology Specialist & Surgeon,"Assistant Professor, Sylhet Medical College & Hospital",Sylhet Medical College & Hospital,Sylhet,https://doctorsdirectory.com.bd/wp-content/uploads/2025/01/Dr.-Kamrul-Hasan-Syl.jpg,https://doctorsdirectory.com.bd/add-doctor/dr-kamrul-hasan-syl/,,
Dr. Mohammed Sanaullah Shetu,"MBBS, MS (Urology)","Urology (Kidney, Ureter, Bladder, Prostate) Surgeon","Assistant Professor, Sylhet Medical College & Hospital",Sylhet Medical College & Hospital,Sylhet,https://doctorsdirectory.com.bd/wp-content/uploads/2025/01/Dr.-Mohammed-Sanaullah-Shetu-Syl.jpg,https://doctorsdirectory.com.bd/add-doctor/dr-mohammed-sanaullah-shetu-syl/,,
Dr. Mohammad Saiful Hoque,"MBBS, FCPS (Medicine), MD (Cardiology)",Cardiology & Medicine Specialist,"Assistant Professor, Cardiology",Sylhet Medical College & Hospital,Sylhet,https://doctorsdirectory.com.bd/wp-content/uploads/2025/01/Dr.-Mohammad-Saiful-Hoque-Syl.jpg,https://doctorsdirectory.com.bd/add-doctor/dr-mohammad-saiful-hoque-syl/,,
Dr. Abu Tarek Iqbal,"MBBS, FCPS (Medicine), MD (Cardiology)",Cardiology & Medicine Specialist,"Associate Professor, Cardiology",Sylhet Medical College & Hospital,Sylhet,https://doctorsdirectory.com.bd/wp-content/uploads/2025/01/Dr.-Abu-Tarek-Iqbal-Syl.jpg,https://doctorsdirectory.com.bd/add-doctor/dr-abu-tarek-iqbal-syl/,,
Dr. Md. Ibrahim Chowdhury,"MBBS, FCPS (Medicine), MD (Cardiology)","Cardiology, Rheumatic Fever & Medicine Specialist","Associate Professor, Cardiology",Sylhet Medical College & Hospital,Sylhet,https://doctorsdirectory.com.bd/wp-content/uploads/2025/01/Dr.-Md.-Ibrahim-Chowdhury-Syl.jpg,https://doctorsdirectory.com.bd/add-doctor/dr-md-ibrahim-chowdhury-syl/,,
Dr. Ashish Dey,"MBBS, FCPS (Medicine), MD (Cardiology)",Cardiology & Medicine Specialist,"Assistant Professor, Cardiology",Sylhet Medical College & Hospital,Sylhet,https://doctorsdirectory.com.bd/wp-content/uploads/2025/01/Dr.-Ashish-Dey-Syl.jpg,https://doctorsdirectory.com.bd/add-doctor/dr-ashish-dey-syl/,,
Dr. Prabir Kumar Das,"MBBS, FCPS (Medicine), MD (Cardiology)",Cardiology & Medicine Specialist,"Associate Professor, Cardiology",Sylhet Medical College & Hospital,Sylhet,https://doctorsdirectory.com.bd/wp-content/uploads/2025/01/Dr.-Prabir-Kumar-Das-Syl.jpg,https://doctorsdirectory.com.bd/add-doctor/dr-prabir-kumar-das-syl/,,
Prof. Dr. Mohammad Ibrahim,"MBBS, FCPS (Medicine), MD (Cardiology)",Cardiology & Medicine Specialist,"Professor & Head, Cardiology",Sylhet Medical College & Hospital,Sylhet,https://doctorsdirectory.com.bd/wp-content/uploads/2025/01/Prof.-Dr.-Mohammad-Ibrahim-Syl.jpg,https://doctorsdirectory.com.bd/add-doctor/prof-dr-mohammad-ibrahim-syl/,,
Dr. Md. Arifur Rahman,"MBBS, D-CARD, MD (Cardiology)",Cardiology & Rheumatic Fever Specialist,Consultant,Sylhet Medical College & Hospital,Sylhet,https://doctorsdirectory.com.bd/wp-content/uploads/2025/01/Dr.-Arifur-Rahman-Syl.jpg,https://doctorsdirectory.com.bd/add-doctor/dr-md-arifur-rahman-syl/,,
Dr. Binoy Paul,"MBBS, MD (Gastroenterology)","Gastrointestinal, Liver, Pancreas & Biliary Specialist","Assistant Professor, Sylhet Medical College & Hospital",Sylhet Medical College & Hospital,Sylhet,https://doctorsdirectory.com.bd/wp-content/uploads/2025/01/Dr.-Binoy-Paul-Syl.jpg,https://doctorsdirectory.com.bd/add-doctor/dr-binoy-paul-syl/,,
Dr. Alak Kumar Raha,"MBBS, MCPS (Medicine), MD (Hepatology)",Liver & Medicine Specialist,"Associate Professor & Head, Hepatology",Sylhet Medical College & Hospital,Sylhet,https://doctorsdirectory.com.bd/wp-content/uploads/2025/01/Dr.-Alak-Kumar-Raha-Syl.jpg,https://doctorsdirectory.com.bd/add-doctor/dr-alak-kumar-raha-syl/,,
Dr. Aloke Kumar Raha,"MBBS (Dhaka), MCPS (Medicine), MD (Hepatology)",Liver Diseases Specialist,"Associate Professor & Head, Hepatology",Sylhet Medical College & Hospital,Sylhet,https://doctorsdirectory.com.bd/wp-content/uploads/2025/02/Dr.-Aloke-Kumar-Raha-Syl.jpg,https://doctorsdirectory.com.bd/add-doctor/dr-aloke-kumar-raha-syl/,,
Dr. Sumit Ranjan Paul,"MBBS, BCS (Health), MD (Nephrology)",Kidney Diseases & Medicine Specialist,"Assistant Professor, Nephrology",Sylhet Medical College & Hospital,Sylhet,https://doctorsdirectory.com.bd/wp-content/uploads/2025/01/Dr.-Sumit-Ranjan-Paul-Syl.jpg,https://doctorsdirectory.com.bd/add-doctor/dr-sumit-ranjan-paul-syl/,,
Dr. Md. Nurul Absar Beg,"MBBS, BCS (Health), MD (Nephrology)",Kidney Diseases & Medicine Specialist,"Assistant Professor, Nephrology",Sylhet Medical College & Hospital,Sylhet,https://doctorsdirectory.com.bd/wp-content/uploads/2025/01/Dr.-Md.-Nurul-Absar-Beg-Kidney-Syl.jpg,https://doctorsdirectory.com.bd/add-doctor/dr-md-nurul-absar-beg-kidney-syl/,,
Prof. Dr. Md. Enayet Karim,"MBBS, MD (Nephrology)",Kidney Diseases Specialist,"Professor & Head, Nephrology",Sylhet Medical College & Hospital,Sylhet,https://doctorsdirectory.com.bd/wp-content/uploads/2025/01/Prof.-Dr.-Md.-Enayet-Karim-Syl.jpg,https://doctorsdirectory.com.bd/add-doctor/prof-dr-md-enayet-karim-syl/,,
Dr. K.M. Faisal,"MBBS (DMC), BCS (Health), MD (Nephrology)","Kidney, High Blood Pressure & Medicine Specialist",Consultant,Sylhet Medical College & Hospital,Sylhet,https://doctorsdirectory.com.bd/wp-content/uploads/2025/01/Dr.-K.M.-Faisal-Syl.jpg,https://doctorsdirectory.com.bd/add-doctor/dr-k-m-faisal-syl/,,
Dr. Kamrul Hasan,"MBBS (Dhaka), BCS (Health), MD (Endocrinology)","Diabetes, Thyroid & Hormone Specialist","Assistant Professor & Head, Endocrinology",Sylhet Medical College & Hospital,Sylhet,https://doctorsdirectory.com.bd/wp-content/uploads/2025/01/Dr.-Kamrul-Hasan-Endo-Syl.jpg,https://doctorsdirectory.com.bd/add-doctor/dr-kamrul-hasan-endo-syl/,,
Dr. Farhana Akter,"MBBS, FCPS (Medicine), MD (Endocrinology)","Diabetes, Thyroid & Hormone Specialist","Assistant Professor, Endocrinology",Sylhet Medical College & Hospital,Sylhet,https://doctorsdirectory.com.bd/wp-content/uploads/2025/01/Dr.-Farhana-Akter-Syl.jpg,https://doctorsdirectory.com.bd/add-doctor/dr-farhana-akter-syl/,,
Dr. Shahryar Ahmed Milan,"MBBS, BCS (Health), DEM (BIRDEM)","Endocrinology (Diabetes, Thyroid & Hormonal Diseases) Specialist","Assistant Professor, Endocrinology",Sylhet Medical College & Hospital,Sylhet,https://doctorsdirectory.com.bd/wp-content/uploads/2025/02/Dr.-Shahryar-Ahmed-Milan-Syl.jpg,https://doctorsdirectory.com.bd/add-doctor/dr-shahryar-ahmed-milan-syl/,,
Dr. Md. Nazmul Haque Talukdar,"MBBS, MD (Chest Disease)","Chest, Asthma, COPD, Tuberculosis Specialist","Assistant Professor, Pulmonology",Sylhet Medical College & Hospital,Sylhet,https://doctorsdirectory.com.bd/wp-content/uploads/2025/01/Dr.-Md.-Nazmul-Haque-Talukdar-Syl.jpg,https://doctorsdirectory.com.bd/add-doctor/dr-md-nazmul-haque-talukdar-syl/,,
Dr. Muniruddin Ahmed,"MBBS (CU), FCPS (Medicine)","Medicine, Diabetes & Hormone Specialist","Assistant Professor, Medicine",Cox’s Bazar Medical College & Hospital,Sylhet,https://doctorsdirectory.com.bd/wp-content/uploads/2025/01/Dr.-Muniruddin-Ahmed-Syl.jpg,https://doctorsdirectory.com.bd/add-doctor/dr-muniruddin-ahmed-syl/,,
Dr. Md. Tareq-Ul-Kader,"MBBS, BCS, FCPS (Medicine)","Medicine, Diabetologist & Rheumatology Specialist",Registrar,Chattogram Maa-O-Shishu Hospital Medical College,Sylhet,https://doctorsdirectory.com.bd/wp-content/uploads/2025/01/Dr.-Md.-Tareq-Ul-Kader-Syl.jpg,https://doctorsdirectory.com.bd/add-doctor/dr-md-tareq-ul-kader-syl/,,
Dr. A Z M Sakhawat Hossain,"MBBS, BCS (Health), MCPS (Medicine), FCPS (Medicine), FRCP (UK)",Medicine Specialist,"Associate Professor, Medicine",Marine City Medical College & Hospital,Sylhet,https://doctorsdirectory.com.bd/wp-content/uploads/2025/01/Dr.-A-Z-M-Sakhawat-Hossain-Syl.jpg,https://doctorsdirectory.com.bd/add-doctor/dr-a-z-m-sakhawat-hossain-syl/,,
Dr. M.A. Hassan Chowdhury,"MBBS, FCPS, FRCP (Edin), FACP (USA)",Medicine Specialist,"Professor, Department of Medicine",Sylhet Medical College & Hospital,Sylhet,https://doctorsdirectory.com.bd/wp-content/uploads/2025/01/Dr.-M.A.-Hassan-Chowdhury-Syl.jpg,https://doctorsdirectory.com.bd/add-doctor/dr-m-a-hassan-chowdhury-syl/,,
Dr. Abul Fazal Muhammad Nazimuddin,"MBBS, FCPS (Medicine)",Medicine Specialist,"Associate Professor, Medicine",Chattogram Maa-O-Shishu Hospital Medical College,Sylhet,https://doctorsdirectory.com.bd/wp-content/uploads/2025/01/Dr.-A.-F.-M.-Nazimuddin-Syl.jpg,https://doctorsdirectory.com.bd/add-doctor/dr-abul-fazal-muhammad-nazimuddin-syl/,,
Dr. Md. Abu Taher,"MBBS, FCPS (Medicine)",Medicine Specialist,Consultant,Max Hospital & Diagnostic,Sylhet,https://doctorsdirectory.com.bd/wp-content/uploads/2025/01/Dr.-Md.-Abu-Taher-Syl.jpg,https://doctorsdirectory.com.bd/add-doctor/dr-md-abu-taher-syl/,,
Dr. Md. Saiful Huq,"MBBS (DMC), BCS (Health), MRCP (UK)",Medicine & Diabetes Specialist,Consultant,Sylhet Medical College & Hospital,Sylhet,https://doctorsdirectory.com.bd/wp-content/uploads/2025/01/Dr.-Md.-Saiful-Huq-Syl.jpg,https://doctorsdirectory.com.bd/add-doctor/dr-md-saiful-huq-syl/,,
Prof. Dr. Mizanur Rahman,"MBBS, MCPS (Medicine), MD (Medicine)",Medicine Specialist,"Professor, Medicine",Chattogram Maa-O-Shishu Hospital Medical College,Sylhet,https://doctorsdirectory.com.bd/wp-content/uploads/2025/01/Prof.-Dr.-Mizanur-Rahman-Syl.jpg,https://doctorsdirectory.com.bd/add-doctor/prof-dr-mizanur-rahman-syl/,,
Dr. Abanti Deb Nath,"MBBS (DU), BCS (Health), FCPS (Medicine)",Medicine & Neuromedicine Specialist,"Assistant Professor, Medicine",Sylhet Medical College & Hospital,Sylhet,https://doctorsdirectory.com.bd/wp-content/uploads/2025/01/Dr.-Abanti-Deb-Nath-Syl.jpg,https://doctorsdirectory.com.bd/add-doctor/dr-abanti-deb-nath-syl/,,
Dr. F.M.A. Zahid,"MBBS, MCPS, FCPS (Medicine)","Medicine, Diabetology & Neuromedicine Specialist","Assistant Professor, Medicine",Sylhet Medical College & Hospital,Sylhet,https://doctorsdirectory.com.bd/wp-content/uploads/2025/01/Dr.-F.M.A.-Zahid-Syl.jpg,https://doctorsdirectory.com.bd/add-doctor/dr-f-m-a-zahid-syl/,,
Prof. Dr. Emran Bin Yunus,"MBBS (Dhaka), FCPS (Medicine), MACP (USA), FACP (USA)",Medicine & Nephrology Specialist,"Former Professor, Nephrology",Sylhet Medical College & Hospital,Sylhet,https://doctorsdirectory.com.bd/wp-content/uploads/2025/01/Prof.-Dr.-Emran-Bin-Yunus-Syl.jpg,https://doctorsdirectory.com.bd/add-doctor/prof-dr-emran-bin-yunus-syl/,,
Dr. Kafil Uddin,"MBBS (DMC), BCS (Health), FCPS (Medicine)","Medicine Specialist, Diabetologist & Rheumatologist","Assistant Professor, Medicine",Dhaka Medical College & Hospital,Sylhet,https://doctorsdirectory.com.bd/wp-content/uploads/2025/01/Dr.-Kafil-Uddin-Syl.jpg,https://doctorsdirectory.com.bd/add-doctor/dr-kafil-uddin-syl/,,
Dr. Arup Ratan Das,"MBBS (DMC), BCS (Health), FCPS (Medicine), MCPS (Medicine)",Medicine Specialist,Consultant,Sylhet Medical College & Hospital,Sylhet,https://doctorsdirectory.com.bd/wp-content/uploads/2025/01/Dr.-Arup-Ratan-Das-Syl.jpg,https://doctorsdirectory.com.bd/add-doctor/dr-arup-ratan-das-syl/,,
Dr. Abu Sayeed,"MBBS, BCS (Health), MD (Internal Medicine)",Medicine Specialist,Consultant,Sylhet Medical College & Hospital,Sylhet,https://doctorsdirectory.com.bd/wp-content/uploads/2025/01/Dr.-Abu-Sayeed-Syl.jpg,https://doctorsdirectory.com.bd/add-doctor/dr-abu-sayeed-syl/,,
Dr. Mohammad Moinul Islam,"MBBS, BCS (Health), MCPS, FCPS (Medicine)",Medicine Specialist,Consultant,Sylhet Medical College & Hospital,Sylhet,https://doctorsdirectory.com.bd/wp-content/uploads/2025/01/Dr.-Mohammad-Moinul-Islam-Syl.jpg,https://doctorsdirectory.com.bd/add-doctor/dr-mohammad-moinul-islam-syl/,,
Dr. Farhana Halim,"MBBS (SSMC), BCS (Health), FCPS (Medicine), MACP (USA)",Medicine Specialist,Consultant,Sylhet Medical College & Hospital,Sylhet,https://doctorsdirectory.com.bd/wp-content/uploads/2025/01/Dr.-Farhana-Halim-Syl.jpg,https://doctorsdirectory.com.bd/add-doctor/dr-farhana-halim-syl/,,
Dr. A N M Ashik-E-Elahi,"MBBS (CMC), BCS (Health), FCPS (Medicine)",Medicine Specialist,"Assistant Professor, Medicine",Marine City Medical College & Hospital,Sylhet,https://doctorsdirectory.com.bd/wp-content/uploads/2025/01/Dr.-A-N-M-Ashik-E-Elahi-Syl.jpg,https://doctorsdirectory.com.bd/add-doctor/dr-a-n-m-ashik-e-elahi-syl/,,
Dr. M. S. Chowdhury,"MBBS, BCS (Health), PGT (Medicine), CMU (Ultrasound)",Medicine Specialist,Consultant,Max Hospital & Diagnostic,Sylhet,https://doctorsdirectory.com.bd/wp-content/uploads/2025/01/Dr.-M.-S.-Chowdhury-Syl.jpg,https://doctorsdirectory.com.bd/add-doctor/dr-m-s-chowdhury-syl/,,
Dr. Mohammed Maksudul Karim,"MBBS, BCS (Health), FCPS (Medicine), MCPS (Medicine)",Medicine Specialist,Consultant,Sylhet Medical College & Hospital,Sylhet,https://doctorsdirectory.com.bd/wp-content/uploads/2025/02/Dr.-Mohammed-Maksudul-Karim-Syl.jpg,https://doctorsdirectory.com.bd/add-doctor/dr-mohammed-maksudul-karim-syl/,,
Dr. M. A. Yousuf Chowdhury,"MBBS, BCS (Health), MD (Internal Medicine), Fellow in Diabetology (BIRDEM)",Medicine & Diabetes Specialist,"Associate Professor, Medicine",Sylhet Medical College & Hospital,Sylhet,https://doctorsdirectory.com.bd/wp-content/uploads/2025/02/Dr.-MA-Yousuf-Chowdhury-Syl.jpg,https://doctorsdirectory.com.bd/add-doctor/dr-m-a-yousuf-chowdhury-syl/,,
Dr. Prasenjit Barua,"MBBS, FCPS (Medicine), MACP (USA)",Medicine & Diabetes Specialist,Specialist,Sylhet Medical College & Hospital,Sylhet,https://doctorsdirectory.com.bd/wp-content/uploads/2025/02/Dr.-Prasenjit-Barua-Syl.jpg,https://doctorsdirectory.com.bd/add-doctor/dr-prasenjit-barua-syl/,,
Dr. Mohammed Rashed Mirjada,"MBBS, FCPS (Medicine)",Medicine Specialist,"Associate Professor, Medicine",Sylhet Medical College & Hospital,Sylhet,https://doctorsdirectory.com.bd/wp-content/uploads/2025/02/Dr.-Rashed-Mirjada-Syl.jpg,https://doctorsdirectory.com.bd/add-doctor/dr-mohammed-rashed-mirjada-syl/,,
Dr. Mirza Nurul Karim,"MBBS, FCPS (Medicine)","Medicine, Diabetes, Rheumatology & Chest Disease Specialist","Assistant Professor, Department of Medicine",Sylhet Medical College & Hospital,Sylhet,https://doctorsdirectory.com.bd/wp-content/uploads/2025/02/Dr.-Mirza-Nurul-Karim-Syl.jpg,https://doctorsdirectory.com.bd/add-doctor/dr-mirza-nurul-karim-syl/,,
Dr. Sumon Das,"MBBS (CMC), BCS (Health), MCPS, FCPS (ENT)",Ear Nose Throat Specialist & Head Neck Surgeon,Consultant,Sylhet Medical College & Hospital,Sylhet,https://doctorsdirectory.com.bd/wp-content/uploads/2025/01/Dr.-Sumon-Das-Syl.jpg,https://doctorsdirectory.com.bd/add-doctor/dr-sumon-das-syl/,,
Dr. A T M Moinuddin,"MBBS, DLO, MCPS (ENT)","Ear, Nose, Throat Specialist & Surgeon",Consultant,Feni Clinic,Sylhet,https://doctorsdirectory.com.bd/wp-content/uploads/2025/01/Dr.-A-T-M-Moinuddin-Syl.jpg,https://doctorsdirectory.com.bd/add-doctor/dr-a-t-m-moinuddin-syl/,,
Dr. Mohammad Mohiuddin,"MBBS, BCS (Health), FCPS (ENT)",Ear Nose Throat Specialist & Head Neck Surgeon,Resident Surgeon,Sylhet Medical College & Hospital,Sylhet,https://doctorsdirectory.com.bd/wp-content/uploads/2025/01/Dr.-Mohammad-Mohiuddin-Syl.jpg,https://doctorsdirectory.com.bd/add-doctor/dr-mohammad-mohiuddin-syl/,,
Dr. Shakhawat Hossain,"MBBS, BCS (Health), FCPS (ENT)",Ear Nose Throat Specialist & Head Neck Surgeon,Consultant,Sylhet Medical College & Hospital,Sylhet,https://doctorsdirectory.com.bd/wp-content/uploads/2025/01/Dr.-Shakhawat-Hossain-Syl.jpg,https://doctorsdirectory.com.bd/add-doctor/dr-shakhawat-hossain-syl/,,
Prof. Dr. Ahmed Sharif,"MBBS, MS (ENT)","ENT (Ear, Nose, Throat) Specialist & Head Neck Surgeon","Professor & Head, ENT & HNS Department",Sylhet Medical College & Hospital,Sylhet,https://doctorsdirectory.com.bd/wp-content/uploads/2025/02/Prof.-Dr.-Ahmed-Sharif-Syl.jpg,https://doctorsdirectory.com.bd/add-doctor/prof-dr-ahmed-sharif-syl/,,
Dr. Ashfaq Ahmad,"MBBS, FCPS (ENT)","ENT (Ear, Nose, Throat) Specialist & Head Neck Surgeon","Associate Professor, ENT",Sylhet Medical College & Hospital,Sylhet,https://doctorsdirectory.com.bd/wp-content/uploads/2025/02/Dr.-Ashfaq-Ahmad-Syl.jpg,https://doctorsdirectory.com.bd/add-doctor/dr-ashfaq-ahmad-syl/,,
Dr. Md. Minhajul Haque,"MBBS, BCS (Health), FCPS (ENT)","Ear, Nose, Throat Specialist & Head Neck Surgeon",Medical Officer,Chittagong General Hospital,Sylhet,https://doctorsdirectory.com.bd/wp-content/uploads/2025/02/Dr.-Md.-Minhajul-Haque-Syl.jpg,https://doctorsdirectory.com.bd/add-doctor/dr-md-minhajul-haque-syl/,,
Dr. Mohammad Emran,"MBBS, BCS (Health), DLO (BSMMU)","ENT (Ear, Nose, Throat) Specialist & Head Neck Surgeon",Consultant,Sylhet Medical College & Hospital,Sylhet,https://doctorsdirectory.com.bd/wp-content/uploads/2025/02/Dr.-Mohammad-Emran-Syl.jpg,https://doctorsdirectory.com.bd/add-doctor/dr-mohammad-emran-syl/,,
Dr. Sheikh Shawkat Kamal,"MBBS, FCPS (ENT)","Ear, Nose, Throat Specialist & Head Neck Surgeon",Specialist,Surgiscope Hospital,Sylhet,https://doctorsdirectory.com.bd/wp-content/uploads/2025/02/Dr.-Sheikh-Shawkat-Kamal-Syl.jpg,https://doctorsdirectory.com.bd/add-doctor/dr-sheikh-shawkat-kamal-syl/,,
Dr. Didarul Islam,"MBBS, BCS (Health), MD (Hepatology)","Liver, Gastrointestinal & Medicine Specialist","Assistant Professor, Hepatology",Sylhet Medical College & Hospital,Sylhet,https://doctorsdirectory.com.bd/wp-content/uploads/2025/01/Dr.-Didarul-Islam-Syl.jpg,https://doctorsdirectory.com.bd/add-doctor/dr-didarul-islam-syl/,,
Dr. Rokshana Hoque,"MBBS, DGO, MCPS (OBGYN)",Gynecologist & Surgeon,Consultant,Chevron Clinical Laboratory,Sylhet,https://doctorsdirectory.com.bd/wp-content/uploads/2025/01/Dr.-Rokshana-Hoque-Syl.jpg,https://doctorsdirectory.com.bd/add-doctor/dr-rokshana-hoque-syl/,,
Dr. Farhana Mahmud Siddiqui,"MBBS, BCS (Health), DGO, FCPS (OBGYN)",Gynecologist & Surgeon,Consultant,Sylhet Medical College & Hospital,Sylhet,https://doctorsdirectory.com.bd/wp-content/uploads/2025/01/Dr.-Farhana-Mahmud-Siddiqui-Syl.jpg,https://doctorsdirectory.com.bd/add-doctor/dr-farhana-mahmud-siddiqui-syl/,,
Dr. Zarin Nawar,"MBBS, BCS (Health), FCPS (OBGYN)",Gynecologist & Surgeon,Consultant,Feni General Hospital,Sylhet,https://doctorsdirectory.com.bd/wp-content/uploads/2025/01/Dr.-Zarin-Nawar-Syl.jpg,https://doctorsdirectory.com.bd/add-doctor/dr-zarin-nawar-syl/,,
Dr. Sumaiya Binte Jalil,"MBBS, BCS (Health), FCPS (OBGYN)",Gynecologist & Surgeon,Consultant,Feni General Hospital,Sylhet,https://doctorsdirectory.com.bd/wp-content/uploads/2025/01/Dr.-Sumaiya-Binte-Jalil-Syl.jpg,https://doctorsdirectory.com.bd/add-doctor/dr-sumaiya-binte-jalil-syl/,,
Dr. Kamrunnessa Runa,"MBBS (DMC), BCS (Health), FCPS (OBGYN)",Gynecologist & Surgeon,Consultant,General Hospital, Sylhet,Sylhet,https://doctorsdirectory.com.bd/wp-content/uploads/2025/01/Dr.-Kamrunnessa-Runa-Syl.jpg,https://doctorsdirectory.com.bd/add-doctor/dr-kamrunnessa-runa-syl/,
Dr. Suraiya Akter,"MBBS, DGO, MCPS (OBGYN)",Gynecologist & Surgeon,Consultant,Feni District Hospital,Sylhet,https://doctorsdirectory.com.bd/wp-content/uploads/2025/01/Dr.-Suraiya-Akter-Syl.jpg,https://doctorsdirectory.com.bd/add-doctor/dr-suraiya-akter-syl/,,
Dr. Nazia Huq,"MBBS (Dhaka), MCPS (OBGYN), DGO, FCPS (OBGYN)",Gynecologist & Surgeon,Consultant,General Hospital, Sylhet,Sylhet,https://doctorsdirectory.com.bd/wp-content/uploads/2025/01/Dr.-Nazia-Huq-Syl.jpg,https://doctorsdirectory.com.bd/add-doctor/dr-nazia-huq-syl/,
Dr. Nusrat Jahan (Zenia),"MBBS, DGO, MCPS (OBGYN)","Gynecologist, Surgeon & Infertility Specialist",Consultant,BGC Trust Medical College & Hospital,Sylhet,https://doctorsdirectory.com.bd/wp-content/uploads/2025/01/Dr.-Nusrat-Jahan-Zenia-Syl.jpg,https://doctorsdirectory.com.bd/add-doctor/dr-nusrat-jahan-zenia-syl/,,
Dr. Saima Shah Alam,"MBBS (SSMC), BCS (Health), FCPS (OBGYN)",Gynecologist & Surgeon,Consultant,Sylhet Medical College & Hospital,Sylhet,https://doctorsdirectory.com.bd/wp-content/uploads/2025/01/Dr.-Saima-Shah-Alam-Syl.jpg,https://doctorsdirectory.com.bd/add-doctor/dr-saima-shah-alam-syl/,,
Dr. Mursheda Yesmin,"MBBS (CMC), BCS (Health), FCPS (OBGYN)","Gynecologist, Surgeon & Infertility Specialist",Consultant,Cox’s Bazar Medical College & Hospital,Sylhet,https://doctorsdirectory.com.bd/wp-content/uploads/2025/01/Dr.-Mursheda-Yesmin-Syl.jpg,https://doctorsdirectory.com.bd/add-doctor/dr-mursheda-yesmin-syl/,,
Dr. Shajeda Begum,"MBBS, BCS (Health), DGO, FCPS (OBGYN)",Gynecologist & Surgeon,Consultant,Sylhet Medical College & Hospital,Sylhet,https://doctorsdirectory.com.bd/wp-content/uploads/2025/01/Dr.-Shajeda-Begum-Syl.jpg,https://doctorsdirectory.com.bd/add-doctor/dr-shajeda-begum-syl/,,
Dr. Kamrun Nahar Lima,"MBBS, BCS (Health), DGO, MCPS (OBGYN), FCPS (OBGYN)",Gynecologist & Laparoscopic Surgeon,Consultant,Sylhet Medical College & Hospital,Sylhet,https://doctorsdirectory.com.bd/wp-content/uploads/2025/01/Dr.-Kamrun-Nahar-Lima-Syl.jpg,https://doctorsdirectory.com.bd/add-doctor/dr-kamrun-nahar-lima-syl/,,
Dr. Tahmina Yeasmin Rozy,"MBBS, BCS (Health), FCPS (OBGYN)",Gynecologist & Surgeon,Consultant,Sylhet Medical College & Hospital,Sylhet,https://doctorsdirectory.com.bd/wp-content/uploads/2025/01/Dr.-Tahmina-Yeasmin-Rozy-Syl.jpg,https://doctorsdirectory.com.bd/add-doctor/dr-tahmina-yeasmin-rozy-syl/,,
Dr. Sanchita Das,"MBBS, BCS (Health), FCPS (OBGYN)",Gynecologist & Surgeon,Consultant,General Hospital, Sylhet,Sylhet,https://doctorsdirectory.com.bd/wp-content/uploads/2025/01/Dr.-Sanchita-Das-Syl.jpg,https://doctorsdirectory.com.bd/add-doctor/dr-sanchita-das-syl/,
Dr. Hasina Akhter,"MBBS, BCS (Health), MCPS, FCPS (OBGYN)",Gynecologist & Surgeon,Consultant,Sylhet Medical College & Hospital,Sylhet,https://doctorsdirectory.com.bd/wp-content/uploads/2025/01/Dr.-Hasina-Akhter-Syl-1.jpg,https://doctorsdirectory.com.bd/add-doctor/dr-hasina-akhter-syl-ctg/,,
Dr. Tahrima Khanom,"MBBS, BCS (Health), FCPS (OBGYN), MRCOG (London)","Gynecology, Obstetrics Specialist & Surgeon",Consultant,Sylhet Medical College & Hospital,Sylhet,https://doctorsdirectory.com.bd/wp-content/uploads/2025/01/Dr.-Tahrima-Khanom-Syl.jpg,https://doctorsdirectory.com.bd/add-doctor/dr-tahrima-khanom-syl/,,
Dr. Fahmida Islam Chowdhury,"MBBS, BCS (Health), FCPS (OBGYN)",Gynecologist & Surgeon,"Assistant Professor, Gynecology & Obstetrics",Sylhet Medical College & Hospital,Sylhet,https://doctorsdirectory.com.bd/wp-content/uploads/2025/01/Dr.-Fahmida-Islam-Chowdhury-Syl.jpg,https://doctorsdirectory.com.bd/add-doctor/dr-fahmida-islam-chowdhury-syl/,,
Dr. Syeda Nur-A-Lina,"MBBS (DU), FCPS (OBGYN), MRCOG (UK)",Gynecology & Obstetrics Specialist,"Assistant Professor, Gynecology & Obstetrics",Chattogram Maa-O-Shishu Hospital Medical College,Sylhet,https://doctorsdirectory.com.bd/wp-content/uploads/2025/01/Dr.-Syeda-Nur-A-Lina-Syl.jpg,https://doctorsdirectory.com.bd/add-doctor/dr-syeda-nur-a-lina-syl/,,
Dr. Zinat Maruf,"MBBS, FCPS (Obs & Gynae)",Gynecologist & Surgeon,"Assistant Professor, Gynecology & Obstetrics",Sylhet Medical College & Hospital,Sylhet,https://doctorsdirectory.com.bd/wp-content/uploads/2025/01/Dr.-Zinat-Maruf-Syl.jpg,https://doctorsdirectory.com.bd/add-doctor/dr-zinat-maruf-syl/,,
Dr. Rubina Yasmin,"MBBS, MCPS (OBGYN), DGO, FCPS (OBGYN)",Gynecologist & Surgeon,"Associate Professor, Gynecology & Obstetrics",Sylhet Medical College & Hospital,Sylhet,https://doctorsdirectory.com.bd/wp-content/uploads/2025/01/Dr.-Rubina-Yasmin-Syl.jpg,https://doctorsdirectory.com.bd/add-doctor/dr-rubina-yasmin-syl/,,
Dr. Nigar Sultana,"MBBS, FCPS (OBGYN), MS (OBGYN)",Gynecologist & Surgeon,"Assistant Professor, Gynecology & Obstetrics",BGC Trust Medical College & Hospital,Sylhet,https://doctorsdirectory.com.bd/wp-content/uploads/2025/01/Dr.-Nigar-Sultana-Syl.jpg,https://doctorsdirectory.com.bd/add-doctor/dr-nigar-sultana-syl/,,
Dr. Farhana Yasmeen,"MBBS (CU), FCPS (Obs & Gynae)",Gynecologist & Surgeon,"Assistant Professor, Gynecology & Obstetrics",BGC Trust Medical College & Hospital,Sylhet,https://doctorsdirectory.com.bd/wp-content/uploads/2025/01/Dr.-Farhana-Yasmeen-Syl.jpg,https://doctorsdirectory.com.bd/add-doctor/dr-farhana-yasmeen-syl/,,
Dr. Masuda Novera,"MBBS, BCS (Health), FCPS (OBGYN)",Gynecologist & Surgeon,Consultant,"Health View Maternity & Child Hospital, Chittagong",Sylhet,https://doctorsdirectory.com.bd/wp-content/uploads/2025/01/Dr.-Masuda-Novera-Syl.jpg,https://doctorsdirectory.com.bd/add-doctor/dr-masuda-novera-syl/,,
Prof. Dr. Hasina Akhter,"MBBS, MCPS, FCPS (OBGYN)",Gynecologist & Surgeon,"Professor & Head, Gynecology & Obstetrics",BGC Trust Medical College & Hospital,Sylhet,https://doctorsdirectory.com.bd/wp-content/uploads/2025/01/Prof.-Dr.-Hasina-Akhter-Syl.jpg,https://doctorsdirectory.com.bd/add-doctor/prof-dr-hasina-akhter-syl/,,
Prof. Dr. Rowshan Morshed,"MBBS, FCPS (Obs & Gynae)",Gynecologist & Surgeon,"Professor, Gynecology & Obstetrics",Chattogram Maa-O-Shishu Hospital Medical College,Sylhet,https://doctorsdirectory.com.bd/wp-content/uploads/2025/01/Prof.-Dr.-Rowshan-Morshed-Syl.jpg,https://doctorsdirectory.com.bd/add-doctor/prof-dr-rowshan-morshed-syl/,,
Prof. Dr. Shahena Akter,"MBBS, DGO, FCPS (OBGYN)","Gynecology, Obstetrics, Infertility Specialist & Surgeon","Professor, Gynecology & Obstetrics",Sylhet Medical College & Hospital,Sylhet,https://doctorsdirectory.com.bd/wp-content/uploads/2025/01/Prof.-Dr.-Shahena-Akter-Syl.jpg,https://doctorsdirectory.com.bd/add-doctor/prof-dr-shahena-akter-syl/,,
Prof. Dr. Shahanara Chowdhury,"MBBS (Dhaka), FCPS (OBGYN), Fellow (WHO), Advanced Training (Thailand)","Gynecology, Obstetrics Specialist & Laparoscopic Surgeon","Former Professor & Head, Gynecology & Obstetrics",Sylhet Medical College & Hospital,Sylhet,https://doctorsdirectory.com.bd/wp-content/uploads/2025/01/Prof.-Dr.-Shahanara-Chowdhury-Syl.jpg,https://doctorsdirectory.com.bd/add-doctor/prof-dr-shahanara-chowdhury-syl/,,
Prof. Dr. Ferdousi Begum,"MBBS, FCPS (Obstetrics and Gynaecology)",Gynecology & Obstetrics Specialist,"Professor & Head, Gynecology & Obstetrics",Chattogram Maa-O-Shishu Hospital Medical College,Sylhet,https://doctorsdirectory.com.bd/wp-content/uploads/2025/01/Prof.-Dr.-Ferdousi-Begum-Syl.jpg,https://doctorsdirectory.com.bd/add-doctor/prof-dr-ferdousi-begum-syl/,,
Dr. Shirin Fatema,"MBBS, MCPS, DGO, FCPS","Gynecology, Obstetrics Specialist & Surgeon",Consultant,"Apollo Imperial Hospital, Chittagong",Sylhet,https://doctorsdirectory.com.bd/wp-content/uploads/2025/02/Dr.-Shirin-Fatema-Syl.jpg,https://doctorsdirectory.com.bd/add-doctor/dr-shirin-fatema-syl/,,
Dr. Rupasree Biswas,"MBBS, FCPS (OBGYN)","Gynecology, Obstetrics Specialist & Surgeon","Assistant Professor, Gynecology & Obstetrics",Southern Medical College & Hospital,Sylhet,https://doctorsdirectory.com.bd/wp-content/uploads/2025/02/Dr.-Rupasree-Biswas-Syl.jpg,https://doctorsdirectory.com.bd/add-doctor/dr-rupasree-biswas-syl/,,
Dr. Nazmun Nahar Rosy,"MBBS, FCPS (Obs & Gyne)","Gynecology, Obstetrics, Infertility Specialist & Laparoscopic Surgeon",Specialist,"Health View Maternity & Child Hospital, Chittagong",Sylhet,https://doctorsdirectory.com.bd/wp-content/uploads/2025/02/Dr.-Nazmun-Nahar-Rosy-Syl.jpg,https://doctorsdirectory.com.bd/add-doctor/dr-nazmun-nahar-rosy-syl/,,
Dr. Ishrat Jahan,"MBBS, PGT (Medicine), D-CARD (BSMMU)","Cardiologist, Echocardiographer & Medicine Specialist",Consultant,Feni Clinic,Sylhet,https://doctorsdirectory.com.bd/wp-content/uploads/2025/01/Dr.-Ishrat-Jahan-Syl.jpg,https://doctorsdirectory.com.bd/add-doctor/dr-ishrat-jahan-syl-ctg/,,
Dr. Sujan Debnath,"MBBS, BCS (Health), MD (Cardiology)","Cardiology, Rheumatic Fever & Medicine Specialist",Cardiologist,Sylhet Medical College & Hospital,Sylhet,https://doctorsdirectory.com.bd/wp-content/uploads/2025/01/Dr.-Sujan-Debnath-Syl.jpg,https://doctorsdirectory.com.bd/add-doctor/dr-sujan-debnath-syl/,,
Dr. Aysha Siddika Nishi,"MBBS, BCS (Health), MD (Cardiology)","Cardiology, Hypertension & Heart Specialist",Consultant,Sylhet Medical College & Hospital,Sylhet,https://doctorsdirectory.com.bd/wp-content/uploads/2025/01/Dr.-Aysha-Siddika-Nishi-Syl.jpg,https://doctorsdirectory.com.bd/add-doctor/dr-aysha-siddika-nishi-syl/,,
Dr. Md. Mainuddin,"MBBS (DU), BCS (Health), MD (Cardiology)","Cardiology, Medicine & Rheumatic Fever Specialist",Consultant,Sylhet Medical College & Hospital,Sylhet,https://doctorsdirectory.com.bd/wp-content/uploads/2025/01/Dr.-Md.-Mainuddin-Syl.jpg,https://doctorsdirectory.com.bd/add-doctor/dr-md-mainuddin-syl/,,
Dr. Suman Talukder,"MBBS, BCS (Health), MD (Cardiology)",Cardiology & Rheumatic Fever Specialist,"Assistant Professor, Cardiology",Sylhet Medical College & Hospital,Sylhet,https://doctorsdirectory.com.bd/wp-content/uploads/2025/01/Dr.-Suman-Talukder-Syl.jpg,https://doctorsdirectory.com.bd/add-doctor/dr-suman-talukder-syl/,,
Dr. Nushrat Binte Kamal,"MBBS (CMC), BCS (Health), D-CARD (BSMMU)",Cardiologist & Echocardiographer,Consultant,Sylhet Medical College & Hospital,Sylhet,https://doctorsdirectory.com.bd/wp-content/uploads/2025/01/Dr.-Nushrat-Binte-Kamal-Syl.jpg,https://doctorsdirectory.com.bd/add-doctor/dr-nushrat-binte-kamal-syl/,,
Dr. Zabeer Ahmed,"MBBS (CMC), BCS (Health), MD (Cardiology)",Cardiology & Medicine Specialist,Resident Physician,Sylhet Medical College & Hospital,Sylhet,https://doctorsdirectory.com.bd/wp-content/uploads/2025/01/Dr.-Zabeer-Ahmed-Syl.jpg,https://doctorsdirectory.com.bd/add-doctor/dr-zabeer-ahmed-syl/,,
Dr. Md. Saiful Islam,"MBBS, MCPS (Medicine), MD (Cardiology), FCPS (Medicine)","Cardiology, Diabetes & Medicine Specialist","Assistant Professor, Cardiology",Sylhet Medical College & Hospital,Sylhet,https://doctorsdirectory.com.bd/wp-content/uploads/2025/01/Dr.-Md.-Saiful-Islam-Syl.jpg,https://doctorsdirectory.com.bd/add-doctor/dr-md-saiful-islam-syl-ctg/,,
Dr. Shajedur Rahman,"MBBS, BCS (Health), MD (Cardiology)","Cardiology (Heart Diseases, Rheumatic Fever, Hypertension) Specialist","Assistant Professor, Cardiology",Sylhet Medical College & Hospital,Sylhet,https://doctorsdirectory.com.bd/wp-content/uploads/2025/01/Dr.-Shajedur-Rahman-Syl.jpg,https://doctorsdirectory.com.bd/add-doctor/dr-shajedur-rahman-syl/,,
Dr. Shafiul Hasan,"MBBS (DMC), BCS (Health), D-CARD (BSMMU)",Cardiologist & Echocardiographer,Consultant,Feni General Hospital,Sylhet,https://doctorsdirectory.com.bd/wp-content/uploads/2025/01/Dr.-Shafiul-Hasan-Syl.jpg,https://doctorsdirectory.com.bd/add-doctor/dr-shafiul-hasan-syl/,,
Dr. A S M Monowar Tariq,"MBBS (SSMC), BCS (Health), MD (Cardiology)","Cardiology (Heart Diseases, Rheumatic Fever) Specialist",Consultant,Sylhet Medical College & Hospital,Sylhet,https://doctorsdirectory.com.bd/wp-content/uploads/2025/01/Dr.-A-S-M-Monowar-Tariq-Syl.jpg,https://doctorsdirectory.com.bd/add-doctor/dr-a-s-m-monowar-tariq-syl/,,
Dr. Md. Ehteshamul Haque,"MBBS, MD (Cardiology)","Heart Diseases, Cardiology, Hypertension Specialist","Assistant Professor, Cardiology",Cox’s Bazar Medical College & Hospital,Sylhet,https://doctorsdirectory.com.bd/wp-content/uploads/2025/01/Dr.-Md.-Ehteshamul-Haque-Syl.jpg,https://doctorsdirectory.com.bd/add-doctor/dr-md-ehteshamul-haque-syl/,,
Dr. Shaifur Rahman Shohel,"MBBS, D-CARD","Cardiology (Heart Diseases, Hypertension & Rheumatic Fever) Specialist",Consultant,"Fortis Escorts Heart Institute, Chittagong",Sylhet,https://doctorsdirectory.com.bd/wp-content/uploads/2025/02/Dr.-Shaifur-Rahman-Shohel-Syl.jpg,https://doctorsdirectory.com.bd/add-doctor/dr-shaifur-rahman-shohel-syl/,,
Dr. Md. Shah Newaz,"MBBS, D-CARD, MD (Cardiology)","Cardiology (Heart Diseases, Rheumatic Fever) Specialist",Consultant,Feni Diabetes Hospital,Sylhet,https://doctorsdirectory.com.bd/wp-content/uploads/2025/01/Dr.-Md.-Shah-Newaz-Syl.jpg,https://doctorsdirectory.com.bd/add-doctor/dr-md-shah-newaz-syl/,,
Dr. Mohammad Ilias,"MBBS, FCPS (Physical Medicine), FCGP, FIPM (India & Taiwan)","Arthritis, Pain, Paralysis, Sports Injury, Physical Medicine & Rehabilitation Specialist","Associate Professor, Physical Medicine","Bangabandhu Memorial Hospital, USTC, Chittagong",Sylhet,https://doctorsdirectory.com.bd/wp-content/uploads/2025/01/Dr.-Mohammad-Ilias-Syl.jpg,https://doctorsdirectory.com.bd/add-doctor/dr-mohammad-ilias-syl/,,
Dr. Md. Jahangir Alam Chowdhury,"MBBS, FCPS (Physical Medicine)","Arthritis, Pain, Paralysis, Physical Medicine Rehabilitation Specialist","Associate Professor & Head, Physical Medicine & Rehabilitation",Chattogram Maa-O-Shishu Hospital Medical College,Sylhet,https://doctorsdirectory.com.bd/wp-content/uploads/2025/02/Dr.-Md.-Jahangir-Alam-Chowdhury-Syl.jpg,https://doctorsdirectory.com.bd/add-doctor/dr-md-jahangir-alam-chowdhury-syl/,,
Dr. M. Mahbub Alam,"MBBS (CMC), PhD (Physical Medicine), Advanced Clinical Education (Rheumatology)","Physical Medicine, Pain & Rheumatology Specialist",Consultant,Chattogram Metropolitan Hospital,Sylhet,https://doctorsdirectory.com.bd/wp-content/uploads/2025/02/Dr.-M.-Mahbub-Alam-Syl.jpg,https://doctorsdirectory.com.bd/add-doctor/dr-m-mahbub-alam-syl/,,
Dr. F M A Qader,"MBBS, BCS (Health), FCPS (Physical Medicine)",Arthritis & Pain Specialist,"Associate Professor, Physical Medicine",Chattogram Maa-O-Shishu Hospital Medical College,Sylhet,https://doctorsdirectory.com.bd/wp-content/uploads/2025/01/Dr.-F-M-A-Qader-Syl.jpg,https://doctorsdirectory.com.bd/add-doctor/dr-f-m-a-qader-syl/,,
Dr. Md. Mofizur Rahman,"MBBS, FCPS (Physical Medicine)",Pain & Rheumatology Specialist,Consultant,"Treatment Hospital, Chittagong",Sylhet,https://doctorsdirectory.com.bd/wp-content/uploads/2025/01/Dr.-Md.-Mofizur-Rahman-Syl.jpg,https://doctorsdirectory.com.bd/add-doctor/dr-md-mofizur-rahman-syl/,,
Dr. Mostafa Nuruddin,"MBBS, MCPS, MD (Pediatrics)",Child Diseases Specialist,"Associate Professor, Pediatrics",Chattogram International Medical College & Hospital,Sylhet,https://doctorsdirectory.com.bd/wp-content/uploads/2025/01/Dr.-Mostafa-Nuruddin-Syl.jpg,https://doctorsdirectory.com.bd/add-doctor/dr-mostafa-nuruddin-syl/,,
Dr. Abidur Rahman,"MBBS, MCPS, DCH","Newborn, Adolescent & Child Specialist",Consultant,National Hospital,Sylhet,https://doctorsdirectory.com.bd/wp-content/uploads/2025/01/Dr.-Abidur-Rahman-Syl.jpg,https://doctorsdirectory.com.bd/add-doctor/dr-abidur-rahman-syl/,,
Dr. Kazi Mahfuzur Rahman,"MBBS, DCH",Child Diseases Specialist,"Assistant Professor, Pediatrics",Chattogram Maa-O-Shishu Hospital Medical College,Sylhet,https://doctorsdirectory.com.bd/wp-content/uploads/2025/01/Dr.-Kazi-Mahfuzur-Rahman-Syl.jpg,https://doctorsdirectory.com.bd/add-doctor/dr-kazi-mahfuzur-rahman-syl/,,
Dr. Abida Sultana Rina,"MBBS (CMC), DCH, FCPS (Pediatrics)",Newborn & Child Diseases Specialist,"Associate Professor & Head, Pediatrics",Cox’s Bazar Medical College & Hospital,Sylhet,https://doctorsdirectory.com.bd/wp-content/uploads/2025/01/Dr.-Abida-Sultana-Rina-Syl.jpg,https://doctorsdirectory.com.bd/add-doctor/dr-abida-sultana-rina-syl/,,
Dr. Mohammad Rezaul Karim,"MBBS, DCH, FCPS (Pediatrics)",Child Diseases Specialist,Consultant,Cox’s Bazar District Hospital,Sylhet,https://doctorsdirectory.com.bd/wp-content/uploads/2025/01/Dr.-Mohammad-Rezaul-Karim-Syl.jpg,https://doctorsdirectory.com.bd/add-doctor/dr-mohammad-rezaul-karim-syl/,,
Dr. Rummana Khan,"MBBS (DMC), MD (Pediatrics)",Neonatal & Child Diseases Specialist,Consultant,Parkview Hospital, Sylhet,Sylhet,https://doctorsdirectory.com.bd/wp-content/uploads/2025/01/Dr.-Rummana-Khan-Syl.jpg,https://doctorsdirectory.com.bd/add-doctor/dr-rummana-khan-syl/,
Dr. Md. Farhad Uddin,"MBBS (DMC), MD (Pediatrics)",Newborn & Child Diseases Specialist,Specialist,"Max Hospital & Diagnostic, Chittagong",Sylhet,https://doctorsdirectory.com.bd/wp-content/uploads/2025/01/Dr.-Md.-Farhad-Uddin-Syl.jpg,https://doctorsdirectory.com.bd/add-doctor/dr-md-farhad-uddin-syl/,,
Dr. Sanat Kumar Barua,"MBBS (CMC), DCH (BIRDEM), FCPS (Pediatrics)",Child Diseases Specialist,Consultant,Sylhet Medical College & Hospital,Sylhet,https://doctorsdirectory.com.bd/wp-content/uploads/2025/01/Dr.-Sanat-Kumar-Barua-Syl.jpg,https://doctorsdirectory.com.bd/add-doctor/dr-sanat-kumar-barua-syl/,,
Dr. Nushrat Jahan,"MBBS, FCPS (Pediatrics), MD (Neonatology)","Newborn, Adolescent & Child Diseases Specialist","Assistant Professor, Neonatology",Sylhet Medical College & Hospital,Sylhet,https://doctorsdirectory.com.bd/wp-content/uploads/2025/01/Dr.-Nushrat-Jahan-Syl.jpg,https://doctorsdirectory.com.bd/add-doctor/dr-nushrat-jahan-syl-ctg/,,
Dr. Arnab Chowdhury,"MBBS, MCPS, FCPS (Pediatrics)",Child Diseases Specialist,Consultant,Mount Hospital Ltd, Sylhet,Sylhet,https://doctorsdirectory.com.bd/wp-content/uploads/2025/01/Dr.-Arnab-Chowdhury-Syl.jpg,https://doctorsdirectory.com.bd/add-doctor/dr-arnab-chowdhury-syl/,
Dr. Pradip Kumar Sarker,"MBBS, DCH, FCPS (Pediatrics)","Newborn, Adolescent & Child Diseases Specialist","Senior Consultant, Pediatrics",Epic Healthcare,Sylhet,https://doctorsdirectory.com.bd/wp-content/uploads/2025/01/Dr.-Pradip-Kumar-Sarker-Syl.jpg,https://doctorsdirectory.com.bd/add-doctor/dr-pradip-kumar-sarker-syl/,,
Prof. Dr. Mohammad Masud Karim,"MBBS, BCS (Health), DCH, MD (Child)",Child Diseases Specialist,"Professor & Head, Pediatrics",Cox’s Bazar Medical College & Hospital,Sylhet,https://doctorsdirectory.com.bd/wp-content/uploads/2025/01/Prof.-Dr.-Mohammad-Masud-Karim-Syl.jpg,https://doctorsdirectory.com.bd/add-doctor/prof-dr-mohammad-masud-karim-syl/,,
Dr. Mohammad Khaled Hossain,"MBBS (DMC), BCS (Health), FCPS (Pediatrics)",Child Diseases Specialist,Consultant,Parkview Hospital, Sylhet,Sylhet,https://doctorsdirectory.com.bd/wp-content/uploads/2025/02/Dr.-Mohammad-Khaled-Hossain-Syl.jpg,https://doctorsdirectory.com.bd/add-doctor/dr-mohammad-khaled-hossain-syl/,
Prof. Dr. Muslim Uddin Sobuj,"MBBS, DCH, MD (Child Health)","Newborn, Adolescent & Child Diseases Specialist","Professor & Head, Pediatrics",Sylhet Medical College & Hospital,Sylhet,https://doctorsdirectory.com.bd/wp-content/uploads/2025/02/Prof.-Dr.-Muslim-Uddin-Sobuj-Syl.jpg,https://doctorsdirectory.com.bd/add-doctor/prof-dr-muslim-uddin-sobuj-syl/,,
Dr. T.K. Roy,"MBBS, FCPS (Pediatrics), PGPN (Child Nutrition, USA)",Neonatal & Child Diseases Specialist,"Assistant Professor, Pediatrics","Bangabandhu Memorial Hospital, USTC, Chittagong",Sylhet,https://doctorsdirectory.com.bd/wp-content/uploads/2025/02/Dr.-T.K.-Roy-Syl.jpg,https://doctorsdirectory.com.bd/add-doctor/dr-t-k-roy-syl/,,
Dr. Fahima Afrin Jhinu,"MBBS, BCS (Health), MD (Dermatology)",Skin & Venereal Diseases Specialist,Consultant,Sylhet Medical College & Hospital,Sylhet,https://doctorsdirectory.com.bd/wp-content/uploads/2025/01/Dr.-Fahima-Afrin-Jhinu-Syl.jpg,https://doctorsdirectory.com.bd/add-doctor/dr-fahima-afrin-jhinu-syl/,,
Dr. Nushrat Zahan Khondaker,"MBBS, CCD (BIRDEM), PGT (Medicine & Dermatology)","Skin, Allergy, Venereal Disease & Anti-Aging Specialist",Consultant,Labaid Diagnostic, Sylhet,Sylhet,https://doctorsdirectory.com.bd/wp-content/uploads/2025/01/Dr.-Nushrat-Zahan-Khondaker-Syl.jpg,https://doctorsdirectory.com.bd/add-doctor/dr-nushrat-zahan-khondaker-syl/,
Dr. Nishith Ranjan Dey,"MBBS, FRCP, MD (SKIN & VD)","Aesthetic Dermatology, Cosmetology & Regenerative Medicine Specialist","Associate Professor, Dermatology",Sylhet Medical College & Hospital,Sylhet,https://doctorsdirectory.com.bd/wp-content/uploads/2025/02/Dr.-Nishith-Ranjan-Dey-Syl.jpg,https://doctorsdirectory.com.bd/add-doctor/dr-nishith-ranjan-dey-syl/,,
Dr. Pritish Barua,"MBBS (CU), DGUM (UK), DD (Australia)","Skin, Allergy, Hair, Nail, Sexual Diseases Specialist",Consultant,Lab One Health Services, Sylhet,Sylhet,https://doctorsdirectory.com.bd/wp-content/uploads/2025/02/Dr.-Pritish-Barua-Syl.jpg,https://doctorsdirectory.com.bd/add-doctor/dr-pritish-barua-syl/,
Dr. Feroza Meher,"MBBS (CMC), Post Graduate Diploma in Dermatology (South Wales University, UK)",Aesthetic Dermatology & Cosmetology Specialist,Consultant,Surecell Medical, Sylhet,Sylhet,https://doctorsdirectory.com.bd/wp-content/uploads/2025/02/Dr.-Feroza-Meher-Syl.jpg,https://doctorsdirectory.com.bd/add-doctor/dr-feroza-meher-syl/,
Dr. Mohammadul Haque Mezbah,"MBBS, BCS (Health), DO (BSMMU), MCPS (EYE)",Eye Specialist & Phaco Surgeon,Consultant,Sylhet Medical College & Hospital,Sylhet,https://doctorsdirectory.com.bd/wp-content/uploads/2025/02/Dr.-Mohammadul-Haque-Mezbah-Syl.jpg,https://doctorsdirectory.com.bd/add-doctor/dr-mohammadul-haque-mezbah-syl/,,
Dr. Abul Quasem,"MBBS, DO",Eye Specialist & Phaco Surgeon,"Associate Professor, Ophthalmology",Chittagong Eye Infirmary & Training Complex,Sylhet,https://doctorsdirectory.com.bd/wp-content/uploads/2025/01/Dr.-Abul-Quasem-Syl.jpg,https://doctorsdirectory.com.bd/add-doctor/dr-abul-quasem-syl/,,
Dr. A.H.M. Mohiuddin,"MBBS, DO",Eye Specialist & Phaco Surgeon,Consultant,Chittagong Eye Infirmary & Training Complex,Sylhet,https://doctorsdirectory.com.bd/wp-content/uploads/2025/01/Dr.-A.H.M.-Mohiuddin-Syl.jpg,https://doctorsdirectory.com.bd/add-doctor/dr-a-h-m-mohiuddin-syl/,,
Dr. SM. Mizanul Hoque,"MBBS, DCO, Training in Phaco Surgery",Eye Specialist & Phaco Surgeon,Consultant,"Lions Charitable Eye Hospital, Chittagong",Sylhet,https://doctorsdirectory.com.bd/wp-content/uploads/2025/02/Dr.-SM.-Mizanul-Hoque-Syl.jpg,https://doctorsdirectory.com.bd/add-doctor/dr-sm-mizanul-hoque-syl/,,
Dr. Sheikh Mohammad Murad,"MBBS, MCPS (EYE), Training (Phaco Surgery)",Eye Specialist & Phaco Surgeon,Consultant,"Lions Charitable Eye Hospital, Chittagong",Sylhet,https://doctorsdirectory.com.bd/wp-content/uploads/2025/02/Dr.-Sheikh-Mohammad-Murad-Syl.jpg,https://doctorsdirectory.com.bd/add-doctor/dr-sheikh-mohammad-murad-syl/,,
Prof. Dr. Mohammad Al-Amin,"MBBS, BCS (Health), DO, MS (EYE)","Cornea, Phaco & Lasik Specialist",Professor,Sylhet Medical College & Hospital,Sylhet,https://doctorsdirectory.com.bd/wp-content/uploads/2025/01/Prof.-Dr.-Mohammad-Al-Amin-Syl.jpg,https://doctorsdirectory.com.bd/add-doctor/prof-dr-mohammad-al-amin-syl/,,
Prof. Dr. Mohammad Omar Faruque,"MBBS, DO, FCPS (EYE)","Glaucoma, Phaco & Eye Specialist Surgeon",Professor,Sylhet Medical College & Hospital,Sylhet,https://doctorsdirectory.com.bd/wp-content/uploads/2025/01/Prof.-Dr.-Mohammad-Omar-Faruque-Syl.jpg,https://doctorsdirectory.com.bd/add-doctor/prof-dr-mohammad-omar-faruque-syl/,,
Dr. Md. Ibrahim Khalil,"MBBS, BCS (Health), MD (Neurology)",Neuromedicine Specialist,"Assistant Professor, Neurology",Sylhet Medical College & Hospital,Sylhet,https://doctorsdirectory.com.bd/wp-content/uploads/2025/01/Dr.-Md.-Ibrahim-Khalil-Syl.jpg,https://doctorsdirectory.com.bd/add-doctor/dr-md-ibrahim-khalil-syl/,,
Dr. Mostafa Tarek Ullah,"MBBS (DMC), BCS (Health), MD (Neurology)",Neuromedicine Specialist,Consultant,Sylhet Medical College & Hospital,Sylhet,https://doctorsdirectory.com.bd/wp-content/uploads/2025/01/Dr.-Mostafa-Tarek-Ullah-Syl.jpg,https://doctorsdirectory.com.bd/add-doctor/dr-mostafa-tarek-ullah-syl/,,
Dr. Lutfur Rahman,"MBBS, FCPS (Medicine), MD (Neurology)",Neuromedicine Specialist,"Senior Consultant, Neuromedicine",General Hospital, Sylhet,Sylhet,https://doctorsdirectory.com.bd/wp-content/uploads/2025/01/Dr.-Lutfur-Rahman-Syl.jpg,https://doctorsdirectory.com.bd/add-doctor/dr-lutfur-rahman-syl/,
Dr. Bipul Kanti Paul,"MBBS, MCPS (Medicine), MD (Neuromedicine)",Neuromedicine Specialist,Consultant,National Institute of Neurosciences & Hospital,Sylhet,https://doctorsdirectory.com.bd/wp-content/uploads/2025/01/Dr.-Bipul-Kanti-Paul-Syl.jpg,https://doctorsdirectory.com.bd/add-doctor/dr-bipul-kanti-paul-syl/,,
Dr. Soumitra Das,"MBBS, MD (Neurology)",Neuromedicine Specialist,"Junior Consultant, Neuromedicine",General Hospital, Sylhet,Sylhet,https://doctorsdirectory.com.bd/wp-content/uploads/2025/01/Dr.-Soumitra-Das-Syl.jpg,https://doctorsdirectory.com.bd/add-doctor/dr-soumitra-das-syl/,
Prof. Dr. Suvash Ranjan Dey,"MBBS, DA (DU), MD (Neurology)",Neuromedicine Specialist,"Professor & Head, Neurology",Chattogram Maa-O-Shishu Hospital Medical College,Sylhet,https://doctorsdirectory.com.bd/wp-content/uploads/2025/01/Prof.-Dr.-Suvash-Ranjan-Dey-Syl.jpg,https://doctorsdirectory.com.bd/add-doctor/prof-dr-suvash-ranjan-dey-syl/,,
Prof. Dr. Muhammad Ishaque,"MBBS, FCPS (Medicine), MD (Neurology)",Neuromedicine Specialist,"Former Head, Neuromedicine",General Hospital, Sylhet,Sylhet,https://doctorsdirectory.com.bd/wp-content/uploads/2025/01/Prof.-Dr.-Muhammad-Ishaque-Syl.jpg,https://doctorsdirectory.com.bd/add-doctor/prof-dr-muhammad-ishaque-syl/,
Dr. Md. Faruk Ahmed,"MBBS, MS (Urology)",Urology Specialist & Surgeon,"Assistant Professor, Urology",Sylhet Medical College & Hospital,Sylhet,https://doctorsdirectory.com.bd/wp-content/uploads/2025/01/Dr.-Md.-Faruk Ahmed-Syl.jpg,https://doctorsdirectory.com.bd/add-doctor/dr-md-faruk-ahmed-syl/,,
Dr. Mohammad Mostafa Monowar,"MBBS, MCPS, MD (Nephrology), FRCP, Fellow (ISN), FASN (USA)","Kidney Specialist, Interventional Nephrologist",Consultant,Max Hospital & Diagnostic,Sylhet,https://doctorsdirectory.com.bd/wp-content/uploads/2025/01/Dr.-Mohammad-Mostafa-Monowar-Syl.jpg,https://doctorsdirectory.com.bd/add-doctor/dr-mohammad-mostafa-monowar-syl/,,
Dr. Md. Main Uddin Mahmud,"MBBS (DMC), BCS, MD (Nephrology)",Kidney Diseases & Medicine Specialist,Registrar,Sylhet Medical College & Hospital,Sylhet,https://doctorsdirectory.com.bd/wp-content/uploads/2025/01/Dr.-Md.-Main-Uddin-Mahmud-Syl.jpg,https://doctorsdirectory.com.bd/add-doctor/dr-md-main-uddin-mahmud-syl/,,
Dr. Nur Nobi Bitu,"MBBS (DMC), BCS (Health), MD (Nephrology)",Kidney Diseases & Medicine Specialist,"Assistant Professor, Nephrology",Sylhet Medical College & Hospital,Sylhet,https://doctorsdirectory.com.bd/wp-content/uploads/2025/01/Dr.-Nur-Nobi-Bitu-Syl.jpg,https://doctorsdirectory.com.bd/add-doctor/dr-nur-nobi-bitu-syl/,,
Dr. Kamrul Hasan,"MBBS (Dhaka), BCS (Health), MD (Nephrology)",Kidney Diseases Specialist,"Assistant Professor, Nephrology",Sylhet Medical College & Hospital,Sylhet,https://doctorsdirectory.com.bd/wp-content/uploads/2025/01/Dr.-Kamrul-Hasan-Kidney-Syl.jpg,https://doctorsdirectory.com.bd/add-doctor/dr-kamrul-hasan-kidney-syl/,,
Dr. Muhammad Shofiur Rahman,"MBBS, MD (Nephrology)",Kidney Diseases & Medicine Specialist,"Assistant Professor, Nephrology",Sylhet Medical College & Hospital,Sylhet,https://doctorsdirectory.com.bd/wp-content/uploads/2025/01/Dr.-Muhammad-Shofiur-Rahman-Syl.jpg,https://doctorsdirectory.com.bd/add-doctor/dr-muhammad-shofiur-rahman-syl/,,
Dr. Md. Nazibur Rahman Khokon,"MBBS, MCPS (Medicine), MD (Rheumatology), ECRD (Switzerland)","Rheumatology, Arthritis & Medicine Specialist",Consultant,Parkview Hospital Ltd, Sylhet,Sylhet,https://doctorsdirectory.com.bd/wp-content/uploads/2025/02/Dr.-Md.-Nazibur-Rahman-Khokon-Syl.jpg,https://doctorsdirectory.com.bd/add-doctor/dr-md-nazibur-rahman-khokon-syl/,
Dr. Mohammed Badruddoza,"MBBS, FCPS (Surgery), MS (Neurosurgery)","Brain, Nerve, Spinal Cord & Tumor Specialist Surgeon","Associate Professor, Neurosurgery","Bangabandhu Memorial Hospital, USTC, Chittagong",Sylhet,https://doctorsdirectory.com.bd/wp-content/uploads/2025/01/Dr.-Mohammed-Badruddoza-Syl.jpg,https://doctorsdirectory.com.bd/add-doctor/dr-mohammed-badruddoza-syl/,,
Dr. Aminur Rahman Azad,"MBBS, MS (Neurosurgery)","Neurosurgery (Brain, Stroke, Spine Surgery) Specialist",Specialist,Sylhet Medical College & Hospital,Sylhet,https://doctorsdirectory.com.bd/wp-content/uploads/2025/02/Dr.-Aminur-Rahman-Azad-Syl.jpg,https://doctorsdirectory.com.bd/add-doctor/dr-aminur-rahman-azad-syl/,,
Dr. Md. Ibrahim Khalil,"MBBS, BCS (Health), MD (Neurology)",Neuromedicine Specialist,"Assistant Professor, Neurology",Sylhet Medical College & Hospital,Sylhet,https://doctorsdirectory.com.bd/wp-content/uploads/2025/01/Dr.-Md.-Ibrahim-Khalil-Syl-2.jpg,https://doctorsdirectory.com.bd/add-doctor/dr-md-ibrahim-khalil-syl-2/,,
Dr. Mostafa Tarek Ullah,"MBBS (DMC), BCS (Health), MD (Neurology)",Neuromedicine Specialist,Consultant,Sylhet Medical College & Hospital,Sylhet,https://doctorsdirectory.com.bd/wp-content/uploads/2025/01/Dr.-Mostafa-Tarek-Ullah-Syl-2.jpg,https://doctorsdirectory.com.bd/add-doctor/dr-mostafa-tarek-ullah-syl-2/,,
