hospital_name,district,upazila,latitude,longitude,category,contact
Nawabgonj Clinic $ Digital Diagonostic Centre,Dhaka,Nawabganj,23.67,90.16,Private,
BNK Hospital Limited,Dhaka,Shajahanpur,23.74,90.41,Private,
Lab Zone (Pvt.) Ltd.,Dhaka,Savar,23.85,90.26,Private,
NAHAR GENERAL HOSPITAL,Dhaka,Savar,23.858,90.266,Private,
Lion A Badal Eye and General Hospital,Dhaka,Khilgaon,23.75,90.43,Private,
DR. MUAZZAM MEDICAL (DIAGNOSTIC) CENTER,Dhaka,Mirpur,23.8,90.35,Private,
Mediline Health Management Ltd.,Dhaka,Dakshinkhan,23.86,90.41,Private,
SAVAR EYE HOSPITAL & PHACO CENTRE,Dhaka,Savar,23.859,90.265,Private,
YORK Hospital Ltd,Dhaka,Banani,23.79,90.4,Premium,
AL EMIRAT MEDICAL SERVICES,Dhaka,Banani,23.794,90.404,Private,
AUTHENTIC HOSPTAL,Dhaka,Chak Bazar,23.72,90.39,Private,
Bellevue Diagnostic Centre,Dhaka,Khilgaon,23.753,90.421,Private,
BIPSH MEDICAL SERVICES LTD.,Dhaka,Dhanmondi,23.74,90.37,Private,
Care Diagnostic Center,Dhaka,Khilgaon,23.751,90.425,Private,
Dhanmondi Hospital (PVT) LTD.,Dhaka,Kalabagan,23.746,90.385,Private,
Doctors Care Hospital & Diagnostic Centre,Dhaka,Mohammadpur,23.76,90.36,Private,
Happy General Hospital & Diagnostic Center,Dhaka,Savar,23.92,90.28,Private,
Hi-Care General Hospital Ltd.,Dhaka,Uttara Paschim,23.87,90.39,Private,
JamJam Diagnostic Center,Dhaka,Mugda Para,23.73,90.43,Private,
Japan Bangladesh Friendship Hospital Ltd.,Dhaka,Lalbagh,23.74,90.37,Premium,
LIFE SUPPORT DIAGNOSTIC CENTER,Dhaka,Mirpur,23.805,90.355,Private,
NEW DHAKA MODERN CLINIC,Dhaka,Bangshal,23.71,90.4,Private,
R M DIAGNOSTIC COMPLEX,Dhaka,Savar,23.93,90.29,Private,
Somota Medical & Diagnostic Centre,Dhaka,Savar,23.91,90.27,Private,
UTTARA LAKE VIEWS SPECIALIZED HOSPITAL (PVT) LTD,Dhaka,Uttara Paschim,23.875,90.395,Private,
A.F. MEDICAL CENTRE,Dhaka,Motijheel,23.733,90.41,Private,
ADVANCE HEALTH CARE,Dhaka,Bhatara,23.81,90.42,Private,
Al Mutmainnah Maa O Shishu Hospital,Dhaka,Sabujbagh,23.735,90.435,Private,
AL-MADINA MEDICAL SERVICES,Dhaka,Gulshan,23.77,90.4,Private,
ANAS MEDICAL CENTER,Dhaka,Gulshan,23.775,90.41,Private,
Asa-Shafi Medical Center,Dhaka,Mirpur,23.81,90.36,Private,
ASHIC PALLIATIVE CARE UNIT,Dhaka,Dhanmondi,23.742,90.375,Private,
Ashiyan Medical College Hospital,Dhaka,Khilkhet,23.83,90.45,Private,
Ashraf Aleya Hospital,Dhaka,Savar,23.94,90.285,Private,
Asia General Hospital And Diagnostic Centre,Dhaka,Jatrabari,23.71,90.44,Private,
Asian Diagnostic Center,Dhaka,Keraniganj,23.68,90.34,Private,
Bangladesh Institute Of Health Sciences General Hospital,Dhaka,Mirpur,23.79,90.34,Private,
Bangladesh Life care Hospital,Dhaka,Keraniganj,23.685,90.345,Private,
BANGLADESH SPINE & ORTHOPAEDIC GENERAL HOSPITAL,Dhaka,Mirpur,23.785,90.355,Premium,
Better Life Hospital Ltd.,Dhaka,Rampura,23.76,90.42,Private,
BIO Plastic Surgery Clinic,Dhaka,Banani,23.795,90.405,Premium,
Biolife Healthcare & Diagnostic Ltd,Dhaka,Bhatara,23.82,90.42,Private,
CARE & CURE DIAGNOSTIC CENTRE LIMITED,Dhaka,Badda,23.78,90.43,Private,
CHOWDHURY CLINIC & DIAGNOSTIC CENTER,Dhaka,Bangshal,23.725,90.395,Private,
COMFORT MEDICAL CHECK-UP CENTRE,Dhaka,Kalabagan,23.748,90.385,Premium,
DEPARTMENT OF PATHOLOGY NIBEDITA SHISUH HOSPITAL,Dhaka,Wari,23.715,90.415,Private,
Doctors Support Center,Dhaka,Gulshan,23.772,90.402,Private,
DOLFIN HOSPITAL & INFERTILITY CENTERE,Dhaka,Kamrangir Char,23.71,90.36,Private,
EchoLab Medical Services,Dhaka,Paltan,23.735,90.415,Private,
Egos Health Care & Diagnosis,Dhaka,Mohammadpur,23.765,90.345,Private,
FAIR DIAGNOSTIC COMPLEX,Dhaka,Sutrapur,23.705,90.425,Private,
FAISAL HEALTH EXPRESS SERVICE LIMITED,Dhaka,Mirpur,23.815,90.365,Private,
Fatema Maa-o- Shishu General Hospital,Dhaka,Mirpur,23.795,90.375,Private,
FATIMA MEDICAL & DIAGNOSTIC CENTER,Dhaka,Dakshinkhan,23.865,90.415,Private,
Founder Health Care & Hospital Limited,Dhaka,Keraniganj,23.69,90.3,Private,
GENX HEALTH LIMITED,Dhaka,Adabor,23.77,90.35,Private,
Green Lab Diagnostic Centre,Dhaka,Lalbagh,23.72,90.38,Private,
H DIAGNOSTIC CENTER,Dhaka,Kalabagan,23.745,90.385,Private,
Hazrat Sayed Almir Hossan Kanchonpuri Digital Lab,Dhaka,Savar,23.8,90.3,Private,
HEALTH CARE DIAGNOSTIC CENTRE,Dhaka,Savar,23.83,90.28,Private,
Holy Diagnostic Center,Dhaka,Dhamrai,23.91,90.22,Private,
Holy General Hospital,Dhaka,Dhamrai,23.915,90.225,Private,
Huma Health Centre-2,Dhaka,Paltan,23.738,90.418,Private,
Human Aid Research Lab.,Dhaka,Mirpur,23.78,90.36,Private,
Ifthi Diagnostic & Medical Center,Dhaka,Paltan,23.73,90.41,Private,
Indira IVF Bangladesh Limited,Dhaka,Mohammadpur,23.75,90.37,Premium,
INOVA DIAGNOSTIC CENTER,Dhaka,Cantonment,23.82,90.39,Private,
Integrated Medicare Ltd.,Dhaka,Tejgaon,23.755,90.395,Private,
Janata Clinic & Diagnostic Centre,Dhaka,Dhamrai,23.92,90.22,Private,
Central Health Checkup,Dhaka,Rampura,23.755,90.42,Private,
Central Hospital Limited,Dhaka,New Market,23.745,90.385,Premium,
CENTRE FOR KIDNEY DISEASES & UROLOGY HOSPITAL,Dhaka,Sher-e-bangla Nagar,23.77,90.37,Premium,
Centre For the Rehabilitation of the Paralysed,Dhaka,Bhasan Tek,23.815,90.385,Private,
Centre for the Rehabilitation of the Paralysed,Dhaka,Savar,23.84,90.26,Private,
Centre for Woman and Child Health,Dhaka,Savar,23.93,90.3,Premium,
Century Clinic and Diagnostic Center,Dhaka,Uttara Purba,23.865,90.4,Private,
Chandshi Medical Centre Ltd,Dhaka,Banani,23.795,90.405,Premium,
CHAYANICA HOSPITAL & DIAGNOSTIC CENTER LTD.,Dhaka,Dhamrai,23.915,90.22,Private,
check up point diagnostic and consultation center,Dhaka,Savar,23.935,90.305,Private,
Child Health Research Foundation,Dhaka,Mohammadpur,23.755,90.36,Private,
Chokher Sheba Clinic,Dhaka,Kafrul,23.795,90.39,Private,
Chowdhury General Hospital,Dhaka,Bangshal,23.725,90.395,Private,
CIMEC HEALTH,Dhaka,Dhanmondi,23.745,90.375,Private,
City Care General Hospital & Diagnostic Center,Dhaka,Mohammadpur,23.765,90.37,Private,
City General & Dental Hospital,Dhaka,Khilkhet,23.83,90.42,Private,
City Health Services Limited,Dhaka,Mohammadpur,23.76,90.355,Private,
City Hospital Ltd.,Dhaka,Mohammadpur,23.755,90.375,Premium,
City Lab,Dhaka,Savar,23.845,90.26,Private,
City lab Hospital,Dhaka,Savar,23.85,90.265,Private,
City Lab.,Dhaka,Pallabi,23.825,90.365,Private,
city lions eye hospital & optometry institute,Dhaka,Jatrabari,23.705,90.45,Private,
City Medical Centre,Dhaka,Bhatara,23.815,90.425,Private,
City Neon Medical and Diagnostic Center,Dhaka,Paltan,23.732,90.412,Private,
City Trauma General Hospital,Dhaka,Mohammadpur,23.76,90.365,Private,
City-1 Hospital,Dhaka,Dhamrai,23.918,90.222,Private,
CLEARVIEW MEDICAL AND DIAGNOSTIC CENTER,Dhaka,Paltan,23.734,90.414,Private,
CMC Health Care Ltd.,Dhaka,Tejgaon,23.75,90.39,Private,
CMED HEALTH LIMITED,Dhaka,Dakshinkhan,23.87,90.42,Private,
College Gate Diagnostic Centre,Dhaka,Mohammadpur,23.755,90.37,Private,
Combined Hospital Ltd,Dhaka,Kafrul,23.79,90.385,Private,
Comfort Diagnostic Centre (Pvt) Ltd.,Dhaka,Kalabagan,23.748,90.385,Premium,
COMFORT DIAGNOSTIC CENTRE LIMITED,Dhaka,Uttara Purba,23.87,90.4,Private,
COMFORT MEDICAL CHECKUP CENTER,Dhaka,Paltan,23.736,90.416,Private,
COMFORT NURSING HOME (PVT.) LIMITED,Dhaka,Kalabagan,23.748,90.385,Premium,
CONFIDENCE DIAGNOSTIC LTD,Dhaka,Mirpur,23.795,90.375,Private,
CONFIDENCE HEALTHCARE DIAGNOSTIC CENTER,Dhaka,Lalbagh,23.725,90.385,Private,
CONFIDENCE MEDICAL CENTRE,Dhaka,Tejgaon,23.77,90.4,Private,
Confirm Diagnostic Ltd.,Dhaka,Lalbagh,23.715,90.38,Private,
Consultation Center and Lab of Filaria Hospital,Dhaka,Savar,23.925,90.285,Private,
Cosmetic Surgery Centre Ltd.,Dhaka,Dhanmondi,23.745,90.375,Premium,
CREATIVE BLOOD BANK AND TRANSFUSION CENTER,Dhaka,Chak Bazar,23.718,90.395,Private,
Creative Lab & Hospital,Dhaka,Savar,23.932,90.302,Private,
Crescent Gastroliver & General Hospital Ltd.,Dhaka,Kalabagan,23.745,90.385,Premium,
CRESCENT HOSPITAL & DIAGNOSTIC COMPLEX LTD.,Dhaka,Mohammadpur,23.765,90.365,Premium,
CRITICAL DIAGNOSTIC CENTRE,Dhaka,Mohammadpur,23.755,90.375,Private,
CRL Diagnostics,Dhaka,Kalabagan,23.747,90.386,Private,
CRL Diagnostics (unit-2),Dhaka,Dhanmondi,23.748,90.387,Private,
CRP Consultation & Diagnostic Ltd.,Dhaka,Bhatara,23.815,90.425,Private,
Crystal Diagnostic,Dhaka,Gulshan,23.785,90.415,Premium,
CRYSTAL HEALTHCARE,Dhaka,Gulshan,23.784,90.414,Premium,
Cure and Smile Bangladesh Foundation,Dhaka,Tejgaon,23.76,90.395,Private,
Cure Consultation & Diagnostic,Dhaka,Demra,23.705,90.46,Private,
CURE GENERAL HOSPITAL & DIAGNOSTIC CENTER,Dhaka,Dhamrai,23.922,90.228,Private,
CURE HEALTH DIAGNOSTIC & CONSULTATION CENTRE,Dhaka,Keraniganj,23.705,90.355,Private,
CURE MEDICAL CENTRE LTD,Dhaka,Gulshan,23.775,90.415,Private,
CURE SPECIALIZED HOSPITAL LIMITED,Dhaka,Tejgaon,23.761,90.396,Premium,
Dahmashi Medical Center.,Dhaka,Tejgaon Ind. Area,23.765,90.405,Private,
Dakhinkhn Paribaric Shastha Seba Hospital,Dhaka,Dakshinkhan,23.875,90.425,Private,
DARUL AHMED MEDICAL SERVICES LIMITED,Dhaka,Rampura,23.758,90.422,Private,
DAWA MEDICAL CENTRE,Dhaka,Gulshan,23.815,90.425,Private,
D’Akbor Health Care Pvt Ltd.,Dhaka,Badda,23.818,90.43,Private,
De Apollo Diagnostic Center,Dhaka,Savar,23.855,90.265,Private,
Deen Mohd. Eye Hospital & Research Center,Dhaka,Sher-e-bangla Nagar,23.755,90.38,Premium,
Deep Clinic & Diagonstic centre,Dhaka,Savar,23.852,90.262,Private,
DEEP DIAGNOSTIC CENTER,Dhaka,Savar,23.94,90.3,Private,
DEEP GENERAL HOSPITAL,Dhaka,Savar,23.945,90.305,Private,
Delta Diagnostic & Health Services,Dhaka,Gendaria,23.705,90.425,Private,
Delta Health Care Jatrabari Ltd.,Dhaka,Shyampur,23.7,90.44,Private,
Delta Health Care Mirpur Ltd,Dhaka,Pallabi,23.815,90.365,Private,
Delta Health Care Rampura Ltd,Dhaka,Rampura,23.76,90.42,Private,
Delta Hospital Limited,Dhaka,Mirpur,23.785,90.355,Premium,
DELTA HOSPITAL LTD.,Dhaka,Uttara Purba,23.875,90.405,Private,
DESH DIAGNOSTIC & MEDICAL CENTRE,Dhaka,Lalbagh,23.715,90.385,Private,
Desh Diagnostic Center,Dhaka,Dhamrai,23.92,90.22,Private,
DESH DIAGNOSTIIC & MEDICAL CENTRE,Dhaka,Paltan,23.732,90.418,Private,
Deshbangla Hospital & Diagnostic Centre,Dhaka,Jatrabari,23.702,90.455,Private,
DEWAN CLINIC & DIAGNOSTIC COMPLEX,Dhaka,Nawabganj,23.665,90.155,Private,
Dewan Diagnostic & Consultancy Center,Dhaka,Kamrangir Char,23.712,90.365,Private,
Dhaka Biopsy and Laboratory Ltd.,Dhaka,Tejgaon,23.748,90.4,Private,
Dhaka Cancer and General Hospital Limited,Dhaka,Dhanmondi,23.742,90.375,Premium,
Dhaka Central Diagnostic & Imaging Center,Dhaka,Mohammadpur,23.77,90.365,Premium,
DHAKA CENTRAL EYE HOSPITAL,Dhaka,Jatrabari,23.715,90.435,Private,
Dhaka Central International Medical College,Dhaka,Adabor,23.772,90.36,Premium,
Dhaka City Clinic,Dhaka,Sutrapur,23.712,90.412,Private,
Dhaka CIty Hospital & Diagnostic Complex,Dhaka,Shyampur,23.695,90.435,Private,
DHAKA COMMUNITY MEDICAL COLLEGE HOSPITAL,Dhaka,Kotwali,23.748,90.408,Premium,
Dhaka Crown Medical Centre,Dhaka,Badda,23.785,90.43,Private,
DHAKA DIABETIC CENTRE,Dhaka,Khilkhet,23.832,90.422,Private,
DHAKA DIAGNOSTIC & CONSULTATION CENTRE,Dhaka,Chak Bazar,23.722,90.392,Private,
Dhaka Diagnostic Centre,Dhaka,Sabujbagh,23.738,90.438,Private,
Dhaka Eye Care Hospital,Dhaka,Uttara Paschim,23.872,90.398,Premium,
Dhaka Gastro-Liver Center,Dhaka,Paltan,23.735,90.415,Private,
Dhaka General & Orthopedic Hospital,Dhaka,Mohammadpur,23.755,90.365,Private,
Dhaka General Hospital,Dhaka,Bangshal,23.72,90.4,Private,
Dhaka Health Checkup Centre,Dhaka,Paltan,23.734,90.416,Private,
Dhaka Healthcare Hospital,Dhaka,Mohammadpur,23.765,90.365,Private,
DHAKA HEALTHCARE SYSTEMS,Dhaka,Bhatara,23.798,90.415,Premium,
DHAKA HOSPITAL,Dhaka,Bangshal,23.715,90.4,Premium,
DHAKA LAB,Dhaka,Mohammadpur,23.755,90.365,Private,
DHAKA MEDICAL SERVICES,Dhaka,Mohammadpur,23.758,90.362,Private,
DHAKA METRO EYE HOSPITAL,Dhaka,Badda,23.825,90.425,Private,
Dhaka Monorog Clinic (Pvt:) Ltd.,Dhaka,Pallabi,23.818,90.368,Private,
Dhaka New Lions Eye Hospital,Dhaka,Badda,23.788,90.428,Private,
DHAKA ONCOLOGY & PALLIATIVE CARE CENTRE,Dhaka,Gulshan,23.775,90.402,Private,
DHAKA ORTHOPEDIC HOSPITAL (PVT.) LTD,Dhaka,Adabor,23.775,90.355,Premium,
Dhaka Paediatric Neonatal & General Hospital,Dhaka,Dhanmondi,23.745,90.372,Premium,
Dhaka Paramount Specialized Hospital,Dhaka,Jatrabari,23.705,90.455,Premium,
Dhaka Royal General Hospital Ltd.,Dhaka,Kadamtali,23.705,90.445,Private,
Dhaka Specialized Hospital Ltd.,Dhaka,Uttara Paschim,23.875,90.395,Premium,
Dhaka Specialized Pain Management Center,Dhaka,Dhanmondi,23.748,90.378,Private,
Dhaka Trauma Center & Orthopedic Hospital,Dhaka,Mohammadpur,23.765,90.368,Premium,
Dhamrai Diabetic Somitee,Dhaka,Dhamrai,23.918,90.222,Private,
Dhamrai Digital eye Hospital,Dhaka,Dhamrai,23.92,90.225,Private,
DHAMRAI DRISHTY SEBA EYE HOSPITAL,Dhaka,Dhamrai,23.925,90.23,Private,
Dhanmondi Clinic (PVT) LTD.,Dhaka,Kalabagan,23.745,90.385,Private,
Dhanmondi Diagnostic & Consultation Center,Dhaka,Dhanmondi,23.742,90.375,Private,
Dhanmondi General & Kindey Hospital Ltd.,Dhaka,Mohammadpur,23.748,90.378,Private,
DHOLAIPAR ISLAMIA MODEL HOSPITAL,Dhaka,Jatrabari,23.702,90.448,Private,
DIABARI DIAGNOSTIC & CONSULTATION CENTER,Dhaka,Turag,23.885,90.375,Private,
Diagnosmart Limited,Dhaka,Keraniganj,23.685,90.44,Private,
Dialab Medical Services,Dhaka,Lalbagh,23.718,90.388,Private,
Digilab Diagnostic Services,Dhaka,Banani,23.775,90.402,Private,
DIGILAB MEDICAL SERVICES LTD,Dhaka,Pallabi,23.82,90.368,Private,
Digital Diagnostic Center,Dhaka,Dakshinkhan,23.872,90.418,Private,
Digital Family Care Diagnostic,Dhaka,Kamrangir Char,23.715,90.368,Private,
Digital Fast Aid Hospital Limited,Dhaka,Kamrangir Char,23.716,90.369,Private,
DIGITAL SQUARE HOSPITAL,Dhaka,Keraniganj,23.675,90.345,Private,
DIN HOSPITAL,Dhaka,Keraniganj,23.682,90.352,Private,
DN MEDICAL SERVICES,Dhaka,Dohar,23.6,90.13,Private,
DNA BIOLAB LIMITED,Dhaka,Kalabagan,23.75,90.38,Private,
DNA Solution Ltd,Dhaka,Sher-e-bangla Nagar,23.752,90.382,Private,
Doctors Blood Bank & Transfusion Center,Dhaka,Dhanmondi,23.753,90.373,Private,
Doctors Clinic & Hospital,Dhaka,Bangshal,23.718,90.405,Private,
Doctors Clinic & Pathological Lab.,Dhaka,Kafrul,23.815,90.385,Private,
Doctors Diagnostic Center,Dhaka,Banani,23.778,90.408,Private,
DOCTORS DIAGONISTIC COMPLEX,Dhaka,Shyampur,23.695,90.445,Private,
Doctors Digital Diagnostic Center,Dhaka,Kamrangir Char,23.718,90.372,Private,
Doctors Digital Hospital,Dhaka,Kamrangir Char,23.719,90.373,Private,
DOCTORS GENERAL HOSPITAL,Dhaka,Shyampur,23.698,90.448,Private,
Doctors General Hospital & Diagnostic Center,Dhaka,Savar,23.935,90.305,Private,
Doctors Lab & Hospital,Dhaka,Jatrabari,23.71,90.45,Private,
Doctors Point,Dhaka,Mohammadpur,23.765,90.355,Private,
Doctors Support Center,Dhaka,Gulshan,23.775,90.405,Private,
DOCTORS TRUST DIAGNOSTIC CENTER,Dhaka,Kadamtali,23.705,90.465,Private,
Doctors Zone Blood Center,Dhaka,Kadamtali,23.708,90.455,Private,
Doctors Zone Diagnostic Center,Dhaka,Kadamtali,23.709,90.456,Private,
Doctor`s Multispecialty Hospital,Dhaka,Uttara Paschim,23.882,90.388,Premium,
Dogma Hospital Ltd,Dhaka,Badda,23.785,90.428,Private,
Dohar DIAGNOSTIC DENTAL CENTER,Dhaka,Dohar,23.605,90.135,Private,
Dohar General Hospital PVT. LTD.,Dhaka,Dohar,23.61,90.14,Private,
DOLFIN HOSPITAL & INFERTILITY CENTERE,Dhaka,Kamrangir Char,23.715,90.365,Private,
DOSTORS DIAGNOSTIC CENTRE LTD,Dhaka,Kalabagan,23.742,90.375,Private,
DPRC DIAGNOSTIC LAB LTD.,Dhaka,Adabor,23.772,90.362,Premium,
DPRC HOSPITAL LTD.,Dhaka,Adabor,23.773,90.363,Premium,
Dr A G Khan Diagnostic center,Dhaka,New Market,23.74,90.382,Private,
DR AMANAT KHAN HOSPITAL,Dhaka,Mirpur,23.785,90.355,Private,
Dr Lal Pathlabs Bangladesh Private Limited,Dhaka,Gulshan,23.78,90.425,Premium,
DR MAMUN DIAGNOSTIC CENTER,Dhaka,Dhamrai,23.912,90.225,Private,
Dr. A R Khan Hospital,Dhaka,Mirpur,23.782,90.352,Private,
Dr. Fazlul Haque Colorectal Hospital,Dhaka,Dhanmondi,23.748,90.375,Premium,
DR. NUSRAT DIAGNOSTIC CENTRE,Gazipur,Kapasia,24.115,90.575,Private,
Dr. Sirajul Islam Medical College & Hospital Ltd.,Dhaka,Khilgaon,23.748,90.418,Premium,
DR. TARAPADA DIAGNOSTIC CENTER,Tangail,Kalihati,24.385,90.01,Private,
Dr. Zahed Memorial Child Hospital,Faridpur,Faridpur Sadar,23.605,89.84,Private,
Dr.Joseph Memorial Hospital,Manikganj,Manikganj Sadar,23.865,89.995,Private,
DR.LUTFOR RAHMAN MEMORIAL CLINIC,Gopalganj,Kotalipara,23.005,89.985,Private,
Dr.Mahbub General Hospital,Dhaka,Jatrabari,23.708,90.458,Private,
Dr.Meherun Nessa Clinic,Dhaka,New Market,23.743,90.381,Private,
Dr.Muttalib Community Hospital,Dhaka,Paltan,23.731,90.412,Private,
DR.SHOJIB S DIABETES ASTHMA & MEDICAL CENTRE,Kishoreganj,Kishoreganj Sadar,24.435,90.785,Private,
DR.SOLYMAN HEALTH CARE CENTER,Gazipur,Gazipur Sadar,23.998,90.422,Private,
DRiiMS Diagnostic Infertility & Interventional Radiology Hospital,Dhaka,Dhanmondi,23.749,90.373,Premium,
Dristi Eye Hospital Banasree,Dhaka,Rampura,23.762,90.432,Private,
DRISTICON EYE HOSPITAL,Madaripur,Kalkini,23.07,90.235,Private,
DSK Hospital,Dhaka,Mohammadpur,23.771,90.361,Private,
DUBLI MATRISHEBA CHIKITSHALOY & DIAGNOSTIC CENTER,Dhaka,Dohar,23.595,90.135,Private,
Durjoy Digital Eye Hospital,Kishoreganj,Bhairab,24.048,90.985,Private,
DWEEP EYE CARE CENTER,Tangail,Tangail Sadar,24.252,89.921,Private,
EAST VIEW HOSPITAL & LAB,Narayanganj,Narayanganj Sadar,23.695,90.485,Private,
EAST-WEST MEDICAL COLLEGE & HOSPITAL LIMITED,Dhaka,Turag,23.895,90.355,Premium,
Eastern Care Hospital Limited,Dhaka,Mohammadpur,23.755,90.375,Private,
Eastern Diagnostic Health and Out Patient Medical Service,Dhaka,Paltan,23.738,90.412,Private,
ECB Specialized Eye Hospital,Dhaka,Cantonment,23.822,90.395,Private,
EDEN MULTI CARE HOSPITAL LTD.,Dhaka,Mohammadpur,23.748,90.371,Premium,
Efa (Pvt) Hospital & Diagnostic Centre,Narsingdi,Narsingdi Sadar,23.925,90.718,Private,
Efaz Medical Services Clinic And Diagnostic,Gopalganj,Gopalganj Sadar,23.008,89.828,Private,
Egarosindur Community Hospital,Kishoreganj,Pakundia,24.325,90.685,Private,
Ekota Diagnostic & Imaging Center,Faridpur,Madhukhali,23.545,89.675,Private,
EL-SHIFFA MEDICAL SERVICES,Dhaka,Banani,23.792,90.404,Private,
Enam Medical College & Hospital,Dhaka,Savar,23.852,90.262,Premium,
ESOMED DIAGNOSTIC CENTER,Kishoreganj,Bhairab,24.045,90.982,Private,
ETI DIAGNOSTIC CENTER,Kishoreganj,Karimganj,24.455,90.885,Private,
Eva Medical Hall & Diagonestic Centre,Faridpur,Bhanga,23.385,89.975,Private,
Evercare Hospital Dhaka,Dhaka,Bhatara,23.811,90.431,Premium,
Evergreen Diagnostic Center,Manikganj,Singair,23.815,90.155,Private,
EXIM Bank Hospital,Dhaka,Kafrul,23.795,90.378,Premium,
Eye Care Centre,Tangail,Tangail Sadar,24.248,89.918,Private,
Eye Health Bangladesh Ltd.,Dhaka,Uttara Paschim,23.878,90.388,Private,
F. A. Memorial Hospital,Dhaka,Mohammadpur,23.762,90.358,Private,
FAIR CARE HOSPITAL,Narayanganj,Rupganj,23.785,90.515,Private,
Faith Hope Hospital,Dhaka,Khilkhet,23.832,90.422,Private,
Falcon Eye Hospital and Phaco Center,Dhaka,Mirpur,23.805,90.365,Private,
Family Care General Hospital & Diagnostic Center,Dhaka,Savar,23.855,90.268,Private,
Faridpur Diabetic Association General Hospital,Faridpur,Faridpur Sadar,23.605,89.845,Private,
Faridpur General Hospital,Faridpur,Faridpur Sadar,23.608,89.842,Government,
Faridpur Heart Foundation Hospital,Faridpur,Faridpur Sadar,23.595,89.835,Private,
FATEMA MEDICAL GOLARBAZAR,Shariatpur,Naria,23.315,90.415,Private,
Fatema Memorial Diagnostic & Medical Service,Dhaka,Dakshinkhan,23.872,90.415,Private,
FATEMA MODERN HOSPITAL,Tangail,Tangail Sadar,24.255,89.925,Private,
FATEMA NURSING HOME & DIABETIC CENTER,Narayanganj,Narayanganj Sadar,23.625,90.495,Private,
FATIMA HOSPITAL & DIAGNOSTIC CENTER,Gazipur,Kaliakair,24.015,90.235,Private,
Filaria and General Hospital,Dhaka,Savar,23.922,90.282,Private,
FRIENDSHIP HOSPITAL,Dhaka,Shajahanpur,23.738,90.415,Private,
Future Health Care Diagnostic and Medical Center,Narsingdi,Narsingdi Sadar,23.921,90.715,Private,
GAI-O-SHISHU HOSPITAL,Tangail,Tangail Sadar,24.248,89.912,Private,
Galaxy Hospital Limited,Dhaka,Tejgaon,23.755,90.395,Premium,
GAZIPUR HEART HOSPITAL,Gazipur,Gazipur Sadar,23.995,90.425,Premium,
Gazipur Ideal Hospital,Gazipur,Gazipur Sadar,23.992,90.415,Private,
GENAREL HOSPITAL,Kishoreganj,Kishoreganj Sadar,24.438,90.782,Private,
General Hospital Shariatpur,Shariatpur,Shariatpur Sadar,23.212,90.345,Government,
GHATAIL DIGITAL HOSPITAL & DIAGNOSTIC CENTER,Tangail,Ghatail,24.455,90.015,Private,
Global Specialized Hospital,Dhaka,Mirpur,23.785,90.345,Premium,
Golden Verse Specialized Hospital,Gazipur,Gazipur Sadar,24.005,90.435,Private,
Gopalganj 250 Bed General Hospital,Gopalganj,Gopalganj Sadar,23.005,89.825,Government,
Gopalpur General Hospital,Tangail,Gopalpur,24.555,89.925,Private,
Goshairhat Hospital,Shariatpur,Gosairhat,23.075,90.435,Private,
GREEN INFERTILITY AND DIAGNOSTIC CENTER,Tangail,Tangail Sadar,24.252,89.925,Private,
Green Labs Hospital,Tangail,Tangail Sadar,24.245,89.922,Private,
Green View Diagnostic Center,Dhaka,Savar,23.858,90.262,Private,
GULSHAN DIABETIC CARE,Dhaka,Gulshan,23.775,90.412,Premium,
Habiganj General Hospital,Habiganj,Habiganj Sadar,24.385,91.415,Government,
Hamdard Diagnostic & Consultation Center,Dhaka,Banani,23.792,90.405,Private,
Hazi Akkas Ali Square Hospital,Gazipur,Gazipur Sadar,23.915,90.385,Private,
HAZI AZGAR ALI HOSPITAL,Narsingdi,Narsingdi Sadar,23.912,90.725,Private,
High Care Orthopedic & General Hospital,Dhaka,Mohammadpur,23.772,90.365,Private,
HIGH LIGHT EYE HOSPITAL,Faridpur,Bhanga,23.388,89.978,Private,
Hikmah Eye Hospital Ltd.,Dhaka,Khilgaon,23.755,90.425,Private,
Hira Panna Hospital Ltd.,Munshiganj,Sreenagar,23.535,90.285,Private,
Hitech Multicare Hospital ltd,Dhaka,Kafrul,23.815,90.388,Private,
Holy Child Specialized Hospital,Dhaka,Mohammadpur,23.758,90.355,Private,
Hope Medical Service,Kishoreganj,Bhairab,24.042,90.988,Private,
Hossainpur Modern Diagnostic Center,Kishoreganj,Hossainpur,24.415,90.665,Private,
Ibn Sina Medical College Hospital,Dhaka,Kallyanpur,23.785,90.355,Premium,
Ibrahim Cardiac Hospital & Research Institute,Dhaka,Shahbagh,23.738,90.395,Premium,
Ibrahim General Hospital Mirpur,Dhaka,Mirpur,23.805,90.365,Premium,
ICHAMATI DIGITAL HOSPITAL & THE LAB,Munshiganj,Serajdikhan,23.635,90.325,Private,
ICMH Matuail,Dhaka,Jatrabari,23.702,90.465,Government,
Ideal Diagnostic Center,Narsingdi,Shibpur,23.985,90.735,Private,
Imperial Hospital Ltd.,Dhaka,Uttara Purba,23.868,90.402,Premium,
Impulse Hospital Limited,Dhaka,Tejgaon,23.765,90.401,Premium,
Insaf Barakah Kidney & General Hospital,Dhaka,Mogbazar,23.748,90.405,Premium,
International Medical College & Hospital,Gazipur,Tongi,23.915,90.425,Premium,
Isami Bank Hospital Motijheel,Dhaka,Motijheel,23.732,90.418,Premium,
Islamia Eye Hospital,Dhaka,Farmgate,23.758,90.388,Premium,
Islami Bank Hospital Mugda,Dhaka,Mugda Para,23.728,90.432,Premium,
Jahanara Clinic,Gopalganj,Gopalganj Sadar,23.002,89.822,Private,
JAHERA GENERAL HOSPITAL,Tangail,Madhupur,24.615,90.025,Private,
JALALPUR CLINIC,Tangail,Bhuapur,24.455,89.865,Private,
JAMUNA-D-LAB,Faridpur,Bhanga,23.382,89.972,Private,
JAMURKI MODERN CLINIC & DIAGNOSTIC CENTRE,Tangail,Mirzapur,24.115,89.995,Private,
Janakallyan X-Ray & Pathology Center,Manikganj,Manikganj Sadar,23.862,89.998,Private,
KADAMTALI GENERAL HOSPITAL,Narayanganj,Narayanganj Sadar,23.685,90.505,Private,
KADOMTOLI GENERAL HOSPITAL,Dhaka,Keraniganj,23.682,90.355,Private,
KAJIRHAT DIAGNOSTIC CENTER,Shariatpur,Zanjira,23.415,90.285,Private,
KALAMRIDHA ISLAMIA DIAGNOSTIC CENTER,Faridpur,Bhanga,23.365,89.955,Private,
Kaliakair General Hospital,Gazipur,Kaliakair,24.005,90.225,Private,
Kaliganj General Hospital,Gazipur,Kaliganj,23.925,90.585,Private,
Kalima Diagnostic Center,Dhaka,Savar,23.848,90.255,Private,
Kallyani Hospital,Manikganj,Manikganj Sadar,23.858,89.992,Private,
Kamalapur General Hospital,Faridpur,Faridpur Sadar,23.615,89.835,Private,
Kamrangir Char General Hospital,Dhaka,Kamrangir Char,23.712,90.362,Government,
Karimganj Digital Diagnostic Center,Kishoreganj,Karimganj,24.452,90.882,Private,
Katia Diagnostic Center,Kishoreganj,Katiadi,24.255,90.795,Private,
Kazi Lab,Narayanganj,Narayanganj Sadar,23.622,90.492,Private,
KC Hospital & Diagnostic Center,Dhaka,Uttara Paschim,23.882,90.392,Private,
Kerala Medical Center,Dhaka,Mohammadpur,23.762,90.352,Private,
Keraniganj Model Hospital,Dhaka,Keraniganj,23.685,90.342,Private,
Khidmah Diagnostic Center Faridpur,Faridpur,Faridpur Sadar,23.602,89.848,Private,
Khidmah Eye Hospital ltd.,Dhaka,Khilgaon,23.752,90.428,Private,
Khidmah Hospital (Pvt) Ltd.,Dhaka,Khilgaon,23.752,90.428,Premium,
KHIDMAH PHARMA & DIAGNOSTIC,Gazipur,Gazipur Sadar,24.008,90.428,Private,
Khidmah Specialized Hospital,Tangail,Tangail Sadar,24.242,89.928,Private,
KHILGAON GENERAL HOSPITAL,Dhaka,Khilgaon,23.755,90.425,Private,
Khilkhet Central Hospital,Dhaka,Khilkhet,23.835,90.425,Private,
Kishoreganj Eye Hospital,Kishoreganj,Kishoreganj Sadar,24.432,90.788,Private,
Konapara General Hospital,Dhaka,Jatrabari,23.705,90.462,Private,
Kotalipara Nursing Home,Gopalganj,Kotalipara,23.002,89.982,Private,
Labaid Cancer Hospital and Super Speciality Center,Dhaka,Dhanmondi,23.742,90.372,Premium,
Labaid Specialized Hospital,Dhaka,Dhanmondi,23.745,90.375,Premium,
Lake View Clinic,Dhaka,Banani,23.795,90.405,Private,
Lalbagh Hospital,Dhaka,Lalbagh,23.715,90.385,Private,
Lalmatia Hospital Ltd,Dhaka,Mohammadpur,23.755,90.365,Private,
Liberty Specialized Hospital,Dhaka,Mohammadpur,23.765,90.365,Private,
Life Line Medical Services Ltd,Dhaka,Banani,23.775,90.402,Private,
LIFE SAVE MENTAL HOSPITAL,Dhaka,Keraniganj,23.702,90.335,Private,
Life Saver Diagnostic Center,Dhaka,Turag,23.892,90.362,Private,
LIFE TRUST DIAGNOSTIC LTD.,Dhaka,Mirpur,23.822,90.395,Private,
Lions Eye Hospital,Dhaka,Agargaon,23.775,90.375,Premium,
LOOHAJANG DIAGNOSTIC CENTER,Munshiganj,Lohajang,23.475,90.285,Private,
Lubana General Hospital,Dhaka,Uttara Purba,23.872,90.402,Premium,
Maa o Shishu Hospital & Diagnostic Center,Gazipur,Gazipur Sadar,24.045,90.425,Private,
Maa O`Shisho General Hospital,Kishoreganj,Bhairab,24.045,90.985,Private,
Maa Pathological Laboratory,Kishoreganj,Hossainpur,24.418,90.662,Private,
MAA SURGICAL CLINIC AND DIAGNOSTIC CENTER,Faridpur,Boalmari,23.385,89.725,Private,
Madaripur 250 Bed General Hospital,Madaripur,Madaripur Sadar,23.165,90.215,Government,
Madaripur Charity Hospital,Madaripur,Madaripur Sadar,23.162,90.212,Private,
Madhukhali General Hospital,Faridpur,Madhukhali,23.542,89.672,Private,
Madhupur General Hospital,Tangail,Madhupur,24.612,90.022,Private,
Marie Stopes Premimum Maternity Clinic,Dhaka,Mirpur,23.815,90.365,Premium,
Marie Stopes Premium Maternity Clinic,Dhaka,Dhanmondi,23.742,90.365,Premium,
Marine Health Care Pvt. Ltd.,Dhaka,Khilkhet,23.832,90.418,Private,
Matuail Child & Mother Health Institute,Dhaka,Jatrabari,23.702,90.462,Government,
Maona General Hospital,Gazipur,Sreepur,24.025,90.415,Private,
Medicare Hospital,Tangail,Tangail Sadar,24.252,89.918,Private,
MEDICO SPECIALIZED DIAGNOSTIC AND CONSULTATION CENTER,Kishoreganj,Kishoreganj Sadar,24.415,90.795,Private,
Medicure Hospital & Diagnostic Lab,Faridpur,Madhukhali,23.548,89.678,Private,
Medicus Diagnostic And Consultation Center,Dhaka,Rampura,23.738,90.415,Private,
Medinova Medical Services Ltd,Dhaka,Dhanmondi,23.742,90.372,Premium,
MEDIPATH DIAGNOSTIC CENTER,Kishoreganj,Kishoreganj Sadar,24.435,90.785,Private,
Mediscan Diagnostic Center,Dhaka,Kalabagan,23.748,90.382,Private,
MEGHNA DIAGNOSTIC CENTER,Shariatpur,Bhedarganj,23.195,90.485,Private,
Meghna General Hospital,Kishoreganj,Bhairab,24.048,90.982,Private,
MEGHNA GENERAL HOSPITAL LTD.,Dhaka,Kotwali,23.722,90.395,Private,
Meherpur Eye Hospital,Manikganj,Manikganj Sadar,23.862,89.995,Private,
Metro Hospital & Diagnostic Center,Dhaka,Mohammadpur,23.755,90.368,Private,
Metropolitan Hospital,Dhaka,Mohakhali,23.778,90.405,Premium,
Mirpur General Hospital,Dhaka,Mirpur,23.805,90.355,Private,
Modern Clinic,Shariatpur,Bhedarganj,23.205,90.505,Private,
MODERN CLINIC,Munshiganj,Munshiganj Sadar,23.545,90.535,Private,
Modern Cure Hospital Ltd.,Dhaka,Jatrabari,23.702,90.455,Private,
Modern Diagnostic and Diabetic center,Kishoreganj,Bhairab,24.045,90.985,Private,
MODERN DIAGNOSTIC CENTER,Tangail,Gopalpur,24.558,89.928,Private,
MOHAKHALI MEDICAL CENTER,Dhaka,Gulshan,23.778,90.402,Private,
Mohammadpur Fertility Services & Training Centre,Dhaka,Mohammadpur,23.762,90.362,Government,
Mokshoda Nursing Home,Manikganj,Manikganj Sadar,23.865,89.992,Private,
Monira General Hospital,Dhaka,Sher-e-bangla Nagar,23.775,90.372,Private,
MonNiramoy Psychiatric Hospital,Dhaka,Mirpur,23.782,90.362,Private,
Monno Medical College Hospital,Manikganj,Manikganj Sadar,23.835,90.005,Premium,
MONOHARDI CENTRAL (PVT) HOSPITAL,Narsingdi,Manohardi,24.135,90.705,Private,
Mother & Child Care Hospital,Narsingdi,Narsingdi Sadar,23.922,90.718,Private,
Mugda Medical College & Hospital,Dhaka,Mugda Para,23.732,90.432,Government,
Munshiganj General Hospital,Munshiganj,Munshiganj Sadar,23.548,90.532,Government,
MUSCAT MEDICAL CENTER,Dhaka,Banani,23.788,90.402,Private,
Mustafiz Glaucoma Research and Eye Hospital,Dhaka,Mirpur,23.792,90.342,Premium,
Mycare Diagnostic and Consultation Center Ltd.,Dhaka,Badda,23.792,90.432,Private,
Nagarkanda General Hospital,Faridpur,Nagarkanda,23.415,89.895,Private,
Nahid Diagnostic Center,Dhaka,Tejgaon,23.755,90.392,Private,
National Heart Foundation Hospital & Research Institute,Dhaka,Mirpur,23.805,90.352,Premium,
NATIONAL MEDICAL CENTRE LIMITED,Dhaka,Bhatara,23.805,90.418,Private,
National Private Hospital,Faridpur,Sadarpur,23.475,90.035,Private,
Nawabgonj Eye Hospital limited,Dhaka,Nawabganj,23.665,90.155,Private,
Nawjor General Hospital,Gazipur,Gazipur Sadar,23.975,90.385,Private,
Neural Medical Center,Dhaka,Uttara Paschim,23.882,90.385,Private,
New Hope Clinic and Diagnostic Center,Dhaka,Savar,23.858,90.268,Private,
NEW IDEAL GENERAL HOSPITAL & D-LAB,Munshiganj,Serajdikhan,23.635,90.315,Private,
NEW ROG MUKTI GENERAL (PVT) HOSPITAL,Narsingdi,Narsingdi Sadar,23.921,90.711,Private,
NEW samrat general hospital,Narayanganj,Narayanganj Sadar,23.621,90.505,Private,
NIBEDITA SHISHU HOSPITAL,Dhaka,Wari,23.715,90.418,Private,
NIHR Specialized Hospital,Dhaka,Uttara Paschim,23.875,90.385,Premium,
NIKLI DIGITAL DIAGNOSTIC CENTER,Kishoreganj,Nikli,24.325,90.935,Private,
Noor Kidney Dialysis Hospital,Tangail,Tangail Sadar,24.252,89.925,Private,
Nova Medical Center,Dhaka,Paltan,23.735,90.412,Private,
Nuclear Medicine Service Center,Dhaka,Shahbagh,23.739,90.396,Government,
NURSING HOME & DIAGNOSTIC CENTER,Tangail,Sakhipur,24.315,90.175,Private,
Nurunnahar General Hospital,Narayanganj,Narayanganj Sadar,23.618,90.498,Private,
Obs & Gynae Care Centre,Dhaka,Mohammadpur,23.768,90.362,Private,
Ocean Hospital Ltd.,Dhaka,Savar,23.845,90.258,Private,
One Way Diagnostic & Consultation Center,Dhaka,Mirpur,23.812,90.358,Private,
Onko-Care Limited,Dhaka,Banani,23.792,90.408,Premium,
Open Heart Hospital,Dhaka,Savar,23.852,90.262,Premium,
Optimum Health Care,Dhaka,Bhatara,23.818,90.428,Private,
Orbital Eye Hospital,Dhaka,Uttara Purba,23.872,90.405,Private,
Orient Hospital Ltd.,Dhaka,Tejgaon,23.755,90.392,Private,
Oriental Hospital,Dhaka,Mirpur,23.802,90.352,Private,
Orthopedic Hospital and Diagnostic Center,Gazipur,Gazipur Sadar,23.998,90.425,Private,
Osmani Memorial Hospital,Kishoreganj,Kishoreganj Sadar,24.432,90.782,Private,
Pacific Hospital Ltd.,Dhaka,Tejgaon Ind. Area,23.765,90.402,Private,
Padma Diagnostic Centre Limited,Dhaka,Paltan,23.738,90.415,Premium,
Padma General Hospital Limited,Dhaka,Shahbagh,23.742,90.395,Private,
Paikpara General Hospital,Dhaka,Mirpur,23.788,90.348,Private,
Palli Shastha Seba,Tangail,Nagarpur,24.055,89.875,Private,
Paltan Diagnostic Center,Dhaka,Paltan,23.732,90.412,Private,
Pan Pacific Hospital,Dhaka,Shahbagh,23.745,90.392,Premium,
Papiya General Hospital,Munshiganj,Sreenagar,23.532,90.282,Private,
Paradise Diagnostic Center,Dhaka,Savar,23.858,90.268,Private,
Paramount Hospital Limited,Dhaka,Dhanmondi,23.748,90.372,Premium,
Parkview Hospital and Diagnostic,Dhaka,Uttara Paschim,23.882,90.388,Private,
Pathcare Diagnostic Center,Dhaka,Kalabagan,23.748,90.385,Private,
Pathology Consultation Center,Manikganj,Manikganj Sadar,23.865,89.995,Private,
Patience Care Hospital,Dhaka,Mirpur,23.805,90.362,Private,
Patient Aid Hospital,Dhaka,Jatrabari,23.708,90.455,Private,
Peace Hospital Ltd,Dhaka,Mohammadpur,23.762,90.358,Private,
Peak Diagnostic and Consultation Center,Dhaka,Badda,23.785,90.428,Private,
People`s Pathological Laboratory,Faridpur,Faridpur Sadar,23.605,89.842,Private,
People`s Specialized Hospital Ltd.,Dhaka,Shajahanpur,23.742,90.418,Private,
Perfect Care Hospital,Dhaka,Cantonment,23.825,90.392,Private,
Performance Diagnostic Center,Dhaka,Mirpur,23.815,90.368,Private,
Pioneer Diagnostic Center,Dhaka,Demra,23.712,90.465,Private,
PMP Hospital & Diagnostic Center,Dhaka,Keraniganj,23.682,90.342,Private,
Polash Specialized Hospital,Narsingdi,Palash,23.955,90.625,Private,
Popular Diagnostic Centre Ltd.,Dhaka,Dhanmondi,23.742,90.372,Premium,
Popular Diagnostic Centre Ltd.,Dhaka,Uttara Purba,23.872,90.402,Premium,
Popular Diagnostic Centre Ltd.,Dhaka,Shajahanpur,23.745,90.422,Premium,
Popular Diagnostic Centre Ltd.,Dhaka,English Road,23.715,90.405,Premium,
Popular Medical College Hospital,Dhaka,Dhanmondi,23.745,90.375,Premium,
Precision Diagnostic Center,Dhaka,Banani,23.795,90.405,Private,
Premier Diagnostic Center,Dhaka,Gulshan,23.785,90.415,Premium,
Premium Eye Hospital,Dhaka,Mirpur,23.808,90.362,Premium,
Prescription Point Limited,Dhaka,Banani,23.792,90.405,Premium,
Prime Diagnostic Center,Dhaka,Savar,23.925,90.285,Private,
Prime General Hospital,Narayanganj,Narayanganj Sadar,23.625,90.495,Private,
Pro-Active Medical College & Hospital,Narayanganj,Narayanganj Sadar,23.682,90.502,Premium,
Probe Diagnostic Limited,Dhaka,Dhanmondi,23.745,90.378,Premium,
Professional Diagnostic Center,Dhaka,Paltan,23.735,90.415,Private,
Progoti General Hospital,Gazipur,Sreepur,24.025,90.418,Private,
Promix Medical Center,Dhaka,Banani,23.788,90.402,Private,
Promortho Hospital,Dhaka,Mohammadpur,23.765,90.362,Private,
Pulse Diagnostic and Consultation,Dhaka,Badda,23.792,90.432,Private,
Purabi General Hospital,Dhaka,Pallabi,23.815,90.362,Private,
Quality Diagnostic Center,Dhaka,Khilgaon,23.752,90.422,Private,
Radiance Specialized Hospital,Dhaka,Mohammadpur,23.758,90.352,Private,
Rainbow Heart Consultation Center,Dhaka,Paltan,23.731,90.418,Private,
Rajdhani Hospital Limited,Dhaka,Sher-e-bangla Nagar,23.772,90.375,Private,
Rampura General Hospital,Dhaka,Rampura,23.762,90.422,Private,
Rapa Diagnostic Center,Dhaka,Dhanmondi,23.752,90.372,Private,
Recovery Medical Center,Dhaka,Cantonment,23.822,90.398,Private,
Red Crescent Holy Family Hospital,Dhaka,Eskaton,23.745,90.402,Premium,
Rehbar Diagnostic Center,Dhaka,Bangshal,23.718,90.402,Private,
Relief Hospital and Diagnostic Center,Dhaka,Savar,23.855,90.262,Private,
Reliance General Hospital,Dhaka,Mohakhali,23.778,90.402,Premium,
Renaissance Hospital and Medical Services,Dhaka,Dhanmondi,23.748,90.375,Premium,
Renal Care Diagnostic,Dhaka,Tejgaon,23.758,90.398,Private,
Resolutions Health Center,Dhaka,Banani,23.795,90.408,Private,
Response Diagnostic Center,Dhaka,Khilgaon,23.755,90.428,Private,
Rifat Diagnostic Center,Gopalganj,Gopalganj Sadar,23.008,89.825,Private,
Rising Hospital,Dhaka,Adabor,23.775,90.352,Private,
Riverside Hospital,Dhaka,Keraniganj,23.705,90.345,Private,
Riyadh Medical Center,Dhaka,Paltan,23.738,90.412,Private,
Rob Diagnostic and Consultation,Dhaka,Demra,23.708,90.462,Private,
Rosy Diagnostic Center,Dhaka,Mirpur,23.798,90.372,Private,
Royal Hospital and Research Center,Dhaka,Dhanmondi,23.742,90.378,Premium,
Rushmono General Hospital,Dhaka,Mogbazar,23.752,90.405,Premium,
S.A. Medical Center,Dhaka,Banani,23.792,90.402,Private,
Sabujbagh Central Hospital,Dhaka,Sabujbagh,23.738,90.435,Private,
Sadeq Diagnostic and Consultation,Dhaka,Jatrabari,23.705,90.452,Private,
Safe Hands Hospital,Dhaka,Uttara Purba,23.868,90.405,Private,
Safeway Diagnostic,Dhaka,Mohammadpur,23.762,90.355,Private,
Sagor Diagnostic Center,Dhaka,Savar,23.842,90.252,Private,
Saima General Hospital,Dhaka,Savar,23.852,90.268,Private,
Saitam Diagnostic,Dhaka,Dhanmondi,23.745,90.372,Private,
Sajida Hospital,Dhaka,Keraniganj,23.688,90.338,Private,
Sakhipur General Hospital,Tangail,Sakhipur,24.312,90.172,Private,
Salahuddin Specialized Hospital,Dhaka,Wari,23.715,90.418,Premium,
Salam Medical Center,Dhaka,Uttara Paschim,23.885,90.385,Private,
Salma Hospital and Diagnostic,Dhaka,Khilgaon,23.758,90.422,Private,
Samatat Hospital,Dhaka,Dhanmondi,23.742,90.375,Premium,
Samorita Hospital Limited,Dhaka,Tejgaon,23.752,90.388,Premium,
Sanarpar General Hospital,Narayanganj,Narayanganj Sadar,23.692,90.485,Private,
Sanjeevani Hospital,Dhaka,Savar,23.858,90.262,Private,
Santosh Diagnostic Center,Dhaka,Mirpur,23.802,90.358,Private,
Sapic Specialized Hospital,Dhaka,Tejgaon,23.755,90.395,Private,
Sapporo Dental College and Hospital,Dhaka,Uttara Paschim,23.878,90.382,Premium,
Sarah Hospital,Dhaka,Dakshinkhan,23.865,90.418,Private,
Sarkar Diagnostic Center,Tangail,Tangail Sadar,24.252,89.915,Private,
Savar Central Hospital,Dhaka,Savar,23.852,90.2,,
V-Care Hospital & Diagnostic Center,Dhaka,Savar,23.858,90.266,Private,
Valley Hospital Ltd.,Dhaka,Dhanmondi,23.746,90.372,Premium,
Varanasi Medical Center,Dhaka,Banani,23.792,90.405,Private,
Vascular Surgery Center,Dhaka,Dhanmondi,23.742,90.375,Premium,
Venus Hospital,Dhaka,Mohakhali,23.778,90.402,Premium,
Veritas Diagnostic Center,Dhaka,Uttara Paschim,23.882,90.385,Private,
Victoria Clinic,Dhaka,Bangshal,23.715,90.402,Private,
Victoria Health Care,Dhaka,Wari,23.712,90.418,Private,
Victory Diagnostic Center,Dhaka,Mirpur,23.805,90.355,Private,
Vision Eye Hospital,Dhaka,Dhanmondi,23.748,90.382,Premium,
Vision Plus Eye Hospital,Dhaka,Uttara Purba,23.868,90.402,Private,
Vital Diagnostic Center,Dhaka,Kalabagan,23.745,90.385,Private,
Wari Diagnostic Center,Dhaka,Wari,23.715,90.412,Private,
Wayes Specialized Hospital,Dhaka,Jatrabari,23.705,90.455,Private,
Well-Care Diagnostic Center,Dhaka,Bhatara,23.812,90.422,Private,
Wellness Hospital Ltd.,Dhaka,Mohammadpur,23.755,90.362,Private,
West End Clinic,Dhaka,Dhanmondi,23.742,90.372,Private,
Western Medical Center,Dhaka,Banani,23.792,90.402,Private,
White Horse Hospital,Dhaka,Uttara Paschim,23.875,90.388,Private,
Woman and Child Care Hospital,Dhaka,Savar,23.93,90.3,Premium,
World Vision Diagnostic Center,Dhaka,Mirpur,23.815,90.355,Private,
X-Lab Diagnostic Center,Dhaka,Tejgaon,23.755,90.392,Private,
Yamagata-Dhaka Friendship Hospital,Dhaka,Banani,23.795,90.402,Premium,
Yousuf General Hospital,Dhaka,Keraniganj,23.682,90.338,Private,
Z-H Sikder Women's Medical College & Hospital,Dhaka,Gulshan,23.792,90.412,Premium,
Z-Rahman Premier Hospital,Dhaka,Badda,23.785,90.428,Private,
Zahirul Haque Memorial Hospital,Dhaka,Mohammadpur,23.765,90.362,Private,
Zamzam Diagnostic Center,Dhaka,Mugda Para,23.73,90.43,Private,
Zayan Hospital,Dhaka,Turag,23.892,90.365,Private,
Zenith Medical Services,Dhaka,Mohammadpur,23.755,90.365,Private,
Zia Heart Foundation,Dhaka,Shahbagh,23.738,90.395,Premium,
Zinjira Hospital & Diagnostic Center,Dhaka,Keraniganj,23.702,90.342,Private,
Zirabo City Hospital,Dhaka,Savar,23.905,90.315,Private,
Zone Diagnostic Center,Dhaka,Pallabi,23.822,90.365,Private,
Zubair Hospital,Dhaka,Dakshinkhan,23.872,90.412,Private,
250 Bed General Hospital Tangail,Tangail,Tangail Sadar,24.25,89.92,Government,
Adhunik Diagnostic Center,Tangail,Tangail Sadar,24.252,89.918,Private,
Al-Modina Hospital,Tangail,Tangail Sadar,24.255,89.925,Private,
Anowara General Hospital,Tangail,Tangail Sadar,24.248,89.912,Private,
Bismillah Nursing Home,Tangail,Kalihati,24.385,90.01,Private,
City Hospital Tangail,Tangail,Tangail Sadar,24.251,89.921,Private,
Dhanbari Upazila Health Complex,Tangail,Dhanbari,24.675,89.985,Government,
Doctors Hospital Tangail,Tangail,Tangail Sadar,24.253,89.923,Private,
Ghatail Upazila Health Complex,Tangail,Ghatail,24.45,90.01,Government,
Gopalpur Upazila Health Complex,Tangail,Gopalpur,24.55,89.92,Government,
Green View Clinic,Tangail,Tangail Sadar,24.245,89.922,Private,
Jahanara Maternity Hospital,Tangail,Tangail Sadar,24.256,89.926,Private,
Kalihati Upazila Health Complex,Tangail,Kalihati,24.38,90.005,Government,
Kumudini Hospital,Tangail,Mirzapur,24.105,90.1,Premium,
Madhuypur Upazila Health Complex,Tangail,Madhupur,24.615,90.025,Government,
Mirzapur Upazila Health Complex,Tangail,Mirzapur,24.102,90.095,Government,
Nagarpur Upazila Health Complex,Tangail,Nagarpur,24.055,89.875,Government,
New Life Hospital Tangail,Tangail,Tangail Sadar,24.258,89.928,Private,
Prime Diagnostic Center Tangail,Tangail,Tangail Sadar,24.254,89.924,Private,
Sakhipur Upazila Health Complex,Tangail,Sakhipur,24.315,90.175,Government,
Sarker Hospital,Tangail,Tangail Sadar,24.257,89.927,Private,
Tangail Eye Hospital,Tangail,Tangail Sadar,24.242,89.928,Private,
Tangail General Hospital,Tangail,Tangail Sadar,24.25,89.92,Government,
Tangail Heart Foundation,Tangail,Tangail Sadar,24.248,89.918,Private,
Adhunik Hospital & Diagnostic Center,Dhaka,Savar,23.8588,90.2662,Private,
Al-Baraka Hospital,Dhaka,Dhamrai,23.9185,90.2215,Private,
Al-Madina General Hospital,Dhaka,Keraniganj,23.6845,90.3422,Private,
Arafat Hospital,Dhaka,Savar,23.8522,90.2612,Private,
Ashirbad Hospital,Dhaka,Nawabganj,23.671,90.162,Private,
Badda General Hospital,Dhaka,Badda,23.7855,90.4285,Private,
Banasree Central Hospital,Dhaka,Rampura,23.7622,90.4325,Private,
Care Hospital & Diagnostic,Dhaka,Dohar,23.6055,90.1325,Private,
Central Hospital Savar,Dhaka,Savar,23.8552,90.2635,Private,
City Hospital & Diagnostic,Dhaka,Dhamrai,23.9192,90.2222,Private,
Dhamrai General Hospital,Dhaka,Dhamrai,23.9175,90.221,Private,
Digital Hospital Dohar,Dhaka,Dohar,23.608,90.134,Private,
Doctors Aid Hospital,Dhaka,Keraniganj,23.6822,90.3552,Private,
Doctors Hospital & Diagnostic,Dhaka,Savar,23.859,90.2675,Private,
Family Care Hospital,Dhaka,Nawabganj,23.6725,90.165,Private,
Faridpur General Hospital (Pvt),Dhaka,Savar,23.845,90.2585,Private,
Green Life Hospital Savar,Dhaka,Savar,23.853,90.2625,Private,
Health Care Hospital,Dhaka,Dhamrai,23.9205,90.2245,Private,
Hitech Hospital,Dhaka,Savar,23.851,90.2605,Private,
Hope Hospital,Dhaka,Keraniganj,23.6855,90.3455,Private,
Jahanara General Hospital,Dhaka,Nawabganj,23.6705,90.161,Private,
Janata Hospital,Dhaka,Dohar,23.6025,90.1315,Private,
Kalyani Hospital,Dhaka,Savar,23.8565,90.2645,Private,
Keraniganj Central Hospital,Dhaka,Keraniganj,23.6835,90.3435,Private,
Lab Zone Hospital,Dhaka,Savar,23.8585,90.2665,Private,
Life Care Hospital Savar,Dhaka,Savar,23.8545,90.263,Private,
Maa General Hospital,Dhaka,Dhamrai,23.9215,90.2255,Private,
Madina Hospital,Dhaka,Keraniganj,23.6865,90.3465,Private,
Metro Hospital Savar,Dhaka,Savar,23.8575,90.2655,Private,
Modern Hospital Dohar,Dhaka,Dohar,23.6045,90.1335,Private,
Nawabganj Central Hospital,Dhaka,Nawabganj,23.6735,90.166,Private,
New Life Hospital Savar,Dhaka,Savar,23.8595,90.2685,Private,
Nova Hospital,Dhaka,Keraniganj,23.6875,90.3475,Private,
Orbit Hospital,Dhaka,Savar,23.8515,90.2615,Private,
Padma Hospital Dohar,Dhaka,Dohar,23.6065,90.1355,Private,
Prime Hospital Savar,Dhaka,Savar,23.8525,90.2625,Private,
Quality Hospital,Dhaka,Keraniganj,23.6885,90.3485,Private,
Reliance Hospital Savar,Dhaka,Savar,23.8535,90.2635,Private,
Savar City Hospital,Dhaka,Savar,23.8545,90.2645,Private,
Savar General Hospital (New),Dhaka,Savar,23.8555,90.2655,Private,
Standard Hospital,Dhaka,Dhamrai,23.9225,90.2265,Private,
Sunrise Hospital Savar,Dhaka,Savar,23.8565,90.2665,Private,
Trust Hospital Savar,Dhaka,Savar,23.8575,90.2675,Private,
Universal Hospital Savar,Dhaka,Savar,23.8585,90.2685,Private,
Victory Hospital,Dhaka,Keraniganj,23.6895,90.3495,Private,
Wellcare Hospital Savar,Dhaka,Savar,23.8595,90.2695,Private,
Zirabo Hospital & Diagnostic,Dhaka,Savar,23.9055,90.3155,Private,
Arafat Hospital Gazipur,Gazipur,Gazipur Sadar,23.9985,90.4225,Private,
Bhawal General Hospital,Gazipur,Gazipur Sadar,23.9915,90.4185,Private,
Chowrastha General Hospital,Gazipur,Gazipur Sadar,23.9935,90.4155,Private,
City Hospital Tongi,Gazipur,Tongi,23.8985,90.4025,Private,
Doctors Hospital Gazipur,Gazipur,Gazipur Sadar,23.9945,90.4255,Private,
Gazipur Central Hospital,Gazipur,Gazipur Sadar,23.9955,90.4235,Private,
Gazipur Digital Hospital,Gazipur,Gazipur Sadar,23.9965,90.4285,Private,
Gazipur Eye Hospital,Gazipur,Gazipur Sadar,23.9975,90.4125,Private,
Gazipur Maternity Hospital,Gazipur,Gazipur Sadar,23.9985,90.4215,Private,
Green View Hospital Gazipur,Gazipur,Gazipur Sadar,23.9995,90.4325,Private,
Ideal Hospital Gazipur,Gazipur,Gazipur Sadar,24.0015,90.4155,Private,
Kaliganj Central Hospital,Gazipur,Kaliganj,23.9265,90.5875,Private,
Kapasia Central Hospital,Gazipur,Kapasia,24.1165,90.5775,Private,
Konabari Central Hospital,Gazipur,Gazipur Sadar,23.9925,90.3465,Private,
Maa General Hospital Tongi,Gazipur,Tongi,23.9015,90.4035,Private,
Maona Central Hospital,Gazipur,Sreepur,24.0265,90.4165,Private,
Modern Hospital Tongi,Gazipur,Tongi,23.9025,90.4055,Private,
Nova Hospital Gazipur,Gazipur,Gazipur Sadar,24.0035,90.4235,Private,
Orbit Hospital Gazipur,Gazipur,Gazipur Sadar,24.0045,90.4145,Private,
Prime Hospital Gazipur,Gazipur,Gazipur Sadar,24.0055,90.4255,Private,
Saira Memorial Hospital Gazipur,Gazipur,Gazipur Sadar,24.0135,90.4335,Private,
Sreepur Central Hospital,Gazipur,Sreepur,24.2065,90.4765,Private,
Standard Hospital Gazipur,Gazipur,Gazipur Sadar,24.0075,90.4275,Private,
Sunrise Hospital Gazipur,Gazipur,Gazipur Sadar,24.0085,90.4285,Private,
Tongi Central Hospital (New),Gazipur,Tongi,23.8965,90.4045,Private,
Trust Hospital Gazipur,Gazipur,Gazipur Sadar,24.0095,90.4295,Private,
Zayeda Multicare Hospital Sreepur,Gazipur,Sreepur,24.2035,90.4735,Private,
Arafat Hospital Narayanganj,Narayanganj,Narayanganj Sadar,23.6215,90.5015,Private,
Araihazar Central Hospital,Narayanganj,Araihazar,23.7965,90.6565,Private,
Bandar Central Hospital,Narayanganj,Bandar,23.6065,90.5265,Private,
Central Hospital Fatullah,Narayanganj,Narayanganj Sadar,23.6465,90.4865,Private,
City Hospital Narayanganj,Narayanganj,Narayanganj Sadar,23.6265,90.5065,Private,
Doctors Hospital Narayanganj,Narayanganj,Narayanganj Sadar,23.6235,90.5035,Private,
Fatullah Central Hospital,Narayanganj,Narayanganj Sadar,23.6475,90.4875,Private,
Madina Hospital Narayanganj,Narayanganj,Narayanganj Sadar,23.6275,90.5115,Private,
Modern Hospital Narayanganj,Narayanganj,Narayanganj Sadar,23.6255,90.5055,Private,
Narayanganj Eye Hospital (Pvt),Narayanganj,Narayanganj Sadar,23.6115,90.7315,Private,
Narayanganj Maternity Hospital,Narayanganj,Narayanganj Sadar,23.6235,90.4995,Private,
Nova Hospital Narayanganj,Narayanganj,Narayanganj Sadar,23.6285,90.5125,Private,
Orbit Hospital Narayanganj,Narayanganj,Narayanganj Sadar,23.6295,90.5135,Private,
Padma Hospital Fatullah,Narayanganj,Narayanganj Sadar,23.6485,90.4885,Private,
Prime Hospital Narayanganj,Narayanganj,Narayanganj Sadar,23.6265,90.5115,Private,
Rupganj Central Hospital,Narayanganj,Rupganj,23.7965,90.5165,Private,
Shifa Hospital Narayanganj,Narayanganj,Narayanganj Sadar,23.6275,90.5075,Private,
Sonargaon Central Hospital,Narayanganj,Sonargaon,23.6465,90.6065,Private,
Standard Hospital Narayanganj,Narayanganj,Narayanganj Sadar,23.6285,90.5085,Private,
Sunrise Hospital Narayanganj,Narayanganj,Narayanganj Sadar,23.6295,90.5095,Private,
Trust Hospital Narayanganj,Narayanganj,Narayanganj Sadar,23.6315,90.5115,Private,
Adhunik Hospital Narsingdi (New),Narsingdi,Narsingdi Sadar,23.9215,90.7215,Private,
Al-Madina Hospital Raipura,Narsingdi,Raipura,23.9965,90.8865,Private,
Belabo Central Hospital,Narsingdi,Belabo,24.0965,90.8465,Private,
Bismillah Hospital Shibpur,Narsingdi,Shibpur,23.9865,90.7365,Private,
Central Hospital Raipura,Narsingdi,Raipura,23.9975,90.8875,Private,
Doctors Hospital Narsingdi,Narsingdi,Narsingdi Sadar,23.9245,90.7245,Private,
Manohardi Central Hospital,Narsingdi,Manohardi,24.1365,90.7065,Private,
Narsingdi Eye Hospital (New),Narsingdi,Narsingdi Sadar,23.9115,90.7315,Private,
Narsingdi Maternity Hospital,Narsingdi,Narsingdi Sadar,23.9135,90.7295,Private,
Nova Hospital Narsingdi,Narsingdi,Narsingdi Sadar,23.9225,90.7205,Private,
Orbit Hospital Narsingdi,Narsingdi,Narsingdi Sadar,23.9235,90.7215,Private,
Palash Central Hospital,Narsingdi,Palash,23.9565,90.6265,Private,
Prime Hospital Narsingdi,Narsingdi,Narsingdi Sadar,23.9245,90.7225,Private,
Raipura Central Hospital,Narsingdi,Raipura,23.9985,90.8885,Private,
Shibpur Central Hospital,Narsingdi,Shibpur,23.9815,90.7315,Private,
Standard Hospital Narsingdi,Narsingdi,Narsingdi Sadar,23.9255,90.7235,Private,
Sunrise Hospital Narsingdi,Narsingdi,Narsingdi Sadar,23.9265,90.7245,Private,
Trust Hospital Narsingdi,Narsingdi,Narsingdi Sadar,23.9275,90.7255,Private,
Adhunik Hospital Manikganj (New),Manikganj,Manikganj Sadar,23.8635,89.9995,Private,
Daulatpur Central Hospital,Manikganj,Daulatpur,23.9565,89.8565,Private,
Doctors Hospital Manikganj,Manikganj,Manikganj Sadar,23.8665,89.9965,Private,
Ghiur Central Hospital,Manikganj,Ghiur,23.8865,89.8765,Private,
Harirampur Central Hospital,Manikganj,,,,,
Kishoreganj Eye Hospital & Phaco Centre,Kishoreganj,Kishoreganj Sadar,24.437,90.783,Private,
Pakundia Digital Diagnostic Center,Kishoreganj,Pakundia,24.326,90.686,Private,
Kuliarchar Adhunik Hospital,Kishoreganj,Kuliarchar,24.156,90.906,Private,
Bhairab General Hospital & Diagnostic,Kishoreganj,Bhairab,24.047,90.987,Private,
Tarail General Hospital,Kishoreganj,Tarail,24.536,90.886,Private,
President Abdul Hamid Medical College Hospital,Kishoreganj,Kishoreganj Sadar,24.45,90.8,Premium,
Bajitpur Upazila Health Complex,Kishoreganj,Bajitpur,24.22,90.95,Government,
Zahurul Islam Medical College Hospital,Kishoreganj,Bajitpur,24.225,90.965,Premium,
Bhagyakul Clinic & Diagnostic,Munshiganj,Sreenagar,23.501,90.252,Private,
Lohajang Modern Hospital,Munshiganj,Lohajang,23.476,90.286,Private,
Serajdikhan Digital Lab,Munshiganj,Serajdikhan,23.636,90.326,Private,
Munshiganj City Hospital,Munshiganj,Munshiganj Sadar,23.549,90.533,Private,
Gajaria Central Hospital,Munshiganj,Gajaria,23.546,90.686,Private,
Tongibari General Hospital,Munshiganj,Tongibari,23.506,90.456,Private,
Sreenagar Adhunik Hospital,Munshiganj,Sreenagar,23.536,90.286,Private,
Rajbari 250 Bed General Hospital,Rajbari,Rajbari Sadar,23.755,89.655,Government,
Rajbari Diabetic Hospital,Rajbari,Rajbari Sadar,23.758,89.658,Private,
Goalanda Upazila Health Complex,Rajbari,Goalanda,23.735,89.765,Government,
Pangsha Upazila Health Complex,Rajbari,Pangsha,23.795,89.415,Government,
Baliakandi Upazila Health Complex,Rajbari,Baliakandi,23.635,89.555,Government,
Kalukhali Upazila Health Complex,Rajbari,Kalukhali,23.745,89.495,Government,
Rajbari Eye Hospital,Rajbari,Rajbari Sadar,23.754,89.654,Private,
Popular Diagnostic Rajbari,Rajbari,Rajbari Sadar,23.756,89.656,Private,
Modern Hospital Rajbari,Rajbari,Rajbari Sadar,23.757,89.657,Private,
Shariatpur Diabetic Association,Shariatpur,Shariatpur Sadar,23.214,90.344,Private,
Shariatpur Eye Hospital (Pvt),Shariatpur,Shariatpur Sadar,23.215,90.345,Private,
Naria Central Hospital & Diagnostic,Shariatpur,Naria,23.316,90.416,Private,
Bhedarganj Digital Lab,Shariatpur,Bhedarganj,23.196,90.486,Private,
Gosairhat General Hospital,Shariatpur,Gosairhat,23.076,90.436,Private,
Damudya Adhunik Hospital,Shariatpur,Damudya,23.136,90.436,Private,
Zanjira City Hospital,Shariatpur,Zanjira,23.416,90.286,Private,
Kalkini Digital Hospital,Madaripur,Kalkini,23.072,90.237,Private,
Rajoir Modern Hospital,Madaripur,Rajoir,23.207,89.937,Private,
Shibchar Adhunik Hospital,Madaripur,Shibchar,23.347,90.177,Private,
Madaripur City Hospital,Madaripur,Madaripur Sadar,23.167,90.217,Private,
Kotalipara Digital Lab,Gopalganj,Kotalipara,23.007,89.987,Private,
Kashiani Adhunik Hospital,Gopalganj,Kashiani,23.217,89.707,Private,
Tungipara City Hospital,Gopalganj,Tungipara,22.907,89.897,Private,
Mukhlesur Rahman Hospital (New),Gopalganj,Gopalganj Sadar,23.009,89.829,Private,
Bhanga Digital Hospital,Faridpur,Bhanga,23.387,89.977,Private,
Boalmari Adhunik Hospital,Faridpur,Boalmari,23.387,89.727,Private,
Madhukhali City Hospital,Faridpur,Madhukhali,23.547,89.677,Private,
Nagarkanda Adhunik Hospital,Faridpur,Nagarkanda,23.417,89.897,Private,
Char Bhadrasan Digital Lab,Faridpur,Char Bhadrasan,23.577,90.037,Private,
Saltha Adhunik Hospital,Faridpur,Saltha,23.447,89.797,Private,
Singair Digital Hospital,Manikganj,Singair,23.817,90.157,Private,
Saturia Adhunik Hospital,Manikganj,Saturia,23.937,90.027,Private,
Shivalaya City Hospital,Manikganj,Shivalaya,23.837,89.787,Private,
Harirampur Digital Lab,Manikganj,Harirampur,23.737,89.967,Private,
Ghiur Adhunik Hospital,Manikganj,Ghiur,23.887,89.877,Private,
Daulatpur City Hospital,Manikganj,Daulatpur,23.957,89.857,Private,
Manikganj Central Hospital (New),Manikganj,Manikganj Sadar,23.861,90.001,Private,
Belabo Digital Hospital,Narsingdi,Belabo,24.097,90.847,Private,
Raipura Adhunik Hospital,Narsingdi,Raipura,23.997,90.887,Private,
Shibpur City Hospital,Narsingdi,Shibpur,23.982,90.732,Private,
Palash Digital Lab,Narsingdi,Palash,23.957,90.627,Private,
Manohardi Adhunik Hospital,Narsingdi,Manohardi,24.137,90.707,Private,
Narsingdi Central Hospital (New),Narsingdi,Narsingdi Sadar,23.921,90.721,Private,
Kapasia Digital Hospital,Gazipur,Kapasia,24.117,90.577,Private,
Kaliganj Adhunik Hospital,Gazipur,Kaliganj,23.927,90.587,Private,
Sreepur City Hospital,Gazipur,Sreepur,24.207,90.477,Private,
Kaliakair Digital Lab,Gazipur,Kaliakair,24.006,90.226,Private,
Gazipur Central Hospital (New),Gazipur,Gazipur Sadar,24.001,90.421,Private,
Tongi Adhunik Hospital,Gazipur,Tongi,23.901,90.401,Private,
Araihazar Digital Hospital,Narayanganj,Araihazar,23.797,90.657,Private,
Sonargaon Adhunik Hospital,Narayanganj,Sonargaon,23.647,90.607,Private,
Rupganj City Hospital,Narayanganj,Rupganj,23.797,90.517,Private,
Bandar Digital Lab,Narayanganj,Bandar,23.607,90.527,Private,
Narayanganj Central Hospital (New),Narayanganj,Narayanganj Sadar,23.626,90.501,Private,
Fatullah Adhunik Hospital,Narayanganj,Narayanganj Sadar,23.646,90.486,Private,
Sakhipur Digital Hospital,Tangail,Sakhipur,24.317,90.177,Private,
Basail Adhunik Hospital,Tangail,Basail,24.227,90.057,Private,
Mirzapur City Hospital,Tangail,Mirzapur,24.107,90.107,Private,
Delduar Digital Lab,Tangail,Delduar,24.147,89.967,Private,
Nagarpur Adhunik Hospital,Tangail,Nagarpur,24.057,89.877,Private,
Kalihati City Hospital,Tangail,Kalihati,24.387,90.017,Private,
Ghatail Digital Lab,Tangail,Ghatail,24.457,90.017,Private,
Gopalpur Adhunik Hospital,Tangail,Gopalpur,24.557,89.927,Private,
Bhuapur City Hospital,Tangail,Bhuapur,24.457,89.867,Private,
Dhanbari Digital Lab,Tangail,Dhanbari,24.677,89.987,Private,
Madhupur Adhunik Hospital,Tangail,Madhupur,24.617,90.027,Private,
Tangail Central Hospital (New),Tangail,Tangail Sadar,24.251,89.921,Private,
Nawabganj Digital Hospital,Dhaka,Nawabganj,23.674,90.164,Private,
Dohar Adhunik Hospital,Dhaka,Dohar,23.609,90.139,Private,
Keraniganj City Hospital,Dhaka,Keraniganj,23.684,90.344,Private,
Dhamrai Digital Lab,Dhaka,Dhamrai,23.923,90.223,Private,
Savar Central Hospital (New),Dhaka,Savar,23.856,90.266,Private,
Dhaka City Hospital (Outskirts),Dhaka,Savar,23.857,90.267,Private,
Mirpur General Hospital (New),Dhaka,Mirpur,23.806,90.356,Private,
Uttara Adhunik Hospital (New),Dhaka,Uttara Paschim,23.876,90.386,Private,
Badda Digital Lab,Dhaka,Badda,23.786,90.426,Private,
Rampura Adhunik Hospital,Dhaka,Rampura,23.763,90.423,Private,
Khilgaon City Hospital,Dhaka,Khilgaon,23.756,90.426,Private,
Jatrabari Digital Lab,Dhaka,Jatrabari,23.706,90.456,Private,
Mohammadpur Adhunik Hospital,Dhaka,Mohammadpur,23.766,90.366,Private,
Dhanmondi City Hospital (New),Dhaka,Dhanmondi,23.746,90.376,Private,
Gulshan Digital Lab,Dhaka,Gulshan,23.786,90.416,Private,
Banani Adhunik Hospital,Dhaka,Banani,23.796,90.406,Private,
Tejgaon City Hospital,Dhaka,Tejgaon,23.756,90.396,Private,
Shahbagh Digital Lab,Dhaka,Shahbagh,23.739,90.396,Private,
Lalbagh Adhunik Hospital,Dhaka,Lalbagh,23.716,90.386,Private,
Kotwali City Hospital,Dhaka,Kotwali,23.713,90.399,Private,
Sutrapur Digital Lab,Dhaka,Sutrapur,23.706,90.426,Private,
Demra Adhunik Hospital,Dhaka,Demra,23.713,90.463,Private,
Mugda City Hospital (New),Dhaka,Mugda Para,23.733,90.433,Private,
Sabujbagh Digital Lab,Dhaka,Sabujbagh,23.739,90.439,Private,
Motijheel Adhunik Hospital,Dhaka,Motijheel,23.733,90.419,Private,
Paltan City Hospital,Dhaka,Paltan,23.733,90.413,Private,
Ramna Digital Lab,Dhaka,Ramna,23.743,90.403,Private,
New Market Adhunik Hospital,Dhaka,New Market,23.744,90.382,Private,
Kalabagan City Hospital,Dhaka,Kalabagan,23.749,90.386,Private,
Sher-e-Bangla Nagar Digital Lab,Dhaka,Sher-e-bangla Nagar,23.771,90.373,Private,
Adabor Adhunik Hospital,Dhaka,Adabor,23.776,90.356,Private,
Darussalam City Hospital,Dhaka,Darussalam,23.784,90.344,Private,
Pallabi Digital Lab,Dhaka,Pallabi,23.819,90.366,Private,
Kafrul Adhunik Hospital,Dhaka,Kafrul,23.816,90.386,Private,
Cantonment City Hospital,Dhaka,Cantonment,23.823,90.393,Private,
Bhasan Tek Digital Lab,Dhaka,Bhasan Tek,23.816,90.386,Private,
Dakshinkhan Adhunik Hospital,Dhaka,Dakshinkhan,23.866,90.416,Private,
Uttarkhan City Hospital,Dhaka,Uttarkhan,23.876,90.416,Private,
Turag Digital Lab,Dhaka,Turag,23.886,90.376,Private,
Uttara Purba Adhunik Hospital,Dhaka,Uttara Purba,23.866,90.406,Private,
Uttara Paschim City Hospital (New),Dhaka,Uttara Paschim,23.883,90.383,Private,
Bhatara Digital Lab,Dhaka,Bhatara,23.816,90.426,Private,
Khilkhet Adhunik Hospital,Dhaka,Khilkhet,23.836,90.426,Private,
Shajahanpur City Hospital,Dhaka,Shajahanpur,23.743,90.419,Private,
Kamrangir Char Digital Lab,Dhaka,Kamrangir Char,23.713,90.363,Private,
Bangshal Adhunik Hospital,Dhaka,Bangshal,23.716,90.403,Private,
Chak Bazar City Hospital,Dhaka,Chak Bazar,23.723,90.393,Private,
Wari Digital Lab,Dhaka,Wari,23.716,90.413,Private,
Gendaria Adhunik Hospital,Dhaka,Gendaria,23.706,90.426,Private,
Shyampur City Hospital,Dhaka,Shyampur,23.696,90.436,Private,
Kadamtali Digital Lab,Dhaka,Kadamtali,23.706,90.446,Private,
Hazaribagh Adhunik Hospital,Dhaka,Hazaribagh,23.726,90.366,Private,
Dhanmondi Specialized Eye Hospital,Dhaka,Dhanmondi,23.749,90.379,Premium,
Mirpur Kidney Hospital & Dialysis Center,Dhaka,Mirpur,23.807,90.357,Private,
Uttara Trauma Center,Dhaka,Uttara Paschim,23.884,90.384,Private,
Savar Heart Center,Dhaka,Savar,23.859,90.269,Private,
Gazipur Skin & Laser Center,Gazipur,Gazipur Sadar,24.009,90.429,Private,
Narayanganj Mother & Child Care Center,Narayanganj,Narayanganj Sadar,23.632,90.502,Private,
Tangail Neuro Care Hospital,Tangail,Tangail Sadar,24.256,89.926,Private,
Narsingdi Orthopedic Clinic,Narsingdi,Narsingdi Sadar,23.928,90.728,Private,
Faridpur Burn & Plastic Surgery Unit,Faridpur,Faridpur Sadar,23.611,89.841,Government,
Gopalganj Chest Disease Clinic,Gopalganj,Gopalganj Sadar,23.011,89.831,Government,
Madaripur Homeo Medical College Hospital,Madaripur,Madaripur Sadar,23.175,90.225,Private,
Shariatpur Unani & Ayurvedic Medical Center,Shariatpur,Shariatpur Sadar,23.22,90.355,Private,
Rajbari Police Hospital,Rajbari,Rajbari Sadar,23.76,89.66,Government,
Munshiganj Jail Hospital,Munshiganj,Munshiganj Sadar,23.555,90.54,Government,
Manikganj Nursing Institute Hospital,Manikganj,Manikganj Sadar,23.87,90,Government,
Dhaka Medical College Hospital (Extension),Dhaka,Shahbagh,23.73,90.39,Government,
Sir Salimullah Medical College Hospital (Extension),Dhaka,Kotwali,23.71,90.4,Government,
Shaheed Suhrawardy Medical College Hospital (Extension),Dhaka,Sher-e-bangla Nagar,23.77,90.37,Government,
Mugda Medical College Hospital (Extension),Dhaka,Mugda Para,23.73,90.43,Government,
Kurmitola General Hospital (Extension),Dhaka,Cantonment,23.82,90.4,Government,
National Institute of Cardiovascular Diseases (NICVD),Dhaka,Sher-e-bangla Nagar,23.77,90.37,Government,
National Institute of Kidney Diseases & Urology (NIKDU),Dhaka,Sher-e-bangla Nagar,23.77,90.37,Government,
National Institute of Mental Health (NIMH),Dhaka,Sher-e-bangla Nagar,23.77,90.37,Government,
National Institute of Neurosciences & Hospital (NINS),Dhaka,Sher-e-bangla Nagar,23.77,90.37,Government,
National Institute of Ophthalmology & Hospital (NIOH),Dhaka,Sher-e-bangla Nagar,23.77,90.37,Government,
National Institute of Traumatology & Orthopaedic Rehabilitation (NITOR),Dhaka,Sher-e-bangla Nagar,23.77,90.37,Government,
National Institute of ENT (NIENT),Dhaka,Tejgaon,23.76,90.4,Government,
National Institute of Cancer Research & Hospital (NICRH),Dhaka,Mohakhali,23.77,90.4,Government,
National Institute of Diseases of the Chest and Hospital (NIDCH),Dhaka,Mohakhali,23.77,90.4,Government,
Infectious Diseases Hospital (IDH),Dhaka,Mohakhali,23.77,90.4,Government,
Leprosy Hospital,Dhaka,Mohakhali,23.77,90.4,Government,
Dhaka Shishu (Children) Hospital,Dhaka,Sher-e-bangla Nagar,23.77,90.37,Government,
BSMMU (PG Hospital),Dhaka,Shahbagh,23.74,90.39,Government,
BIRDEM General Hospital,Dhaka,Shahbagh,23.74,90.39,Premium,
BIRDEM-2 (Mother & Child),Dhaka,Segunbagicha,23.73,90.4,Premium,
Holy Family Red Crescent Medical College Hospital,Dhaka,Eskaton,23.75,90.4,Premium,
Bangladesh Medical College Hospital,Dhaka,Dhanmondi,23.75,90.37,Premium,
Enam Medical College Hospital,Dhaka,Savar,23.85,90.26,Premium,
East-West Medical College Hospital,Dhaka,Turag,23.89,90.36,Premium,
International Medical College Hospital,Gazipur,Tongi,23.91,90.42,Premium,
Women's Medical College Hospital,Dhaka,Uttara Paschim,23.87,90.38,Premium,
Z.H. Sikder Women's Medical College Hospital,Dhaka,Gulshan,23.75,90.34,Premium,
Ad-din Medical College Hospital,Dhaka,Mogbazar,23.75,90.4,Premium,
Anwer Khan Modern Medical College Hospital,Dhaka,Dhanmondi,23.74,90.38,Premium,
Popular Medical College Hospital,Dhaka,Dhanmondi,23.74,90.37,Premium,
Ibn Sina Medical College Hospital,Dhaka,Kallyanpur,23.78,90.35,Premium,
Green Life Medical College Hospital,Dhaka,Dhanmondi,23.74,90.38,Premium,
Dhaka Community Medical College Hospital,Dhaka,Mogbazar,23.75,90.41,Premium,
Northern International Medical College Hospital,Dhaka,Dhanmondi,23.74,90.37,Premium,
Marx Medical College Hospital,Dhaka,Mirpur,23.81,90.36,Premium,
City Medical College Hospital,Gazipur,Gazipur Sadar,24,90.42,Premium,
MHR Medical College Hospital,Tangail,Mirzapur,24.1,90.1,Premium,
Mainamoti Medical College Hospital,Gazipur,Gazipur Sadar,24,90.42,Premium,
National Institute of Ear Nose and Throat (ENT),Dhaka,Tejgaon,23.761,90.4005,Government,02-8114571
Sheikh Hasina National Institute of Burn and Plastic Surgery,Dhaka,Shahbagh,23.7225,90.398,Government,02-223381666
Sheikh Russel Gastroliver Institute & Hospital,Dhaka,Mohakhali,23.7745,90.4045,Government,02-222262333
Dhaka Dental College Hospital,Dhaka,Mirpur,23.785,90.355,Government,02-9014166
Government Employees Hospital,Dhaka,Shahbagh,23.7315,90.3975,Government,02-9515566
Kurmitola General Hospital,Dhaka,Cantonment,23.8245,90.4135,Government,02-55062201
National Institute of Laboratory Medicine & Referral Centre,Dhaka,Sher-e-Bangla Nagar,23.7715,90.3705,Government,02-41022201
300 Bed Hospital Narayanganj,Narayanganj,Narayanganj Sadar,23.631,90.5015,Government,02-7646300
250 Bed Hospital Kishoreganj,Kishoreganj,Kishoreganj Sadar,24.4365,90.7845,Government,01730-324492
Zahurul Islam Medical College Hospital,Kishoreganj,Bajitpur,24.2255,90.9655,Premium,01714-095810
Medilab Health Centre,Kishoreganj,Kishoreganj Sadar,24.434,90.781,Private,01715-191172
Digilab Lab Kishoreganj,Kishoreganj,Kishoreganj Sadar,24.4325,90.7855,Private,01747-988061
Firoza Nursing Home,Kishoreganj,Kishoreganj Sadar,24.4315,90.7885,Private,01711-681660
Niramoy Diagnostic Service,Kishoreganj,Kishoreganj Sadar,24.4335,90.7825,Private,01711-737191
Citylab Health Care,Kishoreganj,Kishoreganj Sadar,24.4355,90.7805,Private,01946-773233
Shikha Diagnostic Centre,Kishoreganj,Kishoreganj Sadar,24.4385,90.784,Private,01712-738075
Kishoreganj Clinic,Kishoreganj,Kishoreganj Sadar,24.4395,90.7865,Private,01711-425640
Ishakha Nursing Home,Kishoreganj,Kishoreganj Sadar,24.4405,90.7875,Private,01711-346367
The Popular Diagnostic Centre,Kishoreganj,Kishoreganj Sadar,24.431,90.7895,Private,01916-037010
Tanika General Hospital,Kishoreganj,Kishoreganj Sadar,24.432,90.7915,Private,0941-61207
Health Aid Hospital,Kishoreganj,Kishoreganj Sadar,24.433,90.7925,Private,
Dr. Shojib's Medical Center,Kishoreganj,Kishoreganj Sadar,24.434,90.7935,Private,01795-103000
Austagram Upazila Health Complex,Kishoreganj,Austagram,24.2675,91.1255,Government,01730-324493
Sonia Nursing Home,Tangail,Tangail Sadar,24.2515,89.9215,Private,01716-443592
Sheba Clinic Tangail,Tangail,Tangail Sadar,24.2525,89.9225,Private,01713-020802
Amina Clinic,Tangail,Tangail Sadar,24.2535,89.9235,Private,01713-539434
Medico Hospital,Tangail,Tangail Sadar,24.2545,89.9245,Private,01712-701570
Mukta Specialized Hospital,Tangail,Tangail Sadar,24.2555,89.9255,Private,01720-539966
Rajdhani Nursing Home,Tangail,Tangail Sadar,24.2565,89.9265,Private,01711-155644
Fair Clinic & Nursing Home,Tangail,Tangail Sadar,24.2575,89.9275,Private,01716-108842
Ayesha Khanam Memorial Hospital,Tangail,Tangail Sadar,24.2585,89.9285,Private,01713-586674
Shamsul Haque Memorial Hospital,Tangail,Tangail Sadar,24.2595,89.9295,Private,01819-132643
Asia Clinic Tangail,Tangail,Tangail Sadar,24.2605,89.9305,Private,01922-601692
Medicare Clinic Tangail,Tangail,Tangail Sadar,24.2615,89.9315,Private,01715-374312
Janani Clinic,Tangail,Tangail Sadar,24.2625,89.9325,Private,01721-265576
Afia Eye Center,Tangail,Tangail Sadar,24.2485,89.9185,Private,01820-557759
Dhaka Community Hospital,Dhaka,Mogbazar,23.7505,90.4085,Premium,02-9351190
Crescent Gastroliver & General Hospital,Dhaka,Dhanmondi,23.7465,90.3725,Premium,02-9116851
Delta Medical College & Hospital,Dhaka,Mirpur,23.7845,90.3555,Premium,02-8031378
Dhaka ENT Hospital,Dhaka,Dhanmondi,23.7445,90.3755,Premium,02-8617503
Dhaka Renal Centre & General Hospital,Dhaka,Green Road,23.7485,90.3855,Private,02-8610928
Federal Medical College Hospital,Dhaka,Banglamotor,23.7475,90.3955,Premium,02-8613097
Gastroliver Hospital & Research Institute,Dhaka,Panthapath,23.7505,90.3825,Private,02-8620960
Harun Eye Foundation Hospital,Dhaka,Dhanmondi,23.7455,90.3755,Premium,02-8612412
Health And Hope Hospital,Dhaka,Panthapath,23.7515,90.3815,Private,02-9145786
Gonoshahthaya Nagar Hospital,Dhaka,Dhanmondi,23.747,90.377,Premium,02-9670071
Aichi Hospital,Dhaka,Uttara,23.8755,90.3955,Private,02-8952771
Al-Helal Specialized Hospital,Dhaka,Mirpur,23.8055,90.3655,Private,02-9014166
Al-Markazul Islami Hospital,Dhaka,Shyamoli,23.7715,90.3655,Private,02-9127867
Aysha Memorial Specialized Hospital,Dhaka,Mohakhali,23.7785,90.4025,Premium,02-9852466
Maa-O-Shishu General Hospital,Dhaka,Savar,23.8585,90.2665,Private,
Savar Eye Hospital,Dhaka,Savar,23.859,90.265,Private,
Arafat Hospital Savar,Dhaka,Savar,23.8522,90.2612,Private,
Lab Zone Pvt Ltd,Dhaka,Savar,23.85,90.26,Private,
Nahar General Hospital,Dhaka,Savar,23.858,90.266,Private,
Nawabgonj Clinic,Dhaka,Nawabganj,23.67,90.16,Private,
Happy Clinic,Gopalganj,Kotalipara,23.0025,89.9825,Private,
Arko Digital Diagnostic,Gopalganj,Kashiani,23.216,89.706,Private,
Ridan Digital Diagnostic,Gopalganj,Tungipara,22.9065,89.8965,Private,
Eva Medicare Hospital,Gopalganj,Kotalipara,23.004,89.984,Private,
Bismillah General Hospital,Dhaka,Keraniganj,23.685,90.3425,Private,
Biswas Digital Diagnostic,Dhaka,Keraniganj,23.682,90.332,Private,
Central Hospital Narsingdi,Narsingdi,Narsingdi Sadar,23.925,90.715,Private,
Central Hospital Shibpur,Narsingdi,Shibpur,23.985,90.735,Private,
Araihazar Central Hospital,Narayanganj,Araihazar,23.7955,90.6555,Private,
Badsha Mia Super Market Clinic,Narayanganj,Narayanganj Sadar,23.621,90.501,Private,
Trishal Upazila Health Complex,Mymensingh,Trishal,24.5855,90.3955,Government,01730-324680
Brahmandi Union Health Sub Center,Narayanganj,Araihazar,23.785,90.645,Government,
Chaitankanda Health Center,Narayanganj,Araihazar,23.795,90.665,Government,
Haizadi Union Health Sub Center,Narayanganj,Araihazar,23.775,90.635,Government,
Kalapaharia Health Center,Narayanganj,Araihazar,23.765,90.625,Government,
Monohargram 20 Bed Hospital,Narayanganj,Araihazar,23.788,90.648,Government,
Satgram Union Health Sub Center,Narayanganj,Araihazar,23.798,90.658,Government,
Madanpur Health Center,Narayanganj,Bandar,23.615,90.535,Government,
Munshiganj 250 Bed District Hospital,Munshiganj,Munshiganj Sadar,23.548,90.532,Government,01730-324545
Char Dumoria Health Sub Center,Munshiganj,Munshiganj Sadar,23.555,90.545,Government,
Madaripur Chest Disease Clinic,Madaripur,Madaripur Sadar,23.168,90.218,Government,
Gopalganj Civil Surgeon Office,Gopalganj,Gopalganj Sadar,23.0055,89.8255,Government,01730-324510
Gopalganj Chest Disease Clinic,Gopalganj,Gopalganj Sadar,23.0065,89.8265,Government,
Gopinathpur 10 Bed Hospital,Gopalganj,Gopalganj Sadar,23.0085,89.8285,Government,
Paikkandi Union Health Sub Center,Gopalganj,Gopalganj Sadar,23.0125,89.8325,Government,
Fukra Union Health Sub Center,Gopalganj,Kashiani,23.225,89.715,Government,
Ghonapara Union Health Sub Center,Gopalganj,Kashiani,23.235,89.725,Government,
Shariatpur Civil Surgeon Office,Shariatpur,Shariatpur Sadar,23.2125,90.3455,Government,01730-324530
Rajbari Civil Surgeon Office,Rajbari,Rajbari Sadar,23.7555,89.6555,Government,01730-324520
Munshiganj Civil Surgeon Office,Munshiganj,Munshiganj Sadar,23.549,90.533,Government,01730-324540
Manikganj Civil Surgeon Office,Manikganj,Manikganj Sadar,23.861,90.001,Government,01730-324550
Madaripur Civil Surgeon Office,Madaripur,Madaripur Sadar,23.166,90.216,Government,01730-324560
Faridpur Civil Surgeon Office,Faridpur,Faridpur Sadar,23.601,89.831,Government,01730-324570
Gazipur Civil Surgeon Office,Gazipur,Gazipur Sadar,24.001,90.421,Government,01730-324580
Narayanganj Civil Surgeon Office,Narayanganj,Narayanganj Sadar,23.626,90.501,Government,01730-324590
Tangail Civil Surgeon Office,Tangail,Tangail Sadar,24.251,89.921,Government,01730-324600
Narsingdi Civil Surgeon Office,Narsingdi,Narsingdi Sadar,23.921,90.721,Government,01730-324610
Kishoreganj Civil Surgeon Office,Kishoreganj,Kishoreganj Sadar,24.436,90.784,Government,01730-324490
Dhaka District Civil Surgeon Office,Dhaka,Kotwali,23.7125,90.3985,Government,01730-324620
Combined Military Hospital (CMH),Dhaka,Cantonment,23.821,90.402,Premium,02-8827700
Z-H Sikder Women's Medical College,Dhaka,Gulshan,23.7925,90.4125,Premium,02-9852466
MHR Samorita Hospital,Dhaka,Tejgaon,23.7555,90.3955,Premium,02-9113552
Japan Bangladesh Friendship Hospital,Dhaka,Dhanmondi,23.744,90.374,Premium,02-9672277
Ibrahim Cardiac Hospital,Dhaka,Shahbagh,23.7385,90.3955,Premium,02-9674006
United Hospital Ltd,Dhaka,Gulshan,23.7985,90.4155,Premium,02-9852466
Unity Aid Hospital Limited,Dhaka,Khilgaon,23.7555,90.4355,Private,01997-421112
Upasham Health Point,Dhaka,Bhatara,23.814,90.426,Private,02-222298460
Uttara Adhunik Medical College Hospital,Dhaka,Uttara,23.8725,90.3825,Premium,02-8932330
Vision Eye Hospital,Dhaka,Dhanmondi,23.7485,90.3825,Premium,9610244123
Zamzam Diagnostic Center,Dhaka,Mogbazar,23.7485,90.4055,Private,
Narayanganj General Hospital,Narayanganj,Narayanganj Sadar,23.6225,90.4985,Government,02-7631950
Narsingdi District Hospital,Narsingdi,Narsingdi Sadar,23.9125,90.7285,Government,02-9462444
Manikganj 250 Bed Hospital,Manikganj,Manikganj Sadar,23.8605,90.0005,Government,02-7710044
Faridpur 500 Bed Hospital,Faridpur,Faridpur Sadar,23.6005,89.8305,Government,02-6663000
Gopalganj 250 Bed Hospital,Gopalganj,Gopalganj Sadar,23.0055,89.8255,Government,02-6685555
Madaripur 250 Bed Hospital,Madaripur,Madaripur Sadar,23.1655,90.2155,Government,02-6622222
Shariatpur District Hospital,Shariatpur,Shariatpur Sadar,23.2125,90.3455,Government,02-6611111
Rajbari District Hospital,Rajbari,Rajbari Sadar,23.7555,89.6555,Government,02-6633333
Tangail 250 Bed Hospital,Tangail,Tangail Sadar,24.2505,89.9205,Government,02-92153000
Savoy Hospital,Dhaka,Uttara,23.8735,90.3925,Private,01711-536735
Central Hospital Dhanmondi,Dhaka,Dhanmondi,23.7455,90.3845,Premium,02-9660015
Life Care Hospital & Diagnostic,Dhaka,Keraniganj,23.6845,90.3425,Private,01712-585863
Modern Hospital & Diagnostic,Dhaka,Nawabganj,23.672,90.162,Private,
Savar General Hospital & Diagnostic,Dhaka,Savar,23.855,90.264,Private,01711-234567
Ayesha Memorial Hospital,Dhaka,Mohakhali,23.7785,90.4025,Premium,02-9852466
Upazila Health Complex Dohar,Dhaka,Dohar,23.595,90.135,Government,01730-324622
Upazila Health Complex Nawabganj,Dhaka,Nawabganj,23.67,90.16,Government,01730-324623
Upazila Health Complex Keraniganj,Dhaka,Keraniganj,23.682,90.332,Government,01730-324624
Upazila Health Complex Dhamrai,Dhaka,Dhamrai,23.92,90.22,Government,01730-324625
Upazila Health Complex Savar,Dhaka,Savar,23.855,90.265,Government,01730-324626
Upazila Health Complex Kapasia,Gazipur,Kapasia,24.115,90.575,Government,01730-324581
Upazila Health Complex Kaliakair,Gazipur,Kaliakair,24.005,90.225,Government,01730-324582
Upazila Health Complex Kaliganj,Gazipur,Kaliganj,23.925,90.585,Government,01730-324583
Upazila Health Complex Sreepur,Gazipur,Sreepur,24.205,90.475,Government,01730-324584
Upazila Health Complex Araihazar,Narayanganj,Araihazar,23.795,90.655,Government,01730-324591
Upazila Health Complex Sonargaon,Narayanganj,Sonargaon,23.645,90.605,Government,01730-324592
Upazila Health Complex Rupganj,Narayanganj,Rupganj,23.795,90.515,Government,01730-324593
Upazila Health Complex Bandar,Narayanganj,Bandar,23.605,90.525,Government,01730-324594
Upazila Health Complex Belabo,Narsingdi,Belabo,24.095,90.845,Government,01730-324611
Upazila Health Complex Monohardi,Narsingdi,Manohardi,24.135,90.705,Government,01730-324612
Upazila Health Complex Shibpur,Narsingdi,Shibpur,23.985,90.735,Government,01730-324613
Upazila Health Complex Raipura,Narsingdi,Raipura,23.995,90.885,Government,01730-324614
Upazila Health Complex Palash,Narsingdi,Palash,23.955,90.625,Government,01730-324615
Upazila Health Complex Basail,Tangail,Basail,24.225,90.055,Government,01730-324601
Upazila Health Complex Bhuapur,Tangail,Bhuapur,24.455,89.865,Government,01730-324602
Upazila Health Complex Delduar,Tangail,Delduar,24.145,89.965,Government,01730-324603
Upazila Health Complex Ghatail,Tangail,Ghatail,24.45,90.01,Government,01730-324604
Upazila Health Complex Gopalpur,Tangail,Gopalpur,24.55,89.92,Government,01730-324605
Upazila Health Complex Kalihati,Tangail,Kalihati,24.38,90.005,Government,01730-324606
Upazila Health Complex Madhupur,Tangail,Madhupur,24.615,90.025,Government,01730-324607
Upazila Health Complex Mirzapur,Tangail,Mirzapur,24.102,90.095,Government,01730-324608
Upazila Health Complex Nagarpur,Tangail,Nagarpur,24.055,89.875,Government,01730-324609
Upazila Health Complex Sakhipur,Tangail,Sakhipur,24.315,90.175,Government,01730-324610
Upazila Health Complex Dhanbari,Tangail,Dhanbari,24.675,89.985,Government,
Upazila Health Complex Daulatpur,Manikganj,Daulatpur,23.955,89.855,Government,01730-324551
Upazila Health Complex Ghiur,Manikganj,Ghiur,23.885,89.875,Government,01730-324552
Upazila Health Complex Harirampur,Manikganj,Harirampur,23.735,89.965,Government,01730-324553
Upazila Health Complex Saturia,Manikganj,Saturia,23.935,90.025,Government,01730-324554
Upazila Health Complex Shivalaya,Manikganj,Shivalaya,23.835,89.785,Government,01730-324555
Upazila Health Complex Singair,Manikganj,Singair,23.815,90.155,Government,01730-324556
Upazila Health Complex Bhanga,Faridpur,Bhanga,23.385,89.975,Government,01730-324571
Upazila Health Complex Boalmari,Faridpur,Boalmari,23.385,89.725,Government,01730-324572
Upazila Health Complex Char Bhadrasan,Faridpur,Char Bhadrasan,23.575,90.035,Government,01730-324573
Upazila Health Complex Madhukhali,Faridpur,Madhukhali,23.545,89.675,Government,01730-324574
Upazila Health Complex Nagarkanda,Faridpur,Nagarkanda,23.415,89.895,Government,01730-324575
Upazila Health Complex Sadarpur,Faridpur,Sadarpur,23.475,90.035,Government,01730-324576
Upazila Health Complex Saltha,Faridpur,Saltha,23.445,89.795,Government,01730-324577
Upazila Health Complex Kashiani,Gopalganj,Kashiani,23.215,89.705,Government,01730-324511
Upazila Health Complex Kotalipara,Gopalganj,Kotalipara,23.005,89.985,Government,01730-324512
Upazila Health Complex Tungipara,Gopalganj,Tungipara,22.905,89.895,Government,01730-324513
Upazila Health Complex Maksudpur,Gopalganj,Muksudpur,23.225,89.855,Government,01730-324514
Upazila Health Complex Kalkini,Madaripur,Kalkini,23.07,90.235,Government,01730-324561
Upazila Health Complex Rajoir,Madaripur,Rajoir,23.205,89.935,Government,01730-324562
Upazila Health Complex Shibchar,Madaripur,Shibchar,23.345,90.175,Government,01730-324563
Upazila Health Complex Bhedarganj,Shariatpur,Bhedarganj,23.195,90.485,Government,01730-324531
Upazila Health Complex Damudya,Shariatpur,Damudya,23.135,90.435,Government,01730-324532
Upazila Health Complex Gosairhat,Shariatpur,Gosairhat,23.075,90.435,Government,01730-324533
Upazila Health Complex Naria,Shariatpur,Naria,23.315,90.415,Government,01730-324534
Upazila Health Complex Zanjira,Shariatpur,Zanjira,23.415,90.285,Government,01730-324535
Upazila Health Complex Goalanda,Rajbari,Goalanda,23.735,89.765,Government,01730-324521
Upazila Health Complex Pangsha,Rajbari,Pangsha,23.795,89.415,Government,01730-324522
Upazila Health Complex Baliakandi,Rajbari,Baliakandi,23.635,89.555,Government,01730-324523
Upazila Health Complex Kalukhali,Rajbari,Kalukhali,23.745,89.495,Government,01730-324524
Upazila Health Complex Bhairab,Kishoreganj,Bhairab,24.045,90.985,Government,01730-324491
Upazila Health Complex Hossainpur,Kishoreganj,Hossainpur,24.415,90.665,Government,01730-324492
Upazila Health Complex Itna,Kishoreganj,Itna,24.475,91.205,Government,01730-324493
Upazila Health Complex Karimganj,Kishoreganj,Karimganj,24.455,90.885,Government,01730-324494
Upazila Health Complex Katiadi,Kishoreganj,Katiadi,24.255,90.795,Government,01730-324495
Upazila Health Complex Kuliarchar,Kishoreganj,Kuliarchar,24.155,90.905,Government,01730-324496
Upazila Health Complex Mithamain,Kishoreganj,Mithamain,24.425,91.075,Government,01730-324497
Upazila Health Complex Nikli,Kishoreganj,Nikli,24.325,90.935,Government,01730-324498
Upazila Health Complex Pakundia,Kishoreganj,Pakundia,24.325,90.685,Government,01730-324499
Upazila Health Complex Tarail,Kishoreganj,Tarail,24.535,90.885,Government,01730-324500
Upazila Health Complex Gajaria,Munshiganj,Gajaria,23.545,90.685,Government,01730-324541
Upazila Health Complex Lohajang,Munshiganj,Lohajang,23.475,90.285,Government,01730-324542
Upazila Health Complex Serajdikhan,Munshiganj,Serajdikhan,23.635,90.325,Government,01730-324543
Upazila Health Complex Sreenagar,Munshiganj,Sreenagar,23.535,90.285,Government,01730-324544
Upazila Health Complex Tongibari,Munshiganj,Tongibari,23.505,90.455,Government,01730-324545
Ad-din Akij Medical College Hospital,Dhaka,Mogbazar,23.749,90.401,Premium,02-9353391
Al-Raji Hospital,Dhaka,Farmgate,23.757,90.388,Private,02-8119224
Amdani Diagnostic Center,Dhaka,Uttara Paschim,23.881,90.383,Private,
Anwer Khan Modern Medical College Hospital,Dhaka,Dhanmondi,23.7445,90.3815,Premium,02-9661295
Apex General Hospital,Dhaka,Savar,23.8585,90.2645,Private,01715-029415
Banasree General Hospital,Dhaka,Rampura,23.764,90.431,Private,01711-105520
Bangladesh Eye Hospital,Dhaka,Dhanmondi,23.741,90.373,Premium,02-9666808
Bangladesh Medical College Hospital,Dhaka,Dhanmondi,23.751,90.37,Premium,02-9118202
Baridhara General Hospital,Dhaka,Bhatara,23.812,90.423,Private,02-8411973
Basundhara Hospital,Dhaka,Bhatara,23.815,90.421,Private,02-8401340
Better Life Hospital,Dhaka,Rampura,23.761,90.422,Private,02-58317614
Bikrampur Clinic,Dhaka,Kotwali,23.712,90.399,Private,02-7313645
Blue-Cross Hospital,Dhaka,Dhanmondi,23.743,90.372,Private,02-9665544
Care Medical College Hospital,Dhaka,Mohammadpur,23.761,90.355,Premium,02-9134407
City Hospital Ltd,Dhaka,Mohammadpur,23.754,90.371,Premium,02-9124405
Comfort Nursing Home,Dhaka,Green Road,23.7485,90.3855,Premium,02-8624911
Crescent Gastroliver & General Hospital,Dhaka,Dhanmondi,23.746,90.373,Premium,02-9116851
De-Vyne Medical Center,Dhaka,Banani,23.793,90.404,Private,02-9883526
Delta Medical College Hospital,Dhaka,Mirpur,23.784,90.354,Premium,02-8031378
Dhaka Central International Medical College,Dhaka,Adabor,23.772,90.361,Premium,02-8124974
Doctor's General Hospital,Dhaka,Jatrabari,23.702,90.448,Private,02-7543851
Dr. Azmal Hospital,Dhaka,Mirpur,23.801,90.359,Private,02-9005085
Dr. Salahuddin Hospital,Dhaka,Wari,23.715,90.417,Premium,02-7110151
Eden Multi-Care Hospital,Dhaka,Mohammadpur,23.749,90.371,Premium,02-8150507
Euro-Bangla Heart Hospital,Dhaka,Sher-e-Bangla Nagar,23.771,90.369,Premium,02-9143161
Farabi General Hospital,Dhaka,Dhanmondi,23.748,90.376,Private,02-9133405
Gastro Liver Hospital,Dhaka,Panthapath,23.751,90.383,Private,02-8620960
Green View Clinic,Dhaka,Dhanmondi,23.744,90.372,Private,02-8610313
Gulshan General Hospital,Dhaka,Gulshan,23.785,90.413,Private,02-8822983
Health and Hope Hospital,Dhaka,Panthapath,23.751,90.381,Private,02-9145786
Hitech Multicare Hospital,Dhaka,Panthapath,23.7515,90.3835,Private,02-9114339
Ideal Clinic & Diagnostic,Dhaka,Sutrapur,23.705,90.426,Private,02-7119047
Janata Clinic,Dhaka,Bangshal,23.716,90.403,Private,02-7114674
Kalyanpur Memorial Hospital,Dhaka,Kallyanpur,23.781,90.356,Private,02-9005724
Khidmah Specialized Hospital,Dhaka,Khilgaon,23.753,90.429,Premium,02-58315141
Labaid Specialized Hospital,Dhaka,Dhanmondi,23.745,90.375,Premium,02-9676356
Life Aid Specialized Hospital,Dhaka,Uttara,23.874,90.395,Private,02-8951012
Maksudpur Upazila Health Complex,Gopalganj,Muksudpur,23.235,89.865,Government,01730-324514
Matuail Mother & Child Health Institute,Dhaka,Jatrabari,23.7025,90.4655,Government,02-7542618
Medinova Medical Services,Dhaka,Dhanmondi,23.7415,90.3725,Premium,02-9120366
Metropolitan Medical Center,Dhaka,Mohakhali,23.778,90.403,Premium,02-9883526
Modern Diagnostic Center,Dhaka,Dhanmondi,23.7435,90.3725,Premium,02-9124405
Monno Medical College Hospital,Manikganj,Manikganj Sadar,23.835,90.005,Premium,02-7711971
National Heart Foundation,Dhaka,Mirpur,23.805,90.353,Premium,02-9013876
Nightingale Medical College Hospital,Dhaka,Ashulia,23.905,90.325,Premium,01713-044007
Niramoy Clinic,Dhaka,Kotwali,23.713,90.398,Private,02-7313175
Northern International Medical College Hospital,Dhaka,Dhanmondi,23.742,90.375,Premium,02-9673516
Panna General Hospital,Dhaka,Keraniganj,23.684,90.344,Private,01711-544265
Pan-Pacific Hospital,Dhaka,Shahbagh,23.744,90.395,Private,02-9669524
Peak Care Hospital,Dhaka,Banani,23.792,90.403,Private,02-9895208
Popular Diagnostic Center,Dhaka,Dhanmondi,23.742,90.372,Premium,02-9669480
Prescription Point,Dhaka,Banani,23.7925,90.4055,Premium,02-9897222
Prime Diagnostic Center,Dhaka,Uttara,23.875,90.402,Private,02-8951012
Proshanti Hospital,Dhaka,Motijheel,23.733,90.418,Private,02-9351053
Rainbow Heart Hospital,Dhaka,Panthapath,23.751,90.384,Private,01713-044005
Red Crescent Holy Family Hospital,Dhaka,Eskaton,23.746,90.402,Premium,02-8311222
Renaissance Hospital,Dhaka,Dhanmondi,23.748,90.376,Premium,02-9133405
Royal Hospital,Dhaka,Dhanmondi,23.741,90.378,Premium,02-8613437
Rushmono General Hospital,Dhaka,Mogbazar,23.751,90.405,Premium,02-9331578
S.A. Khalek Memorial Hospital,Dhaka,Mirpur,23.785,90.355,Private,02-8012643
Samorita Hospital,Dhaka,Panthapath,23.7515,90.3885,Premium,02-9131901
Shahid Monsur Ali Medical College Hospital,Dhaka,Turag,23.896,90.362,Premium,02-8914616
Shield Diagnostic Center,Dhaka,Dhanmondi,23.745,90.378,Private,02-9669524
Shin-Shin Japan Hospital,Dhaka,Uttara,23.875,90.388,Premium,02-8951012
South Paikpara Hospital,Dhaka,Mirpur,23.788,90.348,Private,01711-125540
Spectra Convention Centre (Medical Unit),Dhaka,Gulshan,23.792,90.415,Private,02-9852466
Square Hospital,Dhaka,Panthapath,23.7515,90.382,Premium,02-8159457
St. Johns Hospital,Dhaka,Banani,23.791,90.402,Private,02-9883526
Tairunnessa Memorial Medical College Hospital,Gazipur,Tongi,23.911,90.385,Premium,02-9810420
Unique Hospital,Dhaka,Gulshan,23.786,90.402,Premium,02-9883526
Universal Medical College Hospital,Dhaka,Mohakhali,23.775,90.402,Premium,02-9852466
Uttara Crescent Hospital,Dhaka,Uttara,23.8755,90.3855,Premium,02-8951012
Vision Eye Hospital,Dhaka,Green Road,23.7485,90.3825,Premium,9610244123
Women & Children's Specialized Hospital,Dhaka,Savar,23.931,90.301,Premium,01711-445566
Z.H. Sikder Women's Medical College Hospital,Dhaka,Gulshan,23.752,90.342,Premium,02-8822983
Abhaynagar Health Sub Center,Manikganj,Singair,23.825,90.165,Government,
Azampur Union Health Sub Center,Manikganj,Harirampur,23.745,89.975,Government,
Balla Union Health Sub Center,Manikganj,Harirampur,23.725,89.955,Government,
Baratia Union Health Sub Center,Manikganj,Ghiur,23.895,89.885,Government,
Dighi Union Health Sub Center,Manikganj,Manikganj Sadar,23.871,90.011,Government,
Garpara Union Health Sub Center,Manikganj,Manikganj Sadar,23.851,90.021,Government,
Jarkia Union Health Sub Center,Manikganj,Daulatpur,23.965,89.865,Government,
Kushunda Union Health Sub Center,Manikganj,Daulatpur,23.945,89.845,Government,
Nali Union Health Sub Center,Manikganj,Ghiur,23.875,89.865,Government,
Paralia Union Health Sub Center,Manikganj,Saturia,23.945,90.035,Government,
Tilli Union Health Sub Center,Manikganj,Saturia,23.925,90.015,Government,
Akuni Union Health Sub Center,Faridpur,Bhanga,23.395,89.985,Government,
Bakhunda Union Health Sub Center,Faridpur,Faridpur Sadar,23.611,89.841,Government,
Chandra Union Health Sub Center,Faridpur,Bhanga,23.375,89.965,Government,
Dangi Union Health Sub Center,Faridpur,Nagarkanda,23.425,89.905,Government,
Gajirtek Union Health Sub Center,Faridpur,Char Bhadrasan,23.585,90.045,Government,
Iswardi Union Health Sub Center,Faridpur,Faridpur Sadar,23.591,89.821,Government,
Kamarli Union Health Sub Center,Faridpur,Boalmari,23.395,89.735,Government,
Majhibari Union Health Sub Center,Faridpur,Sadarpur,23.485,90.045,Government,
Parashuram Union Health Sub Center,Faridpur,Madhukhali,23.555,89.685,Government,
Ramnagar Union Health Sub Center,Faridpur,Nagarkanda,23.405,89.885,Government,
Satair Union Health Sub Center,Faridpur,Boalmari,23.375,89.715,Government,
Tularampur Union Health Sub Center,Faridpur,Saltha,23.455,89.805,Government,
Baliakandi Union Health Sub Center,Rajbari,Baliakandi,23.645,89.565,Government,
Goalanda Union Health Sub Center,Rajbari,Goalanda,23.745,89.775,Government,
Kalukhali Union Health Sub Center,Rajbari,Kalukhali,23.755,89.505,Government,
Pangsha Union Health Sub Center,Rajbari,Pangsha,23.805,89.425,Government,
Rajbari Sadar Health Sub Center,Rajbari,Rajbari Sadar,23.765,89.665,Government,
Bhedarganj Health Sub Center,Shariatpur,Bhedarganj,23.205,90.495,Government,
Damudya Health Sub Center,Shariatpur,Damudya,23.145,90.445,Government,
Gosairhat Health Sub Center,Shariatpur,Gosairhat,23.085,90.445,Government,
Naria Health Sub Center,Shariatpur,Naria,23.325,90.425,Government,
Shariatpur Sadar Health Sub Center,Shariatpur,Shariatpur Sadar,23.222,90.355,Government,
Zanjira Health Sub Center,Shariatpur,Zanjira,23.425,90.295,Government,
Dhamrai Health Sub Center,Dhaka,Dhamrai,23.93,90.23,Government,
Dohar Health Sub Center,Dhaka,Dohar,23.605,90.145,Government,
Keraniganj Health Sub Center,Dhaka,Keraniganj,23.692,90.342,Government,
Nawabganj Health Sub Center,Dhaka,Nawabganj,23.68,90.17,Government,
Savar Health Sub Center,Dhaka,Savar,23.865,90.275,Government,
Araihazar Health Sub Center,Narayanganj,Araihazar,23.805,90.665,Government,
Bandar Health Sub Center,Narayanganj,Bandar,23.615,90.535,Government,
Narayanganj Sadar Health Sub Center,Narayanganj,Narayanganj Sadar,23.636,90.511,Government,
Rupganj Health Sub Center,Narayanganj,Rupganj,23.805,90.525,Government,
Sonargaon Health Sub Center,Narayanganj,Sonargaon,23.655,90.615,Government,
Belabo Health Sub Center,Narsingdi,Belabo,24.105,90.855,Government,
Manohardi Health Sub Center,Narsingdi,Manohardi,24.145,90.715,Government,
Narsingdi Sadar Health Sub Center,Narsingdi,Narsingdi Sadar,23.931,90.731,Government,
Palash Health Sub Center,Narsingdi,Palash,23.965,90.635,Government,
Raipura Health Sub Center,Narsingdi,Raipura,24.005,90.895,Government,
Shibpur Health Sub Center,Narsingdi,Shibpur,23.995,90.745,Government,
Basail Health Sub Center,Tangail,Basail,24.235,90.065,Government,
Bhuapur Health Sub Center,Tangail,Bhuapur,24.465,89.875,Government,
Delduar Health Sub Center,Tangail,Delduar,24.155,89.975,Government,
Dhanbari Health Sub Center,Tangail,Dhanbari,24.685,89.995,Government,
Ghatail Health Sub Center,Tangail,Ghatail,24.46,90.02,Government,
Gopalpur Health Sub Center,Tangail,Gopalpur,24.56,89.93,Government,
Kalihati Health Sub Center,Tangail,Kalihati,24.39,90.015,Government,
Madhupur Health Sub Center,Tangail,Madhupur,24.625,90.035,Government,
Mirzapur Health Sub Center,Tangail,Mirzapur,24.112,90.105,Government,
Nagarpur Health Sub Center,Tangail,Nagarpur,24.065,89.885,Government,
Sakhipur Health Sub Center,Tangail,Sakhipur,24.325,90.185,Government,
Tangail Sadar Health Sub Center,Tangail,Tangail Sadar,24.26,89.93,Government,
Bhairab Health Sub Center,Kishoreganj,Bhairab,24.055,90.995,Government,
Hossainpur Health Sub Center,Kishoreganj,Hossainpur,24.425,90.675,Government,
Itna Health Sub Center,Kishoreganj,Itna,24.485,91.215,Government,
Karimganj Health Sub Center,Kishoreganj,Karimganj,24.465,90.895,Government,
Katiadi Health Sub Center,Kishoreganj,Katiadi,24.265,90.805,Government,
Kishoreganj Sadar Health Sub Center,Kishoreganj,Kishoreganj Sadar,24.445,90.795,Government,
Kuliarchar Health Sub Center,Kishoreganj,Kuliarchar,24.165,90.915,Government,
Mithamain Health Sub Center,Kishoreganj,Mithamain,24.435,91.085,Government,
Nikli Health Sub Center,Kishoreganj,Nikli,24.335,90.945,Government,
Pakundia Health Sub Center,Kishoreganj,Pakundia,24.335,90.695,Government,
Tarail Health Sub Center,Kishoreganj,Tarail,24.545,90.895,Government,
Gajaria Health Sub Center,Munshiganj,Gajaria,23.555,90.695,Government,
Lohajang Health Sub Center,Munshiganj,Lohajang,23.485,90.295,Government,
Munshiganj Sadar Health Sub Center,Munshiganj,Munshiganj Sadar,23.558,90.542,Government,
Serajdikhan Health Sub Center,Munshiganj,Serajdikhan,23.645,90.335,Government,
Sreenagar Health Sub Center,Munshiganj,Sreenagar,23.545,90.295,Government,
Tongibari Health Sub Center,Munshiganj,Tongibari,23.515,90.465,Government,
Gazipur Sadar Health Sub Center,Gazipur,Gazipur Sadar,24.011,90.431,Government,
Kaliakair Health Sub Center,Gazipur,Kaliakair,24.015,90.235,Government,
Kaliganj Health Sub Center,Gazipur,Kaliganj,23.935,90.595,Government,
Kapasia Health Sub Center,Gazipur,Kapasia,24.125,90.585,Government,
Sreepur Health Sub Center,Gazipur,Sreepur,24.215,90.485,Government,
Bhanga Health Sub Center,Faridpur,Bhanga,23.395,89.985,Government,
Boalmari Health Sub Center,Faridpur,Boalmari,23.395,89.735,Government,
Char Bhadrasan Health Sub Center,Faridpur,Char Bhadrasan,23.585,90.045,Government,
Faridpur Sadar Health Sub Center,Faridpur,Faridpur Sadar,23.611,89.841,Government,
Madhukhali Health Sub Center,Faridpur,Madhukhali,23.555,89.685,Government,
Nagarkanda Health Sub Center,Faridpur,Nagarkanda,23.425,89.905,Government,
Sadarpur Health Sub Center,Faridpur,Sadarpur,23.485,90.045,Government,
Saltha Health Sub Center,Faridpur,Saltha,23.455,89.805,Government,
Kashiani Health Sub Center,Gopalganj,Kashiani,23.225,89.715,Government,
Kotalipara Health Sub Center,Gopalganj,Kotalipara,23.015,89.995,Government,
Muksudpur Health Sub Center,Gopalganj,Muksudpur,23.235,89.865,Government,
Tungipara Health Sub Center,Gopalganj,Tungipara,22.915,89.905,Government,
Gopalganj Sadar Health Sub Center,Gopalganj,Gopalganj Sadar,23.0155,89.8355,Government,
Gopalganj Police Hospital,Gopalganj,Gopalganj Sadar,23.006,89.826,Government,
Sheikh Razia Naser 250 Bed Hospital,Gopalganj,Gopalganj Sadar,23.007,89.827,Government,
Madaripur Mother & Child Welfare Center,Madaripur,Madaripur Sadar,23.167,90.217,Government,
Shariatpur Mother & Child Welfare Center,Shariatpur,Shariatpur Sadar,23.2135,90.3465,Government,
Rajbari Mother & Child Welfare Center,Rajbari,Rajbari Sadar,23.7565,89.6565,Government,
Munshiganj Mother & Child Welfare Center,Munshiganj,Munshiganj Sadar,23.5495,90.5335,Government,
Manikganj Mother & Child Welfare Center,Manikganj,Manikganj Sadar,23.8615,90.0015,Government,
Narsingdi Mother & Child Welfare Center,Narsingdi,Narsingdi Sadar,23.922,90.722,Government,
Kishoreganj Mother & Child Welfare Center,Kishoreganj,Kishoreganj Sadar,24.437,90.785,Government,
Gazipur Mother & Child Welfare Center,Gazipur,Gazipur Sadar,24.002,90.422,Government,
Narayanganj Mother & Child Welfare Center,Narayanganj,Narayanganj Sadar,23.627,90.502,Government,
Tangail Mother & Child Welfare Center,Tangail,Tangail Sadar,24.252,89.922,Government,
Dhamrai Mother & Child Welfare Center,Dhaka,Dhamrai,23.921,90.221,Government,
Savar Mother & Child Welfare Center,Dhaka,Savar,23.856,90.266,Government,
Nawabganj Mother & Child Welfare Center,Dhaka,Nawabganj,23.671,90.161,Government,
Dohar Mother & Child Welfare Center,Dhaka,Dohar,23.596,90.136,Government,
Keraniganj Mother & Child Welfare Center,Dhaka,Keraniganj,23.683,90.333,Government,
Aftabuddin Memorial Hospital,Kishoreganj,Bajitpur,24.221,90.951,Private,
Jahurul Islam Medical College (Dental Unit),Kishoreganj,Bajitpur,24.226,90.966,Premium,
Kishoreganj Digital Eye Hospital,Kishoreganj,Kishoreganj Sadar,24.435,90.783,Private,
Manikganj Trauma Center,Manikganj,Manikganj Sadar,23.865,90.005,Private,
Narsingdi Heart Hospital,Narsingdi,Narsingdi Sadar,23.918,90.725,Private,
Faridpur Kidney & Dialysis Center,Faridpur,Faridpur Sadar,23.605,89.835,Private,
Madaripur Specialized Hospital,Madaripur,Madaripur Sadar,23.169,90.219,Private,
Shariatpur Specialized Hospital,Shariatpur,Shariatpur Sadar,23.216,90.349,Private,
Rajbari Specialized Hospital,Rajbari,Rajbari Sadar,23.759,89.659,Private,
Munshiganj Specialized Hospital,Munshiganj,Munshiganj Sadar,23.551,90.536,Private,
Tangail Specialized Hospital,Tangail,Tangail Sadar,24.254,89.924,Private,
Gazipur Specialized Hospital,Gazipur,Gazipur Sadar,24.004,90.424,Private,
Narayanganj Specialized Hospital,Narayanganj,Narayanganj Sadar,23.629,90.504,Private,
Al-Noor Eye Hospital,Dhaka,Lalmatia,23.756,90.368,Premium,
Bangladesh Spine & Orthopaedic Hospital,Dhaka,Panthapath,23.752,90.385,Premium,
Bari-Ol Eye Hospital,Dhaka,Uttara,23.876,90.401,Private,
Center for the Rehabilitation of the Paralysed (CRP),Dhaka,Savar,23.84,90.26,Premium,
Dhaka Eye Hospital,Dhaka,Uttara,23.874,90.388,Premium,
Dhaka Paediatric Hospital,Dhaka,Shyamoli,23.771,90.364,Private,
Islamia Eye Hospital (Extension),Dhaka,Farmgate,23.759,90.389,Premium,
Lion Eye Hospital,Dhaka,Agargaon,23.775,90.375,Premium,
National Heart Foundation (Extension),Dhaka,Mirpur,23.806,90.354,Premium,
Niazi Diagnostic Center,Dhaka,Mirpur,23.811,90.359,Private,
Osmania Medical Center,Dhaka,Kotwali,23.7125,90.3985,Private,
Paltan Diagnostic & Consultation,Dhaka,Paltan,23.734,90.414,Private,
Quality Diagnostic Center,Dhaka,Dhanmondi,23.743,90.374,Private,
Rapa Diagnostic Center,Dhaka,Dhanmondi,23.752,90.372,Private,
Saitam Diagnostic Center,Dhaka,Dhanmondi,23.746,90.373,Private,
Tele-Path Diagnostic Center,Dhaka,Dhanmondi,23.749,90.376,Private,
Ultra Diagnostic Center,Dhaka,Khilgaon,23.753,90.429,Private,
V-Care Diagnostic Center,Dhaka,Savar,23.859,90.267,Private,
Wari Diagnostic Center,Dhaka,Wari,23.716,90.414,Private,
X-Lab Diagnostic Center,Dhaka,Tejgaon,23.756,90.393,Private,
Yousuf Diagnostic Center,Dhaka,Keraniganj,23.683,90.339,Private,
Zone Diagnostic Center,Dhaka,Pallabi,23.823,90.366,Private,
Arafat Diagnostic Center,Gazipur,Gazipur Sadar,23.999,90.423,Private,
Bhawal Diagnostic Center,Gazipur,Gazipur Sadar,23.992,90.419,Private,
City Diagnostic Center,Gazipur,Tongi,23.899,90.403,Private,
Digital Diagnostic Center,Gazipur,Gazipur Sadar,24.009,90.429,Private,
Efaz Diagnostic Center,Gopalganj,Gopalganj Sadar,23.009,89.829,Private,
Faith Diagnostic Center,Dhaka,Khilkhet,23.833,90.423,Private,
Golden Diagnostic Center,Gazipur,Gazipur Sadar,24.006,90.436,Private,
Hamdard Diagnostic Center,Dhaka,Banani,23.793,90.406,Private,
Ideal Diagnostic Center,Narsingdi,Narsingdi Sadar,23.922,90.721,Private,
Jahanara Diagnostic Center,Tangail,Tangail Sadar,24.257,89.927,Private,
Kalyani Diagnostic Center,Manikganj,Manikganj Sadar,23.866,89.996,Private,
Life Diagnostic Center,Dhaka,Savar,23.8555,90.264,Private,
Metro Diagnostic Center,Dhaka,Mohakhali,23.779,90.403,Private,
Nova Diagnostic Center,Narayanganj,Narayanganj Sadar,23.6295,90.5135,Private,
Orbit Diagnostic Center,Faridpur,Faridpur Sadar,23.6075,89.8375,Private,
Prime Diagnostic Center,Shariatpur,Shariatpur Sadar,23.211,90.343,Private,
Quality Diagnostic Center,Madaripur,Madaripur Sadar,23.163,90.213,Private,
Reliance Diagnostic Center,Rajbari,Rajbari Sadar,23.7565,89.6565,Private,
Sunrise Diagnostic Center,Kishoreganj,Kishoreganj Sadar,24.4425,90.7925,Private,
Trust Diagnostic Center,Munshiganj,Munshiganj Sadar,23.546,90.536,Private,
Universal Diagnostic Center,Dhaka,Tejgaon,23.757,90.397,Private,
Victory Diagnostic Center,Narayanganj,Narayanganj Sadar,23.6325,90.5125,Private,
Wellcare Diagnostic Center,Dhaka,Savar,23.8605,90.2705,Private,
Zenith Diagnostic Center,Dhaka,Mohammadpur,23.756,90.366,Private,
Adhunik Diagnostic Center,Tangail,Tangail Sadar,24.253,89.919,Private,
Bismillah Diagnostic Center,Narsingdi,Narsingdi Sadar,23.919,90.719,Private,
Central Diagnostic Center,Manikganj,Manikganj Sadar,23.8645,89.9995,Private,
Doctors Diagnostic Center,Faridpur,Faridpur Sadar,23.6065,89.8365,Private,
Expert Diagnostic Center,Gopalganj,Gopalganj Sadar,23.0075,89.8275,Private,
Fair Diagnostic Center,Madaripur,Madaripur Sadar,23.1675,90.2175,Private,
Green Diagnostic Center,Shariatpur,Shariatpur Sadar,23.2145,90.3445,Private,
Hope Diagnostic Center,Rajbari,Rajbari Sadar,23.7575,89.6575,Private,
Impact Diagnostic Center,Munshiganj,Munshiganj Sadar,23.5505,90.5355,Private,
Janata Diagnostic Center,Kishoreganj,Kishoreganj Sadar,24.4375,90.7875,Private,
Kalyan Diagnostic Center,Gazipur,Gazipur Sadar,24.0035,90.4235,Private,
Liberty Diagnostic Center,Narayanganj,Narayanganj Sadar,23.6275,90.5075,Private,
Modern Diagnostic Center,Tangail,Tangail Sadar,24.2565,89.9215,Private,
New Diagnostic Center,Narsingdi,Narsingdi Sadar,23.9225,90.7215,Private,
Olive Diagnostic Center,Manikganj,Manikganj Sadar,23.8655,89.9955,Private,
Popular Diagnostic Center,Faridpur,Faridpur Sadar,23.603,89.843,Private,
Quick Diagnostic Center,Gopalganj,Gopalganj Sadar,23.0095,89.8245,Private,
Rapid Diagnostic Center,Madaripur,Madaripur Sadar,23.1715,90.2215,Private,
Safe Diagnostic Center,Shariatpur,Shariatpur Sadar,23.2195,90.3525,Private,
Total Diagnostic Center,Rajbari,Rajbari Sadar,23.7615,89.6615,Private,
Unique Diagnostic Center,Munshiganj,Munshiganj Sadar,23.5545,90.5425,Private,
Vital Diagnostic Center,Kishoreganj,Kishoreganj Sadar,24.4415,90.7915,Private,
World Diagnostic Center,Gazipur,Gazipur Sadar,24.0115,90.4315,Private,
X-pert Diagnostic Center,Narayanganj,Narayanganj Sadar,23.6365,90.5165,Private,
Narayanganj 300 Bed Hospital (Extension),Narayanganj,Narayanganj Sadar,23.6315,90.5025,Government,
Gazipur Sadar Hospital (Annex),Gazipur,Gazipur Sadar,24.001,90.4215,Government,
Tangail District Hospital (Specialized Unit),Tangail,Tangail Sadar,24.2515,89.9215,Government,
Narsingdi District Hospital (Annex),Narsingdi,Narsingdi Sadar,23.9135,90.7295,Government,
Faridpur Medical College Hospital (Extension),Faridpur,Faridpur Sadar,23.6015,89.8315,Government,
Gopalganj General Hospital (Surgical Wing),Gopalganj,Gopalganj Sadar,23.0065,89.8265,Government,
Madaripur General Hospital (Extension),Madaripur,Madaripur Sadar,23.1665,90.2165,Government,
Shariatpur District Hospital (Annex),Shariatpur,Shariatpur Sadar,23.2135,90.3465,Government,
Rajbari District Hospital (Extension),Rajbari,Rajbari Sadar,23.7565,89.6565,Government,
Munshiganj District Hospital (Annex),Munshiganj,Munshiganj Sadar,23.5495,90.5335,Government,
Manikganj District Hospital (Extension),Manikganj,Manikganj Sadar,23.8615,90.0015,Government,
Kishoreganj District Hospital (Annex),Kishoreganj,Kishoreganj Sadar,24.4375,90.7855,Government,
Dhamrai Upazila Hospital (Annex),Dhaka,Dhamrai,23.9215,90.2215,Government,
Savar Upazila Hospital (Extension),Dhaka,Savar,23.8565,90.2665,Government,
Nawabganj Upazila Hospital (Annex),Dhaka,Nawabganj,23.6715,90.1615,Government,
Dohar Upazila Hospital (Extension),Dhaka,Dohar,23.5965,90.1365,Government,
Keraniganj Upazila Hospital (Annex),Dhaka,Keraniganj,23.6835,90.3335,Government,
Araihazar Upazila Hospital (Extension),Narayanganj,Araihazar,23.7965,90.6565,Government,
Sonargaon Upazila Hospital (Annex),Narayanganj,Sonargaon,23.6465,90.6065,Government,
Rupganj Upazila Hospital (Extension),Narayanganj,Rupganj,23.7965,90.5165,Government,
Bandar Upazila Hospital (Annex),Narayanganj,Bandar,23.6065,90.5265,Government,
Belabo Upazila Hospital (Extension),Narsingdi,Belabo,24.0965,90.8465,Government,
Monohardi Upazila Hospital (Annex),Narsingdi,Manohardi,24.1365,90.7065,Government,
Shibpur Upazila Hospital (Extension),Narsingdi,Shibpur,23.9865,90.7365,Government,
Raipura Upazila Hospital (Annex),Narsingdi,Raipura,23.9965,90.8865,Government,
Palash Upazila Hospital (Extension),Narsingdi,Palash,23.9565,90.6265,Government,
Basail Upazila Hospital (Annex),Tangail,Basail,24.2265,90.0565,Government,
Bhuapur Upazila Hospital (Extension),Tangail,Bhuapur,24.4565,89.8665,Government,
Delduar Upazila Hospital (Annex),Tangail,Delduar,24.1465,89.9665,Government,
Ghatail Upazila Hospital (Extension),Tangail,Ghatail,24.4515,90.0115,Government,
Gopalpur Upazila Hospital (Annex),Tangail,Gopalpur,24.5515,89.9215,Government,
Kalihati Upazila Hospital (Extension),Tangail,Kalihati,24.3815,90.0065,Government,
Madhupur Upazila Hospital (Annex),Tangail,Madhupur,24.6165,90.0265,Government,
Mirzapur Upazila Hospital (Extension),Tangail,Mirzapur,24.1035,90.0965,Government,
Nagarpur Upazila Hospital (Annex),Tangail,Nagarpur,24.0565,89.8765,Government,
Sakhipur Upazila Hospital (Extension),Tangail,Sakhipur,24.3165,90.1765,Government,
Dhanbari Upazila Hospital (Annex),Tangail,Dhanbari,24.6765,89.9865,Government,
Daulatpur Upazila Hospital (Extension),Manikganj,Daulatpur,23.9565,89.8565,Government,
Ghiur Upazila Hospital (Annex),Manikganj,Ghiur,23.8865,89.8765,Government,
Harirampur Upazila Hospital (Extension),Manikganj,Harirampur,23.7365,89.9665,Government,
Saturia Upazila Hospital (Annex),Manikganj,Saturia,23.9365,90.0265,Government,
Shivalaya Upazila Hospital (Extension),Manikganj,Shivalaya,23.8365,89.7865,Government,
Singair Upazila Hospital (Annex),Manikganj,Singair,23.8165,90.1565,Government,
Bhanga Upazila Hospital (Extension),Faridpur,Bhanga,23.3865,89.9765,Government,
Boalmari Upazila Hospital (Annex),Faridpur,Boalmari,23.3865,89.7265,Government,
Char Bhadrasan Upazila Hospital (Extension),Faridpur,Char Bhadrasan,23.5765,90.0365,Government,
Madhukhali Upazila Hospital (Annex),Faridpur,Madhukhali,23.5465,89.6765,Government,
Nagarkanda Upazila Hospital (Extension),Faridpur,Nagarkanda,23.4165,89.8965,Government,
Sadarpur Upazila Hospital (Annex),Faridpur,Sadarpur,23.4765,90.0365,Government,
Saltha Upazila Hospital (Extension),Faridpur,Saltha,23.4465,89.7965,Government,
Kashiani Upazila Hospital (Annex),Gopalganj,Kashiani,23.2165,89.7065,Government,
Kotalipara Upazila Hospital (Extension),Gopalganj,Kotalipara,23.0065,89.9865,Government,
Tungipara Upazila Hospital (Annex),Gopalganj,Tungipara,22.9065,89.8965,Government,
Muksudpur Upazila Hospital (Extension),Gopalganj,Muksudpur,23.2265,89.8565,Government,
Kalkini Upazila Hospital (Annex),Madaripur,Kalkini,23.0715,90.2365,Government,
Rajoir Upazila Hospital (Extension),Madaripur,Rajoir,23.2065,89.9365,Government,
Shibchar Upazila Hospital (Annex),Madaripur,Shibchar,23.3465,90.1765,Government,
Bhedarganj Upazila Hospital (Extension),Shariatpur,Bhedarganj,23.1965,90.4865,Government,
Damudya Upazila Hospital (Annex),Shariatpur,Damudya,23.1365,90.4365,Government,
Gosairhat Upazila Hospital (Extension),Shariatpur,Gosairhat,23.0765,90.4365,Government,
Naria Upazila Hospital (Annex),Shariatpur,Naria,23.3165,90.4165,Government,
Zanjira Upazila Hospital (Extension),Shariatpur,Zanjira,23.4165,90.2865,Government,
Goalanda Upazila Hospital (Annex),Rajbari,Goalanda,23.7365,89.7665,Government,
Pangsha Upazila Hospital (Extension),Rajbari,Pangsha,23.7965,89.4165,Government,
Baliakandi Upazila Hospital (Annex),Rajbari,Baliakandi,23.6365,89.5565,Government,
Kalukhali Upazila Hospital (Extension),Rajbari,Kalukhali,23.7465,89.4965,Government,
Bhairab Upazila Hospital (Annex),Kishoreganj,Bhairab,24.0465,90.9865,Government,
Hossainpur Upazila Hospital (Extension),Kishoreganj,Hossainpur,24.4165,90.6665,Government,
Itna Upazila Hospital (Annex),Kishoreganj,Itna,24.4765,91.2065,Government,
Karimganj Upazila Hospital (Extension),Kishoreganj,Karimganj,24.4565,90.8865,Government,
Katiadi Upazila Hospital (Annex),Kishoreganj,Katiadi,24.2565,90.7965,Government,
Kuliarchar Upazila Hospital (Extension),Kishoreganj,Kuliarchar,24.1565,90.9065,Government,
Mithamain Upazila Hospital (Annex),Kishoreganj,Mithamain,24.4265,91.0765,Government,
Nikli Upazila Hospital (Extension),Kishoreganj,Nikli,24.3265,90.9365,Government,
Pakundia Upazila Hospital (Annex),Kishoreganj,Pakundia,24.3265,90.6865,Government,
Tarail Upazila Hospital (Extension),Kishoreganj,Tarail,24.5365,90.8865,Government,
Gajaria Upazila Hospital (Annex),Munshiganj,Gajaria,23.5465,90.6865,Government,
Lohajang Upazila Hospital (Extension),Munshiganj,Lohajang,23.4765,90.2865,Government,
Serajdikhan Upazila Hospital (Annex),Munshiganj,Serajdikhan,23.6365,90.3265,Government,
Sreenagar Upazila Hospital (Extension),Munshiganj,Sreenagar,23.5365,90.2865,Government,
Tongibari Upazila Hospital (Annex),Munshiganj,Tongibari,23.5065,90.4565,Government,
Kapasia Health Center (Annex),Gazipur,Kapasia,24.118,90.578,Government,
Kaliganj Health Center (Extension),Gazipur,Kaliganj,23.928,90.588,Government,
Sreepur Health Center (Annex),Gazipur,Sreepur,24.208,90.478,Government,
Kaliakair Health Center (Extension),Gazipur,Kaliakair,24.008,90.228,Government,
Gazipur Sadar Health Center (Annex),Gazipur,Gazipur Sadar,24.003,90.423,Government,
Tongi Health Center (Extension),Gazipur,Tongi,23.903,90.403,Government,
Araihazar Health Center (Annex),Narayanganj,Araihazar,23.798,90.658,Government,
Sonargaon Health Center (Extension),Narayanganj,Sonargaon,23.648,90.608,Government,
Rupganj Health Center (Annex),Narayanganj,Rupganj,23.798,90.518,Government,
Bandar Health Center (Extension),Narayanganj,Bandar,23.608,90.528,Government,
Narayanganj Sadar Health Center (Annex),Narayanganj,Narayanganj Sadar,23.628,90.503,Government,
Fatullah Health Center (Extension),Narayanganj,Narayanganj Sadar,23.648,90.488,Government,
Belabo Health Center (Annex),Narsingdi,Belabo,24.098,90.848,Government,
Manohardi Health Center (Extension),Narsingdi,Manohardi,24.138,90.708,Government,
Narsingdi Sadar Health Center (Annex),Narsingdi,Narsingdi Sadar,23.923,90.723,Government,
Palash Health Center (Extension),Narsingdi,Palash,23.958,90.628,Government,
Raipura Health Center (Annex),Narsingdi,Raipura,23.998,90.888,Government,
Shibpur Health Center (Extension),Narsingdi,Shibpur,23.988,90.738,Government,
Basail Health Center (Annex),Tangail,Basail,24.228,90.058,Government,
Bhuapur Health Center (Extension),Tangail,Bhuapur,24.458,89.868,Government,
Delduar Health Center (Annex),Tangail,Delduar,24.148,89.968,Government,
Dhanbari Health Center (Extension),Tangail,Dhanbari,24.678,89.988,Government,
Ghatail Health Center (Annex),Tangail,Ghatail,24.453,90.013,Government,
Gopalpur Health Center (Extension),Tangail,Gopalpur,24.553,89.923,Government,
Kalihati Health Center (Annex),Tangail,Kalihati,24.383,90.008,Government,
Madhupur Health Center (Extension),Tangail,Madhupur,24.618,90.028,Government,
Mirzapur Health Center (Annex),Tangail,Mirzapur,24.105,90.098,Government,
Nagarpur Health Center (Extension),Tangail,Nagarpur,24.058,89.878,Government,
Sakhipur Health Center (Annex),Tangail,Sakhipur,24.318,90.178,Government,
Tangail Sadar Health Center (Extension),Tangail,Tangail Sadar,24.253,89.923,Government,
Bhairab Health Center (Annex),Kishoreganj,Bhairab,24.048,90.988,Government,
Hossainpur Health Center (Extension),Kishoreganj,Hossainpur,24.418,90.668,Government,
Itna Health Center (Annex),Kishoreganj,Itna,24.478,91.208,Government,
Karimganj Health Center (Extension),Kishoreganj,Karimganj,24.458,90.888,Government,
Katiadi Health Center (Annex),Kishoreganj,Katiadi,24.258,90.798,Government,
Kuliarchar Health Center (Extension),Kishoreganj,Kuliarchar,24.158,90.908,Government,
Mithamain Health Center (Annex),Kishoreganj,Mithamain,24.428,91.078,Government,
Nikli Health Center (Extension),Kishoreganj,Nikli,24.328,90.938,Government,
Pakundia Health Center (Annex),Kishoreganj,Pakundia,24.328,90.688,Government,
Tarail Health Center (Extension),Kishoreganj,Tarail,24.538,90.888,Government,
Gajaria Health Center (Annex),Munshiganj,Gajaria,23.548,90.688,Government,
Lohajang Health Center (Extension),Munshiganj,Lohajang,23.478,90.288,Government,
Serajdikhan Health Center (Annex),Munshiganj,Serajdikhan,23.638,90.328,Government,
Sreenagar Health Center (Extension),Munshiganj,Sreenagar,23.538,90.288,Government,
Tongibari Health Center (Annex),Munshiganj,Tongibari,23.508,90.458,Government,
Munshiganj Sadar Health Center (Extension),Munshiganj,Munshiganj Sadar,23.551,90.535,Government,
Dhamrai Health Center (Annex),Dhaka,Dhamrai,23.923,90.223,Government,
Savar Health Center (Extension),Dhaka,Savar,23.858,90.268,Government,
Nawabganj Health Center (Annex),Dhaka,Nawabganj,23.673,90.163,Government,
Dohar Health Center (Extension),Dhaka,Dohar,23.598,90.138,Government,
Keraniganj Health Center (Annex),Dhaka,Keraniganj,23.685,90.335,Government,
Daulatpur Health Center (Extension),Manikganj,Daulatpur,23.958,89.858,Government,
Ghiur Health Center (Annex),Manikganj,Ghiur,23.888,89.878,Government,
Harirampur Health Center (Extension),Manikganj,Harirampur,23.738,89.968,Government,
Saturia Health Center (Annex),Manikganj,Saturia,23.938,90.028,Government,
Shivalaya Health Center (Extension),Manikganj,Shivalaya,23.838,89.788,Government,
Singair Health Center (Annex),Manikganj,Singair,23.818,90.158,Government,
Bhanga Health Center (Extension),Faridpur,Bhanga,23.388,89.978,Government,
Boalmari Health Center (Annex),Faridpur,Boalmari,23.388,89.728,Government,
Char Bhadrasan Health Center (Extension),Faridpur,Char Bhadrasan,23.578,90.038,Government,
Madhukhali Health Center (Annex),Faridpur,Madhukhali,23.548,89.678,Government,
Nagarkanda Health Center (Extension),Faridpur,Nagarkanda,23.418,89.898,Government,
Sadarpur Health Center (Annex),Faridpur,Sadarpur,23.478,90.038,Government,
Saltha Health Center (Extension),Faridpur,Saltha,23.448,89.798,Government,
Kashiani Health Center (Annex),Gopalganj,Kashiani,23.218,89.708,Government,
Kotalipara Health Center (Extension),Gopalganj,Kotalipara,23.008,89.988,Government,
Tungipara Health Center (Annex),Gopalganj,Tungipara,22.908,89.898,Government,
Muksudpur Health Center (Extension),Gopalganj,Muksudpur,23.228,89.858,Government,
Gopalganj Sadar Health Center (Annex),Gopalganj,Gopalganj Sadar,23.0085,89.8285,Government,
Kalkini Health Center (Extension),Madaripur,Kalkini,23.073,90.238,Government,
Rajoir Health Center (Annex),Madaripur,Rajoir,23.208,89.938,Government,
Shibchar Health Center (Extension),Madaripur,Shibchar,23.348,90.178,Government,
Madaripur Sadar Health Center (Annex),Madaripur,Madaripur Sadar,23.1685,90.2185,Government,
Bhedarganj Health Center (Extension),Shariatpur,Bhedarganj,23.198,90.488,Government,
Damudya Health Center (Annex),Shariatpur,Damudya,23.138,90.438,Government,
Gosairhat Health Center (Extension),Shariatpur,Gosairhat,23.078,90.438,Government,
Naria Health Center (Annex),Shariatpur,Naria,23.318,90.418,Government,
Zanjira Health Center (Extension),Shariatpur,Zanjira,23.418,90.288,Government,
Shariatpur Sadar Health Center (Annex),Shariatpur,Shariatpur Sadar,23.2155,90.3485,Government,
Goalanda Health Center (Extension),Rajbari,Goalanda,23.738,89.768,Government,
Pangsha Health Center (Annex),Rajbari,Pangsha,23.798,89.418,Government,
Baliakandi Health Center (Extension),Rajbari,Baliakandi,23.638,89.558,Government,
Kalukhali Health Center (Annex),Rajbari,Kalukhali,23.748,89.498,Government,
Rajbari Sadar Health Center (Extension),Rajbari,Rajbari Sadar,23.7585,89.6585,Government,
Uttara Trauma Center (Extension),Dhaka,Uttara,23.875,90.395,Private,
Mirpur Neuro Center,Dhaka,Mirpur,23.805,90.36,Private,
Dhanmondi Gastro Center,Dhaka,Dhanmondi,23.745,90.375,Private,
Banani Aesthetic Clinic,Dhaka,Banani,23.792,90.405,Premium,
Gulshan Fertility Center,Dhaka,Gulshan,23.785,90.415,Premium,
Tejgaon ENT Center,Dhaka,Tejgaon,23.755,90.395,Private,
Mohakhali Cancer Care Center,Dhaka,Mohakhali,23.775,90.402,Private,
Savar Orthopedic Center,Dhaka,Savar,23.855,90.265,Private,
Gazipur Cardiac Center,Gazipur,Gazipur Sadar,24.002,90.422,Private,
Narayanganj Kidney Center,Narayanganj,Narayanganj Sadar,23.627,90.502,Private,
Tangail Eye Care Center,Tangail,Tangail Sadar,24.252,89.922,Private,
Narsingdi Child Care Center,Narsingdi,Narsingdi Sadar,23.922,90.722,Private,
Faridpur Skin Care Center,Faridpur,Faridpur Sadar,23.605,89.835,Private,
Gopalganj Dental Center,Gopalganj,Gopalganj Sadar,23.007,89.827,Private,
Madaripur Mental Health Center,Madaripur,Madaripur Sadar,23.167,90.217,Private,
Shariatpur Physiotherapy Center,Shariatpur,Shariatpur Sadar,23.214,90.344,Private,
Rajbari Mother Care Clinic,Rajbari,Rajbari Sadar,23.756,89.656,Private,
Munshiganj Pathology Lab,Munshiganj,Munshiganj Sadar,23.549,90.533,Private,
Manikganj Surgical Clinic,Manikganj,Manikganj Sadar,23.861,90.001,Private,
Kishoreganj Diagnostic Lab (New),Kishoreganj,Kishoreganj Sadar,24.437,90.785,Private,
Nawjor General Hospital,Gazipur,Gazipur Sadar,23.9755,90.3855,Private,
Neural Medical Center,Dhaka,Uttara Paschim,23.8825,90.3855,Private,
New Hope Clinic and Diagnostic Center,Dhaka,Savar,23.8585,90.2685,Private,
New Ideal General Hospital,Munshiganj,Serajdikhan,23.6355,90.3155,Private,
New Samrat General Hospital,Narayanganj,Narayanganj Sadar,23.6215,90.5055,Private,
Nikli Digital Diagnostic Center,Kishoreganj,Nikli,24.3255,90.9355,Private,
Noor Kidney Dialysis Hospital,Tangail,Tangail Sadar,24.2525,89.9255,Private,
Nova Medical Center,Dhaka,Paltan,23.7355,90.4125,Private,
Nuclear Medicine Service Center,Dhaka,Shahbagh,23.7395,90.3965,Government,
Nursing Home & Diagnostic Center,Tangail,Sakhipur,24.3155,90.1755,Private,
Nurunnahar General Hospital,Narayanganj,Narayanganj Sadar,23.6185,90.4985,Private,
Ocean Hospital Ltd.,Dhaka,Savar,23.8455,90.2585,Private,
Optimum Health Care,Dhaka,Bhatara,23.8185,90.4285,Private,
Orbital Eye Hospital,Dhaka,Uttara Purba,23.8725,90.4055,Private,
Pacific Hospital Ltd.,Dhaka,Tejgaon Ind. Area,23.7655,90.4025,Private,
Padma General Hospital Limited,Dhaka,Shahbagh,23.7425,90.3955,Private,
Papiya General Hospital,Munshiganj,Sreenagar,23.5325,90.2825,Private,
Parkview Hospital and Diagnostic,Dhaka,Uttara Paschim,23.8825,90.3885,Private,
Patience Care Hospital,Dhaka,Mirpur,23.8055,90.3625,Private,
Patient Aid Hospital,Dhaka,Jatrabari,23.7085,90.4555,Private,
Peace Hospital Ltd,Dhaka,Mohammadpur,23.7625,90.3585,Private,
Perfect Care Hospital,Dhaka,Cantonment,23.8255,90.3925,Private,
Polash Specialized Hospital,Narsingdi,Palash,23.9555,90.6255,Private,
Promortho Hospital,Dhaka,Mohammadpur,23.7655,90.3625,Private,
Purabi General Hospital,Dhaka,Pallabi,23.8155,90.3625,Private,
Radiance Specialized Hospital,Dhaka,Mohammadpur,23.7585,90.3525,Private,
Recovery Medical Center,Dhaka,Cantonment,23.8225,90.3985,Private,
Relief Hospital and Diagnostic Center,Dhaka,Savar,23.8555,90.2625,Private,
Resolutions Health Center,Dhaka,Banani,23.7955,90.4085,Private,
Rising Hospital,Dhaka,Adabor,23.7755,90.3525,Private,
Riverside Hospital,Dhaka,Keraniganj,23.7055,90.3455,Private,
Riyadh Medical Center,Dhaka,Paltan,23.7385,90.4125,Private,
Sabujbagh Central Hospital,Dhaka,Sabujbagh,23.7385,90.4355,Private,
Safe Hands Hospital,Dhaka,Uttara Purba,23.8685,90.4055,Private,
Sajida Hospital,Dhaka,Keraniganj,23.6885,90.3385,Private,
Sakhipur General Hospital,Tangail,Sakhipur,24.3125,90.1725,Private,
Salam Medical Center,Dhaka,Uttara Paschim,23.8855,90.3855,Private,
Sanarpar General Hospital,Narayanganj,Narayanganj Sadar,23.6925,90.4855,Private,
Sanjeevani Hospital,Dhaka,Savar,23.8585,90.2625,Private,
Sarah Hospital,Dhaka,Dakshinkhan,23.8655,90.4185,Private,
Savar Prime Hospital,Dhaka,Savar,23.8585,90.2685,Private,
Save Life Hospital,Dhaka,Mohammadpur,23.7625,90.3655,Private,
Scandina Medical Center,Dhaka,Banani,23.7885,90.4055,Private,
Sector 7 General Hospital,Dhaka,Uttara Paschim,23.8725,90.3925,Private,
Seva Hospital,Dhaka,Mohammadpur,23.7555,90.3625,Private,
Shafaat General Hospital,Dhaka,Demra,23.7125,90.4585,Private,
Shah Ali Hospital,Dhaka,Mirpur,23.8085,90.3525,Private,
Shah Makhdum Hospital,Dhaka,Uttara Paschim,23.8855,90.3825,Private,
Shahbagh City Hospital,Dhaka,Shahbagh,23.7385,90.3955,Private,
Shahjadpur Hospital,Dhaka,Badda,23.7955,90.4255,Private,
Shamima Medical Center,Dhaka,Paltan,23.7355,90.4125,Private,
Shamoli Medical Center,Dhaka,Sher-e-Bangla Nagar,23.7725,90.3655,Private,
Shastha Seba Clinic,Dhaka,Keraniganj,23.6825,90.3325,Private,
Shimla Hospital,Dhaka,Savar,23.8525,90.2585,Private,
Shiuly Diagnostic Center,Dhaka,Mohammadpur,23.7655,90.3625,Private,
Shun-Pun General Hospital,Dhaka,Keraniganj,23.6855,90.3455,Private,
Shuvro General Hospital,Dhaka,Savar,23.9255,90.2825,Private,
Silver Line Hospital,Dhaka,Tejgaon Ind. Area,23.7685,90.4055,Private,
Sitalakkhya Hospital,Narayanganj,Narayanganj Sadar,23.6225,90.5025,Private,
Smile Dental Hospital,Dhaka,Mohammadpur,23.7655,90.3585,Private,
Sonar Bangla Hospital,Dhaka,Pallabi,23.8225,90.3685,Private,
Somota General Hospital,Dhaka,Savar,23.9355,90.3055,Private,
Speed Diagnostic Center,Dhaka,Badda,23.7855,90.4255,Private,
Sreepur General Hospital,Gazipur,Sreepur,24.0025,90.4155,Private,
Star Diagnostic Center,Dhaka,Uttara Purba,23.8685,90.4085,Private,
Sunrise Hospital and Diagnostic,Dhaka,Savar,23.8555,90.2655,Private,
Super Medical Hospital,Dhaka,Savar,23.8585,90.2625,Private,
Supreme Diagnostic Center,Dhaka,Banani,23.7925,90.4025,Private,
Surokkha Diagnostic Center,Dhaka,Jatrabari,23.7025,90.4425,Private,
Synergy Medical Center,Dhaka,Banani,23.7955,90.4055,Private,
Target Diagnostic Center,Dhaka,Paltan,23.7385,90.4155,Private,
Technical Hospital and Diagnostic,Dhaka,Mirpur,23.7855,90.3455,Private,
Total Health Care,Dhaka,Bhatara,23.8125,90.4255,Private,
Trust Hospital Ltd.,Dhaka,Adabor,23.7755,90.3585,Private,
Tuhin General Hospital,Dhaka,Keraniganj,23.6825,90.3385,Private,
Udayan Diagnostic Center,Dhaka,Kotwali,23.7155,90.3925,Private,
Udyon Diagnostic Center,Dhaka,Mirpur,23.8055,90.3525,Private,
Union Hospital and Diagnostic,Dhaka,Savar,23.8555,90.2685,Private,
Universal Medical Services,Dhaka,Paltan,23.7325,90.4155,Private,
Upasham Health Point,Dhaka,Bhatara,23.7985,90.4255,Private,
Uttara Central Hospital,Dhaka,Uttara Purba,23.8655,90.4025,Private,
Uttara General Hospital,Dhaka,Uttara Purba,23.8685,90.4055,Private,
Uttara High Care Hospital,Dhaka,Uttara Paschim,23.8825,90.3885,Private,
V-Care Hospital,Dhaka,Savar,23.8585,90.2665,Private,
Veritas Diagnostic Center,Dhaka,Uttara Paschim,23.8825,90.3855,Private,
Victoria Clinic,Dhaka,Bangshal,23.7155,90.4025,Private,
Victory Diagnostic Center,Dhaka,Mirpur,23.8055,90.3555,Private,
Vital Diagnostic Center,Dhaka,Kalabagan,23.7455,90.3855,Private,
Wayes Specialized Hospital,Dhaka,Jatrabari,23.7055,90.4555,Private,
Wellness Hospital Ltd.,Dhaka,Mohammadpur,23.7555,90.3625,Private,
Western Medical Center,Dhaka,Banani,23.7925,90.4025,Private,
White Horse Hospital,Dhaka,Uttara Paschim,23.8755,90.3885,Private,
World Vision Diagnostic Center,Dhaka,Mirpur,23.8155,90.3555,Private,
Z-Rahman Premier Hospital,Dhaka,Badda,23.7855,90.4285,Private,
Zahirul Haque Memorial Hospital,Dhaka,Mohammadpur,23.7655,90.3625,Private,
Zayan Hospital,Dhaka,Turag,23.8925,90.3655,Private,
Zenith Medical Services,Dhaka,Mohammadpur,23.7555,90.3655,Private,
Zinjira Hospital,Dhaka,Keraniganj,23.7025,90.3425,Private,
Zubair Hospital,Dhaka,Dakshinkhan,23.8725,90.4125,Private,
Adhunik Diagnostic Center,Tangail,Tangail Sadar,24.2525,89.9185,Private,
Al-Modina Hospital,Tangail,Tangail Sadar,24.2555,89.9255,Private,
Anowara General Hospital,Tangail,Tangail Sadar,24.2485,89.9125,Private,
Bismillah Nursing Home,Tangail,Kalihati,24.3855,90.0105,Private,
City Hospital Tangail,Tangail,Tangail Sadar,24.2515,89.9215,Private,
Doctors Hospital Tangail,Tangail,Tangail Sadar,24.2535,89.9235,Private,
Green View Clinic,Tangail,Tangail Sadar,24.2455,89.9225,Private,
Jahanara Maternity Hospital,Tangail,Tangail Sadar,24.2565,89.9265,Private,
New Life Hospital Tangail,Tangail,Tangail Sadar,24.2585,89.9285,Private,
Prime Diagnostic Center Tangail,Tangail,Tangail Sadar,24.2545,89.9245,Private,
Sarker Hospital,Tangail,Tangail Sadar,24.2575,89.9275,Private,
Tangail Eye Hospital,Tangail,Tangail Sadar,24.2425,89.9285,Private,
Tangail Heart Foundation,Tangail,Tangail Sadar,24.2485,89.9185,Private,
United Clinic Tangail,Tangail,Tangail Sadar,24.2595,89.9295,Private,
Al-Hera General Hospital,Narayanganj,Narayanganj Sadar,23.6205,90.5005,Private,
Baitul Aman Hospital,Narayanganj,Narayanganj Sadar,23.6155,90.4955,Private,
Central Hospital Narayanganj,Narayanganj,Narayanganj Sadar,23.6255,90.5055,Private,
Dewan Hospital,Narayanganj,Narayanganj Sadar,23.6225,90.5025,Private,
Dhakeswari Hospital,Narayanganj,Narayanganj Sadar,23.6125,90.5105,Private,
Fatullah General Hospital,Narayanganj,Narayanganj Sadar,23.6455,90.4855,Private,
Narayanganj Heart Foundation,Narayanganj,Narayanganj Sadar,23.6155,90.5055,Private,
Padma Hospital Narayanganj,Narayanganj,Narayanganj Sadar,23.6285,90.5025,Private,
Prime General Hospital,Narayanganj,Narayanganj Sadar,23.6255,90.5105,Private,
Shifa General Hospital,Narayanganj,Narayanganj Sadar,23.6265,90.5065,Private,
Al-Hera Hospital Gazipur,Gazipur,Gazipur Sadar,24.0055,90.4155,Private,
Board Bazar General Hospital,Gazipur,Gazipur Sadar,23.9455,90.3855,Private,
City Hospital Gazipur,Gazipur,Gazipur Sadar,24.0025,90.4225,Private,
Digital Hospital Gazipur,Gazipur,Gazipur Sadar,24.0085,90.4285,Private,
Gazipur Clinic,Gazipur,Gazipur Sadar,23.9955,90.4155,Private,
Imperial Hospital Gazipur,Gazipur,Gazipur Sadar,24.0155,90.4355,Private,
Konabari Clinic,Gazipur,Gazipur Sadar,23.9925,90.3455,Private,
Maa General Hospital Gazipur,Gazipur,Gazipur Sadar,24.0045,90.4245,Private,
Modern Hospital Gazipur,Gazipur,Gazipur Sadar,24.0065,90.4265,Private,
Saira Memorial Hospital,Gazipur,Gazipur Sadar,24.0125,90.4325,Private,
Zayeda Multicare Hospital,Gazipur,Sreepur,24.2025,90.4725,Private,
Adhunik Hospital Narsingdi,Narsingdi,Narsingdi Sadar,23.9205,90.7205,Private,
Al-Madina Hospital Narsingdi,Narsingdi,Narsingdi Sadar,23.9225,90.7225,Private,
Bismillah General Hospital,Narsingdi,Narsingdi Sadar,23.9185,90.7185,Private,
Doctors Clinic Narsingdi,Narsingdi,Narsingdi Sadar,23.9235,90.7235,Private,
Itakhola Hospital,Narsingdi,Shibpur,23.9855,90.7355,Private,
Narsingdi Eye Hospital,Narsingdi,Narsingdi Sadar,23.9105,90.7305,Private,
Adhunik Hospital Manikganj,Manikganj,Manikganj Sadar,23.8625,89.9985,Private,
Doctors Clinic Manikganj,Manikganj,Manikganj Sadar,23.8655,89.9955,Private,
Baitul Aman Clinic,Faridpur,Faridpur Sadar,23.6005,89.8405,Private,
Mukhlesur Rahman Hospital,Gopalganj,Gopalganj Sadar,23.0085,89.8285,Private,
Char Dumoria Sub Center,Munshiganj,Munshiganj Sadar,23.5555,90.5455,Government,
Gopinathpur 10 Bed Hospital,Gopalganj,Gopalganj Sadar,23.0085,89.8285,Government,
Paikkandi Health Sub Center,Gopalganj,Gopalganj Sadar,23.0125,89.8325,Government,
Fukra Health Sub Center,Gopalganj,Kashiani,23.2255,89.7155,Government,
Ghonapara Health Sub Center,Gopalganj,Kashiani,23.2355,89.7255,Government,
Madanpur Health Center,Narayanganj,Bandar,23.6155,90.5355,Government,
Brahmandi Health Sub Center,Narayanganj,Araihazar,23.7855,90.6455,Government,
Chaitankanda Health Center,Narayanganj,Araihazar,23.7955,90.6655,Government,
Haizadi Health Sub Center,Narayanganj,Araihazar,23.7755,90.6355,Government,
Kalapaharia Health Center,Narayanganj,Araihazar,23.7655,90.6255,Government,
Monohargram 20 Bed Hospital,Narayanganj,Araihazar,23.7885,90.6485,Government,
Satgram Health Sub Center,Narayanganj,Araihazar,23.7985,90.6585,Government,
Ad-din Medical College Hospital,Dhaka,Maghbazar,23.7495,90.4015,Premium,02-9353391
Anwer Khan Modern Medical College Hospital,Dhaka,Dhanmondi,23.7448,90.3818,Premium,02-9661295
Ashiyan Medical College Hospital,Dhaka,Barua,23.834,90.455,Premium,01713-044007
Care Medical College Hospital,Dhaka,Mohammadpur,23.7615,90.3555,Premium,02-9134407
City Medical College Hospital,Gazipur,Gazipur Sadar,24.0015,90.4215,Premium,01713-044005
Dhaka Central International Medical College Hospital,Dhaka,Adabor,23.7725,90.3615,Premium,02-8124974
Dhaka Community Medical College Hospital,Dhaka,Mogbazar,23.7505,90.4085,Premium,02-9351190
East-West Medical College Hospital,Dhaka,Turag,23.8955,90.3555,Premium,02-8914616
Enam Medical College Hospital,Dhaka,Savar,23.8525,90.2625,Premium,01711-234567
Green Life Medical College Hospital,Dhaka,Dhanmondi,23.7415,90.3815,Premium,02-9612345
Ibn Sina Medical College Hospital,Dhaka,Kallyanpur,23.7855,90.3555,Premium,02-9014166
International Medical College Hospital,Gazipur,Tongi,23.9155,90.4255,Premium,02-9810420
Marks Medical College Hospital,Dhaka,Mirpur,23.8115,90.3615,Premium,02-9005085
Monno Medical College Hospital,Manikganj,Manikganj Sadar,23.8355,90.0055,Premium,02-7711971
Northern International Medical College Hospital,Dhaka,Dhanmondi,23.7425,90.3755,Premium,02-9673516
Popular Medical College Hospital,Dhaka,Dhanmondi,23.7455,90.3755,Premium,02-9669480
President Abdul Hamid Medical College Hospital,Kishoreganj,Kishoreganj Sadar,24.4505,90.8005,Premium,01730-324501
Shahid Monsur Ali Medical College Hospital,Dhaka,Turag,23.8965,90.3625,Premium,02-8914616
Tairunnessa Memorial Medical College Hospital,Gazipur,Tongi,23.9115,90.3855,Premium,02-9810420
Uttara Adhunik Medical College Hospital,Dhaka,Uttara,23.8725,90.3825,Premium,02-8932330
Z.H. Sikder Women's Medical College Hospital,Dhaka,Gulshan,23.7525,90.3425,Premium,02-8822983
Zahurul Islam Medical College Hospital,Kishoreganj,Bajitpur,24.2255,90.9655,Premium,01714-095810
Armed Forces Medical College (AFMC),Dhaka,Cantonment,23.8215,90.4025,Government,02-8827700
Shaheed Tajuddin Ahmad Medical College Hospital,Gazipur,Gazipur Sadar,24.0015,90.4215,Government,01730-324580
Colonel Malek Medical College Hospital,Manikganj,Manikganj Sadar,23.8515,90.0115,Government,01730-324550
Sheikh Sayera Khatun Medical College Hospital,Gopalganj,Gopalganj Sadar,23.0015,89.8315,Government,01730-324510
Abdul Hamid Medical College Hospital,Kishoreganj,Kishoreganj Sadar,24.4315,90.7915,Government,01730-324490
Dhaka Shishu (Children) Hospital,Dhaka,Sher-e-Bangla Nagar,23.7715,90.3715,Government,02-8116061
National Institute of Kidney Diseases & Urology,Dhaka,Sher-e-Bangla Nagar,23.7725,90.3725,Government,02-9136622
National Institute of Mental Health,Dhaka,Sher-e-Bangla Nagar,23.7735,90.3735,Government,02-9118171
National Institute of Neurosciences & Hospital,Dhaka,Sher-e-Bangla Nagar,23.7745,90.3745,Government,02-9140833
National Institute of Ophthalmology & Hospital,Dhaka,Sher-e-Bangla Nagar,23.7755,90.3755,Government,02-9143362
National Institute of Traumatology (NITOR),Dhaka,Sher-e-Bangla Nagar,23.7765,90.3765,Government,02-9112150
Infectious Diseases Hospital,Dhaka,Mohakhali,23.7775,90.4015,Government,02-9884242
Leprosy Hospital,Dhaka,Mohakhali,23.7785,90.4025,Government,
TB Hospital,Dhaka,Shyamoli,23.7715,90.3615,Government,02-9110617
Dhaka Dental College Hospital,Dhaka,Mirpur,23.7855,90.3555,Government,02-9014166
Railway General Hospital,Dhaka,Kamalapur,23.7315,90.4255,Government,02-9350151
Police Hospital,Dhaka,Rajarbagh,23.7385,90.4155,Government,02-9331163
BGB Hospital,Dhaka,Pilkhana,23.7355,90.3755,Government,02-9660331
Prison Hospital,Dhaka,Keraniganj,23.6825,90.3325,Government,
Matuail Child & Mother Health Institute,Dhaka,Jatrabari,23.7025,90.4655,Government,02-7542618
Luthfunnessa Matrisadan,Dhaka,Kotwali,23.7125,90.3985,Government,
Pangsha Union Health Sub Center,Rajbari,Pangsha,23.801,89.421,Government,
Baliakandi Union Health Sub Center,Rajbari,Baliakandi,23.641,89.561,Government,
Goalanda Union Health Sub Center,Rajbari,Goalanda,23.741,89.771,Government,
Kalukhali Union Health Sub Center,Rajbari,Kalukhali,23.751,89.501,Government,
Zanjira Union Health Sub Center,Shariatpur,Zanjira,23.421,90.291,Government,
Naria Union Health Sub Center,Shariatpur,Naria,23.321,90.421,Government,
Gosairhat Union Health Sub Center,Shariatpur,Gosairhat,23.081,90.441,Government,
Damudya Union Health Sub Center,Shariatpur,Damudya,23.141,90.441,Government,
Bhedarganj Union Health Sub Center,Shariatpur,Bhedarganj,23.201,90.491,Government,
Lohajang Union Health Sub Center,Munshiganj,Lohajang,23.481,90.291,Government,
Sreenagar Union Health Sub Center,Munshiganj,Sreenagar,23.541,90.291,Government,
Serajdikhan Union Health Sub Center,Munshiganj,Serajdikhan,23.641,90.331,Government,
Tongibari Union Health Sub Center,Munshiganj,Tongibari,23.511,90.461,Government,
Gajaria Union Health Sub Center,Munshiganj,Gajaria,23.551,90.691,Government,
Savar Union Health Sub Center,Dhaka,Savar,23.861,90.271,Government,
Dhamrai Union Health Sub Center,Dhaka,Dhamrai,23.931,90.231,Government,
Nawabganj Union Health Sub Center,Dhaka,Nawabganj,23.681,90.171,Government,
Dohar Union Health Sub Center,Dhaka,Dohar,23.601,90.141,Government,
Keraniganj Union Health Sub Center,Dhaka,Keraniganj,23.691,90.341,Government,
Kapasia Union Health Sub Center,Gazipur,Kapasia,24.121,90.581,Government,
Kaliganj Union Health Sub Center,Gazipur,Kaliganj,23.931,90.591,Government,
Sreepur Union Health Sub Center,Gazipur,Sreepur,24.211,90.481,Government,
Kaliakair Union Health Sub Center,Gazipur,Kaliakair,24.011,90.231,Government,
Narayanganj Sadar Health Sub Center,Narayanganj,Narayanganj Sadar,23.631,90.501,Government,
Araihazar Union Health Sub Center,Narayanganj,Araihazar,23.801,90.661,Government,
Sonargaon Union Health Sub Center,Narayanganj,Sonargaon,23.651,90.611,Government,
Rupganj Union Health Sub Center,Narayanganj,Rupganj,23.801,90.521,Government,
Bandar Union Health Sub Center,Narayanganj,Bandar,23.611,90.531,Government,
Narsingdi Sadar Health Sub Center,Narsingdi,Narsingdi Sadar,23.931,90.731,Government,
Belabo Union Health Sub Center,Narsingdi,Belabo,24.101,90.851,Government,
Manohardi Union Health Sub Center,Narsingdi,Manohardi,24.141,90.711,Government,
Shibpur Union Health Sub Center,Narsingdi,Shibpur,23.991,90.741,Government,
Raipura Union Health Sub Center,Narsingdi,Raipura,24.001,90.891,Government,
Palash Union Health Sub Center,Narsingdi,Palash,23.961,90.631,Government,
Tangail Sadar Health Sub Center,Tangail,Tangail Sadar,24.261,89.931,Government,
Basail Union Health Sub Center,Tangail,Basail,24.231,90.061,Government,
Bhuapur Union Health Sub Center,Tangail,Bhuapur,24.461,89.871,Government,
Delduar Union Health Sub Center,Tangail,Delduar,24.151,89.971,Government,
Dhanbari Union Health Sub Center,Tangail,Dhanbari,24.681,89.991,Government,
Ghatail Union Health Sub Center,Tangail,Ghatail,24.461,90.021,Government,
Gopalpur Union Health Sub Center,Tangail,Gopalpur,24.561,89.931,Government,
Kalihati Union Health Sub Center,Tangail,Kalihati,24.391,90.011,Government,
Madhupur Union Health Sub Center,Tangail,Madhupur,24.621,90.031,Government,
Mirzapur Union Health Sub Center,Tangail,Mirzapur,24.111,90.101,Government,
Nagarpur Union Health Sub Center,Tangail,Nagarpur,24.061,89.881,Government,
Sakhipur Union Health Sub Center,Tangail,Sakhipur,24.321,90.181,Government,
Kishoreganj Sadar Health Sub Center,Kishoreganj,Kishoreganj Sadar,24.441,90.791,Government,
Bhairab Union Health Sub Center,Kishoreganj,Bhairab,24.051,90.991,Government,
Hossainpur Union Health Sub Center,Kishoreganj,Hossainpur,24.421,90.671,Government,
Itna Union Health Sub Center,Kishoreganj,Itna,24.481,91.211,Government,
Karimganj Union Health Sub Center,Kishoreganj,Karimganj,24.461,90.891,Government,
Katiadi Union Health Sub Center,Kishoreganj,Katiadi,24.261,90.801,Government,
Kuliarchar Union Health Sub Center,Kishoreganj,Kuliarchar,24.161,90.911,Government,
Mithamain Union Health Sub Center,Kishoreganj,Mithamain,24.431,91.081,Government,
Nikli Union Health Sub Center,Kishoreganj,Nikli,24.331,90.941,Government,
Pakundia Union Health Sub Center,Kishoreganj,Pakundia,24.331,90.691,Government,
Tarail Union Health Sub Center,Kishoreganj,Tarail,24.541,90.891,Government,
Daulatpur Union Health Sub Center,Manikganj,Daulatpur,23.961,89.861,Government,
Ghiur Union Health Sub Center,Manikganj,Ghiur,23.891,89.881,Government,
Harirampur Union Health Sub Center,Manikganj,Harirampur,23.741,89.971,Government,
Saturia Union Health Sub Center,Manikganj,Saturia,23.941,90.031,Government,
Shivalaya Union Health Sub Center,Manikganj,Shivalaya,23.841,89.791,Government,
Singair Union Health Sub Center,Manikganj,Singair,23.821,90.161,Government,
Bhanga Union Health Sub Center,Faridpur,Bhanga,23.391,89.981,Government,
Boalmari Union Health Sub Center,Faridpur,Boalmari,23.391,89.731,Government,
Char Bhadrasan Union Health Sub Center,Faridpur,Char Bhadrasan,23.581,90.041,Government,
Madhukhali Union Health Sub Center,Faridpur,Madhukhali,23.551,89.681,Government,
Nagarkanda Union Health Sub Center,Faridpur,Nagarkanda,23.421,89.901,Government,
Sadarpur Union Health Sub Center,Faridpur,Sadarpur,23.481,90.041,Government,
Saltha Union Health Sub Center,Faridpur,Saltha,23.451,89.801,Government,
Kashiani Union Health Sub Center,Gopalganj,Kashiani,23.221,89.711,Government,
Kotalipara Union Health Sub Center,Gopalganj,Kotalipara,23.011,89.991,Government,
Tungipara Union Health Sub Center,Gopalganj,Tungipara,22.911,89.901,Government,
Muksudpur Union Health Sub Center,Gopalganj,Muksudpur,23.231,89.861,Government,
Kalkini Union Health Sub Center,Madaripur,Kalkini,23.081,90.241,Government,
Rajoir Union Health Sub Center,Madaripur,Rajoir,23.211,89.941,Government,
Shibchar Union Health Sub Center,Madaripur,Shibchar,23.351,90.181,Government,
Bismillah Specialised Diagnostic Center,Narayanganj,Narayanganj Sadar,23.621,90.501,Private,
Biswas Digital Diagnostic Center,Dhaka,Keraniganj,23.682,90.332,Private,
Central Hospital Shibpur,Narsingdi,Shibpur,23.985,90.735,Private,
Araihazar Central Hospital,Narayanganj,Araihazar,23.7955,90.6555,Private,
Trishal Upazila Health Complex,Mymensingh,Trishal,24.5855,90.3955,Government,01730-324680
Munshiganj 250 Bed District Hospital,Munshiganj,Munshiganj Sadar,23.548,90.532,Government,01730-324545
Gopinathpur 10 Bed Hospital,Gopalganj,Gopalganj Sadar,23.0085,89.8285,Government,
Combined Military Hospital (CMH),Dhaka,Cantonment,23.821,90.402,Premium,02-8827700
Dhaka Shishu (Children) Hospital,Dhaka,Sher-e-Bangla Nagar,23.7715,90.3715,Government,02-8116061
Sheikh Russel Gastroliver Institute & Hospital,Dhaka,Mohakhali,23.7745,90.4045,Government,02-222262333
Sheikh Hasina National Institute of Burn and Plastic Surgery,Dhaka,Shahbagh,23.7225,90.398,Government,02-223381666
National Institute of Laboratory Medicine,Dhaka,Sher-e-Bangla Nagar,23.7715,90.3705,Government,02-41022201
BGB Hospital Pilkhana,Dhaka,Lalbagh,23.7355,90.3755,Government,02-9660331
Railway General Hospital Kamalapur,Dhaka,Motijheel,23.7315,90.4255,Government,02-9350151
Prison Hospital Keraniganj,Dhaka,Keraniganj,23.6825,90.3325,Government,
Austagram Upazila Health Complex,Kishoreganj,Austagram,24.2675,91.1255,Government,01730-324493
Itna Upazila Health Complex,Kishoreganj,Itna,24.475,91.205,Government,01730-324493
Mithamain Upazila Health Complex,Kishoreganj,Mithamain,24.425,91.075,Government,01730-324497
Nikli Upazila Health Complex,Kishoreganj,Nikli,24.325,90.935,Government,01730-324498
Baliakandi Upazila Health Complex,Rajbari,Baliakandi,23.635,89.555,Government,01730-324523
Kalukhali Upazila Health Complex,Rajbari,Kalukhali,23.745,89.495,Government,01730-324524
Damudya Upazila Health Complex,Shariatpur,Damudya,23.135,90.435,Government,01730-324532
Gosairhat Upazila Health Complex,Shariatpur,Gosairhat,23.075,90.435,Government,01730-324533
Saltha Upazila Health Complex,Faridpur,Saltha,23.445,89.795,Government,01730-324577
Harirampur Upazila Health Complex,Manikganj,Harirampur,23.735,89.965,Government,01730-324553
Daulatpur Upazila Health Complex,Manikganj,Daulatpur,23.955,89.855,Government,01730-324551
Belabo Upazila Health Complex,Narsingdi,Belabo,24.095,90.845,Government,01730-324611
Basail Upazila Health Complex,Tangail,Basail,24.225,90.055,Government,01730-324601
Delduar Upazila Health Complex,Tangail,Delduar,24.145,89.965,Government,01730-324603
Nagarpur Upazila Health Complex,Tangail,Nagarpur,24.055,89.875,Government,01730-324609
Dhanbari Upazila Health Complex,Tangail,Dhanbari,24.675,89.985,Government,
Pangsha Mother Care Clinic,Rajbari,Pangsha,23.796,89.416,Private,
Goalanda Diagnostic Center,Rajbari,Goalanda,23.736,89.766,Private,
Baliakandi Digital Lab,Rajbari,Baliakandi,23.636,89.556,Private,
Kalukhali General Clinic,Rajbari,Kalukhali,23.746,89.496,Private,
Bhedarganj Mother Care,Shariatpur,Bhedarganj,23.196,90.486,Private,
Damudya Diagnostic Complex,Shariatpur,Damudya,23.136,90.436,Private,
Gosairhat Modern Clinic,Shariatpur,Gosairhat,23.076,90.436,Private,
Naria Digital Lab & Clinic,Shariatpur,Naria,23.316,90.416,Private,
Zanjira Mother & Child Clinic,Shariatpur,Zanjira,23.416,90.286,Private,
Kalkini Mother Care Clinic,Madaripur,Kalkini,23.072,90.237,Private,
Rajoir Diagnostic & Consultation,Madaripur,Rajoir,23.207,89.937,Private,
Shibchar General Clinic,Madaripur,Shibchar,23.347,90.177,Private,
Kashiani Mother Care,Gopalganj,Kashiani,23.217,89.707,Private,
Tungipara Diagnostic Center,Gopalganj,Tungipara,22.907,89.897,Private,
Muksudpur Modern Clinic,Gopalganj,Muksudpur,23.227,89.857,Private,
Bhanga Mother Care Clinic,Faridpur,Bhanga,23.387,89.977,Private,
Boalmari Diagnostic complex,Faridpur,Boalmari,23.387,89.727,Private,
Madhukhali Mother & Child Clinic,Faridpur,Madhukhali,23.547,89.677,Private,
Nagarkanda General Hospital (Pvt),Faridpur,Nagarkanda,23.417,89.897,Private,
Sadarpur Diagnostic Center,Faridpur,Sadarpur,23.477,90.037,Private,
Saltha General Clinic,Faridpur,Saltha,23.447,89.797,Private,
Singair Mother Care Clinic,Manikganj,Singair,23.817,90.157,Private,
Saturia Diagnostic Complex,Manikganj,Saturia,23.937,90.027,Private,
Shivalaya Mother & Child Clinic,Manikganj,Shivalaya,23.837,89.787,Private,
Harirampur General Clinic,Manikganj,Harirampur,23.737,89.967,Private,
Ghiur Diagnostic Center,Manikganj,Ghiur,23.887,89.877,Private,
Daulatpur Mother Care Clinic,Manikganj,Daulatpur,23.957,89.857,Private,
Belabo Diagnostic Complex,Narsingdi,Belabo,24.097,90.847,Private,
Manohardi Mother & Child Clinic,Narsingdi,Manohardi,24.137,90.707,Private,
Palash General Clinic,Narsingdi,Palash,23.957,90.627,Private,
Raipura Mother Care Clinic,Narsingdi,Raipura,23.997,90.887,Private,
Kapasia Diagnostic Complex,Gazipur,Kapasia,24.117,90.577,Private,
Kaliganj Mother & Child Clinic,Gazipur,Kaliganj,23.927,90.587,Private,
Araihazar General Clinic,Narayanganj,Araihazar,23.797,90.657,Private,
Sonargaon Diagnostic Complex,Narayanganj,Sonargaon,23.647,90.607,Private,
Rupganj Mother & Child Clinic,Narayanganj,Rupganj,23.797,90.517,Private,
Bandar General Clinic,Narayanganj,Bandar,23.607,90.527,Private,
Sakhipur Mother Care Clinic,Tangail,Sakhipur,24.317,90.177,Private,
Basail Diagnostic Complex,Tangail,Basail,24.227,90.057,Private,
Delduar General Clinic,Tangail,Delduar,24.147,89.967,Private,
Gopalpur Mother Care Clinic,Tangail,Gopalpur,24.557,89.927,Private,
Bhuapur Diagnostic Complex,Tangail,Bhuapur,24.457,89.867,Private,
Dhanbari Mother & Child Clinic,Tangail,Dhanbari,24.677,89.987,Private,
Bhairab Mother Care Clinic,Kishoreganj,Bhairab,24.047,90.987,Private,
Hossainpur Diagnostic Complex,Kishoreganj,Hossainpur,24.417,90.667,Private,
Karimganj Mother & Child Clinic,Kishoreganj,Karimganj,24.457,90.887,Private,
Katiadi General Clinic,Kishoreganj,Katiadi,24.257,90.797,Private,
Kuliarchar Mother Care Clinic,Kishoreganj,Kuliarchar,24.157,90.907,Private,
Pakundia Diagnostic Complex,Kishoreganj,Pakundia,24.327,90.687,Private,
Tarail Mother & Child Clinic,Kishoreganj,Tarail,24.537,90.887,Private,
Gajaria Mother Care Clinic,Munshiganj,Gajaria,23.547,90.687,Private,
Lohajang Diagnostic Complex,Munshiganj,Lohajang,23.477,90.287,Private,
Tongibari Mother & Child Clinic,Munshiganj,Tongibari,23.507,90.457,Private,
Sreenagar General Clinic,Munshiganj,Sreenagar,23.537,90.287,Private,
Nawabgonj Clinic (Digital Lab),Dhaka,Nawabganj,23.674,90.164,Private,
Dohar Mother Care Hospital,Dhaka,Dohar,23.609,90.139,Private,
Keraniganj Diagnostic Complex,Dhaka,Keraniganj,23.684,90.344,Private,
Dhamrai Mother & Child Clinic,Dhaka,Dhamrai,23.923,90.223,Private,
Savar Diagnostic & Consultation,Dhaka,Savar,23.856,90.266,Private,
Banasree Mother Care Clinic,Dhaka,Rampura,23.763,90.423,Private,
Khilgaon Diagnostic Complex,Dhaka,Khilgaon,23.756,90.426,Private,
Jatrabari Mother & Child Clinic,Dhaka,Jatrabari,23.706,90.456,Private,
Mohammadpur Mother Care,Dhaka,Mohammadpur,23.766,90.366,Private,
Gulshan Mother & Child Clinic,Dhaka,Gulshan,23.786,90.416,Private,
Banani Diagnostic Complex,Dhaka,Banani,23.796,90.406,Private,
Lalbagh Mother Care Clinic,Dhaka,Lalbagh,23.716,90.386,Private,
Wari Diagnostic Complex,Dhaka,Wari,23.716,90.413,Private,
Demra Mother & Child Clinic,Dhaka,Demra,23.713,90.463,Private,
Uttara Mother Care Clinic,Dhaka,Uttara,23.876,90.386,Private,
Mirpur Mother & Child Clinic,Dhaka,Mirpur,23.806,90.356,Private,
Adabor Diagnostic Complex,Dhaka,Adabor,23.776,90.356,Private,
Pallabi Mother & Child Clinic,Dhaka,Pallabi,23.819,90.366,Private,
Kafrul Diagnostic complex,Dhaka,Kafrul,23.816,90.386,Private,
Dakshinkhan Mother Care,Dhaka,Dakshinkhan,23.866,90.416,Private,
Turag Diagnostic Complex,Dhaka,Turag,23.886,90.376,Private,
Bhatara Mother Care Clinic,Dhaka,Bhatara,23.816,90.426,Private,
Kamrangir Char Diagnostic,Dhaka,Kamrangir Char,23.713,90.363,Private,
Gendaria Mother Care Clinic,Dhaka,Gendaria,23.706,90.426,Private,
Hazaribagh Diagnostic Complex,Dhaka,Hazaribagh,23.726,90.366,Private,
Sutrapur Mother & Child Clinic,Dhaka,Sutrapur,23.706,90.426,Private,
Dhaka Union Health post 01,Dhaka,Kotwali,23.712,90.399,Government,
Dhaka Union Health post 02,Dhaka,Bangshal,23.715,90.402,Government,
Dhaka Union Health post 03,Dhaka,Lalbagh,23.718,90.382,Government,
Dhaka Union Health post 04,Dhaka,Chak Bazar,23.722,90.392,Government,
Dhaka Union Health post 05,Dhaka,Shahbagh,23.738,90.395,Government,
Dhaka Union Health post 06,Dhaka,Ramna,23.742,90.402,Government,
Dhaka Union Health post 07,Dhaka,Paltan,23.732,90.412,Government,
Dhaka Union Health post 08,Dhaka,Motijheel,23.733,90.418,Government,
Dhaka Union Health post 09,Dhaka,Sabujbagh,23.738,90.435,Government,
Dhaka Union Health post 10,Dhaka,Mugda Para,23.732,90.432,Government,
Dhaka Union Health post 11,Dhaka,Khilgaon,23.755,90.425,Government,
Dhaka Union Health post 12,Dhaka,Rampura,23.762,90.422,Government,
Dhaka Union Health post 13,Dhaka,Badda,23.785,90.425,Government,
Dhaka Union Health post 14,Dhaka,Bhatara,23.815,90.425,Government,
Dhaka Union Health post 15,Dhaka,Gulshan,23.785,90.415,Government,
Dhaka Union Health post 16,Dhaka,Banani,23.792,90.405,Government,
Dhaka Union Health post 17,Dhaka,Mohakhali,23.778,90.402,Government,
Dhaka Union Health post 18,Dhaka,Tejgaon,23.758,90.392,Government,
Dhaka Union Health post 19,Dhaka,Farmgate,23.758,90.388,Government,
Dhaka Union Health post 20,Dhaka,Kalabagan,23.748,90.385,Government,
Dhaka Union Health post 21,Dhaka,Dhanmondi,23.745,90.375,Government,
Dhaka Union Health post 22,Dhaka,Mohammadpur,23.762,90.362,Government,
Dhaka Union Health post 23,Dhaka,Adabor,23.775,90.355,Government,
Dhaka Union Health post 24,Dhaka,Sher-e-bangla Nagar,23.772,90.375,Government,
Dhaka Union Health post 25,Dhaka,Agargaon,23.775,90.375,Government,
Dhaka Union Health post 26,Dhaka,Kafrul,23.815,90.385,Government,
Dhaka Union Health post 27,Dhaka,Cantonment,23.825,90.392,Government,
Dhaka Union Health post 28,Dhaka,Pallabi,23.818,90.365,Government,
Dhaka Union Health post 29,Dhaka,Mirpur,23.805,90.355,Government,
Dhaka Union Health post 30,Dhaka,Turag,23.892,90.365,Government,
Dhaka Union Health post 31,Dhaka,Uttara Paschim,23.882,90.385,Government,
Dhaka Union Health post 32,Dhaka,Uttara Purba,23.868,90.405,Government,
Dhaka Union Health post 33,Dhaka,Dakshinkhan,23.865,90.418,Government,
Dhaka Union Health post 34,Dhaka,Khilkhet,23.835,90.425,Government,
Dhaka Union Health post 35,Dhaka,Demra,23.712,90.458,Government,
Dhaka Union Health post 36,Dhaka,Jatrabari,23.705,90.455,Government,
Dhaka Union Health post 37,Dhaka,Shyampur,23.698,90.448,Government,
Dhaka Union Health post 38,Dhaka,Kadamtali,23.705,90.465,Government,
Dhaka Union Health post 39,Dhaka,Kamrangir Char,23.712,90.362,Government,
Dhaka Union Health post 40,Dhaka,Hazaribagh,23.725,90.365,Government,
Narsingdi Union Health post 01,Narsingdi,Narsingdi Sadar,23.921,90.721,Government,
Narsingdi Union Health post 02,Narsingdi,Belabo,24.095,90.845,Government,
Narsingdi Union Health post 03,Narsingdi,Manohardi,24.135,90.705,Government,
Narsingdi Union Health post 04,Narsingdi,Shibpur,23.985,90.735,Government,
Narsingdi Union Health post 05,Narsingdi,Raipura,23.995,90.885,Government,
Narsingdi Union Health post 06,Narsingdi,Palash,23.955,90.625,Government,
Gazipur Union Health post 01,Gazipur,Gazipur Sadar,24.001,90.421,Government,
Gazipur Union Health post 02,Gazipur,Tongi,23.902,90.405,Government,
Gazipur Union Health post 03,Gazipur,Sreepur,24.205,90.475,Government,
Gazipur Union Health post 04,Gazipur,Kaliakair,24.005,90.225,Government,
Gazipur Union Health post 05,Gazipur,Kaliganj,23.925,90.585,Government,
Gazipur Union Health post 06,Gazipur,Kapasia,24.115,90.575,Government,
Narayanganj Union Health post 01,Narayanganj,Narayanganj Sadar,23.626,90.501,Government,
Narayanganj Union Health post 02,Narayanganj,Araihazar,23.795,90.655,Government,
Narayanganj Union Health post 03,Narayanganj,Sonargaon,23.645,90.605,Government,
Narayanganj Union Health post 04,Narayanganj,Rupganj,23.795,90.515,Government,
Narayanganj Union Health post 05,Narayanganj,Bandar,23.605,90.525,Government,
Tangail Union Health post 01,Tangail,Tangail Sadar,24.251,89.921,Government,
Tangail Union Health post 02,Tangail,Sakhipur,24.315,90.175,Government,
Tangail Union Health post 03,Tangail,Basail,24.225,90.055,Government,
Tangail Union Health post 04,Tangail,Mirzapur,24.102,90.095,Government,
Tangail Union Health post 05,Tangail,Delduar,24.145,89.965,Government,
Tangail Union Health post 06,Tangail,Nagarpur,24.055,89.875,Government,
Tangail Union Health post 07,Tangail,Kalihati,24.38,90.005,Government,
Tangail Union Health post 08,Tangail,Ghatail,24.45,90.01,Government,
Tangail Union Health post 09,Tangail,Gopalpur,24.55,89.92,Government,
Tangail Union Health post 10,Tangail,Bhuapur,24.455,89.865,Government,
Tangail Union Health post 11,Tangail,Dhanbari,24.675,89.985,Government,
Tangail Union Health post 12,Tangail,Madhupur,24.615,90.025,Government,
Manikganj Union Health post 01,Manikganj,Manikganj Sadar,23.861,90.001,Government,
Manikganj Union Health post 02,Manikganj,Singair,23.815,90.155,Government,
Manikganj Union Health post 03,Manikganj,Saturia,23.935,90.025,Government,
Manikganj Union Health post 04,Manikganj,Shivalaya,23.835,89.785,Government,
Manikganj Union Health post 05,Manikganj,Harirampur,23.735,89.965,Government,
Manikganj Union Health post 06,Manikganj,Ghiur,23.885,89.875,Government,
Manikganj Union Health post 07,Manikganj,Daulatpur,23.955,89.855,Government,
Faridpur Union Health post 01,Faridpur,Faridpur Sadar,23.601,89.831,Government,
Faridpur Union Health post 02,Faridpur,Bhanga,23.385,89.975,Government,
Faridpur Union Health post 03,Faridpur,Boalmari,23.385,89.725,Government,
Faridpur Union Health post 04,Faridpur,Char Bhadrasan,23.575,90.035,Government,
Faridpur Union Health post 05,Faridpur,Madhukhali,23.545,89.675,Government,
Faridpur Union Health post 06,Faridpur,Nagarkanda,23.415,89.895,Government,
Faridpur Union Health post 07,Faridpur,Sadarpur,23.475,90.035,Government,
Faridpur Union Health post 08,Faridpur,Saltha,23.445,89.795,Government,
Gopalganj Union Health post 01,Gopalganj,Gopalganj Sadar,23.005,89.825,Government,
Gopalganj Union Health post 02,Gopalganj,Kashiani,23.215,89.705,Government,
Gopalganj Union Health post 03,Gopalganj,Kotalipara,23.005,89.985,Government,
Gopalganj Union Health post 04,Gopalganj,Tungipara,22.905,89.895,Government,
Gopalganj Union Health post 05,Gopalganj,Muksudpur,23.225,89.855,Government,
Madaripur Union Health post 01,Madaripur,Madaripur Sadar,23.165,90.215,Government,
Madaripur Union Health post 02,Madaripur,Kalkini,23.07,90.235,Government,
Madaripur Union Health post 03,Madaripur,Rajoir,23.205,89.935,Government,
Madaripur Union Health post 04,Madaripur,Shibchar,23.345,90.175,Government,
Shariatpur Union Health post 01,Shariatpur,Shariatpur Sadar,23.212,90.345,Government,
Shariatpur Union Health post 02,Shariatpur,Bhedarganj,23.195,90.485,Government,
Shariatpur Union Health post 03,Shariatpur,Damudya,23.135,90.435,Government,
Shariatpur Union Health post 04,Shariatpur,Gosairhat,23.075,90.435,Government,
Shariatpur Union Health post 05,Shariatpur,Naria,23.315,90.415,Government,
Shariatpur Union Health post 06,Shariatpur,Zanjira,23.415,90.285,Government,
Rajbari Union Health post 01,Rajbari,Rajbari Sadar,23.755,89.655,Government,
Rajbari Union Health post 02,Rajbari,Goalanda,23.735,89.765,Government,
Rajbari Union Health post 03,Rajbari,Pangsha,23.795,89.415,Government,
Rajbari Union Health post 04,Rajbari,Baliakandi,23.635,89.555,Government,
Rajbari Union Health post 05,Rajbari,Kalukhali,23.745,89.495,Government,
Nawabganj Health Post 01,Dhaka,Nawabganj,23.685,90.175,Government,
Dohar Health Post 01,Dhaka,Dohar,23.615,90.155,Government,
Keraniganj Health Post 01,Dhaka,Keraniganj,23.695,90.345,Government,
Dhamrai Health Post 01,Dhaka,Dhamrai,23.935,90.235,Government,
Savar Health Post 01,Dhaka,Savar,23.865,90.275,Government,
Kapasia Health Post 01,Gazipur,Kapasia,24.135,90.595,Government,
Kaliganj Health Post 01,Gazipur,Kaliganj,23.945,90.605,Government,
Sreepur Health Post 01,Gazipur,Sreepur,24.225,90.495,Government,
Kaliakair Health Post 01,Gazipur,Kaliakair,24.025,90.245,Government,
Araihazar Health Post 01,Narayanganj,Araihazar,23.815,90.675,Government,
Sonargaon Health Post 01,Narayanganj,Sonargaon,23.665,90.625,Government,
Rupganj Health Post 01,Narayanganj,Rupganj,23.815,90.535,Government,
Bandar Health Post 01,Narayanganj,Bandar,23.625,90.545,Government,
Belabo Health Post 01,Narsingdi,Belabo,24.115,90.865,Government,
Manohardi Health Post 01,Narsingdi,Manohardi,24.155,90.725,Government,
Shibpur Health Post 01,Narsingdi,Shibpur,24.005,90.755,Government,
Raipura Health Post 01,Narsingdi,Raipura,24.015,90.905,Government,
Palash Health Post 01,Narsingdi,Palash,23.975,90.645,Government,
Basail Health Post 01,Tangail,Basail,24.245,90.075,Government,
Bhuapur Health Post 01,Tangail,Bhuapur,24.475,89.885,Government,
Delduar Health Post 01,Tangail,Delduar,24.165,89.985,Government,
Dhanbari Health Post 01,Tangail,Dhanbari,24.695,90.005,Government,
Ghatail Health Post 01,Tangail,Ghatail,24.475,90.035,Government,
Gopalpur Health Post 01,Tangail,Gopalpur,24.575,89.945,Government,
Kalihati Health Post 01,Tangail,Kalihati,24.405,90.025,Government,
Madhupur Health Post 01,Tangail,Madhupur,24.635,90.045,Government,
Mirzapur Health Post 01,Tangail,Mirzapur,24.125,90.115,Government,
Nagarpur Health Post 01,Tangail,Nagarpur,24.075,89.895,Government,
Sakhipur Health Post 01,Tangail,Sakhipur,24.335,90.195,Government,
Bhairab Health Post 01,Kishoreganj,Bhairab,24.065,91.005,Government,
Hossainpur Health Post 01,Kishoreganj,Hossainpur,24.435,90.685,Government,
Itna Health Post 01,Kishoreganj,Itna,24.495,91.225,Government,
Karimganj Health Post 01,Kishoreganj,Karimganj,24.475,90.905,Government,
Katiadi Health Post 01,Kishoreganj,Katiadi,24.275,90.815,Government,
Kuliarchar Health Post 01,Kishoreganj,Kuliarchar,24.175,90.925,Government,
Mithamain Health Post 01,Kishoreganj,Mithamain,24.445,91.095,Government,
Nikli Health Post 01,Kishoreganj,Nikli,24.345,90.955,Government,
Pakundia Health Post 01,Kishoreganj,Pakundia,24.345,90.705,Government,
Tarail Health Post 01,Kishoreganj,Tarail,24.555,90.905,Government,
Gajaria Health Post 01,Munshiganj,Gajaria,23.565,90.705,Government,
Lohajang Health Post 01,Munshiganj,Lohajang,23.495,90.305,Government,
Serajdikhan Health Post 01,Munshiganj,Serajdikhan,23.655,90.345,Government,
Sreenagar Health Post 01,Munshiganj,Sreenagar,23.555,90.305,Government,
Tongibari Health Post 01,Munshiganj,Tongibari,23.525,90.475,Government,
Daulatpur Health Post 01,Manikganj,Daulatpur,23.975,89.875,Government,
Ghiur Health Post 01,Manikganj,Ghiur,23.905,89.895,Government,
Harirampur Health Post 01,Manikganj,Harirampur,23.755,89.985,Government,
Saturia Health Post 01,Manikganj,Saturia,23.955,90.045,Government,
Shivalaya Health Post 01,Manikganj,Shivalaya,23.855,89.805,Government,
Singair Health Post 01,Manikganj,Singair,23.835,90.175,Government,
Bhanga Health Post 01,Faridpur,Bhanga,23.405,89.995,Government,
Boalmari Health Post 01,Faridpur,Boalmari,23.405,89.745,Government,
Char Bhadrasan Health Post 01,Faridpur,Char Bhadrasan,23.595,90.055,Government,
Madhukhali Health Post 01,Faridpur,Madhukhali,23.565,89.695,Government,
Nagarkanda Health Post 01,Faridpur,Nagarkanda,23.435,89.915,Government,
Sadarpur Health Post 01,Faridpur,Sadarpur,23.495,90.055,Government,
Saltha Health Post 01,Faridpur,Saltha,23.465,89.815,Government,
Kashiani Health Post 01,Gopalganj,Kashiani,23.235,89.725,Government,
Kotalipara Health Post 01,Gopalganj,Kotalipara,23.025,90.005,Government,
Muksudpur Health Post 01,Gopalganj,Muksudpur,23.245,89.875,Government,
Tungipara Health Post 01,Gopalganj,Tungipara,22.925,89.915,Government,
Kalkini Health Post 01,Madaripur,Kalkini,23.095,90.255,Government,
Rajoir Health Post 01,Madaripur,Rajoir,23.225,89.955,Government,
Shibchar Health Post 01,Madaripur,Shibchar,23.365,90.195,Government,
Bhedarganj Health Post 01,Shariatpur,Bhedarganj,23.215,90.505,Government,
Damudya Health Post 01,Shariatpur,Damudya,23.155,90.455,Government,
Gosairhat Health Post 01,Shariatpur,Gosairhat,23.095,90.455,Government,
Naria Health Post 01,Shariatpur,Naria,23.335,90.435,Government,
Goalanda Health Post 01,Rajbari,Goalanda,23.755,89.785,Government,
Pangsha Health Post 01,Rajbari,Pangsha,23.815,89.435,Government,
Baliakandi Health Post 01,Rajbari,Baliakandi,23.655,89.575,Government,
Kalukhali Health Post 01,Rajbari,Kalukhali,23.765,89.515,Government,
Update Diagnostic Center,Dhaka,Banani,23.793,90.406,Private,
Modern Medical Hall & Clinic,Dhaka,Savar,23.858,90.266,Private,
Dhamrai Digital Eye Hospital,Dhaka,Dhamrai,23.918,90.222,Private,
Nawabganj Surgical Clinic,Dhaka,Nawabganj,23.672,90.162,Private,
Dohar Pathology Center,Dhaka,Dohar,23.606,90.136,Private,
Keraniganj Dental Clinic,Dhaka,Keraniganj,23.684,90.344,Private,
Savar Heart & Chest Clinic,Dhaka,Savar,23.854,90.264,Private,
Gazipur Skin Care Center,Gazipur,Gazipur Sadar,24.004,90.424,Private,
Narayanganj Orthopedic Care,Narayanganj,Narayanganj Sadar,23.626,90.506,Private,
Tangail Neuro Medicine Unit,Tangail,Tangail Sadar,24.256,89.926,Private,
Narsingdi Diabetic Care Lab,Narsingdi,Narsingdi Sadar,23.924,90.724,Private,
Faridpur Children Care Clinic,Faridpur,Faridpur Sadar,23.608,89.838,Private,
Gopalganj Eye & Vision Center,Gopalganj,Gopalganj Sadar,23.004,89.824,Private,
Madaripur Kidney Foundation Lab,Madaripur,Madaripur Sadar,23.164,90.214,Private,
Shariatpur Gastro & Liver Clinic,Shariatpur,Shariatpur Sadar,23.218,90.348,Private,
Rajbari Chest & Asthma Clinic,Rajbari,Rajbari Sadar,23.758,89.658,Private,
Munshiganj Burn & Surgery Clinic,Munshiganj,Munshiganj Sadar,23.552,90.532,Private,
Manikganj ENT & Voice Center,Manikganj,Manikganj Sadar,23.864,90.004,Private,
Kishoreganj Hormone & Diabetic Lab,Kishoreganj,Kishoreganj Sadar,24.434,90.784,Private,
Uttara Urology & Kidney Center,Dhaka,Uttara Paschim,23.884,90.384,Private,
Mirpur Dental Surgery Center,Dhaka,Mirpur,23.804,90.354,Private,
Dhanmondi Physiotherapy Unit,Dhaka,Dhanmondi,23.744,90.374,Private,
Gulshan Infertility Clinic,Dhaka,Gulshan,23.784,90.414,Private,
Banani Laser & Skin Clinic,Dhaka,Banani,23.791,90.401,Private,
Tejgaon Trauma Care Center,Dhaka,Tejgaon,23.754,90.394,Private,
Mohakhali Chest & Respiratory Unit,Dhaka,Mohakhali,23.774,90.401,Private,
Jatrabari Maternity Unit,Dhaka,Jatrabari,23.704,90.454,Private,
Rampura Specialized Lab,Dhaka,Rampura,23.761,90.421,Private,
Khilgaon Mother & Baby Clinic,Dhaka,Khilgaon,23.754,90.424,Private,
Sabujbagh Digital Lab,Dhaka,Sabujbagh,23.737,90.437,Private,
Mugda Specialized Diagnostic,Dhaka,Mugda Para,23.731,90.431,Private,
Demra Children's Clinic,Dhaka,Demra,23.711,90.461,Private,
Adabor Orthopedic Lab,Dhaka,Adabor,23.774,90.354,Private,
Pallabi Kidney Care Unit,Dhaka,Pallabi,23.817,90.364,Private,
Kafrul Mental Health Clinic,Dhaka,Kafrul,23.814,90.384,Private,
Bhatara Diagnostic Center,Dhaka,Bhatara,23.814,90.424,Private,
Khilkhet Mother Care Unit,Dhaka,Khilkhet,23.834,90.424,Private,
Kamrangir Char General Lab,Dhaka,Kamrangir Char,23.711,90.361,Private,
Lalbagh Specialized Clinic,Dhaka,Lalbagh,23.714,90.384,Private,
Hazaribagh Skin & Laser Unit,Dhaka,Hazaribagh,23.724,90.364,Private,
Bangshal Pediatric Care,Dhaka,Bangshal,23.714,90.401,Private,
Chak Bazar Diagnostic Center,Dhaka,Chak Bazar,23.721,90.391,Private,
Gendaria specialized unit,Dhaka,Gendaria,23.704,90.424,Private,
Shyampur Mother Care Clinic,Dhaka,Shyampur,23.694,90.434,Private,
Kadamtali Diagnostic Complex,Dhaka,Kadamtali,23.704,90.444,Private,
Sher-e-bangla nagar specialized lab,Dhaka,Sher-e-bangla Nagar,23.771,90.371,Private,
Kalabagan Mother Care,Dhaka,Kalabagan,23.747,90.384,Private,
Paltan General Diagnostic,Dhaka,Paltan,23.731,90.411,Private,
Motijheel Heart Unit,Dhaka,Motijheel,23.732,90.416,Private,
Shahbagh Specialized Clinic,Dhaka,Shahbagh,23.737,90.394,Private,
Ramna Digital Center,Dhaka,Ramna,23.741,90.401,Private,
Wari Specialized Diagnostic,Dhaka,Wari,23.714,90.412,Private,
Sutrapur Pediatric Center,Dhaka,Sutrapur,23.704,90.424,Private,
Kotwali General Clinic,Dhaka,Kotwali,23.711,90.397,Private,
Dakshinkhan Digital Lab,Dhaka,Dakshinkhan,23.864,90.414,Private,
Uttarkhan Mother Care,Dhaka,Uttarkhan,23.874,90.414,Private,
Turag Specialized Diagnostic,Dhaka,Turag,23.884,90.374,Private,
Bhasan Tek General Clinic,Dhaka,Bhasan Tek,23.814,90.384,Private,
Cantonment Specialized Lab,Dhaka,Cantonment,23.821,90.391,Private,
Pangsha Health Post 02,Rajbari,Pangsha,23.805,89.425,Government,
Baliakandi Health Post 02,Rajbari,Baliakandi,23.645,89.565,Government,
Goalanda Health Post 02,Rajbari,Goalanda,23.745,89.775,Government,
Kalukhali Health Post 02,Rajbari,Kalukhali,23.755,89.505,Government,
Zanjira Health Post 02,Shariatpur,Zanjira,23.425,90.295,Government,
Naria Health Post 02,Shariatpur,Naria,23.325,90.425,Government,
Gosairhat Health Post 02,Shariatpur,Gosairhat,23.085,90.445,Government,
Damudya Health Post 02,Shariatpur,Damudya,23.145,90.445,Government,
Bhedarganj Health Post 02,Shariatpur,Bhedarganj,23.205,90.495,Government,
Lohajang Health Post 02,Munshiganj,Lohajang,23.485,90.295,Government,
Sreenagar Health Post 02,Munshiganj,Sreenagar,23.545,90.295,Government,
Serajdikhan Health Post 02,Munshiganj,Serajdikhan,23.645,90.335,Government,
Tongibari Health Post 02,Munshiganj,Tongibari,23.515,90.465,Government,
Gajaria Health Post 02,Munshiganj,Gajaria,23.555,90.695,Government,
Savar Health Post 02,Dhaka,Savar,23.865,90.275,Government,
Dhamrai Health Post 02,Dhaka,Dhamrai,23.935,90.235,Government,
Nawabganj Health Post 02,Dhaka,Nawabganj,23.685,90.175,Government,
Dohar Health Post 02,Dhaka,Dohar,23.615,90.155,Government,
Keraniganj Health Post 02,Dhaka,Keraniganj,23.695,90.345,Government,
Kapasia Health Post 02,Gazipur,Kapasia,24.135,90.595,Government,
Kaliganj Health Post 02,Gazipur,Kaliganj,23.945,90.605,Government,
Sreepur Health Post 02,Gazipur,Sreepur,24.225,90.495,Government,
Kaliakair Health Post 02,Gazipur,Kaliakair,24.025,90.245,Government,
Araihazar Health Post 02,Narayanganj,Araihazar,23.815,90.675,Government,
Sonargaon Health Post 02,Narayanganj,Sonargaon,23.665,90.625,Government,
Rupganj Health Post 02,Narayanganj,Rupganj,23.815,90.535,Government,
Bandar Health Post 02,Narayanganj,Bandar,23.625,90.545,Government,
Belabo Health Post 02,Narsingdi,Belabo,24.115,90.865,Government,
Manohardi Health Post 02,Narsingdi,Manohardi,24.155,90.725,Government,
Shibpur Health Post 02,Narsingdi,Shibpur,24.005,90.755,Government,
Raipura Health Post 02,Narsingdi,Raipura,24.015,90.905,Government,
Palash Health Post 02,Narsingdi,Palash,23.975,90.645,Government,
Basail Health Post 02,Tangail,Basail,24.245,90.075,Government,
Bhuapur Health Post 02,Tangail,Bhuapur,24.475,89.885,Government,
Delduar Health Post 02,Tangail,Delduar,24.165,89.985,Government,
Dhanbari Health Post 02,Tangail,Dhanbari,24.695,90.005,Government,
Ghatail Health Post 02,Tangail,Ghatail,24.475,90.035,Government,
Gopalpur Health Post 02,Tangail,Gopalpur,24.575,89.945,Government,
Kalihati Health Post 02,Tangail,Kalihati,24.405,90.025,Government,
Madhupur Health Post 02,Tangail,Madhupur,24.635,90.045,Government,
Mirzapur Health Post 02,Tangail,Mirzapur,24.125,90.115,Government,
Nagarpur Health Post 02,Tangail,Nagarpur,24.075,89.895,Government,
Sakhipur Health Post 02,Tangail,Sakhipur,24.335,90.195,Government,
Bhairab Health Post 02,Kishoreganj,Bhairab,24.065,91.005,Government,
Hossainpur Health Post 02,Kishoreganj,Hossainpur,24.435,90.685,Government,
Itna Health Post 02,Kishoreganj,Itna,24.495,91.225,Government,
Karimganj Health Post 02,Kishoreganj,Karimganj,24.475,90.905,Government,
Katiadi Health Post 02,Kishoreganj,Katiadi,24.275,90.815,Government,
Kuliarchar Health Post 02,Kishoreganj,Kuliarchar,24.175,90.925,Government,
Mithamain Health Post 02,Kishoreganj,Mithamain,24.445,91.095,Government,
Nikli Health Post 02,Kishoreganj,Nikli,24.345,90.955,Government,
Pakundia Health Post 02,Kishoreganj,Pakundia,24.345,90.705,Government,
Tarail Health Post 02,Kishoreganj,Tarail,24.555,90.905,Government,
Daulatpur Health Post 02,Manikganj,Daulatpur,23.975,89.875,Government,
Ghiur Health Post 02,Manikganj,Ghiur,23.905,89.895,Government,
Harirampur Health Post 02,Manikganj,Harirampur,23.755,89.985,Government,
Saturia Health Post 02,Manikganj,Saturia,23.955,90.045,Government,
Shivalaya Health Post 02,Manikganj,Shivalaya,23.855,89.805,Government,
Singair Health Post 02,Manikganj,Singair,23.835,90.175,Government,
Bhanga Health Post 02,Faridpur,Bhanga,23.405,89.995,Government,
Boalmari Health Post 02,Faridpur,Boalmari,23.405,89.745,Government,
Char Bhadrasan Health Post 02,Faridpur,Char Bhadrasan,23.595,90.055,Government,
Madhukhali Health Post 02,Faridpur,Madhukhali,23.565,89.695,Government,
Nagarkanda Health Post 02,Faridpur,Nagarkanda,23.435,89.915,Government,
Sadarpur Health Post 02,Faridpur,Sadarpur,23.495,90.055,Government,
Saltha Health Post 02,Faridpur,Saltha,23.465,89.815,Government,
Kashiani Health Post 02,Gopalganj,Kashiani,23.235,89.725,Government,
Kotalipara Health Post 02,Gopalganj,Kotalipara,23.025,90.005,Government,
Muksudpur Health Post 02,Gopalganj,Muksudpur,23.245,89.875,Government,
Tungipara Health Post 02,Gopalganj,Tungipara,22.925,89.915,Government,
Kalkini Health Post 02,Madaripur,Kalkini,23.095,90.255,Government,
Rajoir Health Post 02,Madaripur,Rajoir,23.225,89.955,Government,
Shibchar Health Post 02,Madaripur,Shibchar,23.365,90.195,Government,
Dhaka Metro Clinic 01,Dhaka,Mohammadpur,23.768,90.368,Private,
Dhaka Metro Clinic 02,Dhaka,Mirpur,23.81,90.36,Private,
Dhaka Metro Clinic 03,Dhaka,Uttara,23.88,90.39,Private,
Dhaka Metro Clinic 04,Dhaka,Dhanmondi,23.748,90.378,Private,
Dhaka Metro Clinic 05,Dhaka,Gulshan,23.788,90.418,Private,
Dhaka Metro Clinic 06,Dhaka,Banani,23.795,90.405,Private,
Dhaka Metro Clinic 07,Dhaka,Tejgaon,23.758,90.398,Private,
Dhaka Metro Clinic 08,Dhaka,Mohakhali,23.775,90.402,Private,
Dhaka Metro Clinic 09,Dhaka,Badda,23.785,90.428,Private,
Dhaka Metro Clinic 10,Dhaka,Khilgaon,23.755,90.435,Private,
Gazipur Metro Clinic 01,Gazipur,Gazipur Sadar,24.005,90.425,Private,
Gazipur Metro Clinic 02,Gazipur,Tongi,23.91,90.41,Private,
Narayanganj Metro Clinic 01,Narayanganj,Narayanganj Sadar,23.63,90.51,Private,
Tangail Metro Clinic 01,Tangail,Tangail Sadar,24.255,89.925,Private,
Narsingdi Metro Clinic 01,Narsingdi,Narsingdi Sadar,23.925,90.725,Private,
Faridpur Metro Clinic 01,Faridpur,Faridpur Sadar,23.61,89.84,Private,
Manikganj Metro Clinic 01,Manikganj,Manikganj Sadar,23.865,90.005,Private,
Kishoreganj Metro Clinic 01,Kishoreganj,Kishoreganj Sadar,24.44,90.79,Private,
Munshiganj Metro Clinic 01,Munshiganj,Munshiganj Sadar,23.555,90.54,Private,
Gopalganj Metro Clinic 01,Gopalganj,Gopalganj Sadar,23.01,89.83,Private,
Madaripur Metro Clinic 01,Madaripur,Madaripur Sadar,23.17,90.22,Private,
Shariatpur Metro Clinic 01,Shariatpur,Shariatpur Sadar,23.22,90.35,Private,
Rajbari Metro Clinic 01,Rajbari,Rajbari Sadar,23.76,89.66,Private,
Savar Union Health Center,Dhaka,Savar,23.855,90.265,Government,
Dhamrai Union Health Center,Dhaka,Dhamrai,23.92,90.22,Government,
Nawabganj Union Health Center,Dhaka,Nawabganj,23.67,90.16,Government,
Dohar Union Health Center,Dhaka,Dohar,23.595,90.135,Government,
Keraniganj Union Health Center,Dhaka,Keraniganj,23.682,90.332,Government,
Kapasia Union Health Center,Gazipur,Kapasia,24.115,90.575,Government,
Kaliganj Union Health Center,Gazipur,Kaliganj,23.925,90.585,Government,
Sreepur Union Health Center,Gazipur,Sreepur,24.205,90.475,Government,
Kaliakair Union Health Center,Gazipur,Kaliakair,24.005,90.225,Government,
Araihazar Union Health Center,Narayanganj,Araihazar,23.795,90.655,Government,
Sonargaon Union Health Center,Narayanganj,Sonargaon,23.645,90.605,Government,
Rupganj Union Health Center,Narayanganj,Rupganj,23.795,90.515,Government,
Bandar Union Health Center,Narayanganj,Bandar,23.605,90.525,Government,
Belabo Union Health Center,Narsingdi,Belabo,24.095,90.845,Government,
Manohardi Union Health Center,Narsingdi,Manohardi,24.135,90.705,Government,
Shibpur Union Health Center,Narsingdi,Shibpur,23.985,90.735,Government,
Raipura Union Health Center,Narsingdi,Raipura,23.995,90.885,Government,
Palash Union Health Center,Narsingdi,Palash,23.955,90.625,Government,
Basail Union Health Center,Tangail,Basail,24.225,90.055,Government,
Bhuapur Union Health Center,Tangail,Bhuapur,24.455,89.865,Government,
Delduar Union Health Center,Tangail,Delduar,24.145,89.965,Government,
Dhanbari Union Health Center,Tangail,Dhanbari,24.675,89.985,Government,
Ghatail Union Health Center,Tangail,Ghatail,24.45,90.01,Government,
Gopalpur Union Health Center,Tangail,Gopalpur,24.55,89.92,Government,
Kalihati Union Health Center,Tangail,Kalihati,24.38,90.005,Government,
Madhupur Union Health Center,Tangail,Madhupur,24.615,90.025,Government,
Mirzapur Union Health Center,Tangail,Mirzapur,24.102,90.095,Government,
Nagarpur Union Health Center,Tangail,Nagarpur,24.055,89.875,Government,
Sakhipur Union Health Center,Tangail,Sakhipur,24.315,90.175,Government,
Bhairab Union Health Center,Kishoreganj,Bhairab,24.045,90.985,Government,
Hossainpur Union Health Center,Kishoreganj,Hossainpur,24.415,90.665,Government,
Itna Union Health Center,Kishoreganj,Itna,24.475,91.205,Government,
Karimganj Union Health Center,Kishoreganj,Karimganj,24.455,90.885,Government,
Katiadi Union Health Center,Kishoreganj,Katiadi,24.255,90.795,Government,
Kuliarchar Union Health Center,Kishoreganj,Kuliarchar,24.155,90.905,Government,
Mithamain Union Health Center,Kishoreganj,Mithamain,24.425,91.075,Government,
Nikli Union Health Center,Kishoreganj,Nikli,24.325,90.935,Government,
Pakundia Union Health Center,Kishoreganj,Pakundia,24.325,90.685,Government,
Tarail Union Health Center,Kishoreganj,Tarail,24.535,90.885,Government,
Gajaria Union Health Center,Munshiganj,Gajaria,23.545,90.685,Government,
Lohajang Union Health Center,Munshiganj,Lohajang,23.475,90.285,Government,
Serajdikhan Union Health Center,Munshiganj,Serajdikhan,23.635,90.325,Government,
Sreenagar Union Health Center,Munshiganj,Sreenagar,23.535,90.285,Government,
Tongibari Union Health Center,Munshiganj,Tongibari,23.505,90.455,Government,
Daulatpur Union Health Center,Manikganj,Daulatpur,23.955,89.855,Government,
Ghiur Union Health Center,Manikganj,Ghiur,23.885,89.875,Government,
Harirampur Union Health Center,Manikganj,Harirampur,23.735,89.965,Government,
Saturia Union Health Center,Manikganj,Saturia,23.935,90.025,Government,
Shivalaya Union Health Center,Manikganj,Shivalaya,23.835,89.785,Government,
Singair Union Health Center,Manikganj,Singair,23.815,90.155,Government,
Bhanga Union Health Center,Faridpur,Bhanga,23.385,89.975,Government,
Boalmari Union Health Center,Faridpur,Boalmari,23.385,89.725,Government,
Char Bhadrasan Union Health Center,Faridpur,Char Bhadrasan,23.575,90.035,Government,
Madhukhali Union Health Center,Faridpur,Madhukhali,23.545,89.675,Government,
Nagarkanda Union Health Center,Faridpur,Nagarkanda,23.415,89.895,Government,
Sadarpur Union Health Center,Faridpur,Sadarpur,23.475,90.035,Government,
Saltha Union Health Center,Faridpur,Saltha,23.445,89.795,Government,
Kashiani Union Health Center,Gopalganj,Kashiani,23.215,89.705,Government,
Kotalipara Union Health Center,Gopalganj,Kotalipara,23.005,89.985,Government,
Muksudpur Union Health Center,Gopalganj,Muksudpur,23.225,89.855,Government,
Tungipara Union Health Center,Gopalganj,Tungipara,22.905,89.895,Government,
Kalkini Union Health Center,Madaripur,Kalkini,23.07,90.235,Government,
Rajoir Union Health Center,Madaripur,Rajoir,23.205,89.935,Government,
Shibchar Union Health Center,Madaripur,Shibchar,23.345,90.175,Government,
Bhedarganj Union Health Center,Shariatpur,Bhedarganj,23.195,90.485,Government,
Damudya Union Health Center,Shariatpur,Damudya,23.135,90.435,Government,
Gosairhat Union Health Center,Shariatpur,Gosairhat,23.075,90.435,Government,
Naria Union Health Center,Shariatpur,Naria,23.315,90.415,Government,
Zanjira Union Health Center,Shariatpur,Zanjira,23.415,90.285,Government,
Rajbari Union Health Center,Rajbari,Rajbari Sadar,23.755,89.655,Government,
Goalanda Union Health Center,Rajbari,Goalanda,23.735,89.765,Government,
Pangsha Union Health Center,Rajbari,Pangsha,23.795,89.415,Government,
Baliakandi Union Health Center,Rajbari,Baliakandi,23.635,89.555,Government,
Kalukhali Union Health Center,Rajbari,Kalukhali,23.745,89.495,Government,
Banasree Clinic 01,Dhaka,Rampura,23.765,90.435,Private,
Khilgaon Clinic 01,Dhaka,Khilgaon,23.755,90.428,Private,
Sabujbagh Clinic 01,Dhaka,Sabujbagh,23.738,90.438,Private,
Mugda Clinic 01,Dhaka,Mugda Para,23.732,90.432,Private,
Demra Clinic 01,Dhaka,Demra,23.712,90.465,Private,
Jatrabari Clinic 01,Dhaka,Jatrabari,23.705,90.455,Private,
Shyampur Clinic 01,Dhaka,Shyampur,23.698,90.445,Private,
Kadamtali Clinic 01,Dhaka,Kadamtali,23.705,90.465,Private,
Kamrangir Char Clinic 01,Dhaka,Kamrangir Char,23.712,90.365,Private,
Hazaribagh Clinic 01,Dhaka,Hazaribagh,23.725,90.368,Private,
Pangsha Community Clinic 01,Rajbari,Pangsha,23.811,89.431,Government,
Baliakandi Community Clinic 01,Rajbari,Baliakandi,23.651,89.571,Government,
Goalanda Community Clinic 01,Rajbari,Goalanda,23.751,89.781,Government,
Kalukhali Community Clinic 01,Rajbari,Kalukhali,23.761,89.511,Government,
Zanjira Community Clinic 01,Shariatpur,Zanjira,23.431,90.301,Government,
Naria Community Clinic 01,Shariatpur,Naria,23.331,90.431,Government,
Gosairhat Community Clinic 01,Shariatpur,Gosairhat,23.091,90.451,Government,
Damudya Community Clinic 01,Shariatpur,Damudya,23.151,90.451,Government,
Bhedarganj Community Clinic 01,Shariatpur,Bhedarganj,23.211,90.501,Government,
Lohajang Community Clinic 01,Munshiganj,Lohajang,23.491,90.301,Government,
Sreenagar Community Clinic 01,Munshiganj,Sreenagar,23.551,90.301,Government,
Serajdikhan Community Clinic 01,Munshiganj,Serajdikhan,23.651,90.341,Government,
Tongibari Community Clinic 01,Munshiganj,Tongibari,23.521,90.471,Government,
Gajaria Community Clinic 01,Munshiganj,Gajaria,23.561,90.701,Government,
Savar Community Clinic 01,Dhaka,Savar,23.861,90.271,Government,
Dhamrai Community Clinic 01,Dhaka,Dhamrai,23.931,90.231,Government,
Nawabganj Community Clinic 01,Dhaka,Nawabganj,23.681,90.171,Government,
Dohar Community Clinic 01,Dhaka,Dohar,23.611,90.151,Government,
Keraniganj Community Clinic 01,Dhaka,Keraniganj,23.691,90.341,Government,
Kapasia Community Clinic 01,Gazipur,Kapasia,24.131,90.591,Government,
Kaliganj Community Clinic 01,Gazipur,Kaliganj,23.941,90.601,Government,
Sreepur Community Clinic 01,Gazipur,Sreepur,24.221,90.491,Government,
Kaliakair Community Clinic 01,Gazipur,Kaliakair,24.021,90.241,Government,
Araihazar Community Clinic 01,Narayanganj,Araihazar,23.811,90.671,Government,
Sonargaon Community Clinic 01,Narayanganj,Sonargaon,23.661,90.621,Government,
Rupganj Community Clinic 01,Narayanganj,Rupganj,23.811,90.531,Government,
Bandar Community Clinic 01,Narayanganj,Bandar,23.621,90.541,Government,
Belabo Community Clinic 01,Narsingdi,Belabo,24.111,90.861,Government,
Manohardi Community Clinic 01,Narsingdi,Manohardi,24.151,90.721,Government,
Shibpur Community Clinic 01,Narsingdi,Shibpur,24.001,90.751,Government,
Raipura Community Clinic 01,Narsingdi,Raipura,24.011,90.901,Government,
Palash Community Clinic 01,Narsingdi,Palash,23.971,90.641,Government,
Basail Community Clinic 01,Tangail,Basail,24.241,90.071,Government,
Bhuapur Community Clinic 01,Tangail,Bhuapur,24.471,89.881,Government,
Delduar Community Clinic 01,Tangail,Delduar,24.161,89.981,Government,
Dhanbari Community Clinic 01,Tangail,Dhanbari,24.691,90.001,Government,
Ghatail Community Clinic 01,Tangail,Ghatail,24.471,90.031,Government,
Gopalpur Community Clinic 01,Tangail,Gopalpur,24.571,89.941,Government,
Kalihati Community Clinic 01,Tangail,Kalihati,24.401,90.021,Government,
Madhupur Community Clinic 01,Tangail,Madhupur,24.631,90.041,Government,
Mirzapur Community Clinic 01,Tangail,Mirzapur,24.121,90.111,Government,
Nagarpur Community Clinic 01,Tangail,Nagarpur,24.071,89.891,Government,
Sakhipur Community Clinic 01,Tangail,Sakhipur,24.331,90.191,Government,
Bhairab Community Clinic 01,Kishoreganj,Bhairab,24.061,91.001,Government,
Hossainpur Community Clinic 01,Kishoreganj,Hossainpur,24.431,90.681,Government,
Itna Community Clinic 01,Kishoreganj,Itna,24.491,91.221,Government,
Karimganj Community Clinic 01,Kishoreganj,Karimganj,24.471,90.901,Government,
Katiadi Community Clinic 01,Kishoreganj,Katiadi,24.271,90.811,Government,
Kuliarchar Community Clinic 01,Kishoreganj,Kuliarchar,24.171,90.921,Government,
Mithamain Community Clinic 01,Kishoreganj,Mithamain,24.441,91.091,Government,
Nikli Community Clinic 01,Kishoreganj,Nikli,24.341,90.951,Government,
Pakundia Community Clinic 01,Kishoreganj,Pakundia,24.341,90.701,Government,
Tarail Community Clinic 01,Kishoreganj,Tarail,24.551,90.901,Government,
Daulatpur Community Clinic 01,Manikganj,Daulatpur,23.971,89.871,Government,
Ghiur Community Clinic 01,Manikganj,Ghiur,23.901,89.891,Government,
Harirampur Community Clinic 01,Manikganj,Harirampur,23.751,89.981,Government,
Saturia Community Clinic 01,Manikganj,Saturia,23.951,90.041,Government,
Shivalaya Community Clinic 01,Manikganj,Shivalaya,23.851,89.801,Government,
Singair Community Clinic 01,Manikganj,Singair,23.831,90.171,Government,
Bhanga Community Clinic 01,Faridpur,Bhanga,23.401,89.991,Government,
Boalmari Community Clinic 01,Faridpur,Boalmari,23.401,89.741,Government,
Char Bhadrasan Community Clinic 01,Faridpur,Char Bhadrasan,23.591,90.051,Government,
Madhukhali Community Clinic 01,Faridpur,Madhukhali,23.561,89.691,Government,
Nagarkanda Community Clinic 01,Faridpur,Nagarkanda,23.431,89.911,Government,
Sadarpur Community Clinic 01,Faridpur,Sadarpur,23.491,90.051,Government,
Saltha Community Clinic 01,Faridpur,Saltha,23.461,89.811,Government,
Kashiani Community Clinic 01,Gopalganj,Kashiani,23.231,89.721,Government,
Kotalipara Community Clinic 01,Gopalganj,Kotalipara,23.021,90.001,Government,
Muksudpur Community Clinic 01,Gopalganj,Muksudpur,23.241,89.871,Government,
Tungipara Community Clinic 01,Gopalganj,Tungipara,22.921,89.911,Government,
Kalkini Community Clinic 01,Madaripur,Kalkini,23.091,90.251,Government,
Rajoir Community Clinic 01,Madaripur,Rajoir,23.221,89.951,Government,
Shibchar Community Clinic 01,Madaripur,Shibchar,23.361,90.191,Government,
Sreepur Diagnostic & Eye Clinic,Gazipur,Sreepur,24.205,90.478,Private,
Kaliakair Digital Dental,Gazipur,Kaliakair,24.008,90.228,Private,
Kaliganj Pathological Lab,Gazipur,Kaliganj,23.928,90.588,Private,
Kapasia Heart & Medical,Gazipur,Kapasia,24.118,90.578,Private,
Araihazar Surgical Center,Narayanganj,Araihazar,23.798,90.658,Private,
Sonargaon Digital Eye Clinic,Narayanganj,Sonargaon,23.648,90.608,Private,
Rupganj Kidney & Dialysis,Narayanganj,Rupganj,23.798,90.518,Private,
Bandar Physiotherapy Unit,Narayanganj,Bandar,23.608,90.528,Private,
Belabo Mother & baby center,Narsingdi,Belabo,24.098,90.848,Private,
Manohardi General Diagnostic,Narsingdi,Manohardi,24.138,90.708,Private,
Raipura Diabetic & Hormone Lab,Narsingdi,Raipura,23.998,90.888,Private,
Palash Neuro Medicine Clinic,Narsingdi,Palash,23.958,90.628,Private,
Shibpur Heart Clinic,Narsingdi,Shibpur,23.988,90.738,Private,
Basail Pediatric clinic,Tangail,Basail,24.228,90.058,Private,
Bhuapur Surgical unit,Tangail,Bhuapur,24.458,89.868,Private,
Delduar Diagnostic Lab,Tangail,Delduar,24.148,89.968,Private,
Dhanbari Eye & Vision,Tangail,Dhanbari,24.678,89.988,Private,
Ghatail Skin care clinic,Tangail,Ghatail,24.453,90.013,Private,
Gopalpur dental surgery,Tangail,Gopalpur,24.553,89.923,Private,
Kalihati Mother Care,Tangail,Kalihati,24.383,90.008,Private,
Madhupur Orthopedic center,Tangail,Madhupur,24.618,90.028,Private,
Mirzapur trauma center,Tangail,Mirzapur,24.105,90.098,Private,
Nagarpur specialized lab,Tangail,Nagarpur,24.058,89.878,Private,
Sakhipur diagnostic complex,Tangail,Sakhipur,24.318,90.178,Private,
Hossainpur specialized clinic,Kishoreganj,Hossainpur,24.418,90.668,Private,
Itna general diagnostic,Kishoreganj,Itna,24.478,91.208,Private,
Karimganj heart unit,Kishoreganj,Karimganj,24.458,90.888,Private,
Katiadi children center,Kishoreganj,Katiadi,24.258,90.798,Private,
Kuliarchar mother care,Kishoreganj,Kuliarchar,24.158,90.908,Private,
Pakundia neuro center,Kishoreganj,Pakundia,24.328,90.688,Private,
Tarail diagnostic lab,Kishoreganj,Tarail,24.538,90.888,Private,
Daulatpur skin unit,Manikganj,Daulatpur,23.958,89.858,Private,
Ghiur orthopedic lab,Manikganj,Ghiur,23.888,89.878,Private,
Harirampur maternity unit,Manikganj,Harirampur,23.738,89.968,Private,
Saturia digital lab,Manikganj,Saturia,23.938,90.028,Private,
Shivalaya general diagnostic,Manikganj,Shivalaya,23.838,89.788,Private,
Singair heart clinic,Manikganj,Singair,23.818,90.158,Private,
Bhanga specialized clinic,Faridpur,Bhanga,23.388,89.978,Private,
Boalmari orthopedic lab,Faridpur,Boalmari,23.388,89.728,Private,
Char bhadrasan digital lab,Faridpur,Char Bhadrasan,23.578,90.038,Private,
Madhukhali mother care,Faridpur,Madhukhali,23.548,89.678,Private,
Nagarkanda pediatric center,Faridpur,Nagarkanda,23.418,89.898,Private,
Sadarpur diagnostic complex,Faridpur,Sadarpur,23.478,90.038,Private,
Saltha skin & laser,Faridpur,Saltha,23.448,89.798,Private,
Kashiani general clinic,Gopalganj,Kashiani,23.218,89.708,Private,
Kotalipara surgical unit,Gopalganj,Kotalipara,23.008,89.988,Private,
Muksudpur mother care,Gopalganj,Muksudpur,23.228,89.858,Private,
Tungipara general lab,Gopalganj,Tungipara,22.908,89.898,Private,
Kalkini diagnostic complex,Madaripur,Kalkini,23.073,90.238,Private,
Rajoir orthopedic unit,Madaripur,Rajoir,23.208,89.938,Private,
Shibchar children clinic,Madaripur,Shibchar,23.348,90.178,Private,
Bhedarganj heart center,Shariatpur,Bhedarganj,23.198,90.488,Private,
Damudya digital dental,Shariatpur,Damudya,23.138,90.438,Private,
Gosairhat orthopedic lab,Shariatpur,Gosairhat,23.078,90.438,Private,
Naria gastro center,Shariatpur,Naria,23.318,90.418,Private,
Zanjira maternity unit,Shariatpur,Zanjira,23.418,90.288,Private,
Goalanda pediatric center,Rajbari,Goalanda,23.738,89.768,Private,
Pangsha general diagnostic,Rajbari,Pangsha,23.798,89.418,Private,
Baliakandi specialized lab,Rajbari,Baliakandi,23.638,89.558,Private,
Kalukhali mother care clinic,Rajbari,Kalukhali,23.748,89.498,Private,
Bishnupur Community Clinic,Dhaka,Dhamrai,23.945,90.215,Government,
Kushura Community Clinic,Dhaka,Dhamrai,23.955,90.225,Government,
Sutipara Community Clinic,Dhaka,Dhamrai,23.935,90.205,Government,
Nanar Community Clinic,Dhaka,Dhamrai,23.925,90.245,Government,
Gangutia Community Clinic,Dhaka,Dhamrai,23.965,90.215,Government,
Jadavpur Community Clinic,Dhaka,Dhamrai,23.915,90.235,Government,
Amta Community Clinic,Dhaka,Dhamrai,23.975,90.225,Government,
Rowail Community Clinic,Dhaka,Dhamrai,23.905,90.245,Government,
Som Community Clinic,Dhaka,Dhamrai,23.985,90.235,Government,
Sombhag Community Clinic,Dhaka,Dhamrai,23.925,90.225,Government,
Dhaka Metro Lab 01,Dhaka,Uttara Purba,23.869,90.406,Private,
Dhaka Metro Lab 02,Dhaka,Uttara Paschim,23.883,90.386,Private,
Dhaka Metro Lab 03,Dhaka,Mirpur,23.812,90.362,Private,
Dhaka Metro Lab 04,Dhaka,Pallabi,23.824,90.368,Private,
Dhaka Metro Lab 05,Dhaka,Kafrul,23.818,90.388,Private,
Dhaka Metro Lab 06,Dhaka,Cantonment,23.826,90.395,Private,
Dhaka Metro Lab 07,Dhaka,Dakshinkhan,23.868,90.419,Private,
Dhaka Metro Lab 08,Dhaka,Uttarkhan,23.878,90.419,Private,
Dhaka Metro Lab 09,Dhaka,Turag,23.888,90.378,Private,
Dhaka Metro Lab 10,Dhaka,Khilkhet,23.838,90.428,Private,
Dhaka Metro Lab 11,Dhaka,Badda,23.788,90.428,Private,
Dhaka Metro Lab 12,Dhaka,Bhatara,23.818,90.428,Private,
Dhaka Metro Lab 13,Dhaka,Gulshan,23.788,90.418,Private,
Dhaka Metro Lab 14,Dhaka,Banani,23.795,90.408,Private,
Dhaka Metro Lab 15,Dhaka,Mohakhali,23.778,90.405,Private,
Dhaka Metro Lab 16,Dhaka,Tejgaon,23.758,90.395,Private,
Dhaka Metro Lab 17,Dhaka,Rampura,23.765,90.425,Private,
Dhaka Metro Lab 18,Dhaka,Khilgaon,23.758,90.438,Private,
Dhaka Metro Lab 19,Dhaka,Sabujbagh,23.741,90.441,Private,
Dhaka Metro Lab 20,Dhaka,Mugda Para,23.735,90.435,Private,
Dhaka Metro Lab 21,Dhaka,Jatrabari,23.708,90.458,Private,
Dhaka Metro Lab 22,Dhaka,Shyampur,23.701,90.451,Private,
Dhaka Metro Lab 23,Dhaka,Kadamtali,23.708,90.468,Private,
Dhaka Metro Lab 24,Dhaka,Demra,23.715,90.468,Private,
Dhaka Metro Lab 25,Dhaka,Dhanmondi,23.748,90.378,Private,
Dhaka Metro Lab 26,Dhaka,Kalabagan,23.751,90.388,Private,
Dhaka Metro Lab 27,Dhaka,Mohammadpur,23.765,90.365,Private,
Dhaka Metro Lab 28,Dhaka,Adabor,23.778,90.358,Private,
Dhaka Metro Lab 29,Dhaka,Sher-e-bangla Nagar,23.774,90.378,Private,
Dhaka Metro Lab 30,Dhaka,Hazaribagh,23.728,90.371,Private,
Dhaka Metro Lab 31,Dhaka,Lalbagh,23.718,90.388,Private,
Dhaka Metro Lab 32,Dhaka,Chak Bazar,23.725,90.395,Private,
Dhaka Metro Lab 33,Dhaka,Kotwali,23.715,90.401,Private,
Dhaka Metro Lab 34,Dhaka,Bangshal,23.718,90.405,Private,
Dhaka Metro Lab 35,Dhaka,Wari,23.718,90.415,Private,
Dhaka Metro Lab 36,Dhaka,Sutrapur,23.708,90.428,Private,
Dhaka Metro Lab 37,Dhaka,Gendaria,23.708,90.428,Private,
Dhaka Metro Lab 38,Dhaka,Shahbagh,23.741,90.398,Private,
Dhaka Metro Lab 39,Dhaka,Ramna,23.745,90.405,Private,
Dhaka Metro Lab 40,Dhaka,New Market,23.746,90.385,Private,
Nawabganj Community Clinic 03,Dhaka,Nawabganj,23.695,90.185,Government,
Dohar Community Clinic 03,Dhaka,Dohar,23.625,90.165,Government,
Keraniganj Community Clinic 03,Dhaka,Keraniganj,23.705,90.355,Government,
Dhamrai Community Clinic 03,Dhaka,Dhamrai,23.945,90.245,Government,
Savar Community Clinic 03,Dhaka,Savar,23.875,90.285,Government,
Kapasia Community Clinic 03,Gazipur,Kapasia,24.145,90.605,Government,
Kaliganj Community Clinic 03,Gazipur,Kaliganj,23.955,90.615,Government,
Sreepur Community Clinic 03,Gazipur,Sreepur,24.235,90.505,Government,
Kaliakair Community Clinic 03,Gazipur,Kaliakair,24.035,90.255,Government,
Araihazar Community Clinic 03,Narayanganj,Araihazar,23.825,90.685,Government,
Sonargaon Community Clinic 03,Narayanganj,Sonargaon,23.675,90.635,Government,
Rupganj Community Clinic 03,Narayanganj,Rupganj,23.825,90.545,Government,
Bandar Community Clinic 03,Narayanganj,Bandar,23.635,90.555,Government,
Belabo Community Clinic 03,Narsingdi,Belabo,24.125,90.875,Government,
Manohardi Community Clinic 03,Narsingdi,Manohardi,24.165,90.735,Government,
Shibpur Community Clinic 03,Narsingdi,Shibpur,24.015,90.765,Government,
Raipura Community Clinic 03,Narsingdi,Raipura,24.025,90.915,Government,
Palash Community Clinic 03,Narsingdi,Palash,23.985,90.655,Government,
Basail Community Clinic 03,Tangail,Basail,24.255,90.085,Government,
Bhuapur Community Clinic 03,Tangail,Bhuapur,24.485,89.895,Government,
Delduar Community Clinic 03,Tangail,Delduar,24.175,89.995,Government,
Dhanbari Community Clinic 03,Tangail,Dhanbari,24.705,90.015,Government,
Ghatail Community Clinic 03,Tangail,Ghatail,24.485,90.045,Government,
Gopalpur Community Clinic 03,Tangail,Gopalpur,24.585,89.955,Government,
Kalihati Community Clinic 03,Tangail,Kalihati,24.415,90.035,Government,
Madhupur Community Clinic 03,Tangail,Madhupur,24.645,90.055,Government,
Mirzapur Community Clinic 03,Tangail,Mirzapur,24.135,90.125,Government,
Nagarpur Community Clinic 03,Tangail,Nagarpur,24.085,89.905,Government,
Sakhipur Community Clinic 03,Tangail,Sakhipur,24.345,90.205,Government,
Bhairab Community Clinic 03,Kishoreganj,Bhairab,24.075,91.015,Government,
Hossainpur Community Clinic 03,Kishoreganj,Hossainpur,24.445,90.695,Government,
Itna Community Clinic 03,Kishoreganj,Itna,24.505,91.235,Government,
Karimganj Community Clinic 03,Kishoreganj,Karimganj,24.485,90.915,Government,
Katiadi Community Clinic 03,Kishoreganj,Katiadi,24.285,90.825,Government,
Kuliarchar Community Clinic 03,Kishoreganj,Kuliarchar,24.185,90.935,Government,
Mithamain Community Clinic 03,Kishoreganj,Mithamain,24.455,91.105,Government,
Nikli Community Clinic 03,Kishoreganj,Nikli,24.355,90.965,Government,
Pakundia Community Clinic 03,Kishoreganj,Pakundia,24.355,90.715,Government,
Tarail Community Clinic 03,Kishoreganj,Tarail,24.565,90.915,Government,
Daulatpur Community Clinic 03,Manikganj,Daulatpur,23.985,89.885,Government,
Ghiur Community Clinic 03,Manikganj,Ghiur,23.915,89.905,Government,
Harirampur Community Clinic 03,Manikganj,Harirampur,23.765,89.995,Government,
Saturia Community Clinic 03,Manikganj,Saturia,23.965,90.055,Government,
Shivalaya Community Clinic 03,Manikganj,Shivalaya,23.865,89.815,Government,
Singair Community Clinic 03,Manikganj,Singair,23.845,90.185,Government,
Bhanga Community Clinic 03,Faridpur,Bhanga,23.415,90.005,Government,
Boalmari Community Clinic 03,Faridpur,Boalmari,23.415,89.755,Government,
Char Bhadrasan Community Clinic 03,Faridpur,Char Bhadrasan,23.605,90.065,Government,
Madhukhali Community Clinic 03,Faridpur,Madhukhali,23.575,89.705,Government,
Nagarkanda Community Clinic 03,Faridpur,Nagarkanda,23.445,89.925,Government,
Sadarpur Community Clinic 03,Faridpur,Sadarpur,23.505,90.065,Government,
Saltha Community Clinic 03,Faridpur,Saltha,23.475,89.825,Government,
Kashiani Community Clinic 03,Gopalganj,Kashiani,23.245,89.735,Government,
Kotalipara Community Clinic 03,Gopalganj,Kotalipara,23.035,90.015,Government,
Muksudpur Community Clinic 03,Gopalganj,Muksudpur,23.255,89.885,Government,
Tungipara Community Clinic 03,Gopalganj,Tungipara,22.935,89.925,Government,
Kalkini Community Clinic 03,Madaripur,Kalkini,23.105,90.265,Government,
Rajoir Community Clinic 03,Madaripur,Rajoir,23.235,89.965,Government,
Shibchar Community Clinic 03,Madaripur,Shibchar,23.375,90.205,Government,
Dhanmondi General Lab,Dhaka,Dhanmondi,23.746,90.385,Private,
Kalabagan Health Care Unit,Dhaka,Kalabagan,23.749,90.386,Private,
Mohammadpur Diagno Center,Dhaka,Mohammadpur,23.762,90.362,Private,
Mirpur Chest Disease Clinic,Dhaka,Mirpur,23.805,90.355,Private,
Uttara Cardiac Center,Dhaka,Uttara,23.875,90.395,Private,
Banani Specialized Diagnostic,Dhaka,Banani,23.792,90.405,Private,
Gulshan Skin & Care,Dhaka,Gulshan,23.785,90.415,Private,
Badda Pediatric Clinic,Dhaka,Badda,23.785,90.428,Private,
Khilgaon Dental Surgery,Dhaka,Khilgaon,23.755,90.428,Private,
Rampura Maternity Unit,Dhaka,Rampura,23.762,90.422,Private,
Motijheel Diabetic Clinic,Dhaka,Motijheel,23.733,90.418,Private,
Shahbagh Mental Health Unit,Dhaka,Shahbagh,23.738,90.395,Private,
Dhamrai Pediatric Unit,Dhaka,Dhamrai,23.921,90.221,Private,
Savar Skin Clinic,Dhaka,Savar,23.856,90.266,Private,
Gazipur ENT Clinic,Gazipur,Gazipur Sadar,24.002,90.422,Private,
Narayanganj Surgical Lab,Narayanganj,Narayanganj Sadar,23.627,90.502,Private,
Tangail Hormone Center,Tangail,Tangail Sadar,24.252,89.922,Private,
Narsingdi Physiotherapy Lab,Narsingdi,Narsingdi Sadar,23.922,90.722,Private,
Faridpur Orthopedic Lab,Faridpur,Faridpur Sadar,23.605,89.835,Private,
Gopalganj specialized lab,Gopalganj,Gopalganj Sadar,23.007,89.827,Private,
Madaripur Mother Care clinic,Madaripur,Madaripur Sadar,23.167,90.217,Private,
Shariatpur children care clinic,Shariatpur,Shariatpur Sadar,23.214,90.344,Private,
Rajbari general lab,Rajbari,Rajbari Sadar,23.756,89.656,Private,
Munshiganj diagnostic complex,Munshiganj,Munshiganj Sadar,23.549,90.533,Private,
Manikganj mother & child care,Manikganj,Manikganj Sadar,23.861,90.001,Private,
Kishoreganj pediatric center,Kishoreganj,Kishoreganj Sadar,24.437,90.785,Private,
Dohar general diagnostic,Dhaka,Dohar,23.596,90.136,Private,
Keraniganj heart care center,Dhaka,Keraniganj,23.683,90.333,Private,
Nawabganj pediatric clinic,Dhaka,Nawabganj,23.671,90.161,Private,
Gazipur mother care unit,Gazipur,Tongi,23.911,90.405,Private,
Narayanganj pediatric unit,Narayanganj,Fatullah,23.645,90.485,Private,
hospital_name,district,upazila,latitude,longitude,category,contact
Rangpur Medical College Hospital,Rangpur,Rangpur Sadar,25.7535,89.2425,Government,0521-65485
Rangpur General Hospital,Rangpur,Rangpur Sadar,25.761,89.231,Government,0521-62241
Rangpur Police Hospital,Rangpur,Rangpur Sadar,25.758,89.225,Government,
Rangpur Central Jail Hospital,Rangpur,Rangpur Sadar,25.751,89.232,Government,
Dinajpur 250 Bed Medical College Hospital,Dinajpur,Dinajpur Sadar,25.6355,88.6425,Government,0531-62254
Kurigram 250 Bed District Sadar Hospital,Kurigram,Kurigram Sadar,25.8115,89.652,Government,0581-62254
Gaibandha 100 Bed District Hospital,Gaibandha,Gaibandha Sadar,25.3315,89.542,Government,0541-62254
Lalmonirhat 100 Bed District Hospital,Lalmonirhat,Lalmonirhat Sadar,25.9155,89.445,Government,0591-62254
Nilphamari 100 Bed District Hospital,Nilphamari,Nilphamari Sadar,25.942,88.845,Government,0551-62254
Panchagarh 100 Bed District Hospital,Panchagarh,Panchagarh Sadar,26.3315,88.562,Government,0561-62254
Thakurgaon 100 Bed District Hospital,Thakurgaon,Thakurgaon Sadar,26.0315,88.462,Government,0561-52254
Badarganj Upazila Health Complex,Rangpur,Badarganj,25.675,89.055,Government,01730-325040
Gangachara Upazila Health Complex,Rangpur,Gangachara,25.855,89.215,Government,01730-325041
Kaunia Upazila Health Complex,Rangpur,Kaunia,25.775,89.415,Government,01730-325042
Mithapukur Upazila Health Complex,Rangpur,Mithapukur,25.575,89.265,Government,01730-325043
Pirgachha Upazila Health Complex,Rangpur,Pirgachha,25.665,89.395,Government,01730-325044
Pirganj (Rangpur) Upazila Health Complex,Rangpur,Pirganj,25.415,89.315,Government,01730-325045
Taraganj Upazila Health Complex,Rangpur,Taraganj,25.815,89.015,Government,01730-325046
Birganj Upazila Health Complex,Dinajpur,Birganj,25.855,88.665,Government,01730-325047
Biral Upazila Health Complex,Dinajpur,Biral,25.635,88.555,Government,01730-325048
Bochaganj Upazila Health Complex,Dinajpur,Bochaganj,25.805,88.455,Government,01730-325049
Chirirbandar Upazila Health Complex,Dinajpur,Chirirbandar,25.655,88.785,Government,01730-325050
Phulbari (Dinajpur) Upazila Health Complex,Dinajpur,Phulbari,25.515,88.885,Government,01730-325051
Ghoraghat Upazila Health Complex,Dinajpur,Ghoraghat,25.245,89.285,Government,01730-325052
Hakimpur Upazila Health Complex,Dinajpur,Hakimpur,25.285,89.125,Government,01730-325053
Kaharole Upazila Health Complex,Dinajpur,Kaharole,25.795,88.595,Government,01730-325054
Khansama Upazila Health Complex,Dinajpur,Khansama,25.925,88.745,Government,01730-325055
Nawabganj (Dinajpur) Upazila Health Complex,Dinajpur,Nawabganj,25.415,89.085,Government,01730-325056
Parbatipur Upazila Health Complex,Dinajpur,Parbatipur,25.655,88.925,Government,01730-325057
Bhurungamari Upazila Health Complex,Kurigram,Bhurungamari,26.145,89.685,Government,01730-325058
Chilmari Upazila Health Complex,Kurigram,Chilmari,25.555,89.675,Government,01730-325059
Phulbari (Kurigram) Upazila Health Complex,Kurigram,Phulbari,25.945,89.565,Government,01730-325060
Nageshwari Upazila Health Complex,Kurigram,Nageshwari,25.975,89.705,Government,01730-325061
Rajarhat Upazila Health Complex,Kurigram,Rajarhat,25.805,89.545,Government,01730-325062
Rowmari Upazila Health Complex,Kurigram,Rowmari,25.565,89.855,Government,01730-325063
Ulipur Upazila Health Complex,Kurigram,Ulipur,25.745,89.625,Government,01730-325064
Char Rajibpur Upazila Health Complex,Kurigram,Char Rajibpur,25.395,89.785,Government,01730-325065
Gaibandha Sadar Health complex,Gaibandha,Gaibandha Sadar,25.3315,89.542,Government,
Phulchhari Upazila Health Complex,Gaibandha,Phulchhari,25.215,89.615,Government,01730-325067
Gobindaganj Upazila Health Complex,Gaibandha,Gobindaganj,25.135,89.395,Government,01730-325068
Palashbari Upazila Health Complex,Gaibandha,Palashbari,25.285,89.345,Government,01730-325069
Sadullapur Upazila Health Complex,Gaibandha,Sadullapur,25.385,89.465,Government,01730-325070
Saghata Upazila Health Complex,Gaibandha,Saghata,25.105,89.585,Government,01730-325071
Sundarganj Upazila Health Complex,Gaibandha,Sundarganj,25.565,89.505,Government,01730-325072
Aditmari Upazila Health Complex,Lalmonirhat,Aditmari,25.925,89.355,Government,01730-325073
Hatibandha Upazila Health Complex,Lalmonirhat,Hatibandha,26.115,89.155,Government,01730-325074
Kaliganj (Lalmonirhat) Upazila Health Complex,Lalmonirhat,Kaliganj,25.985,89.215,Government,01730-325075
Patgram Upazila Health Complex,Lalmonirhat,Patgram,26.355,89.135,Government,01730-325076
Dimla Upazila Health Complex,Nilphamari,Dimla,26.125,88.925,Government,01730-325077
Domar Upazila Health Complex,Nilphamari,Domar,26.105,88.835,Government,01730-325078
Jaldhaka Upazila Health Complex,Nilphamari,Jaldhaka,25.965,88.995,Government,01730-325079
Kishoreganj (Nilphamari) Upazila Health Complex,Nilphamari,Kishoreganj,25.915,89.025,Government,01730-325080
Saidpur Upazila Health Complex,Nilphamari,Saidpur,25.775,88.895,Government,01730-325081
Atwari Upazila Health Complex,Panchagarh,Atwari,26.315,88.455,Government,01730-325082
Boda Upazila Health Complex,Panchagarh,Boda,26.195,88.605,Government,01730-325083
Debiganj Upazila Health Complex,Panchagarh,Debiganj,26.115,88.755,Government,01730-325084
Tetulia Upazila Health Complex,Panchagarh,Tetulia,26.485,88.345,Government,01730-325085
Baliadangi Upazila Health Complex,Thakurgaon,Baliadangi,26.105,88.275,Government,01730-325086
Haripur Upazila Health Complex,Thakurgaon,Haripur,25.815,88.235,Government,01730-325087
Pirganj (Thakurgaon) Upazila Health Complex,Thakurgaon,Pirganj,25.855,88.365,Government,01730-325088
Ranisankail Upazila Health Complex,Thakurgaon,Ranisankail,25.885,88.265,Government,01730-325089
Prime Medical College Hospital,Rangpur,Sadar,25.748,89.245,Premium,0521-61000
Islami Bank Hospital Rangpur,Rangpur,Sadar,25.7555,89.2385,Premium,
Rangpur Community Medical College Hospital,Rangpur,Sadar,25.7585,89.2485,Premium,
Update Diagnostic Rangpur,Rangpur,Sadar,25.752,89.241,Private,
Good Health Hospital Rangpur,Rangpur,Sadar,25.754,89.236,Private,
Rangpur Central Hospital,Rangpur,Sadar,25.7565,89.2435,Private,
Popular Diagnostic Rangpur,Rangpur,Sadar,25.7515,89.2405,Premium,
Labaid Diagnostic Rangpur,Rangpur,Sadar,25.753,89.239,Premium,
Doctor's Community Hospital Dinajpur,Dinajpur,Sadar,25.632,88.648,Private,
Zia Heart Foundation Dinajpur,Dinajpur,Sadar,25.638,88.641,Private,
Dinajpur Care Hospital,Dinajpur,Sadar,25.6345,88.6445,Private,
Mother and Child Welfare Center (MCWC) Rangpur,Rangpur,Sadar,25.7545,89.2325,Government,
Badarganj Health Post 01,Rangpur,Badarganj,25.6755,89.0555,Government,
Gangachara Health Post 01,Rangpur,Gangachara,25.8555,89.2155,Government,
Kaunia Health Post 01,Rangpur,Kaunia,25.7755,89.4155,Government,
Mithapukur Health Post 01,Rangpur,Mithapukur,25.5755,89.2655,Government,
Pirgachha Health Post 01,Rangpur,Pirgachha,25.6655,89.3955,Government,
Pirganj (Rangpur) Health Post 01,Rangpur,Pirganj,25.4155,89.3155,Government,
Taraganj Health Post 01,Rangpur,Taraganj,25.8155,89.0155,Government,
Birganj Health Post 01,Dinajpur,Birganj,25.8555,88.6655,Government,
Biral Health Post 01,Dinajpur,Biral,25.6355,88.5555,Government,
Bochaganj Health Post 01,Dinajpur,Bochaganj,25.8055,88.4555,Government,
Chirirbandar Health Post 01,Dinajpur,Chirirbandar,25.6555,88.7855,Government,
Phulbari (Dinajpur) Health Post 01,Dinajpur,Phulbari,25.5155,88.8855,Government,
Ghoraghat Health Post 01,Dinajpur,Ghoraghat,25.2455,89.2855,Government,
Hakimpur Health Post 01,Dinajpur,Hakimpur,25.2855,89.1255,Government,
Kaharole Health Post 01,Dinajpur,Kaharole,25.7955,88.5955,Government,
Khansama Health Post 01,Dinajpur,Khansama,25.9255,88.7455,Government,
Nawabganj (Dinajpur) Health Post 01,Dinajpur,Nawabganj,25.4155,89.0855,Government,
Parbatipur Health Post 01,Dinajpur,Parbatipur,25.6555,88.9255,Government,
Bhurungamari Health Post 01,Kurigram,Bhurungamari,26.1455,89.6855,Government,
Chilmari Health Post 01,Kurigram,Chilmari,25.5555,89.6755,Government,
Phulbari (Kurigram) Health Post 01,Kurigram,Phulbari,25.9455,89.5655,Government,
Nageshwari Health Post 01,Kurigram,Nageshwari,25.9755,89.7055,Government,
Rajarhat Health Post 01,Kurigram,Rajarhat,25.8055,89.5455,Government,
Rowmari Health Post 01,Kurigram,Rowmari,25.5655,89.8555,Government,
Ulipur Health Post 01,Kurigram,Ulipur,25.7455,89.6255,Government,
Char Rajibpur Health Post 01,Kurigram,Char Rajibpur,25.3955,89.7855,Government,
Gaibandha Health Post 01,Gaibandha,Sadar,25.332,89.5425,Government,
Phulchhari Health Post 01,Gaibandha,Phulchhari,25.2155,89.6155,Government,
Gobindaganj Health Post 01,Gaibandha,Gobindaganj,25.1355,89.3955,Government,
Palashbari Health Post 01,Gaibandha,Palashbari,25.2855,89.3455,Government,
Sadullapur Health Post 01,Gaibandha,Sadullapur,25.3855,89.4655,Government,
Saghata Health Post 01,Gaibandha,Saghata,25.1055,89.5855,Government,
Sundarganj Health Post 01,Gaibandha,Sundarganj,25.5655,89.5055,Government,
Aditmari Health Post 01,Lalmonirhat,Aditmari,25.9255,89.3555,Government,
Hatibandha Health Post 01,Lalmonirhat,Hatibandha,26.1155,89.1555,Government,
Kaliganj (Lalmonirhat) Health Post 01,Lalmonirhat,Kaliganj,25.9855,89.2155,Government,
Patgram Health Post 01,Lalmonirhat,Patgram,26.3555,89.1355,Government,
Dimla Health Post 01,Nilphamari,Dimla,26.1255,88.9255,Government,
Domar Health Post 01,Nilphamari,Domar,26.1055,88.8355,Government,
Jaldhaka Health Post 01,Nilphamari,Jaldhaka,25.9655,88.9955,Government,
Kishoreganj (Nilphamari) Health Post 01,Nilphamari,Kishoreganj,25.9155,89.0255,Government,
Saidpur Health Post 01,Nilphamari,Saidpur,25.7755,88.8955,Government,
Atwari Health Post 01,Panchagarh,Atwari,26.3155,88.4555,Government,
Boda Health Post 01,Panchagarh,Boda,26.1955,88.6055,Government,
Debiganj Health Post 01,Panchagarh,Debiganj,26.1155,88.7555,Government,
Tetulia Health Post 01,Panchagarh,Tetulia,26.4855,88.3455,Government,
Baliadangi Health Post 01,Thakurgaon,Baliadangi,26.1055,88.2755,Government,
Haripur Health Post 01,Thakurgaon,Haripur,25.8155,88.2355,Government,
Pirganj (Thakurgaon) Health Post 01,Thakurgaon,Pirganj,25.8555,88.3655,Government,
Ranisankail Health Post 01,Thakurgaon,Ranisankail,25.8855,88.2655,Government,
Badarganj Community Clinic 01,Rangpur,Badarganj,25.676,89.056,Government,
Gangachara Community Clinic 01,Rangpur,Gangachara,25.856,89.216,Government,
Kaunia Community Clinic 01,Rangpur,Kaunia,25.776,89.416,Government,
Mithapukur Community Clinic 01,Rangpur,Mithapukur,25.576,89.266,Government,
Pirgachha Community Clinic 01,Rangpur,Pirgachha,25.666,89.396,Government,
Pirganj (Rangpur) Community Clinic 01,Rangpur,Pirganj,25.416,89.316,Government,
Taraganj Community Clinic 01,Rangpur,Taraganj,25.816,89.016,Government,
Birganj Community Clinic 01,Dinajpur,Birganj,25.856,88.666,Government,
Biral Community Clinic 01,Dinajpur,Biral,25.636,88.556,Government,
Bochaganj Community Clinic 01,Dinajpur,Bochaganj,25.806,88.456,Government,
Chirirbandar Community Clinic 01,Dinajpur,Chirirbandar,25.656,88.786,Government,
Phulbari (Dinajpur) Community Clinic 01,Dinajpur,Phulbari,25.516,88.886,Government,
Ghoraghat Community Clinic 01,Dinajpur,Ghoraghat,25.246,89.286,Government,
Hakimpur Community Clinic 01,Dinajpur,Hakimpur,25.286,89.126,Government,
Kaharole Community Clinic 01,Dinajpur,Kaharole,25.796,88.596,Government,
Khansama Community Clinic 01,Dinajpur,Khansama,25.926,88.746,Government,
Nawabganj (Dinajpur) Community Clinic 01,Dinajpur,Nawabganj,25.416,89.086,Government,
Parbatipur Community Clinic 01,Dinajpur,Parbatipur,25.656,88.926,Government,
Bhurungamari Community Clinic 01,Kurigram,Bhurungamari,26.146,89.686,Government,
Chilmari Community Clinic 01,Kurigram,Chilmari,25.556,89.676,Government,
Phulbari (Kurigram) Community Clinic 01,Kurigram,Phulbari,25.946,89.566,Government,
Nageshwari Community Clinic 01,Kurigram,Nageshwari,25.976,89.706,Government,
Rajarhat Community Clinic 01,Kurigram,Rajarhat,25.806,89.546,Government,
Rowmari Community Clinic 01,Kurigram,Rowmari,25.566,89.856,Government,
Ulipur Community Clinic 01,Kurigram,Ulipur,25.746,89.626,Government,
Char Rajibpur Community Clinic 01,Kurigram,Char Rajibpur,25.396,89.786,Government,
Phulchhari Community Clinic 01,Gaibandha,Phulchhari,25.216,89.616,Government,
Gobindaganj Community Clinic 01,Gaibandha,Gobindaganj,25.136,89.396,Government,
Palashbari Community Clinic 01,Gaibandha,Palashbari,25.286,89.346,Government,
Sadullapur Community Clinic 01,Gaibandha,Sadullapur,25.386,89.466,Government,
Saghata Community Clinic 01,Gaibandha,Saghata,25.106,89.586,Government,
Sundarganj Community Clinic 01,Gaibandha,Sundarganj,25.566,89.506,Government,
Aditmari Community Clinic 01,Lalmonirhat,Aditmari,25.926,89.356,Government,
Hatibandha Community Clinic 01,Lalmonirhat,Hatibandha,26.116,89.156,Government,
Kaliganj (Lalmonirhat) Community Clinic 01,Lalmonirhat,Kaliganj,25.986,89.216,Government,
Patgram Community Clinic 01,Lalmonirhat,Patgram,26.356,89.136,Government,
Dimla Community Clinic 01,Nilphamari,Dimla,26.126,88.926,Government,
Domar Community Clinic 01,Nilphamari,Domar,26.106,88.836,Government,
Jaldhaka Community Clinic 01,Nilphamari,Jaldhaka,25.966,88.996,Government,
Kishoreganj (Nilphamari) Community Clinic 01,Nilphamari,Kishoreganj,25.916,89.026,Government,
Saidpur Community Clinic 01,Nilphamari,Saidpur,25.776,88.896,Government,
Atwari Community Clinic 01,Panchagarh,Atwari,26.316,88.456,Government,
Boda Community Clinic 01,Panchagarh,Boda,26.196,88.606,Government,
Debiganj Community Clinic 01,Panchagarh,Debiganj,26.116,88.756,Government,
Tetulia Community Clinic 01,Panchagarh,Tetulia,26.486,88.346,Government,
Baliadangi Community Clinic 01,Thakurgaon,Baliadangi,26.106,88.276,Government,
Haripur Community Clinic 01,Thakurgaon,Haripur,25.816,88.236,Government,
Pirganj (Thakurgaon) Community Clinic 01,Thakurgaon,Pirganj,25.856,88.366,Government,
Ranisankail Community Clinic 01,Thakurgaon,Ranisankail,25.886,88.266,Government,
Badarganj Community Clinic 02,Rangpur,Badarganj,25.677,89.057,Government,
Gangachara Community Clinic 02,Rangpur,Gangachara,25.857,89.217,Government,
Kaunia Community Clinic 02,Rangpur,Kaunia,25.777,89.417,Government,
Mithapukur Community Clinic 02,Rangpur,Mithapukur,25.577,89.267,Government,
Pirgachha Community Clinic 02,Rangpur,Pirgachha,25.667,89.397,Government,
Pirganj (Rangpur) Community Clinic 02,Rangpur,Pirganj,25.417,89.317,Government,
Taraganj Community Clinic 02,Rangpur,Taraganj,25.817,89.017,Government,
Birganj Community Clinic 02,Dinajpur,Birganj,25.857,88.667,Government,
Biral Community Clinic 02,Dinajpur,Biral,25.637,88.557,Government,
Bochaganj Community Clinic 02,Dinajpur,Bochaganj,25.807,88.457,Government,
Chirirbandar Community Clinic 02,Dinajpur,Chirirbandar,25.657,88.787,Government,
Phulbari (Dinajpur) Community Clinic 02,Dinajpur,Phulbari,25.517,88.887,Government,
Ghoraghat Community Clinic 02,Dinajpur,Ghoraghat,25.247,89.287,Government,
Hakimpur Community Clinic 02,Dinajpur,Hakimpur,25.287,89.127,Government,
Kaharole Community Clinic 02,Dinajpur,Kaharole,25.797,88.597,Government,
Khansama Community Clinic 02,Dinajpur,Khansama,25.927,88.747,Government,
Nawabganj (Dinajpur) Community Clinic 02,Dinajpur,Nawabganj,25.417,89.087,Government,
Parbatipur Community Clinic 02,Dinajpur,Parbatipur,25.657,88.927,Government,
Bhurungamari Community Clinic 02,Kurigram,Bhurungamari,26.147,89.687,Government,
Chilmari Community Clinic 02,Kurigram,Chilmari,25.557,89.677,Government,
Phulbari (Kurigram) Community Clinic 02,Kurigram,Phulbari,25.947,89.567,Government,
Nageshwari Community Clinic 02,Kurigram,Nageshwari,25.977,89.707,Government,
Rajarhat Community Clinic 02,Kurigram,Rajarhat,25.807,89.547,Government,
Rowmari Community Clinic 02,Kurigram,Rowmari,25.567,89.857,Government,
Ulipur Community Clinic 02,Kurigram,Ulipur,25.747,89.627,Government,
Char Rajibpur Community Clinic 02,Kurigram,Char Rajibpur,25.397,89.787,Government,
Phulchhari Community Clinic 02,Gaibandha,Phulchhari,25.217,89.617,Government,
Gobindaganj Community Clinic 02,Gaibandha,Gobindaganj,25.137,89.397,Government,
Palashbari Community Clinic 02,Gaibandha,Palashbari,25.287,89.347,Government,
Sadullapur Community Clinic 02,Gaibandha,Sadullapur,25.387,89.467,Government,
Saghata Community Clinic 02,Gaibandha,Saghata,25.107,89.587,Government,
Sundarganj Community Clinic 02,Gaibandha,Sundarganj,25.567,89.507,Government,
Aditmari Community Clinic 02,Lalmonirhat,Aditmari,25.927,89.357,Government,
Hatibandha Community Clinic 02,Lalmonirhat,Hatibandha,26.117,89.157,Government,
Kaliganj (Lalmonirhat) Community Clinic 02,Lalmonirhat,Kaliganj,25.987,89.217,Government,
Patgram Community Clinic 02,Lalmonirhat,Patgram,26.357,89.137,Government,
Dimla Community Clinic 02,Nilphamari,Dimla,26.127,88.927,Government,
Domar Community Clinic 02,Nilphamari,Domar,26.107,88.837,Government,
Jaldhaka Community Clinic 02,Nilphamari,Jaldhaka,25.967,88.997,Government,
Kishoreganj (Nilphamari) Community Clinic 02,Nilphamari,Kishoreganj,25.917,89.027,Government,
Saidpur Community Clinic 02,Nilphamari,Saidpur,25.777,88.897,Government,
Atwari Community Clinic 02,Panchagarh,Atwari,26.317,88.457,Government,
Boda Community Clinic 02,Panchagarh,Boda,26.197,88.607,Government,
Debiganj Community Clinic 02,Panchagarh,Debiganj,26.117,88.757,Government,
Tetulia Community Clinic 02,Panchagarh,Tetulia,26.487,88.347,Government,
Baliadangi Community Clinic 02,Thakurgaon,Baliadangi,26.107,88.277,Government,
Haripur Community Clinic 02,Thakurgaon,Haripur,25.817,88.237,Government,
Pirganj (Thakurgaon) Community Clinic 02,Thakurgaon,Pirganj,25.857,88.367,Government,
Ranisankail Community Clinic 02,Thakurgaon,Ranisankail,25.887,88.267,Government,
Rangpur Specialized Heart Unit,Rangpur,Sadar,25.751,89.245,Private,
Dinajpur Orthopedic Clinic,Dinajpur,Sadar,25.635,88.648,Private,
Kurigram Heart Center,Kurigram,Sadar,25.811,89.655,Private,
Gaibandha Mother & Child Lab,Gaibandha,Sadar,25.3325,89.545,Private,
Lalmonirhat Children Unit,Lalmonirhat,Sadar,25.916,89.447,Private,
Nilphamari Specialized Diagnostic,Nilphamari,Sadar,25.9425,88.8475,Private,
Panchagarh City Clinic,Panchagarh,Sadar,26.332,88.565,Private,
Thakurgaon Digital Lab,Thakurgaon,Sadar,26.032,88.465,Private,
Rangpur Eye Hospital 02,Rangpur,Sadar,25.762,89.232,Private,
Dinajpur General Lab 02,Dinajpur,Sadar,25.636,88.643,Private,
Kurigram Modern Diagnostic,Kurigram,Sadar,25.8125,89.6535,Private,
Gaibandha Surgical Unit 02,Gaibandha,Sadar,25.333,89.5435,Private,
Rangpur Medical (Outdoor unit 02),Rangpur,Rangpur Sadar,25.7536,89.2426,Government,
Dinajpur Medical (Emergency unit 02),Dinajpur,Dinajpur Sadar,25.6356,88.6426,Government,
Kurigram Sadar (Surgical Wing 02),Kurigram,Kurigram Sadar,25.8116,89.6521,Government,
Gaibandha Sadar (Cardiac unit 02),Gaibandha,Gaibandha Sadar,25.3316,89.5421,Government,
Lalmonirhat Sadar (Pediatric unit 02),Lalmonirhat,Lalmonirhat Sadar,25.9156,89.4451,Government,
Nilphamari Sadar (Maternity unit 02),Nilphamari,Nilphamari Sadar,25.9421,88.8451,Government,
Panchagarh Sadar (Emergency wing 02),Panchagarh,Panchagarh Sadar,26.3316,88.5621,Government,
Thakurgaon Sadar (Surgical unit 02),Thakurgaon,Thakurgaon Sadar,26.0316,88.4621,Government,
Badarganj Health Post 02,Rangpur,Badarganj,25.6756,89.0556,Government,
Gangachara Health Post 02,Rangpur,Gangachara,25.8556,89.2156,Government,
Kaunia Health Post 02,Rangpur,Kaunia,25.7756,89.4156,Government,
Mithapukur Health Post 02,Rangpur,Mithapukur,25.5756,89.2656,Government,
Pirgachha Health Post 02,Rangpur,Pirgachha,25.6656,89.3956,Government,
Pirganj (Rangpur) Health Post 02,Rangpur,Pirganj,25.4156,89.3156,Government,
Taraganj Health Post 02,Rangpur,Taraganj,25.8156,89.0156,Government,
Birganj Health Post 02,Dinajpur,Birganj,25.8556,88.6656,Government,
Biral Health Post 02,Dinajpur,Biral,25.6356,88.5556,Government,
Bochaganj Health Post 02,Dinajpur,Bochaganj,25.8056,88.4556,Government,
Chirirbandar Health Post 02,Dinajpur,Chirirbandar,25.6556,88.7856,Government,
Phulbari (Dinajpur) Health Post 02,Dinajpur,Phulbari,25.5156,88.8856,Government,
Ghoraghat Health Post 02,Dinajpur,Ghoraghat,25.2456,89.2856,Government,
Hakimpur Health Post 02,Dinajpur,Hakimpur,25.2856,89.1256,Government,
Kaharole Health Post 02,Dinajpur,Kaharole,25.7956,88.5956,Government,
Khansama Health Post 02,Dinajpur,Khansama,25.9256,88.7456,Government,
Nawabganj (Dinajpur) Health Post 02,Dinajpur,Nawabganj,25.4156,89.0856,Government,
Parbatipur Health Post 02,Dinajpur,Parbatipur,25.6556,88.9256,Government,
Bhurungamari Health Post 02,Kurigram,Bhurungamari,26.1456,89.6856,Government,
Chilmari Health Post 02,Kurigram,Chilmari,25.5556,89.6756,Government,
Phulbari (Kurigram) Health Post 02,Kurigram,Phulbari,25.9456,89.5656,Government,
Nageshwari Health Post 02,Kurigram,Nageshwari,25.9756,89.7056,Government,
Rajarhat Health Post 02,Kurigram,Rajarhat,25.8056,89.5456,Government,
Rowmari Health Post 02,Kurigram,Rowmari,25.5656,89.8556,Government,
Ulipur Health Post 02,Kurigram,Ulipur,25.7456,89.6256,Government,
Char Rajibpur Health Post 02,Kurigram,Char Rajibpur,25.3956,89.7856,Government,
Gaibandha Health Post 02,Gaibandha,Sadar,25.3321,89.5426,Government,
Phulchhari Health Post 02,Gaibandha,Phulchhari,25.2156,89.6156,Government,
Gobindaganj Health Post 02,Gaibandha,Gobindaganj,25.1356,89.3956,Government,
Palashbari Health Post 02,Gaibandha,Palashbari,25.2856,89.3456,Government,
Sadullapur Health Post 02,Gaibandha,Sadullapur,25.3856,89.4656,Government,
Saghata Health Post 02,Gaibandha,Saghata,25.1056,89.5856,Government,
Sundarganj Health Post 02,Gaibandha,Sundarganj,25.5656,89.5056,Government,
Aditmari Health Post 02,Lalmonirhat,Aditmari,25.9256,89.3556,Government,
Hatibandha Health Post 02,Lalmonirhat,Hatibandha,26.1156,89.1556,Government,
Kaliganj (Lalmonirhat) Health Post 02,Lalmonirhat,Kaliganj,25.9856,89.2156,Government,
Patgram Health Post 02,Lalmonirhat,Patgram,26.3556,89.1356,Government,
Dimla Health Post 02,Nilphamari,Dimla,26.1256,88.9256,Government,
Domar Health Post 02,Nilphamari,Domar,26.1056,88.8356,Government,
Jaldhaka Health Post 02,Nilphamari,Jaldhaka,25.9656,88.9956,Government,
Kishoreganj (Nilphamari) Health Post 02,Nilphamari,Kishoreganj,25.9156,89.0256,Government,
Saidpur Health Post 02,Nilphamari,Saidpur,25.7756,88.8956,Government,
Atwari Health Post 02,Panchagarh,Atwari,26.3156,88.4556,Government,
Boda Health Post 02,Panchagarh,Boda,26.1956,88.6056,Government,
Debiganj Health Post 02,Panchagarh,Debiganj,26.1156,88.7556,Government,
Tetulia Health Post 02,Panchagarh,Tetulia,26.4856,88.3456,Government,
Baliadangi Health Post 02,Thakurgaon,Baliadangi,26.1056,88.2756,Government,
Haripur Health Post 02,Thakurgaon,Haripur,25.8156,88.2356,Government,
Pirganj (Thakurgaon) Health Post 02,Thakurgaon,Pirganj,25.8556,88.3656,Government,
Ranisankail Health Post 02,Thakurgaon,Ranisankail,25.8856,88.2656,Government,
Badarganj Satellite Clinic 01,Rangpur,Badarganj,25.674,89.054,Government,
Gangachara Satellite Clinic 01,Rangpur,Gangachara,25.854,89.214,Government,
Kaunia Satellite Clinic 01,Rangpur,Kaunia,25.774,89.414,Government,
Mithapukur Satellite Clinic 01,Rangpur,Mithapukur,25.574,89.264,Government,
Pirgachha Satellite Clinic 01,Rangpur,Pirgachha,25.664,89.394,Government,
Pirganj (Rangpur) Satellite Clinic 01,Rangpur,Pirganj,25.414,89.314,Government,
Taraganj Satellite Clinic 01,Rangpur,Taraganj,25.814,89.014,Government,
Birganj Satellite Clinic 01,Dinajpur,Birganj,25.854,88.664,Government,
Biral Satellite Clinic 01,Dinajpur,Biral,25.634,88.554,Government,
Bochaganj Satellite Clinic 01,Dinajpur,Bochaganj,25.804,88.454,Government,
Chirirbandar Satellite Clinic 01,Dinajpur,Chirirbandar,25.654,88.784,Government,
Phulbari (Dinajpur) Satellite Clinic 01,Dinajpur,Phulbari,25.514,88.884,Government,
Ghoraghat Satellite Clinic 01,Dinajpur,Ghoraghat,25.244,89.284,Government,
Hakimpur Satellite Clinic 01,Dinajpur,Hakimpur,25.284,89.124,Government,
Kaharole Satellite Clinic 01,Dinajpur,Kaharole,25.794,88.594,Government,
Khansama Satellite Clinic 01,Dinajpur,Khansama,25.924,88.744,Government,
Nawabganj (Dinajpur) Satellite Clinic 01,Dinajpur,Nawabganj,25.414,89.084,Government,
Parbatipur Satellite Clinic 01,Dinajpur,Parbatipur,25.654,88.924,Government,
Bhurungamari Satellite Clinic 01,Kurigram,Bhurungamari,26.144,89.684,Government,
Chilmari Satellite Clinic 01,Kurigram,Chilmari,25.554,89.674,Government,
Phulbari (Kurigram) Satellite Clinic 01,Kurigram,Phulbari,25.944,89.564,Government,
Nageshwari Satellite Clinic 01,Kurigram,Nageshwari,25.974,89.704,Government,
Rajarhat Satellite Clinic 01,Kurigram,Rajarhat,25.804,89.544,Government,
Rowmari Satellite Clinic 01,Kurigram,Rowmari,25.564,89.854,Government,
Ulipur Satellite Clinic 01,Kurigram,Ulipur,25.744,89.624,Government,
Char Rajibpur Satellite Clinic 01,Kurigram,Char Rajibpur,25.394,89.784,Government,
Gaibandha Satellite Clinic 01,Gaibandha,Sadar,25.331,89.541,Government,
Phulchhari Satellite Clinic 01,Gaibandha,Phulchhari,25.214,89.614,Government,
Gobindaganj Satellite Clinic 01,Gaibandha,Gobindaganj,25.134,89.394,Government,
Palashbari Satellite Clinic 01,Gaibandha,Palashbari,25.284,89.344,Government,
Sadullapur Satellite Clinic 01,Gaibandha,Sadullapur,25.384,89.464,Government,
Saghata Satellite Clinic 01,Gaibandha,Saghata,25.104,89.584,Government,
Sundarganj Satellite Clinic 01,Gaibandha,Sundarganj,25.564,89.504,Government,
Aditmari Satellite Clinic 01,Lalmonirhat,Aditmari,25.924,89.354,Government,
Hatibandha Satellite Clinic 01,Lalmonirhat,Hatibandha,26.114,89.154,Government,
Kaliganj (Lalmonirhat) Satellite Clinic 01,Lalmonirhat,Kaliganj,25.984,89.214,Government,
Patgram Satellite Clinic 01,Lalmonirhat,Patgram,26.354,89.134,Government,
Dimla Satellite Clinic 01,Nilphamari,Dimla,26.124,88.924,Government,
Domar Satellite Clinic 01,Nilphamari,Domar,26.104,88.834,Government,
Jaldhaka Satellite Clinic 01,Nilphamari,Jaldhaka,25.964,88.994,Government,
Kishoreganj (Nilphamari) Satellite Clinic 01,Nilphamari,Kishoreganj,25.914,89.024,Government,
Saidpur Satellite Clinic 01,Nilphamari,Saidpur,25.774,88.894,Government,
Atwari Satellite Clinic 01,Panchagarh,Atwari,26.314,88.454,Government,
Boda Satellite Clinic 01,Panchagarh,Boda,26.194,88.604,Government,
Debiganj Satellite Clinic 01,Panchagarh,Debiganj,26.114,88.754,Government,
Tetulia Satellite Clinic 01,Panchagarh,Tetulia,26.484,88.344,Government,
Baliadangi Satellite Clinic 01,Thakurgaon,Baliadangi,26.104,88.274,Government,
Haripur Satellite Clinic 01,Thakurgaon,Haripur,25.814,88.234,Government,
Pirganj (Thakurgaon) Satellite Clinic 01,Thakurgaon,Pirganj,25.854,88.364,Government,
Ranisankail Satellite Clinic 01,Thakurgaon,Ranisankail,25.884,88.264,Government,
Badarganj Community Clinic 03,Rangpur,Badarganj,25.678,89.058,Government,
Gangachara Community Clinic 03,Rangpur,Gangachara,25.858,89.218,Government,
Kaunia Community Clinic 03,Rangpur,Kaunia,25.778,89.418,Government,
Mithapukur Community Clinic 03,Rangpur,Mithapukur,25.578,89.268,Government,
Pirgachha Community Clinic 03,Rangpur,Pirgachha,25.668,89.398,Government,
Pirganj (Rangpur) Community Clinic 03,Rangpur,Pirganj,25.418,89.318,Government,
Taraganj Community Clinic 03,Rangpur,Taraganj,25.818,89.018,Government,
Birganj Community Clinic 03,Dinajpur,Birganj,25.858,88.668,Government,
Biral Community Clinic 03,Dinajpur,Biral,25.638,88.558,Government,
Bochaganj Community Clinic 03,Dinajpur,Bochaganj,25.808,88.458,Government,
Chirirbandar Community Clinic 03,Dinajpur,Chirirbandar,25.658,88.788,Government,
Phulbari (Dinajpur) Community Clinic 03,Dinajpur,Phulbari,25.518,88.888,Government,
Ghoraghat Community Clinic 03,Dinajpur,Ghoraghat,25.248,89.288,Government,
Hakimpur Community Clinic 03,Dinajpur,Hakimpur,25.288,89.128,Government,
Kaharole Community Clinic 03,Dinajpur,Kaharole,25.798,88.598,Government,
Khansama Community Clinic 03,Dinajpur,Khansama,25.928,88.748,Government,
Nawabganj (Dinajpur) Community Clinic 03,Dinajpur,Nawabganj,25.418,89.088,Government,
Parbatipur Community Clinic 03,Dinajpur,Parbatipur,25.658,88.928,Government,
Bhurungamari Community Clinic 03,Kurigram,Bhurungamari,26.148,89.688,Government,
Chilmari Community Clinic 03,Kurigram,Chilmari,25.558,89.678,Government,
Phulbari (Kurigram) Community Clinic 03,Kurigram,Phulbari,25.948,89.568,Government,
Nageshwari Community Clinic 03,Kurigram,Nageshwari,25.978,89.708,Government,
Rajarhat Community Clinic 03,Kurigram,Rajarhat,25.808,89.548,Government,
Rowmari Community Clinic 03,Kurigram,Rowmari,25.568,89.858,Government,
Ulipur Community Clinic 03,Kurigram,Ulipur,25.748,89.628,Government,
Char Rajibpur Community Clinic 03,Kurigram,Char Rajibpur,25.398,89.788,Government,
Phulchhari Community Clinic 03,Gaibandha,Phulchhari,25.218,89.618,Government,
Gobindaganj Community Clinic 03,Gaibandha,Gobindaganj,25.138,89.398,Government,
Palashbari Community Clinic 03,Gaibandha,Palashbari,25.288,89.348,Government,
Sadullapur Community Clinic 03,Gaibandha,Sadullapur,25.388,89.468,Government,
Saghata Community Clinic 03,Gaibandha,Saghata,25.108,89.588,Government,
Sundarganj Community Clinic 03,Gaibandha,Sundarganj,25.568,89.508,Government,
Aditmari Community Clinic 03,Lalmonirhat,Aditmari,25.928,89.358,Government,
Hatibandha Community Clinic 03,Lalmonirhat,Hatibandha,26.118,89.158,Government,
Kaliganj (Lalmonirhat) Community Clinic 03,Lalmonirhat,Kaliganj,25.988,89.218,Government,
Patgram Community Clinic 03,Lalmonirhat,Patgram,26.358,89.138,Government,
Dimla Community Clinic 03,Nilphamari,Dimla,26.128,88.928,Government,
Domar Community Clinic 03,Nilphamari,Domar,26.108,88.838,Government,
Jaldhaka Community Clinic 03,Nilphamari,Jaldhaka,25.968,88.998,Government,
Kishoreganj (Nilphamari) Community Clinic 03,Nilphamari,Kishoreganj,25.918,89.028,Government,
Saidpur Community Clinic 03,Nilphamari,Saidpur,25.778,88.898,Government,
Atwari Community Clinic 03,Panchagarh,Atwari,26.318,88.458,Government,
Boda Community Clinic 03,Panchagarh,Boda,26.198,88.608,Government,
Debiganj Community Clinic 03,Panchagarh,Debiganj,26.118,88.758,Government,
Tetulia Community Clinic 03,Panchagarh,Tetulia,26.488,88.348,Government,
Baliadangi Community Clinic 03,Thakurgaon,Baliadangi,26.108,88.278,Government,
Haripur Community Clinic 03,Thakurgaon,Haripur,25.818,88.238,Government,
Pirganj (Thakurgaon) Community Clinic 03,Thakurgaon,Pirganj,25.858,88.368,Government,
Ranisankail Community Clinic 03,Thakurgaon,Ranisankail,25.888,88.268,Government,
Badarganj Community Clinic 04,Rangpur,Badarganj,25.679,89.059,Government,
Gangachara Community Clinic 04,Rangpur,Gangachara,25.859,89.219,Government,
Kaunia Community Clinic 04,Rangpur,Kaunia,25.779,89.419,Government,
Mithapukur Community Clinic 04,Rangpur,Mithapukur,25.579,89.269,Government,
Pirgachha Community Clinic 04,Rangpur,Pirgachha,25.669,89.399,Government,
Pirganj (Rangpur) Community Clinic 04,Rangpur,Pirganj,25.419,89.319,Government,
Taraganj Community Clinic 04,Rangpur,Taraganj,25.819,89.019,Government,
Birganj Community Clinic 04,Dinajpur,Birganj,25.859,88.669,Government,
Biral Community Clinic 04,Dinajpur,Biral,25.639,88.559,Government,
Bochaganj Community Clinic 04,Dinajpur,Bochaganj,25.809,88.459,Government,
Chirirbandar Community Clinic 04,Dinajpur,Chirirbandar,25.659,88.789,Government,
Phulbari (Dinajpur) Community Clinic 04,Dinajpur,Phulbari,25.519,88.889,Government,
Ghoraghat Community Clinic 04,Dinajpur,Ghoraghat,25.249,89.289,Government,
Hakimpur Community Clinic 04,Dinajpur,Hakimpur,25.289,89.129,Government,
Kaharole Community Clinic 04,Dinajpur,Kaharole,25.799,88.599,Government,
Khansama Community Clinic 04,Dinajpur,Khansama,25.929,88.749,Government,
Nawabganj (Dinajpur) Community Clinic 04,Dinajpur,Nawabganj,25.419,89.089,Government,
Parbatipur Community Clinic 04,Dinajpur,Parbatipur,25.659,88.929,Government,
Bhurungamari Community Clinic 04,Kurigram,Bhurungamari,26.149,89.689,Government,
Chilmari Community Clinic 04,Kurigram,Chilmari,25.559,89.679,Government,
Phulbari (Kurigram) Community Clinic 04,Kurigram,Phulbari,25.949,89.569,Government,
Nageshwari Community Clinic 04,Kurigram,Nageshwari,25.979,89.709,Government,
Rajarhat Community Clinic 04,Kurigram,Rajarhat,25.809,89.549,Government,
Rowmari Community Clinic 04,Kurigram,Rowmari,25.569,89.859,Government,
Ulipur Community Clinic 04,Kurigram,Ulipur,25.749,89.629,Government,
Char Rajibpur Community Clinic 04,Kurigram,Char Rajibpur,25.399,89.789,Government,
Phulchhari Community Clinic 04,Gaibandha,Phulchhari,25.219,89.619,Government,
Gobindaganj Community Clinic 04,Gaibandha,Gobindaganj,25.139,89.399,Government,
Palashbari Community Clinic 04,Gaibandha,Palashbari,25.289,89.349,Government,
Sadullapur Community Clinic 04,Gaibandha,Sadullapur,25.389,89.469,Government,
Saghata Community Clinic 04,Gaibandha,Saghata,25.109,89.589,Government,
Sundarganj Community Clinic 04,Gaibandha,Sundarganj,25.569,89.509,Government,
Aditmari Community Clinic 04,Lalmonirhat,Aditmari,25.929,89.359,Government,
Hatibandha Community Clinic 04,Lalmonirhat,Hatibandha,26.119,89.159,Government,
Kaliganj (Lalmonirhat) Community Clinic 04,Lalmonirhat,Kaliganj,25.989,89.219,Government,
Patgram Community Clinic 04,Lalmonirhat,Patgram,26.359,89.139,Government,
Dimla Community Clinic 04,Nilphamari,Dimla,26.129,88.929,Government,
Domar Community Clinic 04,Nilphamari,Domar,26.109,88.839,Government,
Jaldhaka Community Clinic 04,Nilphamari,Jaldhaka,25.969,88.999,Government,
Kishoreganj (Nilphamari) Community Clinic 04,Nilphamari,Kishoreganj,25.919,89.029,Government,
Saidpur Community Clinic 04,Nilphamari,Saidpur,25.779,88.899,Government,
Atwari Community Clinic 04,Panchagarh,Atwari,26.319,88.459,Government,
Boda Community Clinic 04,Panchagarh,Boda,26.199,88.609,Government,
Debiganj Community Clinic 04,Panchagarh,Debiganj,26.119,88.759,Government,
Tetulia Community Clinic 04,Panchagarh,Tetulia,26.489,88.349,Government,
Baliadangi Community Clinic 04,Thakurgaon,Baliadangi,26.109,88.279,Government,
Haripur Community Clinic 04,Thakurgaon,Haripur,25.819,88.239,Government,
Pirganj (Thakurgaon) Community Clinic 04,Thakurgaon,Pirganj,25.859,88.369,Government,
Ranisankail Community Clinic 04,Thakurgaon,Ranisankail,25.889,88.269,Government,
Badarganj Satellite Clinic 02,Rangpur,Badarganj,25.6745,89.0545,Government,
Gangachara Satellite Clinic 02,Rangpur,Gangachara,25.8545,89.2145,Government,
Kaunia Satellite Clinic 02,Rangpur,Kaunia,25.7745,89.4145,Government,
Mithapukur Satellite Clinic 02,Rangpur,Mithapukur,25.5745,89.2645,Government,
Pirgachha Satellite Clinic 02,Rangpur,Pirgachha,25.6645,89.3945,Government,
Pirganj (Rangpur) Satellite Clinic 02,Rangpur,Pirganj,25.4145,89.3145,Government,
Taraganj Satellite Clinic 02,Rangpur,Taraganj,25.8145,89.0145,Government,
Birganj Satellite Clinic 02,Dinajpur,Birganj,25.8545,88.6645,Government,
Biral Satellite Clinic 02,Dinajpur,Biral,25.6345,88.5545,Government,
Bochaganj Satellite Clinic 02,Dinajpur,Bochaganj,25.8045,88.4545,Government,
Chirirbandar Satellite Clinic 02,Dinajpur,Chirirbandar,25.6545,88.7845,Government,
Phulbari (Dinajpur) Satellite Clinic 02,Dinajpur,Phulbari,25.5145,88.8845,Government,
Ghoraghat Satellite Clinic 02,Dinajpur,Ghoraghat,25.2445,89.2845,Government,
Hakimpur Satellite Clinic 02,Dinajpur,Hakimpur,25.2845,89.1245,Government,
Kaharole Satellite Clinic 02,Dinajpur,Kaharole,25.7945,88.5945,Government,
Khansama Satellite Clinic 02,Dinajpur,Khansama,25.9245,88.7445,Government,
Nawabganj (Dinajpur) Satellite Clinic 02,Dinajpur,Nawabganj,25.4145,89.0845,Government,
Parbatipur Satellite Clinic 02,Dinajpur,Parbatipur,25.6545,88.9245,Government,
Bhurungamari Satellite Clinic 02,Kurigram,Bhurungamari,26.1445,89.6845,Government,
Chilmari Satellite Clinic 02,Kurigram,Chilmari,25.5545,89.6745,Government,
Phulbari (Kurigram) Satellite Clinic 02,Kurigram,Phulbari,25.9445,89.5645,Government,
Nageshwari Satellite Clinic 02,Kurigram,Nageshwari,25.9745,89.7045,Government,
Rajarhat Satellite Clinic 02,Kurigram,Rajarhat,25.8045,89.5445,Government,
Rowmari Satellite Clinic 02,Kurigram,Rowmari,25.5645,89.8545,Government,
Ulipur Satellite Clinic 02,Kurigram,Ulipur,25.7445,89.6245,Government,
Char Rajibpur Satellite Clinic 02,Kurigram,Char Rajibpur,25.3945,89.7845,Government,
Gaibandha Satellite Clinic 02,Gaibandha,Sadar,25.3311,89.5411,Government,
Phulchhari Satellite Clinic 02,Gaibandha,Phulchhari,25.2145,89.6145,Government,
Gobindaganj Satellite Clinic 02,Gaibandha,Gobindaganj,25.1345,89.3945,Government,
Palashbari Satellite Clinic 02,Gaibandha,Palashbari,25.2845,89.3445,Government,
Sadullapur Satellite Clinic 02,Gaibandha,Sadullapur,25.3845,89.4645,Government,
Saghata Satellite Clinic 02,Gaibandha,Saghata,25.1045,89.5845,Government,
Sundarganj Satellite Clinic 02,Gaibandha,Sundarganj,25.5645,89.5045,Government,
Aditmari Satellite Clinic 02,Lalmonirhat,Aditmari,25.9245,89.3545,Government,
Hatibandha Satellite Clinic 02,Lalmonirhat,Hatibandha,26.1145,89.1545,Government,
Kaliganj (Lalmonirhat) Satellite Clinic 02,Lalmonirhat,Kaliganj,25.9845,89.2145,Government,
Patgram Satellite Clinic 02,Lalmonirhat,Patgram,26.3545,89.1345,Government,
Dimla Satellite Clinic 02,Nilphamari,Dimla,26.1245,88.9245,Government,
Domar Satellite Clinic 02,Nilphamari,Domar,26.1045,88.8345,Government,
Jaldhaka Satellite Clinic 02,Nilphamari,Jaldhaka,25.9645,88.9945,Government,
Kishoreganj (Nilphamari) Satellite Clinic 02,Nilphamari,Kishoreganj,25.9145,89.0245,Government,
Saidpur Satellite Clinic 02,Nilphamari,Saidpur,25.7745,88.8945,Government,
Atwari Satellite Clinic 02,Panchagarh,Atwari,26.3145,88.4545,Government,
Boda Satellite Clinic 02,Panchagarh,Boda,26.1945,88.6045,Government,
Debiganj Satellite Clinic 02,Panchagarh,Debiganj,26.1145,88.7545,Government,
Tetulia Satellite Clinic 02,Panchagarh,Tetulia,26.4845,88.3445,Government,
Baliadangi Satellite Clinic 02,Thakurgaon,Baliadangi,26.1045,88.2745,Government,
Haripur Satellite Clinic 02,Thakurgaon,Haripur,25.8145,88.2345,Government,
Pirganj (Thakurgaon) Satellite Clinic 02,Thakurgaon,Pirganj,25.8545,88.3645,Government,
Ranisankail Satellite Clinic 02,Thakurgaon,Ranisankail,25.8845,88.2645,Government,
Badarganj specialized dental,Rangpur,Badarganj,25.6728,89.0528,Private,
Gangachara general lab 02,Rangpur,Gangachara,25.8528,89.2128,Private,
Kaunia heart clinic 02,Rangpur,Kaunia,25.7728,89.4128,Private,
Mithapukur specialized wing 02,Rangpur,Mithapukur,25.5728,89.2628,Private,
Pirgachha diagnostic unit 02,Rangpur,Pirgachha,25.6628,89.3928,Private,
Pirganj surgical lab 02,Rangpur,Pirganj,25.4128,89.3128,Private,
Taraganj ortho center 02,Rangpur,Taraganj,25.8128,89.0128,Private,
Birganj mother unit 02,Dinajpur,Birganj,25.8528,88.6628,Private,
Biral pediatric wing 02,Dinajpur,Biral,25.6328,88.5528,Private,
Bochaganj cardiac center 02,Dinajpur,Bochaganj,25.8028,88.4528,Private,
Chirirbandar specialized lab 03,Dinajpur,Chirirbandar,25.6528,88.7828,Private,
Phulbari heart clinic 03,Dinajpur,Phulbari,25.5128,88.8828,Private,
Ghoraghat pediatric unit 03,Dinajpur,Ghoraghat,25.2428,89.2828,Private,
Hakimpur surgical unit 03,Dinajpur,Hakimpur,25.2828,89.1228,Private,
Kaharole heart center 03,Dinajpur,Kaharole,25.7928,88.5928,Private,
Khansama specialized wing 03,Dinajpur,Khansama,25.9228,88.7428,Private,
Nawabganj diagnostic wing 03,Dinajpur,Nawabganj,25.4128,89.0828,Private,
Parbatipur heart unit 03,Dinajpur,Parbatipur,25.6528,88.9228,Private,
Bhurungamari specialized lab 03,Kurigram,Bhurungamari,26.1428,89.6828,Private,
Chilmari heart clinic 03,Kurigram,Chilmari,25.5528,89.6728,Private,
Phulbari cardiac lab 03,Kurigram,Phulbari,25.9428,89.5628,Private,
Nageshwari specialized unit 03,Kurigram,Nageshwari,25.9728,89.7028,Private,
Rajarhat heart center 03,Kurigram,Rajarhat,25.8028,89.5428,Private,
Rowmari dental surgery 03,Kurigram,Rowmari,25.5628,89.8528,Private,
Ulipur heart center 03,Kurigram,Ulipur,25.7428,89.6228,Private,
Char Rajibpur pediatric center 03,Kurigram,Char Rajibpur,25.3928,89.7828,Private,
Phulchhari heart clinic 03,Gaibandha,Phulchhari,25.2128,89.6128,Private,
Gobindaganj specialized wing 03,Gaibandha,Gobindaganj,25.1328,89.3928,Private,
Palashbari heart unit 03,Gaibandha,Palashbari,25.2828,89.3428,Private,
Sadullapur dental surgery 03,Gaibandha,Sadullapur,25.3828,89.4628,Private,
Saghata specialized wing 03,Gaibandha,Saghata,25.1028,89.5828,Private,
Sundarganj cardiac unit 03,Gaibandha,Sundarganj,25.5628,89.5028,Private,
Aditmari pediatric unit 03,Lalmonirhat,Aditmari,25.9228,89.3528,Private,
Hatibandha surgical wing 03,Lalmonirhat,Hatibandha,26.1128,89.1528,Private,
Kaliganj heart clinic 03,Lalmonirhat,Kaliganj,25.9828,89.2128,Private,
Patgram mother care 03,Lalmonirhat,Patgram,26.3528,89.1328,Private,
Dimla pediatric center 03,Nilphamari,Dimla,26.1228,88.9228,Private,
Domar specialized unit 03,Nilphamari,Domar,26.1028,88.8328,Private,
Jaldhaka cardiac lab 03,Nilphamari,Jaldhaka,25.9628,88.9928,Private,
Kishoreganj diagnostic unit 03,Nilphamari,Kishoreganj,25.9128,89.0228,Private,
Saidpur surgical unit 03,Nilphamari,Saidpur,25.7728,88.8928,Private,
Atwari mother unit 03,Panchagarh,Atwari,26.3128,88.4528,Private,
Boda heart clinic 03,Panchagarh,Boda,26.1928,88.6028,Private,
Debiganj pediatric unit 03,Panchagarh,Debiganj,26.1128,88.7528,Private,
Tetulia specialized unit 03,Panchagarh,Tetulia,26.4828,88.3428,Private,
Baliadangi heart lab 03,Thakurgaon,Baliadangi,26.1028,88.2728,Private,
Haripur diagnostic unit 03,Thakurgaon,Haripur,25.8128,88.2328,Private,
Pirganj specialized wing 03,Thakurgaon,Pirganj,25.8528,88.3628,Private,
Ranisankail heart center 03,Thakurgaon,Ranisankail,25.8828,88.2628,Private,
Rangpur Medical (Oncology Wing),Rangpur,Rangpur Sadar,25.7537,89.2427,Government,
Rangpur Medical (Cardiology Wing),Rangpur,Rangpur Sadar,25.7538,89.2428,Government,
Rangpur Medical (Pediatric Wing),Rangpur,Rangpur Sadar,25.7539,89.2429,Government,
Dinajpur Medical (Cardiac Unit),Dinajpur,Dinajpur Sadar,25.6357,88.6427,Government,
Kurigram Sadar (Maternity Wing),Kurigram,Kurigram Sadar,25.8117,89.6521,Government,
Gaibandha Sadar (Emergency Unit),Gaibandha,Gaibandha Sadar,25.3317,89.5421,Government,
Lalmonirhat Sadar (Surgical wing),Lalmonirhat,Lalmonirhat Sadar,25.9157,89.4451,Government,
Nilphamari Sadar (Diagnostic Unit),Nilphamari,Nilphamari Sadar,25.9422,88.8452,Government,
Panchagarh Sadar (Mother care wing),Panchagarh,Panchagarh Sadar,26.3317,88.5622,Government,
Thakurgaon Sadar (Pediatric lab),Thakurgaon,Thakurgaon Sadar,26.0317,88.4622,Government,
Badarganj Health Post 03,Rangpur,Badarganj,25.6757,89.0557,Government,
Gangachara Health Post 03,Rangpur,Gangachara,25.8557,89.2157,Government,
Kaunia Health Post 03,Rangpur,Kaunia,25.7757,89.4157,Government,
Mithapukur Health Post 03,Rangpur,Mithapukur,25.5757,89.2657,Government,
Pirgachha Health Post 03,Rangpur,Pirgachha,25.6657,89.3957,Government,
Pirganj (Rangpur) Health Post 03,Rangpur,Pirganj,25.4157,89.3157,Government,
Taraganj Health Post 03,Rangpur,Taraganj,25.8157,89.0157,Government,
Birganj Health Post 03,Dinajpur,Birganj,25.8557,88.6657,Government,
Biral Health Post 03,Dinajpur,Biral,25.6357,88.5557,Government,
Bochaganj Health Post 03,Dinajpur,Bochaganj,25.8057,88.4557,Government,
Chirirbandar Health Post 03,Dinajpur,Chirirbandar,25.6557,88.7857,Government,
Phulbari (Dinajpur) Health Post 03,Dinajpur,Phulbari,25.5157,88.8857,Government,
Ghoraghat Health Post 03,Dinajpur,Ghoraghat,25.2457,89.2857,Government,
Hakimpur Health Post 03,Dinajpur,Hakimpur,25.2857,89.1257,Government,
Kaharole Health Post 03,Dinajpur,Kaharole,25.7957,88.5957,Government,
Khansama Health Post 03,Dinajpur,Khansama,25.9257,88.7457,Government,
Nawabganj (Dinajpur) Health Post 03,Dinajpur,Nawabganj,25.4157,89.0857,Government,
Parbatipur Health Post 03,Dinajpur,Parbatipur,25.6557,88.9257,Government,
Bhurungamari Health Post 03,Kurigram,Bhurungamari,26.1457,89.6857,Government,
Chilmari Health Post 03,Kurigram,Chilmari,25.5557,89.6757,Government,
Phulbari (Kurigram) Health Post 03,Kurigram,Phulbari,25.9457,89.5657,Government,
Nageshwari Health Post 03,Kurigram,Nageshwari,25.9757,89.7057,Government,
Rajarhat Health Post 03,Kurigram,Rajarhat,25.8057,89.5457,Government,
Rowmari Health Post 03,Kurigram,Rowmari,25.5657,89.8557,Government,
Ulipur Health Post 03,Kurigram,Ulipur,25.7457,89.6257,Government,
Char Rajibpur Health Post 03,Kurigram,Char Rajibpur,25.3957,89.7857,Government,
Gaibandha Health Post 03,Gaibandha,Sadar,25.3322,89.5427,Government,
Phulchhari Health Post 03,Gaibandha,Phulchhari,25.2157,89.6157,Government,
Gobindaganj Health Post 03,Gaibandha,Gobindaganj,25.1357,89.3957,Government,
Palashbari Health Post 03,Gaibandha,Palashbari,25.2857,89.3457,Government,
Sadullapur Health Post 03,Gaibandha,Sadullapur,25.3857,89.4657,Government,
Saghata Health Post 03,Gaibandha,Saghata,25.1057,89.5857,Government,
Sundarganj Health Post 03,Gaibandha,Sundarganj,25.5657,89.5057,Government,
Aditmari Health Post 03,Lalmonirhat,Aditmari,25.9257,89.3557,Government,
Hatibandha Health Post 03,Lalmonirhat,Hatibandha,26.1157,89.1557,Government,
Kaliganj (Lalmonirhat) Health Post 03,Lalmonirhat,Kaliganj,25.9857,89.2157,Government,
Patgram Health Post 03,Lalmonirhat,Patgram,26.3557,89.1357,Government,
Dimla Health Post 03,Nilphamari,Dimla,26.1257,88.9257,Government,
Domar Health Post 03,Nilphamari,Domar,26.1057,88.8357,Government,
Jaldhaka Health Post 03,Nilphamari,Jaldhaka,25.9657,88.9957,Government,
Kishoreganj (Nilphamari) Health Post 03,Nilphamari,Kishoreganj,25.9157,89.0257,Government,
Saidpur Health Post 03,Nilphamari,Saidpur,25.7757,88.8957,Government,
Atwari Health Post 03,Panchagarh,Atwari,26.3157,88.4557,Government,
Boda Health Post 03,Panchagarh,Boda,26.1957,88.6057,Government,
Debiganj Health Post 03,Panchagarh,Debiganj,26.1157,88.7557,Government,
Tetulia Health Post 03,Panchagarh,Tetulia,26.4857,88.3457,Government,
Baliadangi Health Post 03,Thakurgaon,Baliadangi,26.1057,88.2757,Government,
Haripur Health Post 03,Thakurgaon,Haripur,25.8157,88.2357,Government,
Pirganj (Thakurgaon) Health Post 03,Thakurgaon,Pirganj,25.8557,88.3657,Government,
Ranisankail Health Post 03,Thakurgaon,Ranisankail,25.8857,88.2657,Government,
Badarganj Community Clinic 05,Rangpur,Badarganj,25.68,89.06,Government,
Gangachara Community Clinic 05,Rangpur,Gangachara,25.86,89.22,Government,
Kaunia Community Clinic 05,Rangpur,Kaunia,25.78,89.42,Government,
Mithapukur Community Clinic 05,Rangpur,Mithapukur,25.58,89.27,Government,
Pirgachha Community Clinic 05,Rangpur,Pirgachha,25.67,89.4,Government,
Pirganj (Rangpur) Community Clinic 05,Rangpur,Pirganj,25.42,89.32,Government,
Taraganj Community Clinic 05,Rangpur,Taraganj,25.82,89.02,Government,
Birganj Community Clinic 05,Dinajpur,Birganj,25.86,88.67,Government,
Biral Community Clinic 05,Dinajpur,Biral,25.64,88.56,Government,
Bochaganj Community Clinic 05,Dinajpur,Bochaganj,25.81,88.46,Government,
Chirirbandar Community Clinic 05,Dinajpur,Chirirbandar,25.66,88.79,Government,
Phulbari (Dinajpur) Community Clinic 05,Dinajpur,Phulbari,25.52,88.89,Government,
Ghoraghat Community Clinic 05,Dinajpur,Ghoraghat,25.25,89.29,Government,
Hakimpur Community Clinic 05,Dinajpur,Hakimpur,25.29,89.13,Government,
Kaharole Community Clinic 05,Dinajpur,Kaharole,25.8,88.6,Government,
Khansama Community Clinic 05,Dinajpur,Khansama,25.93,88.75,Government,
Nawabganj (Dinajpur) Community Clinic 05,Dinajpur,Nawabganj,25.42,89.09,Government,
Parbatipur Community Clinic 05,Dinajpur,Parbatipur,25.66,88.93,Government,
Bhurungamari Community Clinic 05,Kurigram,Bhurungamari,26.15,89.69,Government,
Chilmari Community Clinic 05,Kurigram,Chilmari,25.56,89.68,Government,
Phulbari (Kurigram) Community Clinic 05,Kurigram,Phulbari,25.95,89.57,Government,
Nageshwari Community Clinic 05,Kurigram,Nageshwari,25.98,89.71,Government,
Rajarhat Community Clinic 05,Kurigram,Rajarhat,25.81,89.55,Government,
Rowmari Community Clinic 05,Kurigram,Rowmari,25.57,89.86,Government,
Ulipur Community Clinic 05,Kurigram,Ulipur,25.75,89.63,Government,
Char Rajibpur Community Clinic 05,Kurigram,Char Rajibpur,25.4,89.79,Government,
Phulchhari Community Clinic 05,Gaibandha,Phulchhari,25.22,89.62,Government,
Gobindaganj Community Clinic 05,Gaibandha,Gobindaganj,25.14,89.4,Government,
Palashbari Community Clinic 05,Gaibandha,Palashbari,25.29,89.35,Government,
Sadullapur Community Clinic 05,Gaibandha,Sadullapur,25.39,89.47,Government,
Saghata Community Clinic 05,Gaibandha,Saghata,25.11,89.59,Government,
Sundarganj Community Clinic 05,Gaibandha,Sundarganj,25.57,89.51,Government,
Aditmari Community Clinic 05,Lalmonirhat,Aditmari,25.93,89.36,Government,
Hatibandha Community Clinic 05,Lalmonirhat,Hatibandha,26.12,89.16,Government,
Kaliganj (Lalmonirhat) Community Clinic 05,Lalmonirhat,Kaliganj,25.99,89.22,Government,
Patgram Community Clinic 05,Lalmonirhat,Patgram,26.36,89.14,Government,
Dimla Community Clinic 05,Nilphamari,Dimla,26.13,88.93,Government,
Domar Community Clinic 05,Nilphamari,Domar,26.11,88.84,Government,
Jaldhaka Community Clinic 05,Nilphamari,Jaldhaka,25.97,89,Government,
Kishoreganj (Nilphamari) Community Clinic 05,Nilphamari,Kishoreganj,25.92,89.03,Government,
Saidpur Community Clinic 05,Nilphamari,Saidpur,25.78,88.9,Government,
Atwari Community Clinic 05,Panchagarh,Atwari,26.32,88.46,Government,
Boda Community Clinic 05,Panchagarh,Boda,26.2,88.61,Government,
Debiganj Community Clinic 05,Panchagarh,Debiganj,26.12,88.76,Government,
Tetulia Community Clinic 05,Panchagarh,Tetulia,26.49,88.35,Government,
Baliadangi Community Clinic 05,Thakurgaon,Baliadangi,26.11,88.28,Government,
Haripur Community Clinic 05,Thakurgaon,Haripur,25.82,88.24,Government,
Pirganj (Thakurgaon) Community Clinic 05,Thakurgaon,Pirganj,25.86,88.37,Government,
Ranisankail Community Clinic 05,Thakurgaon,Ranisankail,25.89,88.27,Government,
Badarganj Satellite Clinic 03,Rangpur,Badarganj,25.675,89.055,Government,
Gangachara Satellite Clinic 03,Rangpur,Gangachara,25.855,89.215,Government,
Kaunia Satellite Clinic 03,Rangpur,Kaunia,25.775,89.415,Government,
Mithapukur Satellite Clinic 03,Rangpur,Mithapukur,25.575,89.265,Government,
Pirgachha Satellite Clinic 03,Rangpur,Pirgachha,25.665,89.395,Government,
Pirganj (Rangpur) Satellite Clinic 03,Rangpur,Pirganj,25.415,89.315,Government,
Taraganj Satellite Clinic 03,Rangpur,Taraganj,25.815,89.015,Government,
Birganj Satellite Clinic 03,Dinajpur,Birganj,25.855,88.665,Government,
Biral Satellite Clinic 03,Dinajpur,Biral,25.635,88.555,Government,
Bochaganj Satellite Clinic 03,Dinajpur,Bochaganj,25.805,88.455,Government,
Chirirbandar Satellite Clinic 03,Dinajpur,Chirirbandar,25.655,88.785,Government,
Phulbari (Dinajpur) Satellite Clinic 03,Dinajpur,Phulbari,25.515,88.885,Government,
Ghoraghat Satellite Clinic 03,Dinajpur,Ghoraghat,25.245,89.285,Government,
Hakimpur Satellite Clinic 03,Dinajpur,Hakimpur,25.285,89.125,Government,
Kaharole Satellite Clinic 03,Dinajpur,Kaharole,25.795,88.595,Government,
Khansama Satellite Clinic 03,Dinajpur,Khansama,25.925,88.745,Government,
Nawabganj (Dinajpur) Satellite Clinic 03,Dinajpur,Nawabganj,25.415,89.085,Government,
Parbatipur Satellite Clinic 03,Dinajpur,Parbatipur,25.655,88.925,Government,
Bhurungamari Satellite Clinic 03,Kurigram,Bhurungamari,26.145,89.685,Government,
Chilmari Satellite Clinic 03,Kurigram,Chilmari,25.555,89.675,Government,
Phulbari (Kurigram) Satellite Clinic 03,Kurigram,Phulbari,25.945,89.565,Government,
Nageshwari Satellite Clinic 03,Kurigram,Nageshwari,25.975,89.705,Government,
Rajarhat Satellite Clinic 03,Kurigram,Rajarhat,25.805,89.545,Government,
Rowmari Satellite Clinic 03,Kurigram,Rowmari,25.565,89.855,Government,
Ulipur Satellite Clinic 03,Kurigram,Ulipur,25.745,89.625,Government,
Char Rajibpur Satellite Clinic 03,Kurigram,Char Rajibpur,25.395,89.785,Government,
Gaibandha Satellite Clinic 03,Gaibandha,Sadar,25.3312,89.5412,Government,
Phulchhari Satellite Clinic 03,Gaibandha,Phulchhari,25.215,89.615,Government,
Gobindaganj Satellite Clinic 03,Gaibandha,Gobindaganj,25.135,89.395,Government,
Palashbari Satellite Clinic 03,Gaibandha,Palashbari,25.285,89.345,Government,
Sadullapur Satellite Clinic 03,Gaibandha,Sadullapur,25.385,89.465,Government,
Saghata Satellite Clinic 03,Gaibandha,Saghata,25.105,89.585,Government,
Sundarganj Satellite Clinic 03,Gaibandha,Sundarganj,25.565,89.505,Government,
Aditmari Satellite Clinic 03,Lalmonirhat,Aditmari,25.925,89.355,Government,
Hatibandha Satellite Clinic 03,Lalmonirhat,Hatibandha,26.115,89.155,Government,
Kaliganj (Lalmonirhat) Satellite Clinic 03,Lalmonirhat,Kaliganj,25.985,89.215,Government,
Patgram Satellite Clinic 03,Lalmonirhat,Patgram,26.355,89.135,Government,
Dimla Satellite Clinic 03,Nilphamari,Dimla,26.125,88.925,Government,
Domar Satellite Clinic 03,Nilphamari,Domar,26.105,88.835,Government,
Jaldhaka Satellite Clinic 03,Nilphamari,Jaldhaka,25.965,88.995,Government,
Kishoreganj (Nilphamari) Satellite Clinic 03,Nilphamari,Kishoreganj,25.915,89.025,Government,
Saidpur Satellite Clinic 03,Nilphamari,Saidpur,25.775,88.895,Government,
Atwari Satellite Clinic 03,Panchagarh,Atwari,26.315,88.455,Government,
Boda Satellite Clinic 03,Panchagarh,Boda,26.195,88.605,Government,
Debiganj Satellite Clinic 03,Panchagarh,Debiganj,26.115,88.755,Government,
Tetulia Satellite Clinic 03,Panchagarh,Tetulia,26.485,88.345,Government,
Baliadangi Satellite Clinic 03,Thakurgaon,Baliadangi,26.105,88.275,Government,
Haripur Satellite Clinic 03,Thakurgaon,Haripur,25.815,88.235,Government,
Pirganj (Thakurgaon) Satellite Clinic 03,Thakurgaon,Pirganj,25.855,88.365,Government,
Ranisankail Satellite Clinic 03,Thakurgaon,Ranisankail,25.885,88.265,Government,
Badarganj heart clinic 04,Rangpur,Badarganj,25.6735,89.0535,Private,
Gangachara heart lab 04,Rangpur,Gangachara,25.8535,89.2135,Private,
Kaunia mother care 04,Rangpur,Kaunia,25.7735,89.4135,Private,
Mithapukur heart clinic 04,Rangpur,Mithapukur,25.5735,89.2635,Private,
Pirgachha cardiac lab 04,Rangpur,Pirgachha,25.6635,89.3935,Private,
Pirganj mother unit 04,Rangpur,Pirganj,25.4135,89.3135,Private,
Taraganj specialized unit 04,Rangpur,Taraganj,25.8135,89.0135,Private,
Birganj cardiac center 04,Dinajpur,Birganj,25.8535,88.6635,Private,
Biral diagnostic unit 04,Dinajpur,Biral,25.6335,88.5535,Private,
Bochaganj heart center 04,Dinajpur,Bochaganj,25.8035,88.4535,Private,
Chirirbandar diagnostic wing 04,Dinajpur,Chirirbandar,25.6535,88.7835,Private,
Phulbari specialized wing 04,Dinajpur,Phulbari,25.5135,88.8835,Private,
Ghoraghat cardiac lab 04,Dinajpur,Ghoraghat,25.2435,89.2835,Private,
Hakimpur pediatric unit 04,Dinajpur,Hakimpur,25.2835,89.1235,Private,
Kaharole mother care 04,Dinajpur,Kaharole,25.7935,88.5935,Private,
Khansama heart lab 04,Dinajpur,Khansama,25.9235,88.7435,Private,
Nawabganj orthopedic wing 04,Dinajpur,Nawabganj,25.4135,89.0835,Private,
Parbatipur diagnostic complex 04,Dinajpur,Parbatipur,25.6535,88.9235,Private,
Bhurungamari heart unit 04,Kurigram,Bhurungamari,26.1435,89.6835,Private,
Chilmari pediatric center 04,Kurigram,Chilmari,25.5535,89.6735,Private,
Phulbari heart center 04,Kurigram,Phulbari,25.9435,89.5635,Private,
Nageshwari diagnostic lab 04,Kurigram,Nageshwari,25.9735,89.7035,Private,
Rajarhat specialized unit 04,Kurigram,Rajarhat,25.8035,89.5435,Private,
Rowmari heart clinic 04,Kurigram,Rowmari,25.5635,89.8535,Private,
Ulipur specialized lab 04,Kurigram,Ulipur,25.7435,89.6235,Private,
Char Rajibpur cardiac center 04,Kurigram,Char Rajibpur,25.3935,89.7835,Private,
Phulchhari heart wing 04,Gaibandha,Phulchhari,25.2135,89.6135,Private,
Gobindaganj dental clinic 04,Gaibandha,Gobindaganj,25.1335,89.3935,Private,
Palashbari specialized unit 04,Gaibandha,Palashbari,25.2835,89.3435,Private,
Sadullapur cardiac lab 04,Gaibandha,Sadullapur,25.3835,89.4635,Private,
Saghata mother unit 04,Gaibandha,Saghata,25.1035,89.5835,Private,
Sundarganj heart lab 04,Gaibandha,Sundarganj,25.5635,89.5035,Private,
Aditmari diagnostic complex 04,Lalmonirhat,Aditmari,25.9235,89.3535,Private,
Hatibandha pediatric wing 04,Lalmonirhat,Hatibandha,26.1135,89.1535,Private,
Kaliganj specialized unit 04,Lalmonirhat,Kaliganj,25.9835,89.2135,Private,
Patgram heart lab 04,Lalmonirhat,Patgram,26.3535,89.1335,Private,
Dimla dental surgery 04,Nilphamari,Dimla,26.1235,88.9235,Private,
Domar specialized lab 04,Nilphamari,Domar,26.1035,88.8335,Private,
Jaldhaka heart center 04,Nilphamari,Jaldhaka,25.9635,88.9935,Private,
Kishoreganj heart lab 04,Nilphamari,Kishoreganj,25.9135,89.0235,Private,
Saidpur diagnostic wing 04,Nilphamari,Saidpur,25.7735,88.8935,Private,
Atwari specialized wing 04,Panchagarh,Atwari,26.3135,88.4535,Private,
Boda dental clinic 04,Panchagarh,Boda,26.1935,88.6035,Private,
Debiganj heart unit 04,Panchagarh,Debiganj,26.1135,88.7535,Private,
Tetulia cardiac lab 04,Panchagarh,Tetulia,26.4835,88.3435,Private,
Baliadangi specialized wing 04,Thakurgaon,Baliadangi,26.1035,88.2735,Private,
Haripur heart center 04,Thakurgaon,Haripur,25.8135,88.2335,Private,
Pirganj specialized unit 04,Thakurgaon,Pirganj,25.8635,88.3735,Private,
Ranisankail dental surgery 04,Thakurgaon,Ranisankail,25.8935,88.2735,Private,
Rangpur Medical (Outdoor unit 03),Rangpur,Rangpur Sadar,25.7537,89.2427,Government,
Rangpur Medical (Surgical Wing 02),Rangpur,Rangpur Sadar,25.7538,89.2428,Government,
Rangpur Medical (Infectious Unit 02),Rangpur,Rangpur Sadar,25.7539,89.2429,Government,
Dinajpur Sadar (Emergency Unit 02),Dinajpur,Dinajpur Sadar,25.6358,88.6428,Government,
Kurigram Sadar (Surgical lab 02),Kurigram,Kurigram Sadar,25.8118,89.6522,Government,
Gaibandha Sadar (Diagnostic unit 02),Gaibandha,Gaibandha Sadar,25.3318,89.5422,Government,
Lalmonirhat Sadar (Emergency wing 02),Lalmonirhat,Lalmonirhat Sadar,25.9158,89.4452,Government,
Nilphamari Sadar (Blood Bank 02),Nilphamari,Nilphamari Sadar,25.9423,88.8453,Government,
Panchagarh Sadar (Surgical wing 02),Panchagarh,Panchagarh Sadar,26.3318,88.5623,Government,
Thakurgaon Sadar (Cardiac lab 02),Thakurgaon,Thakurgaon Sadar,26.0318,88.4623,Government,
Badarganj specialized wing 05,Rangpur,Badarganj,25.6735,89.0535,Private,
Gangachara specialized unit 05,Rangpur,Gangachara,25.8535,89.2135,Private,
Kaunia heart center 05,Rangpur,Kaunia,25.7735,89.4135,Private,
Mithapukur dental clinic 05,Rangpur,Mithapukur,25.5735,89.2635,Private,
Pirgachha specialized unit 05,Rangpur,Pirgachha,25.6635,89.3935,Private,
Pirganj specialized wing 05,Rangpur,Pirganj,25.4135,89.3135,Private,
Taraganj specialized lab 05,Rangpur,Taraganj,25.8135,89.0135,Private,
Birganj specialized wing 05,Dinajpur,Birganj,25.8535,88.6635,Private,
Biral heart clinic 05,Dinajpur,Biral,25.6335,88.5535,Private,
Bochaganj pediatric unit 05,Dinajpur,Bochaganj,25.8035,88.4535,Private,
Chirirbandar mother unit 05,Dinajpur,Chirirbandar,25.6535,88.7835,Private,
Phulbari diagnostic wing 05,Dinajpur,Phulbari,25.5135,88.8835,Private,
Ghoraghat surgical unit 05,Dinajpur,Ghoraghat,25.2435,89.2835,Private,
Hakimpur heart lab 05,Dinajpur,Hakimpur,25.2835,89.1235,Private,
Kaharole specialized lab 05,Dinajpur,Kaharole,25.7935,88.5935,Private,
Khansama orthopedic wing 05,Dinajpur,Khansama,25.9235,88.7435,Private,
Nawabganj cardiac center 05,Dinajpur,Nawabganj,25.4135,89.0835,Private,
Parbatipur specialized lab 05,Dinajpur,Parbatipur,25.6535,88.9235,Private,
Bhurungamari heart center 05,Kurigram,Bhurungamari,26.1435,89.6835,Private,
Chilmari specialized unit 05,Kurigram,Chilmari,25.5535,89.6735,Private,
Phulbari heart unit 05,Kurigram,Phulbari,25.9435,89.5635,Private,
Nageshwari specialized lab 05,Kurigram,Nageshwari,25.9735,89.7035,Private,
Rajarhat heart clinic 05,Kurigram,Rajarhat,25.8035,89.5435,Private,
Rowmari specialized unit 05,Kurigram,Rowmari,25.5635,89.8535,Private,
Ulipur specialized wing 05,Kurigram,Ulipur,25.7435,89.6235,Private,
Char Rajibpur heart lab 05,Kurigram,Char Rajibpur,25.3935,89.7835,Private,
Phulchhari dental clinic 05,Gaibandha,Phulchhari,25.2135,89.6135,Private,
Gobindaganj mother unit 05,Gaibandha,Gobindaganj,25.1335,89.3935,Private,
Palashbari pediatric wing 05,Gaibandha,Palashbari,25.2835,89.3435,Private,
Sadullapur specialized unit 05,Gaibandha,Sadullapur,25.3835,89.4635,Private,
Saghata diagnostic lab 05,Gaibandha,Saghata,25.1035,89.5835,Private,
Sundarganj specialized wing 05,Gaibandha,Sundarganj,25.5635,89.5035,Private,
Aditmari heart clinic 05,Lalmonirhat,Aditmari,25.9235,89.3535,Private,
Hatibandha specialized unit 05,Lalmonirhat,Hatibandha,26.1135,89.1535,Private,
Kaliganj cardiac center 05,Lalmonirhat,Kaliganj,25.9835,89.2135,Private,
Patgram specialized lab 05,Lalmonirhat,Patgram,26.3535,89.1335,Private,
Dimla heart lab 05,Nilphamari,Dimla,26.1235,88.9235,Private,
Domar specialized wing 05,Nilphamari,Domar,26.1035,88.8335,Private,
Jaldhaka specialized lab 05,Nilphamari,Jaldhaka,25.9635,88.9935,Private,
Kishoreganj heart clinic 05,Nilphamari,Kishoreganj,25.9135,89.0235,Private,
Saidpur specialized wing 05,Nilphamari,Saidpur,25.7735,88.8935,Private,
Atwari specialized wing 05,Panchagarh,Atwari,26.3135,88.4535,Private,
Boda specialized lab 05,Panchagarh,Boda,26.1935,88.6035,Private,
Debiganj heart center 05,Panchagarh,Debiganj,26.1135,88.7535,Private,
Tetulia specialized lab 05,Panchagarh,Tetulia,26.4835,88.3435,Private,
Baliadangi diagnostic complex 05,Thakurgaon,Baliadangi,26.1035,88.2735,Private,
Haripur heart clinic 05,Thakurgaon,Haripur,25.8135,88.2335,Private,
Pirganj heart unit 05,Thakurgaon,Pirganj,25.8635,88.3735,Private,
Ranisankail specialized wing 05,Thakurgaon,Ranisankail,25.8935,88.2735,Private,
Badarganj Community Clinic 06,Rangpur,Badarganj,25.681,89.061,Government,
Gangachara Community Clinic 06,Rangpur,Gangachara,25.861,89.221,Government,
Kaunia Community Clinic 06,Rangpur,Kaunia,25.781,89.421,Government,
Mithapukur Community Clinic 06,Rangpur,Mithapukur,25.581,89.271,Government,
Pirgachha Community Clinic 06,Rangpur,Pirgachha,25.671,89.401,Government,
Pirganj (Rangpur) Community Clinic 06,Rangpur,Pirganj,25.421,89.321,Government,
Taraganj Community Clinic 06,Rangpur,Taraganj,25.821,89.021,Government,
Birganj Community Clinic 06,Dinajpur,Birganj,25.861,88.671,Government,
Biral Community Clinic 06,Dinajpur,Biral,25.641,88.561,Government,
Bochaganj Community Clinic 06,Dinajpur,Bochaganj,25.811,88.461,Government,
Chirirbandar Community Clinic 06,Dinajpur,Chirirbandar,25.661,88.791,Government,
Phulbari (Dinajpur) Community Clinic 06,Dinajpur,Phulbari,25.521,88.891,Government,
Ghoraghat Community Clinic 06,Dinajpur,Ghoraghat,25.251,89.291,Government,
Hakimpur Community Clinic 06,Dinajpur,Hakimpur,25.291,89.131,Government,
Kaharole Community Clinic 06,Dinajpur,Kaharole,25.801,88.601,Government,
Khansama Community Clinic 06,Dinajpur,Khansama,25.931,88.751,Government,
Nawabganj (Dinajpur) Community Clinic 06,Dinajpur,Nawabganj,25.421,89.091,Government,
Parbatipur Community Clinic 06,Dinajpur,Parbatipur,25.661,88.931,Government,
Bhurungamari Community Clinic 06,Kurigram,Bhurungamari,26.151,89.691,Government,
Chilmari Community Clinic 06,Kurigram,Chilmari,25.561,89.681,Government,
Phulbari (Kurigram) Community Clinic 06,Kurigram,Phulbari,25.951,89.571,Government,
Nageshwari Community Clinic 06,Kurigram,Nageshwari,25.981,89.711,Government,
Rajarhat Community Clinic 06,Kurigram,Rajarhat,25.811,89.551,Government,
Rowmari Community Clinic 06,Kurigram,Rowmari,25.571,89.861,Government,
Ulipur Community Clinic 06,Kurigram,Ulipur,25.751,89.631,Government,
Char Rajibpur Community Clinic 06,Kurigram,Char Rajibpur,25.401,89.791,Government,
Phulchhari Community Clinic 06,Gaibandha,Phulchhari,25.221,89.621,Government,
Gobindaganj Community Clinic 06,Gaibandha,Gobindaganj,25.141,89.401,Government,
Palashbari Community Clinic 06,Gaibandha,Palashbari,25.291,89.351,Government,
Sadullapur Community Clinic 06,Gaibandha,Sadullapur,25.391,89.471,Government,
Saghata Community Clinic 06,Gaibandha,Saghata,25.111,89.591,Government,
Sundarganj Community Clinic 06,Gaibandha,Sundarganj,25.571,89.511,Government,
Aditmari Community Clinic 06,Lalmonirhat,Aditmari,25.931,89.361,Government,
Hatibandha Community Clinic 06,Lalmonirhat,Hatibandha,26.121,89.161,Government,
Kaliganj (Lalmonirhat) Community Clinic 06,Lalmonirhat,Kaliganj,25.991,89.221,Government,
Patgram Community Clinic 06,Lalmonirhat,Patgram,26.361,89.141,Government,
Dimla Community Clinic 06,Nilphamari,Dimla,26.131,88.931,Government,
Domar Community Clinic 06,Nilphamari,Domar,26.111,88.841,Government,
Jaldhaka Community Clinic 06,Nilphamari,Jaldhaka,25.971,89.001,Government,
Kishoreganj (Nilphamari) Community Clinic 06,Nilphamari,Kishoreganj,25.921,89.031,Government,
Saidpur Community Clinic 06,Nilphamari,Saidpur,25.781,88.901,Government,
Atwari Community Clinic 06,Panchagarh,Atwari,26.321,88.461,Government,
Boda Community Clinic 06,Panchagarh,Boda,26.201,88.611,Government,
Debiganj Community Clinic 06,Panchagarh,Debiganj,26.121,88.761,Government,
Tetulia Community Clinic 06,Panchagarh,Tetulia,26.491,88.351,Government,
Baliadangi Community Clinic 06,Thakurgaon,Baliadangi,26.111,88.281,Government,
Haripur Community Clinic 06,Thakurgaon,Haripur,25.821,88.241,Government,
Pirganj (Thakurgaon) Community Clinic 06,Thakurgaon,Pirganj,25.861,88.371,Government,
Ranisankail Community Clinic 06,Thakurgaon,Ranisankail,25.891,88.271,Government,
Badarganj Health Post 04,Rangpur,Badarganj,25.6758,89.0558,Government,
Gangachara Health Post 04,Rangpur,Gangachara,25.8558,89.2158,Government,
Kaunia Health Post 04,Rangpur,Kaunia,25.7758,89.4158,Government,
Mithapukur Health Post 04,Rangpur,Mithapukur,25.5758,89.2658,Government,
Pirgachha Health Post 04,Rangpur,Pirgachha,25.6658,89.3958,Government,
Pirganj (Rangpur) Health Post 04,Rangpur,Pirganj,25.4158,89.3158,Government,
Taraganj Health Post 04,Rangpur,Taraganj,25.8158,89.0158,Government,
Birganj Health Post 04,Dinajpur,Birganj,25.8558,88.6658,Government,
Biral Health Post 04,Dinajpur,Biral,25.6358,88.5558,Government,
Bochaganj Health Post 04,Dinajpur,Bochaganj,25.8058,88.4558,Government,
Chirirbandar Health Post 04,Dinajpur,Chirirbandar,25.6558,88.7858,Government,
Phulbari (Dinajpur) Health Post 04,Dinajpur,Phulbari,25.5158,88.8858,Government,
Ghoraghat Health Post 04,Dinajpur,Ghoraghat,25.2458,89.2858,Government,
Hakimpur Health Post 04,Dinajpur,Hakimpur,25.2858,89.1258,Government,
Kaharole Health Post 04,Dinajpur,Kaharole,25.7958,88.5958,Government,
Khansama Health Post 04,Dinajpur,Khansama,25.9258,88.7458,Government,
Nawabganj (Dinajpur) Health Post 04,Dinajpur,Nawabganj,25.4158,89.0858,Government,
Parbatipur Health Post 04,Dinajpur,Parbatipur,25.6558,88.9258,Government,
Bhurungamari Health Post 04,Kurigram,Bhurungamari,26.1458,89.6858,Government,
Chilmari Health Post 04,Kurigram,Chilmari,25.5558,89.6758,Government,
Phulbari (Kurigram) Health Post 04,Kurigram,Phulbari,25.9458,89.5658,Government,
Nageshwari Health Post 04,Kurigram,Nageshwari,25.9758,89.7058,Government,
Rajarhat Health Post 04,Kurigram,Rajarhat,25.8058,89.5458,Government,
Rowmari Health Post 04,Kurigram,Rowmari,25.5658,89.8558,Government,
Ulipur Health Post 04,Kurigram,Ulipur,25.7458,89.6258,Government,
Char Rajibpur Health Post 04,Kurigram,Char Rajibpur,25.3958,89.7858,Government,
Gaibandha Health Post 04,Gaibandha,Sadar,25.3323,89.5428,Government,
Phulchhari Health Post 04,Gaibandha,Phulchhari,25.2158,89.6158,Government,
Gobindaganj Health Post 04,Gaibandha,Gobindaganj,25.1358,89.3958,Government,
Palashbari Health Post 04,Gaibandha,Palashbari,25.2858,89.3458,Government,
Sadullapur Health Post 04,Gaibandha,Sadullapur,25.3858,89.4658,Government,
Saghata Health Post 04,Gaibandha,Saghata,25.1058,89.5858,Government,
Sundarganj Health Post 04,Gaibandha,Sundarganj,25.5658,89.5058,Government,
Aditmari Health Post 04,Lalmonirhat,Aditmari,25.9258,89.3558,Government,
Hatibandha Health Post 04,Lalmonirhat,Hatibandha,26.1158,89.1558,Government,
Kaliganj (Lalmonirhat) Health Post 04,Lalmonirhat,Kaliganj,25.9858,89.2158,Government,
Patgram Health Post 04,Lalmonirhat,Patgram,26.3558,89.1358,Government,
Dimla Health Post 04,Nilphamari,Dimla,26.1258,88.9258,Government,
Domar Health Post 04,Nilphamari,Domar,26.1058,88.8358,Government,
Jaldhaka Health Post 04,Nilphamari,Jaldhaka,25.9658,88.9958,Government,
Kishoreganj (Nilphamari) Health Post 04,Nilphamari,Kishoreganj,25.9158,89.0258,Government,
Saidpur Health Post 04,Nilphamari,Saidpur,25.7758,88.8958,Government,
Atwari Health Post 04,Panchagarh,Atwari,26.3158,88.4558,Government,
Boda Health Post 04,Panchagarh,Boda,26.1958,88.6058,Government,
Debiganj Health Post 04,Panchagarh,Debiganj,26.1158,88.7558,Government,
Tetulia Health Post 04,Panchagarh,Tetulia,26.4858,88.3458,Government,
Baliadangi Health Post 04,Thakurgaon,Baliadangi,26.1058,88.2758,Government,
Haripur Health Post 04,Thakurgaon,Haripur,25.8158,88.2358,Government,
Pirganj (Thakurgaon) Health Post 04,Thakurgaon,Pirganj,25.8558,88.3658,Government,
Ranisankail Health Post 04,Thakurgaon,Ranisankail,25.8858,88.2658,Government,
Rangpur City community clinic 02,Rangpur,Rangpur Sadar,25.7512,89.2432,Government,
Dinajpur Sadar community clinic 02,Dinajpur,Dinajpur Sadar,25.6358,88.6432,Government,
Kurigram Sadar community clinic 02,Kurigram,Kurigram Sadar,25.8118,89.6525,Government,
Gaibandha Sadar community clinic 02,Gaibandha,Gaibandha Sadar,25.3325,89.5428,Government,
Lalmonirhat Sadar community clinic 02,Lalmonirhat,Lalmonirhat Sadar,25.916,89.4455,Government,
Nilphamari Sadar community clinic 02,Nilphamari,Nilphamari Sadar,25.9425,88.8455,Government,
Panchagarh Sadar community clinic 02,Panchagarh,Panchagarh Sadar,26.3325,88.5625,Government,
Thakurgaon Sadar community clinic 02,Thakurgaon,Thakurgaon Sadar,26.0325,88.4625,Government,
Mymensingh Medical College Hospital,Mymensingh,Mymensingh Sadar,24.7435,90.4125,Government,091-66063
Mymensingh General Hospital,Mymensingh,Mymensingh Sadar,24.755,90.405,Government,091-65485
Mymensingh Police Hospital,Mymensingh,Mymensingh Sadar,24.758,90.395,Government,
Mymensingh Central Jail Hospital,Mymensingh,Mymensingh Sadar,24.751,90.402,Government,
Infectious Disease Hospital Mymensingh,Mymensingh,Mymensingh Sadar,24.765,90.385,Government,
Netrokona 100 Bed District Hospital,Netrokona,Netrokona Sadar,24.8815,90.725,Government,0951-62254
Sherpur 100 Bed District Hospital,Sherpur,Sherpur Sadar,25.0185,90.015,Government,0931-62254
Jamalpur 250 Bed General Hospital,Jamalpur,Jamalpur Sadar,24.9155,89.945,Government,0981-62254
Jamalpur Medical College Hospital,Jamalpur,Jamalpur Sadar,24.908,89.932,Government,0981-63100
Fulbaria Upazila Health Complex,Mymensingh,Fulbaria,24.635,90.265,Government,01730-325010
Gaffargaon Upazila Health Complex,Mymensingh,Gaffargaon,24.425,90.555,Government,01730-325011
Gouripur Upazila Health Complex,Mymensingh,Gouripur,24.755,90.575,Government,01730-325012
Haluaghat Upazila Health Complex,Mymensingh,Haluaghat,25.125,90.345,Government,01730-325013
Ishwarganj Upazila Health Complex,Mymensingh,Ishwarganj,24.695,90.595,Government,01730-325014
Muktagachha Upazila Health Complex,Mymensingh,Muktagachha,24.755,90.265,Government,01730-325015
Nandail Upazila Health Complex,Mymensingh,Nandail,24.565,90.685,Government,01730-325016
Phulpur Upazila Health Complex,Mymensingh,Phulpur,24.955,90.345,Government,01730-325017
Trishal Upazila Health Complex,Mymensingh,Trishal,24.585,90.395,Government,01730-325018
Bhaluka Upazila Health Complex,Mymensingh,Bhaluka,24.375,90.375,Government,01730-325019
Dhobaura Upazila Health Complex,Mymensingh,Dhobaura,25.115,90.535,Government,01730-325020
Atpara Upazila Health Complex,Netrokona,Atpara,24.795,90.875,Government,01730-325021
Barhatta Upazila Health Complex,Netrokona,Barhatta,24.905,90.875,Government,01730-325022
Durgapur (Netrokona) Upazila Health Complex,Netrokona,Durgapur,25.125,90.685,Government,01730-325023
Khaliajuri Upazila Health Complex,Netrokona,Khaliajuri,24.695,91.125,Government,01730-325024
Kalmakanda Upazila Health Complex,Netrokona,Kalmakanda,25.085,90.895,Government,01730-325025
Kendua Upazila Health Complex,Netrokona,Kendua,24.645,90.845,Government,01730-325026
Madan Upazila Health Complex,Netrokona,Madan,24.655,90.965,Government,01730-325027
Mohanganj Upazila Health Complex,Netrokona,Mohanganj,24.865,90.965,Government,01730-325028
Purbadhala Upazila Health Complex,Netrokona,Purbadhala,24.945,90.605,Government,01730-325029
Jhenaigati Upazila Health Complex,Sherpur,Jhenaigati,25.185,90.075,Government,01730-325030
Nakla Upazila Health Complex,Sherpur,Nakla,24.985,90.185,Government,01730-325031
Nalitabari Upazila Health Complex,Sherpur,Nalitabari,25.085,90.195,Government,01730-325032
Sreebardi Upazila Health Complex,Sherpur,Sreebardi,25.095,89.905,Government,01730-325033
Baksiganj Upazila Health Complex,Jamalpur,Baksiganj,25.215,89.875,Government,01730-325034
Dewanganj Upazila Health Complex,Jamalpur,Dewanganj,25.145,89.785,Government,01730-325035
Islampur Upazila Health Complex,Jamalpur,Islampur,24.995,89.785,Government,01730-325036
Madarganj Upazila Health Complex,Jamalpur,Madarganj,24.895,89.755,Government,01730-325037
Malandaha Upazila Health Complex,Jamalpur,Malandaha,24.905,89.875,Government,01730-325038
Sarishabari Upazila Health Complex,Jamalpur,Sarishabari,24.745,89.835,Government,01730-325039
Mother and Child Welfare Center (MCWC) Mymensingh,Mymensingh,Sadar,24.745,90.412,Government,
CBMC Hospital (Community Based MC),Mymensingh,Churkhai,24.685,90.425,Premium,091-62241
Dhaka Medical Diagnostic Center Mymensingh,Mymensingh,Sadar,24.752,90.408,Private,
Popular Diagnostic Mymensingh,Mymensingh,Sadar,24.7545,90.4055,Premium,
Labaid Diagnostic Mymensingh,Mymensingh,Sadar,24.751,90.401,Premium,
Jamalpur Digital Hospital,Jamalpur,Sadar,24.912,89.947,Private,
Netrokona Modern Clinic,Netrokona,Sadar,24.88,90.722,Private,
Sherpur City Diagnostic,Sherpur,Sadar,25.015,90.012,Private,
Fulbaria Health Post 01,Mymensingh,Fulbaria,24.6355,90.2655,Government,
Gaffargaon Health Post 01,Mymensingh,Gaffargaon,24.4255,90.5555,Government,
Gouripur Health Post 01,Mymensingh,Gouripur,24.7555,90.5755,Government,
Haluaghat Health Post 01,Mymensingh,Haluaghat,25.1255,90.3455,Government,
Ishwarganj Health Post 01,Mymensingh,Ishwarganj,24.6955,90.5955,Government,
Muktagachha Health Post 01,Mymensingh,Muktagachha,24.7555,90.2655,Government,
Nandail Health Post 01,Mymensingh,Nandail,24.5655,90.6855,Government,
Phulpur Health Post 01,Mymensingh,Phulpur,24.9555,90.3455,Government,
Trishal Health Post 01,Mymensingh,Trishal,24.5855,90.3955,Government,
Bhaluka Health Post 01,Mymensingh,Bhaluka,24.3755,90.3755,Government,
Dhobaura Health Post 01,Mymensingh,Dhobaura,25.1155,90.5355,Government,
Atpara Health Post 01,Netrokona,Atpara,24.7955,90.8755,Government,
Barhatta Health Post 01,Netrokona,Barhatta,24.9055,90.8755,Government,
Durgapur Health Post 01,Netrokona,Durgapur,25.1255,90.6855,Government,
Khaliajuri Health Post 01,Netrokona,Khaliajuri,24.6955,91.1255,Government,
Kalmakanda Health Post 01,Netrokona,Kalmakanda,25.0855,90.8955,Government,
Kendua Health Post 01,Netrokona,Kendua,24.6455,90.8455,Government,
Madan Health Post 01,Netrokona,Madan,24.6555,90.9655,Government,
Mohanganj Health Post 01,Netrokona,Mohanganj,24.8655,90.9655,Government,
Purbadhala Health Post 01,Netrokona,Purbadhala,24.9455,90.6055,Government,
Jhenaigati Health Post 01,Sherpur,Jhenaigati,25.1855,90.0755,Government,
Nakla Health Post 01,Sherpur,Nakla,24.9855,90.1855,Government,
Nalitabari Health Post 01,Sherpur,Nalitabari,25.0855,90.1955,Government,
Sreebardi Health Post 01,Sherpur,Sreebardi,25.0955,89.9055,Government,
Baksiganj Health Post 01,Jamalpur,Baksiganj,25.2155,89.8755,Government,
Dewanganj Health Post 01,Jamalpur,Dewanganj,25.1455,89.7855,Government,
Islampur Health Post 01,Jamalpur,Islampur,24.9955,89.7855,Government,
Madarganj Health Post 01,Jamalpur,Madarganj,24.8955,89.7555,Government,
Malandaha Health Post 01,Jamalpur,Malandaha,24.9055,89.8755,Government,
Sarishabari Health Post 01,Jamalpur,Sarishabari,24.7455,89.8355,Government,
Mymensingh City CC 01,Mymensingh,Mymensingh Sadar,24.744,90.413,Government,
Netrokona Sadar CC 01,Netrokona,Netrokona Sadar,24.882,90.726,Government,
Sherpur Sadar CC 01,Sherpur,Sherpur Sadar,25.019,90.016,Government,
Jamalpur Sadar CC 01,Jamalpur,Jamalpur Sadar,24.916,89.946,Government,
Fulbaria Community Clinic 01,Mymensingh,Fulbaria,24.636,90.266,Government,
Gaffargaon Community Clinic 01,Mymensingh,Gaffargaon,24.426,90.556,Government,
Gouripur Community Clinic 01,Mymensingh,Gouripur,24.756,90.576,Government,
Haluaghat Community Clinic 01,Mymensingh,Haluaghat,25.126,90.346,Government,
Ishwarganj Community Clinic 01,Mymensingh,Ishwarganj,24.696,90.596,Government,
Muktagachha Community Clinic 01,Mymensingh,Muktagachha,24.756,90.266,Government,
Nandail Community Clinic 01,Mymensingh,Nandail,24.566,90.686,Government,
Phulpur Community Clinic 01,Mymensingh,Phulpur,24.956,90.346,Government,
Trishal Community Clinic 01,Mymensingh,Trishal,24.586,90.396,Government,
Bhaluka Community Clinic 01,Mymensingh,Bhaluka,24.376,90.376,Government,
Dhobaura Community Clinic 01,Mymensingh,Dhobaura,25.116,90.536,Government,
Atpara Community Clinic 01,Netrokona,Atpara,24.796,90.876,Government,
Barhatta Community Clinic 01,Netrokona,Barhatta,24.906,90.876,Government,
Durgapur (Netrokona) Community Clinic 01,Netrokona,Durgapur,25.126,90.686,Government,
Khaliajuri Community Clinic 01,Netrokona,Khaliajuri,24.696,91.126,Government,
Kalmakanda Community Clinic 01,Netrokona,Kalmakanda,25.086,90.896,Government,
Kendua Community Clinic 01,Netrokona,Kendua,24.646,90.846,Government,
Madan Community Clinic 01,Netrokona,Madan,24.656,90.966,Government,
Mohanganj Community Clinic 01,Netrokona,Mohanganj,24.866,90.966,Government,
Purbadhala Community Clinic 01,Netrokona,Purbadhala,24.946,90.606,Government,
Jhenaigati Community Clinic 01,Sherpur,Jhenaigati,25.186,90.076,Government,
Nakla Community Clinic 01,Sherpur,Nakla,24.986,90.186,Government,
Nalitabari Community Clinic 01,Sherpur,Nalitabari,25.086,90.196,Government,
Sreebardi Community Clinic 01,Sherpur,Sreebardi,25.096,89.906,Government,
Baksiganj Community Clinic 01,Jamalpur,Baksiganj,25.216,89.876,Government,
Dewanganj Community Clinic 01,Jamalpur,Dewanganj,25.146,89.786,Government,
Islampur Community Clinic 01,Jamalpur,Islampur,24.996,89.786,Government,
Madarganj Community Clinic 01,Jamalpur,Madarganj,24.896,89.756,Government,
Malandaha Community Clinic 01,Jamalpur,Malandaha,24.906,89.876,Government,
Sarishabari Community Clinic 01,Jamalpur,Sarishabari,24.746,89.836,Government,
Fulbaria Community Clinic 02,Mymensingh,Fulbaria,24.637,90.267,Government,
Gaffargaon Community Clinic 02,Mymensingh,Gaffargaon,24.427,90.557,Government,
Gouripur Community Clinic 02,Mymensingh,Gouripur,24.757,90.577,Government,
Haluaghat Community Clinic 02,Mymensingh,Haluaghat,25.127,90.347,Government,
Ishwarganj Community Clinic 02,Mymensingh,Ishwarganj,24.697,90.597,Government,
Muktagachha Community Clinic 02,Mymensingh,Muktagachha,24.757,90.267,Government,
Nandail Community Clinic 02,Mymensingh,Nandail,24.567,90.687,Government,
Phulpur Community Clinic 02,Mymensingh,Phulpur,24.957,90.347,Government,
Trishal Community Clinic 02,Mymensingh,Trishal,24.587,90.397,Government,
Bhaluka Community Clinic 02,Mymensingh,Bhaluka,24.377,90.377,Government,
Dhobaura Community Clinic 02,Mymensingh,Dhobaura,25.117,90.537,Government,
Atpara Community Clinic 02,Netrokona,Atpara,24.797,90.877,Government,
Barhatta Community Clinic 02,Netrokona,Barhatta,24.907,90.877,Government,
Durgapur (Netrokona) Community Clinic 02,Netrokona,Durgapur,25.127,90.687,Government,
Khaliajuri Community Clinic 02,Netrokona,Khaliajuri,24.697,91.127,Government,
Kalmakanda Community Clinic 02,Netrokona,Kalmakanda,25.087,90.897,Government,
Kendua Community Clinic 02,Netrokona,Kendua,24.647,90.847,Government,
Madan Community Clinic 02,Netrokona,Madan,24.657,90.967,Government,
Mohanganj Community Clinic 02,Netrokona,Mohanganj,24.867,90.967,Government,
Purbadhala Community Clinic 02,Netrokona,Purbadhala,24.947,90.607,Government,
Jhenaigati Community Clinic 02,Sherpur,Jhenaigati,25.187,90.077,Government,
Nakla Community Clinic 02,Sherpur,Nakla,24.987,90.187,Government,
Nalitabari Community Clinic 02,Sherpur,Nalitabari,25.087,90.197,Government,
Sreebardi Community Clinic 02,Sherpur,Sreebardi,25.097,89.907,Government,
Baksiganj Community Clinic 02,Jamalpur,Baksiganj,25.217,89.877,Government,
Dewanganj Community Clinic 02,Jamalpur,Dewanganj,25.147,89.787,Government,
Islampur Community Clinic 02,Jamalpur,Islampur,24.997,89.787,Government,
Madarganj Community Clinic 02,Jamalpur,Madarganj,24.897,89.757,Government,
Malandaha Community Clinic 02,Jamalpur,Malandaha,24.907,89.877,Government,
Sarishabari Community Clinic 02,Jamalpur,Sarishabari,24.747,89.837,Government,
Mymensingh Heart Unit (Private),Mymensingh,Sadar,24.745,90.415,Private,
Netrokona Children's Hospital,Netrokona,Sadar,24.882,90.725,Private,
Sherpur Eye Hospital,Sherpur,Sadar,25.018,90.015,Private,
Jamalpur Trauma Center,Jamalpur,Sadar,24.915,89.945,Private,
Bhaluka Specialized Clinic,Mymensingh,Bhaluka,24.372,90.372,Private,
Muktagachha Surgical unit,Mymensingh,Muktagachha,24.752,90.262,Private,
Ishwarganj Diagnostic center,Mymensingh,Ishwarganj,24.692,90.592,Private,
Trishal Mother Care unit,Mymensingh,Trishal,24.582,90.392,Private,
Mymensingh Medical (Outdoor wing),Mymensingh,Mymensingh Sadar,24.7435,90.4125,Government,
Jamalpur MCH (Emergency Wing),Jamalpur,Jamalpur Sadar,24.908,89.932,Government,
Netrokona District (Surgical Unit),Netrokona,Netrokona Sadar,24.8815,90.725,Government,
Sherpur District (Maternity Wing),Sherpur,Sherpur Sadar,25.0185,90.015,Government,
Fulbaria Health Post 02,Mymensingh,Fulbaria,24.6355,90.2655,Government,
Gaffargaon Health Post 02,Mymensingh,Gaffargaon,24.4255,90.5555,Government,
Gouripur Health Post 02,Mymensingh,Gouripur,24.7555,90.5755,Government,
Haluaghat Health Post 02,Mymensingh,Haluaghat,25.1255,90.3455,Government,
Ishwarganj Health Post 02,Mymensingh,Ishwarganj,24.6955,90.5955,Government,
Muktagachha Health Post 02,Mymensingh,Muktagachha,24.7555,90.2655,Government,
Nandail Health Post 02,Mymensingh,Nandail,24.5655,90.6855,Government,
Phulpur Health Post 02,Mymensingh,Phulpur,24.9555,90.3455,Government,
Trishal Health Post 02,Mymensingh,Trishal,24.5855,90.3955,Government,
Bhaluka Health Post 02,Mymensingh,Bhaluka,24.3755,90.3755,Government,
Dhobaura Health Post 02,Mymensingh,Dhobaura,25.1155,90.5355,Government,
Atpara Health Post 02,Netrokona,Atpara,24.7955,90.8755,Government,
Barhatta Health Post 02,Netrokona,Barhatta,24.9055,90.8755,Government,
Durgapur Health Post 02,Netrokona,Durgapur,25.1255,90.6855,Government,
Khaliajuri Health Post 02,Netrokona,Khaliajuri,24.6955,91.1255,Government,
Kalmakanda Health Post 02,Netrokona,Kalmakanda,25.0855,90.8955,Government,
Kendua Health Post 02,Netrokona,Kendua,24.6455,90.8455,Government,
Madan Health Post 02,Netrokona,Madan,24.6555,90.9655,Government,
Mohanganj Health Post 02,Netrokona,Mohanganj,24.8655,90.9655,Government,
Purbadhala Health Post 02,Netrokona,Purbadhala,24.9455,90.6055,Government,
Jhenaigati Health Post 02,Sherpur,Jhenaigati,25.1855,90.0755,Government,
Nakla Health Post 02,Sherpur,Nakla,24.9855,90.1855,Government,
Nalitabari Health Post 02,Sherpur,Nalitabari,25.0855,90.1955,Government,
Sreebardi Health Post 02,Sherpur,Sreebardi,25.0955,89.9055,Government,
Baksiganj Health Post 02,Jamalpur,Baksiganj,25.2155,89.8755,Government,
Dewanganj Health Post 02,Jamalpur,Dewanganj,25.1455,89.7855,Government,
Islampur Health Post 02,Jamalpur,Islampur,24.9955,89.7855,Government,
Madarganj Health Post 02,Jamalpur,Madarganj,24.8955,89.7555,Government,
Malandaha Health Post 02,Jamalpur,Malandaha,24.9055,89.8755,Government,
Sarishabari Health Post 02,Jamalpur,Sarishabari,24.7455,89.8355,Government,
Agailjhara Satellite Clinic 01,Mymensingh,Fulbaria,24.634,90.264,Government,
Gaffargaon Satellite Clinic 01,Mymensingh,Gaffargaon,24.424,90.554,Government,
Gouripur Satellite Clinic 01,Mymensingh,Gouripur,24.754,90.574,Government,
Haluaghat Satellite Clinic 01,Mymensingh,Haluaghat,25.124,90.344,Government,
Ishwarganj Satellite Clinic 01,Mymensingh,Ishwarganj,24.694,90.594,Government,
Muktagachha Satellite Clinic 01,Mymensingh,Muktagachha,24.754,90.264,Government,
Nandail Satellite Clinic 01,Mymensingh,Nandail,24.564,90.684,Government,
Phulpur Satellite Clinic 01,Mymensingh,Phulpur,24.954,90.344,Government,
Trishal Satellite Clinic 01,Mymensingh,Trishal,24.584,90.394,Government,
Bhaluka Satellite Clinic 01,Mymensingh,Bhaluka,24.374,90.374,Government,
Dhobaura Satellite Clinic 01,Mymensingh,Dhobaura,25.114,90.534,Government,
Atpara Satellite Clinic 01,Netrokona,Atpara,24.794,90.874,Government,
Barhatta Satellite Clinic 01,Netrokona,Barhatta,24.904,90.874,Government,
Durgapur Satellite Clinic 01,Netrokona,Durgapur,25.124,90.684,Government,
Khaliajuri Satellite Clinic 01,Netrokona,Khaliajuri,24.694,91.124,Government,
Kalmakanda Satellite Clinic 01,Netrokona,Kalmakanda,25.084,90.894,Government,
Kendua Satellite Clinic 01,Netrokona,Kendua,24.644,90.844,Government,
Madan Satellite Clinic 01,Netrokona,Madan,24.654,90.964,Government,
Mohanganj Satellite Clinic 01,Netrokona,Mohanganj,24.864,90.964,Government,
Purbadhala Satellite Clinic 01,Netrokona,Purbadhala,24.944,90.604,Government,
Jhenaigati Satellite Clinic 01,Sherpur,Jhenaigati,25.184,90.074,Government,
Nakla Satellite Clinic 01,Sherpur,Nakla,24.984,90.184,Government,
Nalitabari Satellite Clinic 01,Sherpur,Nalitabari,25.084,90.194,Government,
Sreebardi Satellite Clinic 01,Sherpur,Sreebardi,25.094,89.904,Government,
Baksiganj Satellite Clinic 01,Jamalpur,Baksiganj,25.214,89.874,Government,
Dewanganj Satellite Clinic 01,Jamalpur,Dewanganj,25.144,89.784,Government,
Islampur Satellite Clinic 01,Jamalpur,Islampur,24.994,89.784,Government,
Madarganj Satellite Clinic 01,Jamalpur,Madarganj,24.894,89.754,Government,
Malandaha Satellite Clinic 01,Jamalpur,Malandaha,24.904,89.874,Government,
Sarishabari Satellite Clinic 01,Jamalpur,Sarishabari,24.744,89.834,Government,
Fulbaria community clinic 03,Mymensingh,Fulbaria,24.638,90.268,Government,
Gaffargaon community clinic 03,Mymensingh,Gaffargaon,24.428,90.558,Government,
Gouripur community clinic 03,Mymensingh,Gouripur,24.758,90.578,Government,
Haluaghat community clinic 03,Mymensingh,Haluaghat,25.128,90.348,Government,
Ishwarganj community clinic 03,Mymensingh,Ishwarganj,24.698,90.598,Government,
Muktagachha community clinic 03,Mymensingh,Muktagachha,24.758,90.268,Government,
Nandail community clinic 03,Mymensingh,Nandail,24.568,90.688,Government,
Phulpur community clinic 03,Mymensingh,Phulpur,24.958,90.348,Government,
Trishal community clinic 03,Mymensingh,Trishal,24.588,90.398,Government,
Bhaluka community clinic 03,Mymensingh,Bhaluka,24.378,90.378,Government,
Dhobaura community clinic 03,Mymensingh,Dhobaura,25.118,90.538,Government,
Atpara community clinic 03,Netrokona,Atpara,24.798,90.878,Government,
Barhatta community clinic 03,Netrokona,Barhatta,24.908,90.878,Government,
Durgapur (Netrokona) community clinic 03,Netrokona,Durgapur,25.128,90.688,Government,
Khaliajuri community clinic 03,Netrokona,Khaliajuri,24.698,91.128,Government,
Kalmakanda community clinic 03,Netrokona,Kalmakanda,25.088,90.898,Government,
Kendua community clinic 03,Netrokona,Kendua,24.648,90.848,Government,
Madan community clinic 03,Netrokona,Madan,24.658,90.968,Government,
Mohanganj community clinic 03,Netrokona,Mohanganj,24.868,90.968,Government,
Purbadhala community clinic 03,Netrokona,Purbadhala,24.948,90.608,Government,
Jhenaigati community clinic 03,Sherpur,Jhenaigati,25.188,90.078,Government,
Nakla community clinic 03,Sherpur,Nakla,24.988,90.188,Government,
Nalitabari community clinic 03,Sherpur,Nalitabari,25.088,90.198,Government,
Sreebardi community clinic 03,Sherpur,Sreebardi,25.098,89.908,Government,
Baksiganj community clinic 03,Jamalpur,Baksiganj,25.218,89.878,Government,
Dewanganj community clinic 03,Jamalpur,Dewanganj,25.148,89.788,Government,
Islampur community clinic 03,Jamalpur,Islampur,24.998,89.788,Government,
Madarganj community clinic 03,Jamalpur,Madarganj,24.898,89.758,Government,
Malandaha community clinic 03,Jamalpur,Malandaha,24.908,89.878,Government,
Sarishabari community clinic 03,Jamalpur,Sarishabari,24.748,89.838,Government,
Fulbaria specialized lab 04,Mymensingh,Fulbaria,24.6335,90.2635,Private,
Gaffargaon heart clinic 04,Mymensingh,Gaffargaon,24.4235,90.5535,Private,
Gouripur cardiac lab 04,Mymensingh,Gouripur,24.7535,90.5735,Private,
Haluaghat surgical unit 04,Mymensingh,Haluaghat,25.1235,90.3435,Private,
Ishwarganj mother unit 04,Mymensingh,Ishwarganj,24.6935,90.5935,Private,
Muktagachha diagnostic wing 04,Mymensingh,Muktagachha,24.7535,90.2635,Private,
Nandail pediatric unit 04,Mymensingh,Nandail,24.5635,90.6835,Private,
Phulpur heart lab 04,Mymensingh,Phulpur,24.9535,90.3435,Private,
Trishal surgical lab 04,Mymensingh,Trishal,24.5835,90.3935,Private,
Bhaluka mother unit 04,Mymensingh,Bhaluka,24.3735,90.3735,Private,
Dhobaura heart clinic 04,Mymensingh,Dhobaura,25.1135,90.5335,Private,
Atpara specialized lab 04,Netrokona,Atpara,24.7935,90.8735,Private,
Barhatta heart unit 04,Netrokona,Barhatta,24.9035,90.8735,Private,
Durgapur diagnostic complex 04,Netrokona,Durgapur,25.1235,90.6835,Private,
Khaliajuri specialized wing 04,Netrokona,Khaliajuri,24.6935,91.1235,Private,
Kalmakanda heart unit 04,Netrokona,Kalmakanda,25.0835,90.8935,Private,
Kendua dental surgery 04,Netrokona,Kendua,24.6435,90.8435,Private,
Madan heart center 04,Netrokona,Madan,24.6535,90.9635,Private,
Mohanganj mother unit 04,Netrokona,Mohanganj,24.8635,90.9635,Private,
Purbadhala general lab 04,Netrokona,Purbadhala,24.9435,90.6035,Private,
Jhenaigati specialized lab 04,Sherpur,Jhenaigati,25.1835,90.0735,Private,
Nakla heart unit 04,Sherpur,Nakla,24.9835,90.1835,Private,
Nalitabari diagnostic wing 04,Sherpur,Nalitabari,25.0835,90.1935,Private,
Sreebardi pediatric unit 04,Sherpur,Sreebardi,25.0935,89.9035,Private,
Baksiganj cardiac lab 04,Jamalpur,Baksiganj,25.2135,89.8735,Private,
Dewanganj mother unit 04,Jamalpur,Dewanganj,25.1435,89.7835,Private,
Islampur surgical unit 04,Jamalpur,Islampur,24.9935,89.7835,Private,
Madarganj heart clinic 04,Jamalpur,Madarganj,24.8935,89.7535,Private,
Malandaha specialized wing 04,Jamalpur,Malandaha,24.9035,89.8735,Private,
Sarishabari heart center 04,Jamalpur,Sarishabari,24.7435,89.8335,Private,
Mymensingh City specialized neuro 02,Mymensingh,Sadar,24.7435,90.4155,Private,
Netrokona specialized cardiac 02,Netrokona,Sadar,24.8815,90.7255,Private,
Sherpur specialized trauma 02,Sherpur,Sadar,25.0185,90.0155,Private,
Jamalpur specialized oncology 02,Jamalpur,Sadar,24.9155,89.9455,Private,
Mymensingh Medical (Pathology lab 02),Mymensingh,Mymensingh Sadar,24.7435,90.4125,Government,
Mymensingh Medical (Emergency unit),Mymensingh,Mymensingh Sadar,24.7435,90.4125,Government,
Netrokona District (Blood bank),Netrokona,Netrokona Sadar,24.8815,90.725,Government,
Sherpur District (Cardiac unit),Sherpur,Sherpur Sadar,25.0185,90.015,Government,
Jamalpur General (Pediatric lab),Jamalpur,Jamalpur Sadar,24.9155,89.945,Government,
Jamalpur General (Surgical wing),Jamalpur,Jamalpur Sadar,24.9155,89.945,Government,
Fulbaria Community Clinic 04,Mymensingh,Fulbaria,24.639,90.269,Government,
Gaffargaon Community Clinic 04,Mymensingh,Gaffargaon,24.429,90.559,Government,
Gouripur Community Clinic 04,Mymensingh,Gouripur,24.759,90.579,Government,
Haluaghat Community Clinic 04,Mymensingh,Haluaghat,25.129,90.349,Government,
Ishwarganj Community Clinic 04,Mymensingh,Ishwarganj,24.699,90.599,Government,
Muktagachha Community Clinic 04,Mymensingh,Muktagachha,24.759,90.269,Government,
Nandail Community Clinic 04,Mymensingh,Nandail,24.569,90.689,Government,
Phulpur Community Clinic 04,Mymensingh,Phulpur,24.959,90.349,Government,
Trishal Community Clinic 04,Mymensingh,Trishal,24.589,90.399,Government,
Bhaluka Community Clinic 04,Mymensingh,Bhaluka,24.379,90.379,Government,
Dhobaura Community Clinic 04,Mymensingh,Dhobaura,25.119,90.539,Government,
Atpara Community Clinic 04,Netrokona,Atpara,24.799,90.879,Government,
Barhatta Community Clinic 04,Netrokona,Barhatta,24.909,90.879,Government,
Durgapur (Netrokona) Community Clinic 04,Netrokona,Durgapur,25.129,90.689,Government,
Khaliajuri Community Clinic 04,Netrokona,Khaliajuri,24.699,91.129,Government,
Kalmakanda Community Clinic 04,Netrokona,Kalmakanda,25.089,90.899,Government,
Kendua Community Clinic 04,Netrokona,Kendua,24.649,90.849,Government,
Madan Community Clinic 04,Netrokona,Madan,24.659,90.969,Government,
Mohanganj Community Clinic 04,Netrokona,Mohanganj,24.869,90.969,Government,
Purbadhala Community Clinic 04,Netrokona,Purbadhala,24.949,90.609,Government,
Jhenaigati Community Clinic 04,Sherpur,Jhenaigati,25.189,90.079,Government,
Nakla Community Clinic 04,Sherpur,Nakla,24.989,90.189,Government,
Nalitabari Community Clinic 04,Sherpur,Nalitabari,25.089,90.199,Government,
Sreebardi Community Clinic 04,Sherpur,Sreebardi,25.099,89.909,Government,
Baksiganj Community Clinic 04,Jamalpur,Baksiganj,25.219,89.879,Government,
Dewanganj Community Clinic 04,Jamalpur,Dewanganj,25.149,89.789,Government,
Islampur Community Clinic 04,Jamalpur,Islampur,24.999,89.789,Government,
Madarganj Community Clinic 04,Jamalpur,Madarganj,24.899,89.759,Government,
Malandaha Community Clinic 04,Jamalpur,Malandaha,24.909,89.879,Government,
Sarishabari Community Clinic 04,Jamalpur,Sarishabari,24.749,89.839,Government,
Fulbaria Health Post 03,Mymensingh,Fulbaria,24.6375,90.2675,Government,
Gaffargaon Health Post 03,Mymensingh,Gaffargaon,24.4275,90.5575,Government,
Gouripur Health Post 03,Mymensingh,Gouripur,24.7575,90.5775,Government,
Haluaghat Health Post 03,Mymensingh,Haluaghat,25.1275,90.3475,Government,
Ishwarganj Health Post 03,Mymensingh,Ishwarganj,24.6975,90.5975,Government,
Muktagachha Health Post 03,Mymensingh,Muktagachha,24.7575,90.2675,Government,
Nandail Health Post 03,Mymensingh,Nandail,24.5675,90.6875,Government,
Phulpur Health Post 03,Mymensingh,Phulpur,24.9575,90.3475,Government,
Trishal Health Post 03,Mymensingh,Trishal,24.5875,90.3975,Government,
Bhaluka Health Post 03,Mymensingh,Bhaluka,24.3775,90.3775,Government,
Dhobaura Health Post 03,Mymensingh,Dhobaura,25.1175,90.5375,Government,
Atpara Health Post 03,Netrokona,Atpara,24.7975,90.8775,Government,
Barhatta Health Post 03,Netrokona,Barhatta,24.9075,90.8775,Government,
Durgapur Health Post 03,Netrokona,Durgapur,25.1275,90.6875,Government,
Khaliajuri Health Post 03,Netrokona,Khaliajuri,24.6975,91.1275,Government,
Kalmakanda Health Post 03,Netrokona,Kalmakanda,25.0875,90.8975,Government,
Kendua Health Post 03,Netrokona,Kendua,24.6475,90.8475,Government,
Madan Health Post 03,Netrokona,Madan,24.6575,90.9675,Government,
Mohanganj Health Post 03,Netrokona,Mohanganj,24.8675,90.9675,Government,
Purbadhala Health Post 03,Netrokona,Purbadhala,24.9475,90.6075,Government,
Jhenaigati Health Post 03,Sherpur,Jhenaigati,25.1875,90.0775,Government,
Nakla Health Post 03,Sherpur,Nakla,24.9875,90.1875,Government,
Nalitabari Health Post 03,Sherpur,Nalitabari,25.0875,90.1975,Government,
Sreebardi Health Post 03,Sherpur,Sreebardi,25.0975,89.9075,Government,
Baksiganj Health Post 03,Jamalpur,Baksiganj,25.2175,89.8775,Government,
Dewanganj Health Post 03,Jamalpur,Dewanganj,25.1475,89.7875,Government,
Islampur Health Post 03,Jamalpur,Islampur,24.9975,89.7875,Government,
Madarganj Health Post 03,Jamalpur,Madarganj,24.8975,89.7575,Government,
Malandaha Health Post 03,Jamalpur,Malandaha,24.9075,89.8775,Government,
Sarishabari Health Post 03,Jamalpur,Sarishabari,24.7475,89.8375,Government,
Fulbaria Satellite Clinic 02,Mymensingh,Fulbaria,24.6345,90.2645,Government,
Gaffargaon Satellite Clinic 02,Mymensingh,Gaffargaon,24.4245,90.5545,Government,
Gouripur Satellite Clinic 02,Mymensingh,Gouripur,24.7545,90.5745,Government,
Haluaghat Satellite Clinic 02,Mymensingh,Haluaghat,25.1245,90.3445,Government,
Ishwarganj Satellite Clinic 02,Mymensingh,Ishwarganj,24.6945,90.5945,Government,
Muktagachha Satellite Clinic 02,Mymensingh,Muktagachha,24.7545,90.2645,Government,
Nandail Satellite Clinic 02,Mymensingh,Nandail,24.5645,90.6845,Government,
Phulpur Satellite Clinic 02,Mymensingh,Phulpur,24.9545,90.3445,Government,
Trishal Satellite Clinic 02,Mymensingh,Trishal,24.5845,90.3945,Government,
Bhaluka Satellite Clinic 02,Mymensingh,Bhaluka,24.3745,90.3745,Government,
Dhobaura Satellite Clinic 02,Mymensingh,Dhobaura,25.1145,90.5345,Government,
Atpara Satellite Clinic 02,Netrokona,Atpara,24.7945,90.8745,Government,
Barhatta Satellite Clinic 02,Netrokona,Barhatta,24.9045,90.8745,Government,
Durgapur Satellite Clinic 02,Netrokona,Durgapur,25.1245,90.6845,Government,
Khaliajuri Satellite Clinic 02,Netrokona,Khaliajuri,24.6945,91.1245,Government,
Kalmakanda Satellite Clinic 02,Netrokona,Kalmakanda,25.0845,90.8945,Government,
Kendua Satellite Clinic 02,Netrokona,Kendua,24.6445,90.8445,Government,
Madan Satellite Clinic 02,Netrokona,Madan,24.6545,90.9645,Government,
Mohanganj Satellite Clinic 02,Netrokona,Mohanganj,24.8645,90.9645,Government,
Purbadhala Satellite Clinic 02,Netrokona,Purbadhala,24.9445,90.6045,Government,
Jhenaigati Satellite Clinic 02,Sherpur,Jhenaigati,25.1845,90.0745,Government,
Nakla Satellite Clinic 02,Sherpur,Nakla,24.9845,90.1845,Government,
Nalitabari Satellite Clinic 02,Sherpur,Nalitabari,25.0845,90.1945,Government,
Sreebardi Satellite Clinic 02,Sherpur,Sreebardi,25.0945,89.9045,Government,
Baksiganj Satellite Clinic 02,Jamalpur,Baksiganj,25.2145,89.8745,Government,
Dewanganj Satellite Clinic 02,Jamalpur,Dewanganj,25.1445,89.7845,Government,
Islampur Satellite Clinic 02,Jamalpur,Islampur,24.9945,89.7845,Government,
Madarganj Satellite Clinic 02,Jamalpur,Madarganj,24.8945,89.7545,Government,
Malandaha Satellite Clinic 02,Jamalpur,Malandaha,24.9045,89.8745,Government,
Sarishabari Satellite Clinic 02,Jamalpur,Sarishabari,24.7445,89.8345,Government,
Fulbaria specialized dental 02,Mymensingh,Fulbaria,24.6328,90.2628,Private,
Gaffargaon general lab 02,Mymensingh,Gaffargaon,24.4228,90.5528,Private,
Gouripur heart clinic 02,Mymensingh,Gouripur,24.7528,90.5728,Private,
Haluaghat specialized wing 02,Mymensingh,Haluaghat,25.1228,90.3428,Private,
Ishwarganj diagnostic unit 02,Mymensingh,Ishwarganj,24.6928,90.5928,Private,
Muktagachha surgical lab 02,Mymensingh,Muktagachha,24.7528,90.2628,Private,
Nandail ortho center 02,Mymensingh,Nandail,24.5628,90.6828,Private,
Phulpur mother unit 02,Mymensingh,Phulpur,24.9528,90.3428,Private,
Trishal pediatric wing 02,Mymensingh,Trishal,24.5828,90.3928,Private,
Bhaluka cardiac center 02,Mymensingh,Bhaluka,24.3728,90.3728,Private,
Dhobaura specialized lab 03,Mymensingh,Dhobaura,25.1128,90.5328,Private,
Atpara heart clinic 03,Netrokona,Atpara,24.7928,90.8728,Private,
Barhatta pediatric unit 03,Netrokona,Barhatta,24.9028,90.8728,Private,
Durgapur surgical unit 03,Netrokona,Durgapur,25.1228,90.6828,Private,
Khaliajuri heart center 03,Netrokona,Khaliajuri,24.6928,91.1228,Private,
Kalmakanda specialized wing 03,Netrokona,Kalmakanda,25.0828,90.8928,Private,
Kendua diagnostic wing 03,Netrokona,Kendua,24.6428,90.8428,Private,
Madan heart unit 03,Netrokona,Madan,24.6528,90.9628,Private,
Mohanganj specialized lab 03,Netrokona,Mohanganj,24.8628,90.9628,Private,
Purbadhala heart clinic 03,Netrokona,Purbadhala,24.9428,90.6028,Private,
Jhenaigati surgical wing 03,Sherpur,Jhenaigati,25.1828,90.0728,Private,
Nakla mother unit 03,Sherpur,Nakla,24.9828,90.1828,Private,
Nalitabari diagnostic complex 03,Sherpur,Nalitabari,25.0828,90.1928,Private,
Sreebardi specialized wing 03,Sherpur,Sreebardi,25.0928,89.9028,Private,
Baksiganj heart unit 03,Jamalpur,Baksiganj,25.2128,89.8728,Private,
Dewanganj dental surgery 03,Jamalpur,Dewanganj,25.1428,89.7828,Private,
Islampur heart center 03,Jamalpur,Islampur,24.9928,89.7828,Private,
Madarganj pediatric lab 03,Jamalpur,Madarganj,24.8928,89.7528,Private,
Malandaha diagnostic unit 03,Jamalpur,Malandaha,24.9028,89.8728,Private,
Sarishabari specialized wing 03,Jamalpur,Sarishabari,24.7428,89.8328,Private,
Mymensingh City diagnostic lab 03,Mymensingh,Sadar,24.7415,90.4055,Private,
Netrokona orthopedic center 02,Netrokona,Sadar,24.8812,90.7252,Private,
Sherpur cardiac care wing 02,Sherpur,Sadar,25.0182,90.0152,Private,
Jamalpur trauma lab 02,Jamalpur,Sadar,24.9152,89.9452,Private,
Mymensingh specialized skin care,Mymensingh,Sadar,24.7455,90.4125,Private,
Mymensingh specialized eye unit,Mymensingh,Sadar,24.7555,90.4055,Private,
Fulbaria Health Post 04,Mymensingh,Fulbaria,24.6355,90.2655,Government,
Gaffargaon Health Post 04,Mymensingh,Gaffargaon,24.4255,90.5555,Government,
Gouripur Health Post 04,Mymensingh,Gouripur,24.7555,90.5755,Government,
Haluaghat Health Post 04,Mymensingh,Haluaghat,25.1255,90.3455,Government,
Ishwarganj Health Post 04,Mymensingh,Ishwarganj,24.6955,90.5955,Government,
Muktagachha Health Post 04,Mymensingh,Muktagachha,24.7555,90.2655,Government,
Nandail Health Post 04,Mymensingh,Nandail,24.5655,90.6855,Government,
Phulpur Health Post 04,Mymensingh,Phulpur,24.9555,90.3455,Government,
Trishal Health Post 04,Mymensingh,Trishal,24.5855,90.3955,Government,
Bhaluka Health Post 04,Mymensingh,Bhaluka,24.3755,90.3755,Government,
Dhobaura Health Post 04,Mymensingh,Dhobaura,25.1155,90.5355,Government,
Atpara Health Post 04,Netrokona,Atpara,24.7955,90.8755,Government,
Barhatta Health Post 04,Netrokona,Barhatta,24.9055,90.8755,Government,
Durgapur Health Post 04,Netrokona,Durgapur,25.1255,90.6855,Government,
Khaliajuri Health Post 04,Netrokona,Khaliajuri,24.6955,91.1255,Government,
Kalmakanda Health Post 04,Netrokona,Kalmakanda,25.0855,90.8955,Government,
Kendua Health Post 04,Netrokona,Kendua,24.6455,90.8455,Government,
Madan Health Post 04,Netrokona,Madan,24.6555,90.9655,Government,
Mohanganj Health Post 04,Netrokona,Mohanganj,24.8655,90.9655,Government,
Purbadhala Health Post 04,Netrokona,Purbadhala,24.9455,90.6055,Government,
Jhenaigati Health Post 04,Sherpur,Jhenaigati,25.1855,90.0755,Government,
Nakla Health Post 04,Sherpur,Nakla,24.9855,90.1855,Government,
Nalitabari Health Post 04,Sherpur,Nalitabari,25.0855,90.1955,Government,
Sreebardi Health Post 04,Sherpur,Sreebardi,25.0955,89.9055,Government,
Baksiganj Health Post 04,Jamalpur,Baksiganj,25.2155,89.8755,Government,
Dewanganj Health Post 04,Jamalpur,Dewanganj,25.1455,89.7855,Government,
Islampur Health Post 04,Jamalpur,Islampur,24.9955,89.7855,Government,
Madarganj Health Post 04,Jamalpur,Madarganj,24.8955,89.7555,Government,
Malandaha Health Post 04,Jamalpur,Malandaha,24.9055,89.8755,Government,
Sarishabari Health Post 04,Jamalpur,Sarishabari,24.7455,89.8355,Government,
Mymensingh City pediatric center 02,Mymensingh,Sadar,24.7452,90.4122,Private,
Netrokona specialized ortho wing,Netrokona,Sadar,24.8812,90.7252,Private,
Sherpur heart clinic 02,Sherpur,Sadar,25.0182,90.0152,Private,
Jamalpur specialized dental 02,Jamalpur,Sadar,24.9152,89.9452,Private,
Mymensingh general dental 02,Mymensingh,Sadar,24.7552,90.4052,Private,
Netrokona diagnostic unit 02,Netrokona,Sadar,24.8802,90.7222,Private,
Sherpur specialized lab 02,Sherpur,Sadar,25.0152,90.0122,Private,
Jamalpur mother unit 02,Jamalpur,Sadar,24.9122,89.9472,Private,
Mymensingh Medical (Radiology Wing),Mymensingh,Mymensingh Sadar,24.7435,90.4125,Government,
Mymensingh Medical (ICU Unit),Mymensingh,Mymensingh Sadar,24.7435,90.4125,Government,
Mymensingh Medical (Blood Bank),Mymensingh,Mymensingh Sadar,24.7435,90.4125,Government,
Netrokona District (Emergency Wing),Netrokona,Netrokona Sadar,24.8815,90.725,Government,
Sherpur District (Surgical Unit),Sherpur,Sherpur Sadar,25.0185,90.015,Government,
Jamalpur General (Cardiac Unit),Jamalpur,Jamalpur Sadar,24.9155,89.945,Government,
Fulbaria community clinic 05,Mymensingh,Fulbaria,24.64,90.27,Government,
Gaffargaon community clinic 05,Mymensingh,Gaffargaon,24.43,90.56,Government,
Gouripur community clinic 05,Mymensingh,Gouripur,24.76,90.58,Government,
Haluaghat community clinic 05,Mymensingh,Haluaghat,25.13,90.35,Government,
Ishwarganj community clinic 05,Mymensingh,Ishwarganj,24.7,90.6,Government,
Muktagachha community clinic 05,Mymensingh,Muktagachha,24.76,90.27,Government,
Nandail community clinic 05,Mymensingh,Nandail,24.57,90.69,Government,
Phulpur community clinic 05,Mymensingh,Phulpur,24.96,90.35,Government,
Trishal community clinic 05,Mymensingh,Trishal,24.59,90.4,Government,
Bhaluka community clinic 05,Mymensingh,Bhaluka,24.38,90.38,Government,
Dhobaura community clinic 05,Mymensingh,Dhobaura,25.12,90.54,Government,
Atpara community clinic 05,Netrokona,Atpara,24.8,90.88,Government,
Barhatta community clinic 05,Netrokona,Barhatta,24.91,90.88,Government,
Durgapur (Netrokona) community clinic 05,Netrokona,Durgapur,25.13,90.69,Government,
Khaliajuri community clinic 05,Netrokona,Khaliajuri,24.7,91.13,Government,
Kalmakanda community clinic 05,Netrokona,Kalmakanda,25.09,90.9,Government,
Kendua community clinic 05,Netrokona,Kendua,24.65,90.85,Government,
Madan community clinic 05,Netrokona,Madan,24.66,90.97,Government,
Mohanganj community clinic 05,Netrokona,Mohanganj,24.87,90.97,Government,
Purbadhala community clinic 05,Netrokona,Purbadhala,24.95,90.61,Government,
Jhenaigati community clinic 05,Sherpur,Jhenaigati,25.19,90.08,Government,
Nakla community clinic 05,Sherpur,Nakla,24.99,90.19,Government,
Nalitabari community clinic 05,Sherpur,Nalitabari,25.09,90.2,Government,
Sreebardi community clinic 05,Sherpur,Sreebardi,25.1,89.91,Government,
Baksiganj community clinic 05,Jamalpur,Baksiganj,25.22,89.88,Government,
Dewanganj community clinic 05,Jamalpur,Dewanganj,25.15,89.79,Government,
Islampur community clinic 05,Jamalpur,Islampur,25,89.79,Government,
Madarganj community clinic 05,Jamalpur,Madarganj,24.9,89.76,Government,
Malandaha community clinic 05,Jamalpur,Malandaha,24.91,89.88,Government,
Sarishabari community clinic 05,Jamalpur,Sarishabari,24.75,89.84,Government,
Mymensingh City community clinic 02,Mymensingh,Sadar,24.7445,90.4135,Government,
Netrokona Sadar community clinic 02,Netrokona,Sadar,24.8825,90.7265,Government,
Sherpur Sadar community clinic 02,Sherpur,Sadar,25.0195,90.0165,Government,
Jamalpur Sadar community clinic 02,Jamalpur,Sadar,24.9165,89.9465,Government,
Sher-e-Bangla Medical College Hospital,Barishal,Barishal Sadar,22.6855,90.362,Government,0431-2173500
Barishal General Hospital,Barishal,Barishal Sadar,22.711,90.365,Government,0431-62241
Barishal Police Hospital,Barishal,Barishal Sadar,22.715,90.355,Government,
Barishal Central Jail Hospital,Barishal,Barishal Sadar,22.708,90.362,Government,
Railway Hospital Barishal,Barishal,Barishal Sadar,22.722,90.358,Government,
Infectious Disease Hospital Barishal,Barishal,Barishal Sadar,22.735,90.345,Government,
Bhola 250 Bed District Sadar Hospital,Bhola,Bhola Sadar,22.6885,90.642,Government,0491-62254
Jhalokati 100 Bed District Hospital,Jhalokati,Jhalokati Sadar,22.645,90.205,Government,0496-62254
Pirojpur 100 Bed District Hospital,Pirojpur,Pirojpur Sadar,22.5785,89.972,Government,0461-62254
Barguna 100 Bed District Hospital,Barguna,Barguna Sadar,22.1555,90.125,Government,0448-62254
Patuakhali 250 Bed Medical College Hospital,Patuakhali,Patuakhali Sadar,22.355,90.335,Government,0441-62254
Agailjhara Upazila Health Complex,Barishal,Agailjhara,22.975,90.165,Government,01730-324978
Babuganj Upazila Health Complex,Barishal,Babuganj,22.825,90.315,Government,01730-324979
Bakerganj Upazila Health Complex,Barishal,Bakerganj,22.505,90.335,Government,01730-324980
Banaripara Upazila Health Complex,Barishal,Banaripara,22.785,90.175,Government,01730-324981
Gaurnadi Upazila Health Complex,Barishal,Gaurnadi,22.975,90.225,Government,01730-324982
Hizla Upazila Health Complex,Barishal,Hizla,22.895,90.505,Government,01730-324983
Mehendiganj Upazila Health Complex,Barishal,Mehendiganj,22.825,90.535,Government,01730-324984
Muladi Upazila Health Complex,Barishal,Muladi,22.915,90.415,Government,01730-324985
Wazirpur Upazila Health Complex,Barishal,Wazirpur,22.815,90.245,Government,01730-324986
Burhanuddin Upazila Health Complex,Bhola,Burhanuddin,22.495,90.725,Government,01730-324987
Char Fasson Upazila Health Complex,Bhola,Char Fasson,22.185,90.755,Government,01730-324988
Daulatkhan Upazila Health Complex,Bhola,Daulatkhan,22.615,90.745,Government,01730-324989
Lalmohan Upazila Health Complex,Bhola,Lalmohan,22.335,90.735,Government,01730-324990
Manpura Upazila Health Complex,Bhola,Manpura,22.295,90.975,Government,01730-324991
Tazumuddin Upazila Health Complex,Bhola,Tazumuddin,22.415,90.845,Government,01730-324992
Kathalia Upazila Health Complex,Jhalokati,Kathalia,22.405,90.075,Government,01730-324993
Nalchity Upazila Health Complex,Jhalokati,Nalchity,22.635,90.275,Government,01730-324994
Rajapur Upazila Health Complex,Jhalokati,Rajapur,22.545,90.145,Government,01730-324995
Bhandaria Upazila Health Complex,Pirojpur,Bhandaria,22.485,90.065,Government,01730-324996
Kawkhali Upazila Health Complex,Pirojpur,Kawkhali,22.615,90.075,Government,01730-324997
Mathbaria Upazila Health Complex,Pirojpur,Mathbaria,22.285,89.965,Government,01730-324998
Nazirpur Upazila Health Complex,Pirojpur,Nazirpur,22.755,89.965,Government,01730-324999
Nesarabad Upazila Health Complex,Pirojpur,Nesarabad,22.755,90.105,Government,01730-325000
Zianagar Upazila Health Complex,Pirojpur,Zianagar,22.525,89.985,Government,
Amtali Upazila Health Complex,Barguna,Amtali,22.125,90.225,Government,01730-325001
Bamna Upazila Health Complex,Barguna,Bamna,22.195,90.005,Government,01730-325002
Betagi Upazila Health Complex,Barguna,Betagi,22.415,90.165,Government,01730-325003
Patharghata Upazila Health Complex,Barguna,Patharghata,22.045,89.975,Government,01730-325004
Taltali Upazila Health Complex,Barguna,Taltali,22.065,90.175,Government,
Bauphal Upazila Health Complex,Patuakhali,Bauphal,22.415,90.545,Government,01730-325005
Dashmina Upazila Health Complex,Patuakhali,Dashmina,22.285,90.595,Government,01730-325006
Galachipa Upazila Health Complex,Patuakhali,Galachipa,22.165,90.425,Government,01730-325007
Kalapara Upazila Health Complex,Patuakhali,Kalapara,21.985,90.235,Government,01730-325008
Mirzaganj Upazila Health Complex,Patuakhali,Mirzaganj,22.455,90.255,Government,01730-325009
Rangabali Upazila Health Complex,Patuakhali,Rangabali,21.925,90.465,Government,
Mother and Child Welfare Center (MCWC) Barishal,Barishal,Sadar,22.705,90.362,Government,
South Royal Hospital,Barishal,Band Road,22.685,90.365,Private,
Barishal Digital Hospital,Barishal,Sadar,22.701,90.368,Private,
Comfort Diagnostic Center Barishal,Barishal,Sadar,22.703,90.371,Private,
Bell View Medical Services,Barishal,Sadar,22.7055,90.3645,Private,
Islami Bank Hospital Barishal,Barishal,Sadar,22.712,90.361,Premium,
Labaid Diagnostic Barishal,Barishal,Sadar,22.7145,90.3655,Premium,
Popular Diagnostic Barishal,Barishal,Sadar,22.7085,90.3635,Premium,
Bhola City Clinic,Bhola,Sadar,22.684,90.645,Private,
Jhalokati Modern Lab,Jhalokati,Sadar,22.641,90.208,Private,
Pirojpur Specialized Diagnostic,Pirojpur,Sadar,22.574,89.975,Private,
Barguna Health Care,Barguna,Sadar,22.152,90.128,Private,
Patuakhali Surgical Unit (Private),Patuakhali,Sadar,22.351,90.338,Private,
Agailjhara Health Post 01,Barishal,Agailjhara,22.9755,90.1655,Government,
Babuganj Health Post 01,Barishal,Babuganj,22.8255,90.3155,Government,
Bakerganj Health Post 01,Barishal,Bakerganj,22.5055,90.3355,Government,
Banaripara Health Post 01,Barishal,Banaripara,22.7855,90.1755,Government,
Gaurnadi Health Post 01,Barishal,Gaurnadi,22.9755,90.2255,Government,
Hizla Health Post 01,Barishal,Hizla,22.8955,90.5055,Government,
Mehendiganj Health Post 01,Barishal,Mehendiganj,22.8255,90.5355,Government,
Muladi Health Post 01,Barishal,Muladi,22.9155,90.4155,Government,
Wazirpur Health Post 01,Barishal,Wazirpur,22.8155,90.2455,Government,
Burhanuddin Health Post 01,Bhola,Burhanuddin,22.4955,90.7255,Government,
Char Fasson Health Post 01,Bhola,Char Fasson,22.1855,90.7555,Government,
Daulatkhan Health Post 01,Bhola,Daulatkhan,22.6155,90.7455,Government,
Lalmohan Health Post 01,Bhola,Lalmohan,22.3355,90.7355,Government,
Manpura Health Post 01,Bhola,Manpura,22.2955,90.9755,Government,
Tazumuddin Health Post 01,Bhola,Tazumuddin,22.4155,90.8455,Government,
Kathalia Health Post 01,Jhalokati,Kathalia,22.4055,90.0755,Government,
Nalchity Health Post 01,Jhalokati,Nalchity,22.6355,90.2755,Government,
Rajapur Health Post 01,Jhalokati,Rajapur,22.5455,90.1455,Government,
Bhandaria Health Post 01,Pirojpur,Bhandaria,22.4855,90.0655,Government,
Kawkhali Health Post 01,Pirojpur,Kawkhali,22.6155,90.0755,Government,
Mathbaria Health Post 01,Pirojpur,Mathbaria,22.2855,89.9655,Government,
Nazirpur Health Post 01,Pirojpur,Nazirpur,22.7555,89.9655,Government,
Nesarabad Health Post 01,Pirojpur,Nesarabad,22.7555,90.1055,Government,
Zianagar Health Post 01,Pirojpur,Zianagar,22.5255,89.9855,Government,
Amtali Health Post 01,Barguna,Amtali,22.1255,90.2255,Government,
Bamna Health Post 01,Barguna,Bamna,22.1955,90.0055,Government,
Betagi Health Post 01,Barguna,Betagi,22.4155,90.1655,Government,
Patharghata Health Post 01,Barguna,Patharghata,22.0455,89.9755,Government,
Taltali Health Post 01,Barguna,Taltali,22.0655,90.1755,Government,
Bauphal Health Post 01,Patuakhali,Bauphal,22.4155,90.5455,Government,
Dashmina Health Post 01,Patuakhali,Dashmina,22.2855,90.5955,Government,
Galachipa Health Post 01,Patuakhali,Galachipa,22.1655,90.4255,Government,
Kalapara Health Post 01,Patuakhali,Kalapara,21.9855,90.2355,Government,
Mirzaganj Health Post 01,Patuakhali,Mirzaganj,22.4555,90.2555,Government,
Rangabali Health Post 01,Patuakhali,Rangabali,21.9255,90.4655,Government,
Barishal City CC 01,Barishal,Barishal Sadar,22.7115,90.3655,Government,
Bhola Sadar CC 01,Bhola,Bhola Sadar,22.688,90.6425,Government,
Jhalokati Sadar CC 01,Jhalokati,Jhalokati Sadar,22.6455,90.2055,Government,
Pirojpur Sadar CC 01,Pirojpur,Pirojpur Sadar,22.578,89.9725,Government,
Barguna Sadar CC 01,Barguna,Barguna Sadar,22.155,90.1255,Government,
Patuakhali Sadar CC 01,Patuakhali,Patuakhali Sadar,22.3555,90.3355,Government,
Agailjhara Community Clinic 01,Barishal,Agailjhara,22.976,90.166,Government,
Babuganj Community Clinic 01,Barishal,Babuganj,22.826,90.316,Government,
Bakerganj Community Clinic 01,Barishal,Bakerganj,22.506,90.336,Government,
Banaripara Community Clinic 01,Barishal,Banaripara,22.786,90.176,Government,
Gaurnadi Community Clinic 01,Barishal,Gaurnadi,22.976,90.226,Government,
Hizla Community Clinic 01,Barishal,Hizla,22.896,90.506,Government,
Mehendiganj Community Clinic 01,Barishal,Mehendiganj,22.826,90.536,Government,
Muladi Community Clinic 01,Barishal,Muladi,22.916,90.416,Government,
Wazirpur Community Clinic 01,Barishal,Wazirpur,22.816,90.246,Government,
Burhanuddin Community Clinic 01,Bhola,Burhanuddin,22.496,90.726,Government,
Char Fasson Community Clinic 01,Bhola,Char Fasson,22.186,90.756,Government,
Daulatkhan Community Clinic 01,Bhola,Daulatkhan,22.616,90.746,Government,
Lalmohan Community Clinic 01,Bhola,Lalmohan,22.336,90.736,Government,
Manpura Community Clinic 01,Bhola,Manpura,22.296,90.976,Government,
Tazumuddin Community Clinic 01,Bhola,Tazumuddin,22.416,90.846,Government,
Kathalia Community Clinic 01,Jhalokati,Kathalia,22.406,90.076,Government,
Nalchity Community Clinic 01,Jhalokati,Nalchity,22.636,90.276,Government,
Rajapur Community Clinic 01,Jhalokati,Rajapur,22.546,90.146,Government,
Bhandaria Community Clinic 01,Pirojpur,Bhandaria,22.486,90.066,Government,
Kawkhali Community Clinic 01,Pirojpur,Kawkhali,22.616,90.076,Government,
Mathbaria Community Clinic 01,Pirojpur,Mathbaria,22.286,89.966,Government,
Nazirpur Community Clinic 01,Pirojpur,Nazirpur,22.756,89.966,Government,
Nesarabad Community Clinic 01,Pirojpur,Nesarabad,22.756,90.106,Government,
Amtali Community Clinic 01,Barguna,Amtali,22.126,90.226,Government,
Bamna Community Clinic 01,Barguna,Bamna,22.196,90.006,Government,
Betagi Community Clinic 01,Barguna,Betagi,22.416,90.166,Government,
Patharghata Community Clinic 01,Barguna,Patharghata,22.046,89.976,Government,
Taltali Community Clinic 01,Barguna,Taltali,22.066,90.176,Government,
Bauphal Community Clinic 01,Patuakhali,Bauphal,22.416,90.546,Government,
Dashmina Community Clinic 01,Patuakhali,Dashmina,22.286,90.596,Government,
Galachipa Community Clinic 01,Patuakhali,Galachipa,22.166,90.426,Government,
Kalapara Community Clinic 01,Patuakhali,Kalapara,21.986,90.236,Government,
Mirzaganj Community Clinic 01,Patuakhali,Mirzaganj,22.456,90.256,Government,
Rangabali Community Clinic 01,Patuakhali,Rangabali,21.926,90.466,Government,
Agailjhara Community Clinic 02,Barishal,Agailjhara,22.977,90.167,Government,
Babuganj Community Clinic 02,Barishal,Babuganj,22.827,90.317,Government,
Bakerganj Community Clinic 02,Barishal,Bakerganj,22.507,90.337,Government,
Banaripara Community Clinic 02,Barishal,Banaripara,22.787,90.177,Government,
Gaurnadi Community Clinic 02,Barishal,Gaurnadi,22.977,90.227,Government,
Hizla Community Clinic 02,Barishal,Hizla,22.897,90.507,Government,
Mehendiganj Community Clinic 02,Barishal,Mehendiganj,22.827,90.537,Government,
Muladi Community Clinic 02,Barishal,Muladi,22.917,90.417,Government,
Wazirpur Community Clinic 02,Barishal,Wazirpur,22.817,90.247,Government,
Burhanuddin Community Clinic 02,Bhola,Burhanuddin,22.497,90.727,Government,
Char Fasson Community Clinic 02,Bhola,Char Fasson,22.187,90.757,Government,
Daulatkhan Community Clinic 02,Bhola,Daulatkhan,22.617,90.747,Government,
Lalmohan Community Clinic 02,Bhola,Lalmohan,22.337,90.737,Government,
Manpura Community Clinic 02,Bhola,Manpura,22.297,90.977,Government,
Tazumuddin Community Clinic 02,Bhola,Tazumuddin,22.417,90.847,Government,
Kathalia Community Clinic 02,Jhalokati,Kathalia,22.407,90.077,Government,
Nalchity Community Clinic 02,Jhalokati,Nalchity,22.637,90.277,Government,
Rajapur Community Clinic 02,Jhalokati,Rajapur,22.547,90.147,Government,
Bhandaria Community Clinic 02,Pirojpur,Bhandaria,22.487,90.067,Government,
Kawkhali Community Clinic 02,Pirojpur,Kawkhali,22.617,90.077,Government,
Mathbaria Community Clinic 02,Pirojpur,Mathbaria,22.287,89.967,Government,
Nazirpur Community Clinic 02,Pirojpur,Nazirpur,22.757,89.967,Government,
Nesarabad Community Clinic 02,Pirojpur,Nesarabad,22.757,90.107,Government,
Amtali Community Clinic 02,Barguna,Amtali,22.127,90.227,Government,
Bamna Community Clinic 02,Barguna,Bamna,22.197,90.007,Government,
Betagi Community Clinic 02,Barguna,Betagi,22.417,90.167,Government,
Patharghata Community Clinic 02,Barguna,Patharghata,22.047,89.977,Government,
Taltali Community Clinic 02,Barguna,Taltali,22.067,90.177,Government,
Bauphal Community Clinic 02,Patuakhali,Bauphal,22.417,90.547,Government,
Dashmina Community Clinic 02,Patuakhali,Dashmina,22.287,90.597,Government,
Galachipa Community Clinic 02,Patuakhali,Galachipa,22.167,90.427,Government,
Kalapara Community Clinic 02,Patuakhali,Kalapara,21.987,90.237,Government,
Mirzaganj Community Clinic 02,Patuakhali,Mirzaganj,22.457,90.257,Government,
Rangabali Community Clinic 02,Patuakhali,Rangabali,21.927,90.467,Government,
Barishal Heart & Stroke Unit,Barishal,Band Road,22.686,90.363,Private,
Patuakhali Cancer Clinic,Patuakhali,Sadar,22.352,90.339,Private,
Bhola Eye Hospital,Bhola,Sadar,22.685,90.646,Private,
Jhalokati Children's Hospital,Jhalokati,Sadar,22.642,90.209,Private,
Pirojpur Ortho Center,Pirojpur,Sadar,22.575,89.976,Private,
Barguna Mother Unit,Barguna,Sadar,22.153,90.129,Private,
Bakerganj Specialized Lab,Barishal,Bakerganj,22.502,90.332,Private,
Char Fasson Diagnostic Center,Bhola,Char Fasson,22.182,90.752,Private,
Mathbaria Digital Lab,Pirojpur,Mathbaria,22.282,89.962,Private,
Bauphal Mother & Child,Patuakhali,Bauphal,22.412,90.542,Private,
Kalapara Cardiac Unit,Patuakhali,Kalapara,21.982,90.232,Private,
Sher-e-Bangla Medical (Eye Wing),Barishal,Barishal Sadar,22.6855,90.362,Government,
Bhola Sadar (Cardiac Unit),Bhola,Bhola Sadar,22.6885,90.642,Government,
Patuakhali Medical (Surgical Wing),Patuakhali,Patuakhali Sadar,22.355,90.335,Government,
Jhalokati Sadar (Mother Care Unit),Jhalokati,Jhalokati Sadar,22.645,90.205,Government,
Pirojpur Sadar (Emergency Unit),Pirojpur,Pirojpur Sadar,22.5785,89.972,Government,
Barguna Sadar (Pediatric Unit),Barguna,Barguna Sadar,22.1555,90.125,Government,
Agailjhara Health Post 02,Barishal,Agailjhara,22.9755,90.1655,Government,
Babuganj Health Post 02,Barishal,Babuganj,22.8255,90.3155,Government,
Bakerganj Health Post 02,Barishal,Bakerganj,22.5055,90.3355,Government,
Banaripara Health Post 02,Barishal,Banaripara,22.7855,90.1755,Government,
Gaurnadi Health Post 02,Barishal,Gaurnadi,22.9755,90.2255,Government,
Hizla Health Post 02,Barishal,Hizla,22.8955,90.5055,Government,
Mehendiganj Health Post 02,Barishal,Mehendiganj,22.8255,90.5355,Government,
Muladi Health Post 02,Barishal,Muladi,22.9155,90.4155,Government,
Wazirpur Health Post 02,Barishal,Wazirpur,22.8155,90.2455,Government,
Burhanuddin Health Post 02,Bhola,Burhanuddin,22.4955,90.7255,Government,
Char Fasson Health Post 02,Bhola,Char Fasson,22.1855,90.7555,Government,
Daulatkhan Health Post 02,Bhola,Daulatkhan,22.6155,90.7455,Government,
Lalmohan Health Post 02,Bhola,Lalmohan,22.3355,90.7355,Government,
Manpura Health Post 02,Bhola,Manpura,22.2955,90.9755,Government,
Tazumuddin Health Post 02,Bhola,Tazumuddin,22.4155,90.8455,Government,
Kathalia Health Post 02,Jhalokati,Kathalia,22.4055,90.0755,Government,
Nalchity Health Post 02,Jhalokati,Nalchity,22.6355,90.2755,Government,
Rajapur Health Post 02,Jhalokati,Rajapur,22.5455,90.1455,Government,
Bhandaria Health Post 02,Pirojpur,Bhandaria,22.4855,90.0655,Government,
Kawkhali Health Post 02,Pirojpur,Kawkhali,22.6155,90.0755,Government,
Mathbaria Health Post 02,Pirojpur,Mathbaria,22.2855,89.9655,Government,
Nazirpur Health Post 02,Pirojpur,Nazirpur,22.7555,89.9655,Government,
Nesarabad Health Post 02,Pirojpur,Nesarabad,22.7555,90.1055,Government,
Amtali Health Post 02,Barguna,Amtali,22.1255,90.2255,Government,
Bamna Health Post 02,Barguna,Bamna,22.1955,90.0055,Government,
Betagi Health Post 02,Barguna,Betagi,22.4155,90.1655,Government,
Patharghata Health Post 02,Barguna,Patharghata,22.0455,89.9755,Government,
Taltali Health Post 02,Barguna,Taltali,22.0655,90.1755,Government,
Bauphal Health Post 02,Patuakhali,Bauphal,22.4155,90.5455,Government,
Dashmina Health Post 02,Patuakhali,Dashmina,22.2855,90.5955,Government,
Galachipa Health Post 02,Patuakhali,Galachipa,22.1655,90.4255,Government,
Kalapara Health Post 02,Patuakhali,Kalapara,21.9855,90.2355,Government,
Mirzaganj Health Post 02,Patuakhali,Mirzaganj,22.4555,90.2555,Government,
Rangabali Health Post 02,Patuakhali,Rangabali,21.9255,90.4655,Government,
Agailjhara Satellite Clinic 01,Barishal,Agailjhara,22.974,90.164,Government,
Babuganj Satellite Clinic 01,Barishal,Babuganj,22.824,90.314,Government,
Bakerganj Satellite Clinic 01,Barishal,Bakerganj,22.504,90.334,Government,
Banaripara Satellite Clinic 01,Barishal,Banaripara,22.784,90.174,Government,
Gaurnadi Satellite Clinic 01,Barishal,Gaurnadi,22.974,90.224,Government,
Hizla Satellite Clinic 01,Barishal,Hizla,22.894,90.504,Government,
Mehendiganj Satellite Clinic 01,Barishal,Mehendiganj,22.824,90.534,Government,
Muladi Satellite Clinic 01,Barishal,Muladi,22.914,90.414,Government,
Wazirpur Satellite Clinic 01,Barishal,Wazirpur,22.814,90.244,Government,
Burhanuddin Satellite Clinic 01,Bhola,Burhanuddin,22.494,90.724,Government,
Char Fasson Satellite Clinic 01,Bhola,Char Fasson,22.184,90.754,Government,
Daulatkhan Satellite Clinic 01,Bhola,Daulatkhan,22.614,90.744,Government,
Lalmohan Satellite Clinic 01,Bhola,Lalmohan,22.334,90.734,Government,
Manpura Satellite Clinic 01,Bhola,Manpura,22.294,90.974,Government,
Tazumuddin Satellite Clinic 01,Bhola,Tazumuddin,22.414,90.844,Government,
Kathalia Satellite Clinic 01,Jhalokati,Kathalia,22.404,90.074,Government,
Nalchity Satellite Clinic 01,Jhalokati,Nalchity,22.634,90.274,Government,
Rajapur Satellite Clinic 01,Jhalokati,Rajapur,22.544,90.144,Government,
Bhandaria Satellite Clinic 01,Pirojpur,Bhandaria,22.484,90.064,Government,
Kawkhali Satellite Clinic 01,Pirojpur,Kawkhali,22.614,90.074,Government,
Mathbaria Satellite Clinic 01,Pirojpur,Mathbaria,22.284,89.964,Government,
Nazirpur Satellite Clinic 01,Pirojpur,Nazirpur,22.754,89.964,Government,
Nesarabad Satellite Clinic 01,Pirojpur,Nesarabad,22.754,90.104,Government,
Amtali Satellite Clinic 01,Barguna,Amtali,22.124,90.224,Government,
Bamna Satellite Clinic 01,Barguna,Bamna,22.194,90.004,Government,
Betagi Satellite Clinic 01,Barguna,Betagi,22.414,90.164,Government,
Patharghata Satellite Clinic 01,Barguna,Patharghata,22.044,89.974,Government,
Taltali Satellite Clinic 01,Barguna,Taltali,22.064,90.174,Government,
Bauphal Satellite Clinic 01,Patuakhali,Bauphal,22.414,90.544,Government,
Dashmina Satellite Clinic 01,Patuakhali,Dashmina,22.284,90.594,Government,
Galachipa Satellite Clinic 01,Patuakhali,Galachipa,22.164,90.424,Government,
Kalapara Satellite Clinic 01,Patuakhali,Kalapara,21.984,90.234,Government,
Mirzaganj Satellite Clinic 01,Patuakhali,Mirzaganj,22.454,90.254,Government,
Rangabali Satellite Clinic 01,Patuakhali,Rangabali,21.924,90.464,Government,
Agailjhara community clinic 03,Barishal,Agailjhara,22.978,90.168,Government,
Babuganj community clinic 03,Barishal,Babuganj,22.828,90.318,Government,
Bakerganj community clinic 03,Barishal,Bakerganj,22.508,90.338,Government,
Banaripara community clinic 03,Barishal,Banaripara,22.788,90.178,Government,
Gaurnadi community clinic 03,Barishal,Gaurnadi,22.978,90.228,Government,
Hizla community clinic 03,Barishal,Hizla,22.898,90.508,Government,
Mehendiganj community clinic 03,Barishal,Mehendiganj,22.828,90.538,Government,
Muladi community clinic 03,Barishal,Muladi,22.918,90.418,Government,
Wazirpur community clinic 03,Barishal,Wazirpur,22.818,90.248,Government,
Burhanuddin community clinic 03,Bhola,Burhanuddin,22.498,90.728,Government,
Char Fasson community clinic 03,Bhola,Char Fasson,22.188,90.758,Government,
Daulatkhan community clinic 03,Bhola,Daulatkhan,22.618,90.748,Government,
Lalmohan community clinic 03,Bhola,Lalmohan,22.338,90.738,Government,
Manpura community clinic 03,Bhola,Manpura,22.298,90.978,Government,
Tazumuddin community clinic 03,Bhola,Tazumuddin,22.418,90.848,Government,
Kathalia community clinic 03,Jhalokati,Kathalia,22.408,90.078,Government,
Nalchity community clinic 03,Jhalokati,Nalchity,22.638,90.278,Government,
Rajapur community clinic 03,Jhalokati,Rajapur,22.548,90.148,Government,
Bhandaria community clinic 03,Pirojpur,Bhandaria,22.488,90.068,Government,
Kawkhali community clinic 03,Pirojpur,Kawkhali,22.618,90.078,Government,
Mathbaria community clinic 03,Pirojpur,Mathbaria,22.288,89.968,Government,
Nazirpur community clinic 03,Pirojpur,Nazirpur,22.758,89.968,Government,
Nesarabad community clinic 03,Pirojpur,Nesarabad,22.758,90.108,Government,
Amtali community clinic 03,Barguna,Amtali,22.128,90.228,Government,
Bamna community clinic 03,Barguna,Bamna,22.198,90.008,Government,
Betagi community clinic 03,Barguna,Betagi,22.418,90.168,Government,
Patharghata community clinic 03,Barguna,Patharghata,22.048,89.978,Government,
Taltali community clinic 03,Barguna,Taltali,22.068,90.178,Government,
Bauphal community clinic 03,Patuakhali,Bauphal,22.418,90.548,Government,
Dashmina community clinic 03,Patuakhali,Dashmina,22.288,90.598,Government,
Galachipa community clinic 03,Patuakhali,Galachipa,22.168,90.428,Government,
Kalapara community clinic 03,Patuakhali,Kalapara,21.988,90.238,Government,
Mirzaganj community clinic 03,Patuakhali,Mirzaganj,22.458,90.258,Government,
Rangabali community clinic 03,Patuakhali,Rangabali,21.928,90.468,Government,
Agailjhara community clinic 04,Barishal,Agailjhara,22.979,90.169,Government,
Babuganj community clinic 04,Barishal,Babuganj,22.829,90.319,Government,
Bakerganj community clinic 04,Barishal,Bakerganj,22.509,90.339,Government,
Banaripara community clinic 04,Barishal,Banaripara,22.789,90.179,Government,
Gaurnadi community clinic 04,Barishal,Gaurnadi,22.979,90.229,Government,
Hizla community clinic 04,Barishal,Hizla,22.899,90.509,Government,
Mehendiganj community clinic 04,Barishal,Mehendiganj,22.829,90.539,Government,
Muladi community clinic 04,Barishal,Muladi,22.919,90.419,Government,
Wazirpur community clinic 04,Barishal,Wazirpur,22.819,90.249,Government,
Burhanuddin community clinic 04,Bhola,Burhanuddin,22.499,90.729,Government,
Char Fasson community clinic 04,Bhola,Char Fasson,22.189,90.759,Government,
Daulatkhan community clinic 04,Bhola,Daulatkhan,22.619,90.749,Government,
Lalmohan community clinic 04,Bhola,Lalmohan,22.339,90.739,Government,
Manpura community clinic 04,Bhola,Manpura,22.299,90.979,Government,
Tazumuddin community clinic 04,Bhola,Tazumuddin,22.419,90.849,Government,
Kathalia community clinic 04,Jhalokati,Kathalia,22.409,90.079,Government,
Nalchity community clinic 04,Jhalokati,Nalchity,22.639,90.279,Government,
Rajapur community clinic 04,Jhalokati,Rajapur,22.549,90.149,Government,
Bhandaria community clinic 04,Pirojpur,Bhandaria,22.489,90.069,Government,
Kawkhali community clinic 04,Pirojpur,Kawkhali,22.619,90.079,Government,
Mathbaria community clinic 04,Pirojpur,Mathbaria,22.289,89.969,Government,
Nazirpur community clinic 04,Pirojpur,Nazirpur,22.759,89.969,Government,
Nesarabad community clinic 04,Pirojpur,Nesarabad,22.759,90.109,Government,
Amtali community clinic 04,Barguna,Amtali,22.129,90.229,Government,
Bamna community clinic 04,Barguna,Bamna,22.199,90.009,Government,
Betagi community clinic 04,Barguna,Betagi,22.419,90.169,Government,
Patharghata community clinic 04,Barguna,Patharghata,22.049,89.979,Government,
Taltali community clinic 04,Barguna,Taltali,22.069,90.179,Government,
Bauphal community clinic 04,Patuakhali,Bauphal,22.419,90.549,Government,
Dashmina community clinic 04,Patuakhali,Dashmina,22.289,90.599,Government,
Galachipa community clinic 04,Patuakhali,Galachipa,22.169,90.429,Government,
Kalapara community clinic 04,Patuakhali,Kalapara,21.989,90.239,Government,
Mirzaganj community clinic 04,Patuakhali,Mirzaganj,22.459,90.259,Government,
Rangabali community clinic 04,Patuakhali,Rangabali,21.929,90.469,Government,
Agailjhara Health Post 03,Barishal,Agailjhara,22.975,90.165,Government,
Babuganj Health Post 03,Barishal,Babuganj,22.825,90.315,Government,
Bakerganj Health Post 03,Barishal,Bakerganj,22.505,90.335,Government,
Banaripara Health Post 03,Barishal,Banaripara,22.785,90.175,Government,
Gaurnadi Health Post 03,Barishal,Gaurnadi,22.975,90.225,Government,
Hizla Health Post 03,Barishal,Hizla,22.895,90.505,Government,
Mehendiganj Health Post 03,Barishal,Mehendiganj,22.825,90.535,Government,
Muladi Health Post 03,Barishal,Muladi,22.915,90.415,Government,
Wazirpur Health Post 03,Barishal,Wazirpur,22.815,90.245,Government,
Burhanuddin Health Post 03,Bhola,Burhanuddin,22.495,90.725,Government,
Char Fasson Health Post 03,Bhola,Char Fasson,22.185,90.755,Government,
Daulatkhan Health Post 03,Bhola,Daulatkhan,22.615,90.745,Government,
Lalmohan Health Post 03,Bhola,Lalmohan,22.335,90.735,Government,
Manpura Health Post 03,Bhola,Manpura,22.295,90.975,Government,
Tazumuddin Health Post 03,Bhola,Tazumuddin,22.415,90.845,Government,
Kathalia Health Post 03,Jhalokati,Kathalia,22.405,90.075,Government,
Nalchity Health Post 03,Jhalokati,Nalchity,22.635,90.275,Government,
Rajapur Health Post 03,Jhalokati,Rajapur,22.545,90.145,Government,
Bhandaria Health Post 03,Pirojpur,Bhandaria,22.485,90.065,Government,
Kawkhali Health Post 03,Pirojpur,Kawkhali,22.615,90.075,Government,
Mathbaria Health Post 03,Pirojpur,Mathbaria,22.285,89.965,Government,
Nazirpur Health Post 03,Pirojpur,Nazirpur,22.755,89.965,Government,
Nesarabad Health Post 03,Pirojpur,Nesarabad,22.755,90.105,Government,
Amtali Health Post 03,Barguna,Amtali,22.125,90.225,Government,
Bamna Health Post 03,Barguna,Bamna,22.195,90.005,Government,
Betagi Health Post 03,Barguna,Betagi,22.415,90.165,Government,
Patharghata Health Post 03,Barguna,Patharghata,22.045,89.975,Government,
Taltali Health Post 03,Barguna,Taltali,22.065,90.175,Government,
Bauphal Health Post 03,Patuakhali,Bauphal,22.415,90.545,Government,
Dashmina Health Post 03,Patuakhali,Dashmina,22.285,90.595,Government,
Galachipa Health Post 03,Patuakhali,Galachipa,22.165,90.425,Government,
Kalapara Health Post 03,Patuakhali,Kalapara,21.985,90.235,Government,
Mirzaganj Health Post 03,Patuakhali,Mirzaganj,22.455,90.255,Government,
Rangabali Health Post 03,Patuakhali,Rangabali,21.925,90.465,Government,
Agailjhara Satellite Clinic 02,Barishal,Agailjhara,22.9745,90.1645,Government,
Babuganj Satellite Clinic 02,Barishal,Babuganj,22.8245,90.3145,Government,
Bakerganj Satellite Clinic 02,Barishal,Bakerganj,22.5045,90.3345,Government,
Banaripara Satellite Clinic 02,Barishal,Banaripara,22.7845,90.1745,Government,
Gaurnadi Satellite Clinic 02,Barishal,Gaurnadi,22.9745,90.2245,Government,
Hizla Satellite Clinic 02,Barishal,Hizla,22.8945,90.5045,Government,
Mehendiganj Satellite Clinic 02,Barishal,Mehendiganj,22.8245,90.5345,Government,
Muladi Satellite Clinic 02,Barishal,Muladi,22.9145,90.4145,Government,
Wazirpur Satellite Clinic 02,Barishal,Wazirpur,22.8145,90.2445,Government,
Burhanuddin Satellite Clinic 02,Bhola,Burhanuddin,22.4945,90.7245,Government,
Char Fasson Satellite Clinic 02,Bhola,Char Fasson,22.1845,90.7545,Government,
Daulatkhan Satellite Clinic 02,Bhola,Daulatkhan,22.6145,90.7445,Government,
Lalmohan Satellite Clinic 02,Bhola,Lalmohan,22.3345,90.7345,Government,
Manpura Satellite Clinic 02,Bhola,Manpura,22.2945,90.9745,Government,
Tazumuddin Satellite Clinic 02,Bhola,Tazumuddin,22.4145,90.8445,Government,
Kathalia Satellite Clinic 02,Jhalokati,Kathalia,22.4045,90.0745,Government,
Nalchity Satellite Clinic 02,Jhalokati,Nalchity,22.6345,90.2745,Government,
Rajapur Satellite Clinic 02,Jhalokati,Rajapur,22.5445,90.1445,Government,
Bhandaria Satellite Clinic 02,Pirojpur,Bhandaria,22.4845,90.0645,Government,
Kawkhali Satellite Clinic 02,Pirojpur,Kawkhali,22.6145,90.0745,Government,
Mathbaria Satellite Clinic 02,Pirojpur,Mathbaria,22.2845,89.9645,Government,
Nazirpur Satellite Clinic 02,Pirojpur,Nazirpur,22.7545,89.9645,Government,
Nesarabad Satellite Clinic 02,Pirojpur,Nesarabad,22.7545,90.1045,Government,
Amtali Satellite Clinic 02,Barguna,Amtali,22.1245,90.2245,Government,
Bamna Satellite Clinic 02,Barguna,Bamna,22.1945,90.0045,Government,
Betagi Satellite Clinic 02,Barguna,Betagi,22.4145,90.1645,Government,
Patharghata Satellite Clinic 02,Barguna,Patharghata,22.0445,89.9745,Government,
Taltali Satellite Clinic 02,Barguna,Taltali,22.0645,90.1745,Government,
Bauphal Satellite Clinic 02,Patuakhali,Bauphal,22.4145,90.5445,Government,
Dashmina Satellite Clinic 02,Patuakhali,Dashmina,22.2845,90.5945,Government,
Galachipa Satellite Clinic 02,Patuakhali,Galachipa,22.1645,90.4245,Government,
Kalapara Satellite Clinic 02,Patuakhali,Kalapara,21.9845,90.2345,Government,
Mirzaganj Satellite Clinic 02,Patuakhali,Mirzaganj,22.4545,90.2545,Government,
Rangabali Satellite Clinic 02,Patuakhali,Rangabali,21.9245,90.4645,Government,
Agailjhara specialized lab 04,Barishal,Agailjhara,22.9735,90.1635,Private,
Babuganj heart clinic 04,Barishal,Babuganj,22.8235,90.3135,Private,
Bakerganj cardiac lab 04,Barishal,Bakerganj,22.5035,90.3335,Private,
Banaripara surgical unit 04,Barishal,Banaripara,22.7835,90.1735,Private,
Gaurnadi mother unit 04,Barishal,Gaurnadi,22.9735,90.2235,Private,
Hizla diagnostic wing 04,Barishal,Hizla,22.8935,90.5035,Private,
Mehendiganj pediatric unit 04,Barishal,Mehendiganj,22.8235,90.5335,Private,
Muladi heart lab 04,Barishal,Muladi,22.9135,90.4135,Private,
Wazirpur surgical lab 04,Barishal,Wazirpur,22.8135,90.2435,Private,
Burhanuddin mother unit 04,Bhola,Burhanuddin,22.4935,90.7235,Private,
Char Fasson heart clinic 04,Bhola,Char Fasson,22.1835,90.7535,Private,
Daulatkhan specialized lab 04,Bhola,Daulatkhan,22.6135,90.7435,Private,
Lalmohan pediatric wing 04,Bhola,Lalmohan,22.3335,90.7335,Private,
Manpura cardiac unit 04,Bhola,Manpura,22.2935,90.9735,Private,
Tazumuddin specialized unit 04,Bhola,Tazumuddin,22.4135,90.8435,Private,
Kathalia heart lab 04,Jhalokati,Kathalia,22.4035,90.0735,Private,
Nalchity mother unit 04,Jhalokati,Nalchity,22.6335,90.2735,Private,
Rajapur surgical center 04,Jhalokati,Rajapur,22.5435,90.1435,Private,
Bhandaria pediatric unit 04,Pirojpur,Bhandaria,22.4835,90.0635,Private,
Kawkhali cardiac wing 04,Pirojpur,Kawkhali,22.6135,90.0735,Private,
Mathbaria surgical unit 04,Pirojpur,Mathbaria,22.2835,89.9635,Private,
Nazirpur specialized lab 04,Pirojpur,Nazirpur,22.7535,89.9635,Private,
Nesarabad mother care 04,Pirojpur,Nesarabad,22.7535,90.1035,Private,
Amtali heart unit 04,Barguna,Amtali,22.1235,90.2235,Private,
Bamna diagnostic complex 04,Barguna,Bamna,22.1935,90.0035,Private,
Betagi pediatric center 04,Barguna,Betagi,22.4135,90.1635,Private,
Patharghata specialized unit 04,Barguna,Patharghata,22.0435,89.9735,Private,
Taltali cardiac lab 04,Barguna,Taltali,22.0635,90.1735,Private,
Bauphal heart center 04,Patuakhali,Bauphal,22.4135,90.5435,Private,
Dashmina surgical wing 04,Patuakhali,Dashmina,22.2835,90.5935,Private,
Galachipa mother unit 04,Patuakhali,Galachipa,22.1635,90.4235,Private,
Kalapara pediatric unit 04,Patuakhali,Kalapara,21.9835,90.2335,Private,
Mirzaganj specialized unit 04,Patuakhali,Mirzaganj,22.4535,90.2535,Private,
Rangabali heart clinic 04,Patuakhali,Rangabali,21.9235,90.4635,Private,
Barishal City specialized neuro,Barishal,Sadar,22.7125,90.3665,Private,
Bhola specialized cardiac unit,Bhola,Sadar,22.689,90.643,Private,
Jhalokati trauma wing,Jhalokati,Sadar,22.646,90.206,Private,
Pirojpur oncology care,Pirojpur,Sadar,22.579,89.973,Private,
Barguna surgical wing,Barguna,Sadar,22.156,90.126,Private,
Patuakhali dental surgery,Patuakhali,Sadar,22.356,90.336,Private,
Sher-e-Bangla Medical (Surgical Wing 02),Barishal,Barishal Sadar,22.6855,90.362,Government,
Barishal General (Emergency lab),Barishal,Barishal Sadar,22.711,90.365,Government,
Bhola District (Blood Bank),Bhola,Bhola Sadar,22.6885,90.642,Government,
Jhalokati District (X-ray Unit),Jhalokati,Jhalokati Sadar,22.645,90.205,Government,
Pirojpur District (Pediatric lab),Pirojpur,Pirojpur Sadar,22.5785,89.972,Government,
Barguna District (Surgical wing),Barguna,Barguna Sadar,22.1555,90.125,Government,
Patuakhali Medical (Cardiac Unit),Patuakhali,Patuakhali Sadar,22.355,90.335,Government,
Agailjhara community clinic 05,Barishal,Agailjhara,22.98,90.17,Government,
Babuganj community clinic 05,Barishal,Babuganj,22.83,90.32,Government,
Bakerganj community clinic 05,Barishal,Bakerganj,22.51,90.34,Government,
Banaripara community clinic 05,Barishal,Banaripara,22.79,90.18,Government,
Gaurnadi community clinic 05,Barishal,Gaurnadi,22.98,90.23,Government,
Hizla community clinic 05,Barishal,Hizla,22.9,90.51,Government,
Mehendiganj community clinic 05,Barishal,Mehendiganj,22.83,90.54,Government,
Muladi community clinic 05,Barishal,Muladi,22.92,90.42,Government,
Wazirpur community clinic 05,Barishal,Wazirpur,22.82,90.25,Government,
Burhanuddin community clinic 05,Bhola,Burhanuddin,22.5,90.73,Government,
Char Fasson community clinic 05,Bhola,Char Fasson,22.19,90.76,Government,
Daulatkhan community clinic 05,Bhola,Daulatkhan,22.62,90.75,Government,
Lalmohan community clinic 05,Bhola,Lalmohan,22.34,90.74,Government,
Manpura community clinic 05,Bhola,Manpura,22.3,90.98,Government,
Tazumuddin community clinic 05,Bhola,Tazumuddin,22.42,90.85,Government,
Kathalia community clinic 05,Jhalokati,Kathalia,22.41,90.08,Government,
Nalchity community clinic 05,Jhalokati,Nalchity,22.64,90.28,Government,
Rajapur community clinic 05,Jhalokati,Rajapur,22.55,90.15,Government,
Bhandaria community clinic 05,Pirojpur,Bhandaria,22.49,90.07,Government,
Kawkhali community clinic 05,Pirojpur,Kawkhali,22.62,90.08,Government,
Mathbaria community clinic 05,Pirojpur,Mathbaria,22.29,89.97,Government,
Nazirpur community clinic 05,Pirojpur,Nazirpur,22.76,89.97,Government,
Nesarabad community clinic 05,Pirojpur,Nesarabad,22.76,90.11,Government,
Amtali community clinic 05,Barguna,Amtali,22.13,90.23,Government,
Bamna community clinic 05,Barguna,Bamna,22.2,90.01,Government,
Betagi community clinic 05,Barguna,Betagi,22.42,90.17,Government,
Patharghata community clinic 05,Barguna,Patharghata,22.05,89.98,Government,
Taltali community clinic 05,Barguna,Taltali,22.07,90.18,Government,
Bauphal community clinic 05,Patuakhali,Bauphal,22.42,90.55,Government,
Dashmina community clinic 05,Patuakhali,Dashmina,22.29,90.6,Government,
Galachipa community clinic 05,Patuakhali,Galachipa,22.17,90.43,Government,
Kalapara community clinic 05,Patuakhali,Kalapara,21.99,90.24,Government,
Mirzaganj community clinic 05,Patuakhali,Mirzaganj,22.46,90.26,Government,
Rangabali community clinic 05,Patuakhali,Rangabali,21.93,90.47,Government,
Agailjhara Health Post 04,Barishal,Agailjhara,22.9755,90.1655,Government,
Babuganj Health Post 04,Barishal,Babuganj,22.8255,90.3155,Government,
Bakerganj Health Post 04,Barishal,Bakerganj,22.5055,90.3355,Government,
Banaripara Health Post 04,Barishal,Banaripara,22.7855,90.1755,Government,
Gaurnadi Health Post 04,Barishal,Gaurnadi,22.9755,90.2255,Government,
Hizla Health Post 04,Barishal,Hizla,22.8955,90.5055,Government,
Mehendiganj Health Post 04,Barishal,Mehendiganj,22.8255,90.5355,Government,
Muladi Health Post 04,Barishal,Muladi,22.9155,90.4155,Government,
Wazirpur Health Post 04,Barishal,Wazirpur,22.8155,90.2455,Government,
Burhanuddin Health Post 04,Bhola,Burhanuddin,22.4955,90.7255,Government,
Char Fasson Health Post 04,Bhola,Char Fasson,22.1855,90.7555,Government,
Daulatkhan Health Post 04,Bhola,Daulatkhan,22.6155,90.7455,Government,
Lalmohan Health Post 04,Bhola,Lalmohan,22.3355,90.7355,Government,
Manpura Health Post 04,Bhola,Manpura,22.2955,90.9755,Government,
Tazumuddin Health Post 04,Bhola,Tazumuddin,22.4155,90.8455,Government,
Kathalia Health Post 04,Jhalokati,Kathalia,22.4055,90.0755,Government,
Nalchity Health Post 04,Jhalokati,Nalchity,22.6355,90.2755,Government,
Rajapur Health Post 04,Jhalokati,Rajapur,22.5455,90.1455,Government,
Bhandaria Health Post 04,Pirojpur,Bhandaria,22.4855,90.0655,Government,
Kawkhali Health Post 04,Pirojpur,Kawkhali,22.6155,90.0755,Government,
Mathbaria Health Post 04,Pirojpur,Mathbaria,22.2855,89.9655,Government,
Nazirpur Health Post 04,Pirojpur,Nazirpur,22.7555,89.9655,Government,
Nesarabad Health Post 04,Pirojpur,Nesarabad,22.7555,90.1055,Government,
Amtali Health Post 04,Barguna,Amtali,22.1255,90.2255,Government,
Bamna Health Post 04,Barguna,Bamna,22.1955,90.0055,Government,
Betagi Health Post 04,Barguna,Betagi,22.4155,90.1655,Government,
Patharghata Health Post 04,Barguna,Patharghata,22.0455,89.9755,Government,
Taltali Health Post 04,Barguna,Taltali,22.0655,90.1755,Government,
Bauphal Health Post 04,Patuakhali,Bauphal,22.4155,90.5455,Government,
Dashmina Health Post 04,Patuakhali,Dashmina,22.2855,90.5955,Government,
Galachipa Health Post 04,Patuakhali,Galachipa,22.1655,90.4255,Government,
Kalapara Health Post 04,Patuakhali,Kalapara,21.9855,90.2355,Government,
Mirzaganj Health Post 04,Patuakhali,Mirzaganj,22.4555,90.2555,Government,
Rangabali Health Post 04,Patuakhali,Rangabali,21.9255,90.4655,Government,
Agailjhara specialized dental,Barishal,Agailjhara,22.973,90.163,Private,
Babuganj general diagnostic,Barishal,Babuganj,22.823,90.313,Private,
Bakerganj surgical wing 02,Barishal,Bakerganj,22.503,90.333,Private,
Banaripara heart unit 02,Barishal,Banaripara,22.783,90.173,Private,
Gaurnadi diagnostic unit 02,Barishal,Gaurnadi,22.973,90.223,Private,
Hizla pediatric center 02,Barishal,Hizla,22.893,90.503,Private,
Mehendiganj cardiac wing 02,Barishal,Mehendiganj,22.823,90.533,Private,
Muladi orthopedic lab 02,Barishal,Muladi,22.913,90.413,Private,
Wazirpur specialized wing 02,Barishal,Wazirpur,22.813,90.243,Private,
Burhanuddin heart clinic 02,Bhola,Burhanuddin,22.493,90.723,Private,
Char Fasson mother care 02,Bhola,Char Fasson,22.183,90.753,Private,
Daulatkhan cardiac unit 02,Bhola,Daulatkhan,22.613,90.743,Private,
Lalmohan surgical lab 02,Bhola,Lalmohan,22.333,90.733,Private,
Manpura specialized unit 02,Bhola,Manpura,22.293,90.973,Private,
Tazumuddin diagnostic complex 02,Bhola,Tazumuddin,22.413,90.843,Private,
Kathalia pediatric wing 02,Jhalokati,Kathalia,22.403,90.073,Private,
Nalchity heart center 02,Jhalokati,Nalchity,22.633,90.273,Private,
Rajapur specialized lab 02,Jhalokati,Rajapur,22.543,90.143,Private,
Bhandaria surgical center 02,Pirojpur,Bhandaria,22.483,90.063,Private,
Kawkhali mother unit 02,Pirojpur,Kawkhali,22.613,90.073,Private,
Mathbaria cardiac lab 02,Pirojpur,Mathbaria,22.283,89.963,Private,
Nazirpur heart clinic 02,Pirojpur,Nazirpur,22.753,89.963,Private,
Nesarabad orthopedic wing 02,Pirojpur,Nesarabad,22.753,90.103,Private,
Amtali surgical unit 02,Barguna,Amtali,22.123,90.223,Private,
Bamna heart clinic 02,Barguna,Bamna,22.193,90.003,Private,
Betagi mother care 02,Barguna,Betagi,22.413,90.163,Private,
Patharghata pediatric center 02,Barguna,Patharghata,22.043,89.973,Private,
Taltali specialized unit 02,Barguna,Taltali,22.063,90.173,Private,
Bauphal cardiac wing 02,Patuakhali,Bauphal,22.413,90.543,Private,
Dashmina specialized lab 02,Patuakhali,Dashmina,22.283,90.593,Private,
Galachipa surgical wing 02,Patuakhali,Galachipa,22.163,90.423,Private,
Kalapara mother unit 02,Patuakhali,Kalapara,21.983,90.233,Private,
Mirzaganj heart clinic 02,Patuakhali,Mirzaganj,22.453,90.253,Private,
Rangabali specialized wing 02,Patuakhali,Rangabali,21.923,90.463,Private,
Barishal City Heart Unit 02,Barishal,Sadar,22.7122,90.3662,Private,
Bhola surgical lab 02,Bhola,Sadar,22.6892,90.6432,Private,
Jhalokati pediatric wing 02,Jhalokati,Sadar,22.6462,90.2062,Private,
Pirojpur cardiac center 02,Pirojpur,Sadar,22.5792,89.9732,Private,
Barguna trauma center 02,Barguna,Sadar,22.1562,90.1262,Private,
Patuakhali eye care 02,Patuakhali,Sadar,22.3562,90.3362,Private,
Barishal general dental 02,Barishal,Sadar,22.7052,90.3642,Private,
Bhola diagnostic unit 02,Bhola,Sadar,22.6842,90.6452,Private,
Jhalokati specialized lab 02,Jhalokati,Sadar,22.6412,90.2082,Private,
Pirojpur mother unit 02,Pirojpur,Sadar,22.5742,89.9752,Private,
Barguna heart clinic 02,Barguna,Sadar,22.1522,90.1282,Private,
Patuakhali pediatric center 02,Patuakhali,Sadar,22.3512,90.3382,Private,
Sher-e-Bangla Medical (Nephrology Wing),Barishal,Barishal Sadar,22.6855,90.362,Government,
Sher-e-Bangla Medical (Hematology Unit),Barishal,Barishal Sadar,22.6855,90.362,Government,
Sher-e-Bangla Medical (Oncology Wing),Barishal,Barishal Sadar,22.6855,90.362,Government,
Bhola District (Emergency Unit),Bhola,Bhola Sadar,22.6885,90.642,Government,
Jhalokati District (Surgical Unit),Jhalokati,Jhalokati Sadar,22.645,90.205,Government,
Pirojpur District (Cardiac Unit),Pirojpur,Pirojpur Sadar,22.5785,89.972,Government,
Barguna District (Emergency Lab),Barguna,Barguna Sadar,22.1555,90.125,Government,
Patuakhali Medical (Pathology Lab),Patuakhali,Patuakhali Sadar,22.355,90.335,Government,
Agailjhara Community Clinic 06,Barishal,Agailjhara,22.981,90.171,Government,
Babuganj Community Clinic 06,Barishal,Babuganj,22.831,90.321,Government,
Bakerganj Community Clinic 06,Barishal,Bakerganj,22.511,90.341,Government,
Banaripara Community Clinic 06,Barishal,Banaripara,22.791,90.181,Government,
Gaurnadi Community Clinic 06,Barishal,Gaurnadi,22.981,90.231,Government,
Hizla Community Clinic 06,Barishal,Hizla,22.901,90.511,Government,
Mehendiganj Community Clinic 06,Barishal,Mehendiganj,22.831,90.541,Government,
Muladi Community Clinic 06,Barishal,Muladi,22.921,90.421,Government,
Wazirpur Community Clinic 06,Barishal,Wazirpur,22.821,90.251,Government,
Burhanuddin Community Clinic 06,Bhola,Burhanuddin,22.501,90.731,Government,
Char Fasson Community Clinic 06,Bhola,Char Fasson,22.191,90.761,Government,
Daulatkhan Community Clinic 06,Bhola,Daulatkhan,22.621,90.751,Government,
Lalmohan Community Clinic 06,Bhola,Lalmohan,22.341,90.741,Government,
Manpura Community Clinic 06,Bhola,Manpura,22.301,90.981,Government,
Tazumuddin Community Clinic 06,Bhola,Tazumuddin,22.421,90.851,Government,
Kathalia Community Clinic 06,Jhalokati,Kathalia,22.411,90.081,Government,
Nalchity Community Clinic 06,Jhalokati,Nalchity,22.641,90.281,Government,
Rajapur Community Clinic 06,Jhalokati,Rajapur,22.551,90.151,Government,
Bhandaria Community Clinic 06,Pirojpur,Bhandaria,22.491,90.071,Government,
Kawkhali Community Clinic 06,Pirojpur,Kawkhali,22.621,90.081,Government,
Mathbaria Community Clinic 06,Pirojpur,Mathbaria,22.291,89.971,Government,
Nazirpur Community Clinic 06,Pirojpur,Nazirpur,22.761,89.971,Government,
Nesarabad Community Clinic 06,Pirojpur,Nesarabad,22.761,90.111,Government,
Amtali Community Clinic 06,Barguna,Amtali,22.131,90.231,Government,
Bamna Community Clinic 06,Barguna,Bamna,22.201,90.011,Government,
Betagi Community Clinic 06,Barguna,Betagi,22.421,90.171,Government,
Patharghata Community Clinic 06,Barguna,Patharghata,22.051,89.981,Government,
Taltali Community Clinic 06,Barguna,Taltali,22.071,90.181,Government,
Bauphal Community Clinic 06,Patuakhali,Bauphal,22.421,90.551,Government,
Dashmina Community Clinic 06,Patuakhali,Dashmina,22.291,90.601,Government,
Galachipa Community Clinic 06,Patuakhali,Galachipa,22.171,90.431,Government,
Kalapara Community Clinic 06,Patuakhali,Kalapara,21.991,90.241,Government,
Mirzaganj Community Clinic 06,Patuakhali,Mirzaganj,22.461,90.261,Government,
Rangabali Community Clinic 06,Patuakhali,Rangabali,21.931,90.471,Government,
Khulna Medical College Hospital,Khulna,Khulna Sadar,22.8255,89.542,Government,041-760350
Khulna General Hospital,Khulna,Khulna Sadar,22.811,89.565,Government,041-723241
Sheikh Abu Naser Specialized Hospital,Khulna,Khulna Sadar,22.845,89.535,Government,041-760443
Infectious Disease Hospital Khulna,Khulna,Khulna Sadar,22.855,89.525,Government,
Police Hospital Khulna,Khulna,Khulna Sadar,22.815,89.555,Government,
Khulna Central Jail Hospital,Khulna,Khulna Sadar,22.808,89.562,Government,
Railway Hospital Khulna,Khulna,Khulna Sadar,22.822,89.558,Government,
Bagerhat 250 Bed District Sadar Hospital,Bagerhat,Bagerhat Sadar,22.6655,89.782,Government,0468-62254
Chuadanga 100 Bed District Hospital,Chuadanga,Chuadanga Sadar,23.635,88.845,Government,0761-62254
Jashore 250 Bed General Hospital,Jashore,Jashore Sadar,23.1655,89.2155,Government,0421-68311
Jhenaidah 100 Bed District Hospital,Jhenaidah,Jhenaidah Sadar,23.542,89.175,Government,0451-62254
Kushtia 250 Bed General Hospital,Kushtia,Kushtia Sadar,23.9015,89.1225,Government,071-62254
Magura 100 Bed District Hospital,Magura,Magura Sadar,23.4855,89.4215,Government,0488-62254
Meherpur 100 Bed District Hospital,Meherpur,Meherpur Sadar,23.765,88.6315,Government,0791-62254
Narail 100 Bed District Hospital,Narail,Narail Sadar,23.1685,89.502,Government,0481-62254
Satkhira 100 Bed District Hospital,Satkhira,Satkhira Sadar,22.705,89.075,Government,0471-62254
Satkhira Medical College Hospital,Satkhira,Satkhira Sadar,22.685,89.055,Government,0471-63800
Ad-din Sakina Medical College Hospital,Jashore,Jashore Sadar,23.178,89.2085,Premium,0421-63162
Gazi Medical College Hospital,Khulna,Sonadanga,22.821,89.548,Premium,01711-298341
Khulna City Medical College Hospital,Khulna,Khulna Sadar,22.8165,89.552,Premium,041-2830301
LabAid Diagnostic Khulna,Khulna,Khulna Sadar,22.818,89.5555,Premium,01766-663300
Islami Bank Hospital Khulna,Khulna,Khulna Sadar,22.814,89.5605,Premium,041-731932
Faridpur Medical Diagnostic center,Khulna,Sadar,22.812,89.564,Private,
Sandhani Diagnostic Complex Khulna,Khulna,Sadar,22.8155,89.5585,Private,
Popular Diagnostic Center Khulna,Khulna,Sadar,22.8175,89.5545,Premium,01711-663300
Batiaghata Upazila Health Complex,Khulna,Batiaghata,22.735,89.515,Government,01730-324928
Dacope Upazila Health Complex,Khulna,Dacope,22.575,89.515,Government,01730-324929
Dumuria Upazila Health Complex,Khulna,Dumuria,22.805,89.425,Government,01730-324930
Dighalia Upazila Health Complex,Khulna,Dighalia,22.895,89.555,Government,01730-324931
Koyra Upazila Health Complex,Khulna,Koyra,22.345,89.305,Government,01730-324932
Paikgachha Upazila Health Complex,Khulna,Paikgachha,22.585,89.335,Government,01730-324933
Phultala Upazila Health Complex,Khulna,Phultala,22.975,89.465,Government,01730-324934
Rupsha Upazila Health Complex,Khulna,Rupsha,22.815,89.605,Government,01730-324935
Terokhada Upazila Health Complex,Khulna,Terokhada,22.945,89.665,Government,01730-324936
Fakirhat Upazila Health Complex,Bagerhat,Fakirhat,22.785,89.705,Government,01730-324937
Chitalmari Upazila Health Complex,Bagerhat,Chitalmari,22.785,89.875,Government,01730-324938
Kachua Upazila Health Complex,Bagerhat,Kachua,22.655,89.885,Government,01730-324939
Mollahat Upazila Health Complex,Bagerhat,Mollahat,22.945,89.815,Government,01730-324940
Mongla Upazila Health Complex,Bagerhat,Mongla,22.485,89.605,Government,01730-324941
Morrelganj Upazila Health Complex,Bagerhat,Morrelganj,22.455,89.855,Government,01730-324942
Rampal Upazila Health Complex,Bagerhat,Rampal,22.585,89.665,Government,01730-324943
Sarankhola Upazila Health Complex,Bagerhat,Sarankhola,22.315,89.795,Government,01730-324944
Alamdanga Upazila Health Complex,Chuadanga,Alamdanga,23.755,88.945,Government,01730-324945
Damurhuda Upazila Health Complex,Chuadanga,Damurhuda,23.615,88.785,Government,01730-324946
Jibannagar Upazila Health Complex,Chuadanga,Jibannagar,23.445,88.815,Government,01730-324947
Abhaynagar Upazila Health Complex,Jashore,Abhaynagar,23.015,89.445,Government,01730-324948
Bagherpara Upazila Health Complex,Jashore,Bagherpara,23.225,89.345,Government,01730-324949
Chaugachha Upazila Health Complex,Jashore,Chaugachha,23.265,89.025,Government,01730-324950
Jhikargachha Upazila Health Complex,Jashore,Jhikargachha,23.105,89.135,Government,01730-324951
Keshabpur Upazila Health Complex,Jashore,Keshabpur,22.915,89.215,Government,01730-324952
Manirampur Upazila Health Complex,Jashore,Manirampur,23.015,89.235,Government,01730-324953
Sharsha Upazila Health Complex,Jashore,Sharsha,23.075,88.955,Government,01730-324954
Harinakundu Upazila Health Complex,Jhenaidah,Harinakundu,23.655,89.055,Government,01730-324955
Kaliganj Upazila Health Complex,Jhenaidah,Kaliganj,23.415,89.135,Government,01730-324956
Kotchandpur Upazila Health Complex,Jhenaidah,Kotchandpur,23.405,89.015,Government,01730-324957
Maheshpur Upazila Health Complex,Jhenaidah,Maheshpur,23.355,88.915,Government,01730-324958
Shailkupa Upazila Health Complex,Jhenaidah,Shailkupa,23.695,89.255,Government,01730-324959
Bheramara Upazila Health Complex,Kushtia,Bheramara,24.025,88.995,Government,01730-324961
Daulatpur Upazila Health Complex,Kushtia,Daulatpur,24.005,88.865,Government,01730-324962
Khoksa Upazila Health Complex,Kushtia,Khoksa,23.945,89.285,Government,01730-324963
Kumarkhali Upazila Health Complex,Kushtia,Kumarkhali,23.875,89.245,Government,01730-324964
Mirpur Upazila Health Complex,Kushtia,Mirpur,23.935,88.995,Government,01730-324965
Shripur Upazila Health Complex,Magura,Shripur,23.605,89.385,Government,01730-324966
Mohammadpur Upazila Health Complex,Magura,Mohammadpur,23.405,89.605,Government,01730-324967
Shalikha Upazila Health Complex,Magura,Shalikha,23.305,89.335,Government,01730-324968
Gangni Upazila Health Complex,Meherpur,Gangni,23.865,88.705,Government,01730-324969
Mujibnagar Upazila Health Complex,Meherpur,Mujibnagar,23.645,88.595,Government,
Kalia Upazila Health Complex,Narail,Kalia,23.045,89.635,Government,01730-324970
Lohagara Upazila Health Complex,Narail,Lohagara,23.205,89.635,Government,01730-324971
Assasuni Upazila Health Complex,Satkhira,Assasuni,22.555,89.175,Government,01730-324972
Debhata Upazila Health Complex,Satkhira,Debhata,22.565,88.975,Government,01730-324973
Kalaroa Upazila Health Complex,Satkhira,Kalaroa,22.875,89.045,Government,01730-324974
Kaliganj Upazila Health Complex,Satkhira,Kaliganj,22.455,89.045,Government,01730-324975
Shyamnagar Upazila Health Complex,Satkhira,Shyamnagar,22.335,89.105,Government,01730-324976
Tala Upazila Health Complex,Satkhira,Tala,22.755,89.255,Government,01730-324977
Chest Disease Clinic Khulna,Khulna,Khulna Sadar,22.824,89.541,Government,
Chest Disease Clinic Jashore,Jashore,Jashore Sadar,23.166,89.214,Government,
Chest Disease Clinic Kushtia,Kushtia,Kushtia Sadar,23.9025,89.1215,Government,
Mother and Child Welfare Center (MCWC) Khulna,Khulna,Sadar,22.815,89.562,Government,
Mother and Child Welfare Center (MCWC) Jashore,Jashore,Sadar,23.168,89.212,Government,
Mother and Child Welfare Center (MCWC) Kushtia,Kushtia,Sadar,23.903,89.1235,Government,
Khulna Surgical & Diagnostic Center,Khulna,Sadar,22.819,89.553,Private,
Jashore City Hospital,Jashore,Sadar,23.164,89.219,Private,
Kushtia Specialized Clinic,Kushtia,Sadar,23.899,89.125,Private,
Satkhira Digital Lab,Satkhira,Sadar,22.707,89.073,Private,
Bagerhat Specialized Diagnostic,Bagerhat,Sadar,22.664,89.784,Private,
Jhenaidah General Hospital & Lab,Jhenaidah,Sadar,23.541,89.173,Private,
Chuadanga Modern Clinic,Chuadanga,Sadar,23.633,88.847,Private,
Magura City Diagnostic,Magura,Sadar,23.484,89.423,Private,
Meherpur Health Care,Meherpur,Sadar,23.764,88.633,Private,
Narail Digital Hospital,Narail,Sadar,23.167,89.501,Private,
Goshairhat Health Sub Center,Khulna,Batiaghata,22.731,89.511,Government,
Chalna Health Sub Center,Khulna,Dacope,22.571,89.511,Government,
Shahpur Health Sub Center,Khulna,Dumuria,22.801,89.421,Government,
Dighalia Health Sub Center,Khulna,Dighalia,22.891,89.551,Government,
Koyra Health Sub Center,Khulna,Koyra,22.341,89.301,Government,
Paikgachha Health Sub Center,Khulna,Paikgachha,22.581,89.331,Government,
Phultala Health Sub Center,Khulna,Phultala,22.971,89.461,Government,
Rupsha Health Sub Center,Khulna,Rupsha,22.811,89.601,Government,
Terokhada Health Sub Center,Khulna,Terokhada,22.941,89.661,Government,
Fakirhat Health Sub Center,Bagerhat,Fakirhat,22.781,89.701,Government,
Chitalmari Health Sub Center,Bagerhat,Chitalmari,22.781,89.871,Government,
Kachua Health Sub Center,Bagerhat,Kachua,22.651,89.881,Government,
Mollahat Health Sub Center,Bagerhat,Mollahat,22.941,89.811,Government,
Mongla Health Sub Center,Bagerhat,Mongla,22.481,89.601,Government,
Morrelganj Health Sub Center,Bagerhat,Morrelganj,22.451,89.851,Government,
Rampal Health Sub Center,Bagerhat,Rampal,22.581,89.661,Government,
Sarankhola Health Sub Center,Bagerhat,Sarankhola,22.311,89.791,Government,
Alamdanga Health Sub Center,Chuadanga,Alamdanga,23.751,88.941,Government,
Damurhuda Health Sub Center,Chuadanga,Damurhuda,23.611,88.781,Government,
Jibannagar Health Sub Center,Chuadanga,Jibannagar,23.441,88.811,Government,
Abhaynagar Health Sub Center,Jashore,Abhaynagar,23.011,89.441,Government,
Bagherpara Health Sub Center,Jashore,Bagherpara,23.221,89.341,Government,
Chaugachha Health Sub Center,Jashore,Chaugachha,23.261,89.021,Government,
Jhikargachha Health Sub Center,Jashore,Jhikargachha,23.101,89.131,Government,
Keshabpur Health Sub Center,Jashore,Keshabpur,22.911,89.211,Government,
Manirampur Health Sub Center,Jashore,Manirampur,23.011,89.231,Government,
Sharsha Health Sub Center,Jashore,Sharsha,23.071,88.951,Government,
Harinakundu Health Sub Center,Jhenaidah,Harinakundu,23.651,89.051,Government,
Kaliganj Health Sub Center,Jhenaidah,Kaliganj,23.411,89.131,Government,
Kotchandpur Health Sub Center,Jhenaidah,Kotchandpur,23.401,89.011,Government,
Maheshpur Health Sub Center,Jhenaidah,Maheshpur,23.351,88.911,Government,
Shailkupa Health Sub Center,Jhenaidah,Shailkupa,23.691,89.251,Government,
Bheramara Health Sub Center,Kushtia,Bheramara,24.021,88.991,Government,
Daulatpur Health Sub Center,Kushtia,Daulatpur,24.001,88.861,Government,
Khoksa Health Sub Center,Kushtia,Khoksa,23.941,89.281,Government,
Kumarkhali Health Sub Center,Kushtia,Kumarkhali,23.871,89.241,Government,
Mirpur Health Sub Center,Kushtia,Mirpur,23.931,88.991,Government,
Shripur Health Sub Center,Magura,Shripur,23.601,89.381,Government,
Mohammadpur Health Sub Center,Magura,Mohammadpur,23.401,89.601,Government,
Shalikha Health Sub Center,Magura,Shalikha,23.301,89.331,Government,
Gangni Health Sub Center,Meherpur,Gangni,23.861,88.701,Government,
Mujibnagar Health Sub Center,Meherpur,Mujibnagar,23.641,88.591,Government,
Kalia Health Sub Center,Narail,Kalia,23.041,89.631,Government,
Lohagara Health Sub Center,Narail,Lohagara,23.201,89.631,Government,
Assasuni Health Sub Center,Satkhira,Assasuni,22.551,89.171,Government,
Debhata Health Sub Center,Satkhira,Debhata,22.561,88.971,Government,
Kalaroa Health Sub Center,Satkhira,Kalaroa,22.871,89.041,Government,
Kaliganj Health Sub Center,Satkhira,Kaliganj,22.451,89.041,Government,
Shyamnagar Health Sub Center,Satkhira,Shyamnagar,22.331,89.101,Government,
Tala Health Sub Center,Satkhira,Tala,22.751,89.251,Government,
Batiaghata Health Post 01,Khulna,Batiaghata,22.7355,89.5155,Government,
Dacope Health Post 01,Khulna,Dacope,22.5755,89.5155,Government,
Dumuria Health Post 01,Khulna,Dumuria,22.8055,89.4255,Government,
Dighalia Health Post 01,Khulna,Dighalia,22.8955,89.5555,Government,
Koyra Health Post 01,Khulna,Koyra,22.3455,89.3055,Government,
Paikgachha Health Post 01,Khulna,Paikgachha,22.5855,89.3355,Government,
Phultala Health Post 01,Khulna,Phultala,22.9755,89.4655,Government,
Rupsha Health Post 01,Khulna,Rupsha,22.8155,89.6055,Government,
Terokhada Health Post 01,Khulna,Terokhada,22.9455,89.6655,Government,
Fakirhat Health Post 01,Bagerhat,Fakirhat,22.7855,89.7055,Government,
Chitalmari Health Post 01,Bagerhat,Chitalmari,22.7855,89.8755,Government,
Kachua Health Post 01,Bagerhat,Kachua,22.6555,89.8855,Government,
Mollahat Health Post 01,Bagerhat,Mollahat,22.9455,89.8155,Government,
Mongla Health Post 01,Bagerhat,Mongla,22.4855,89.6055,Government,
Morrelganj Health Post 01,Bagerhat,Morrelganj,22.4555,89.8555,Government,
Rampal Health Post 01,Bagerhat,Rampal,22.5855,89.6655,Government,
Sarankhola Health Post 01,Bagerhat,Sarankhola,22.3155,89.7955,Government,
Alamdanga Health Post 01,Chuadanga,Alamdanga,23.7555,88.9455,Government,
Damurhuda Health Post 01,Chuadanga,Damurhuda,23.6155,88.7855,Government,
Jibannagar Health Post 01,Chuadanga,Jibannagar,23.4455,88.8155,Government,
Abhaynagar Health Post 01,Jashore,Abhaynagar,23.0155,89.4455,Government,
Bagherpara Health Post 01,Jashore,Bagherpara,23.2255,89.3455,Government,
Chaugachha Health Post 01,Jashore,Chaugachha,23.2655,89.0255,Government,
Jhikargachha Health Post 01,Jashore,Jhikargachha,23.1055,89.1355,Government,
Keshabpur Health Post 01,Jashore,Keshabpur,22.9155,89.2155,Government,
Manirampur Health Post 01,Jashore,Manirampur,23.0155,89.2355,Government,
Sharsha Health Post 01,Jashore,Sharsha,23.0755,88.9555,Government,
Harinakundu Health Post 01,Jhenaidah,Harinakundu,23.6555,89.0555,Government,
Kaliganj Health Post 01,Jhenaidah,Kaliganj,23.4155,89.1355,Government,
Kotchandpur Health Post 01,Jhenaidah,Kotchandpur,23.4055,89.0155,Government,
Maheshpur Health Post 01,Jhenaidah,Maheshpur,23.3555,88.9155,Government,
Shailkupa Health Post 01,Jhenaidah,Shailkupa,23.6955,89.2555,Government,
Bheramara Health Post 01,Kushtia,Bheramara,24.0255,88.9955,Government,
Daulatpur Health Post 01,Kushtia,Daulatpur,24.0055,88.8655,Government,
Khoksa Health Post 01,Kushtia,Khoksa,23.9455,89.2855,Government,
Kumarkhali Health Post 01,Kushtia,Kumarkhali,23.8755,89.2455,Government,
Mirpur Health Post 01,Kushtia,Mirpur,23.9355,88.9955,Government,
Shripur Health Post 01,Magura,Shripur,23.6055,89.3855,Government,
Mohammadpur Health Post 01,Magura,Mohammadpur,23.4055,89.6055,Government,
Shalikha Health Post 01,Magura,Shalikha,23.3055,89.3355,Government,
Gangni Health Post 01,Meherpur,Gangni,23.8655,88.7055,Government,
Mujibnagar Health Post 01,Meherpur,Mujibnagar,23.6455,88.5955,Government,
Kalia Health Post 01,Narail,Kalia,23.0455,89.6355,Government,
Lohagara Health Post 01,Narail,Lohagara,23.2055,89.6355,Government,
Assasuni Health Post 01,Satkhira,Assasuni,22.5555,89.1755,Government,
Debhata Health Post 01,Satkhira,Debhata,22.5655,88.9755,Government,
Kalaroa Health Post 01,Satkhira,Kalaroa,22.8755,89.0455,Government,
Kaliganj Health Post 01,Satkhira,Kaliganj,22.4555,89.0455,Government,
Shyamnagar Health Post 01,Satkhira,Shyamnagar,22.3355,89.1055,Government,
Tala Health Post 01,Satkhira,Tala,22.7555,89.2555,Government,
Batiaghata Community Clinic 01,Khulna,Batiaghata,22.736,89.516,Government,
Dacope Community Clinic 01,Khulna,Dacope,22.576,89.516,Government,
Dumuria Community Clinic 01,Khulna,Dumuria,22.806,89.426,Government,
Dighalia Community Clinic 01,Khulna,Dighalia,22.896,89.556,Government,
Koyra Community Clinic 01,Khulna,Koyra,22.346,89.306,Government,
Paikgachha Community Clinic 01,Khulna,Paikgachha,22.586,89.336,Government,
Phultala Community Clinic 01,Khulna,Phultala,22.976,89.466,Government,
Rupsha Community Clinic 01,Khulna,Rupsha,22.816,89.606,Government,
Terokhada Community Clinic 01,Khulna,Terokhada,22.946,89.666,Government,
Fakirhat Community Clinic 01,Bagerhat,Fakirhat,22.786,89.706,Government,
Chitalmari Community Clinic 01,Bagerhat,Chitalmari,22.786,89.876,Government,
Kachua Community Clinic 01,Bagerhat,Kachua,22.656,89.886,Government,
Mollahat Community Clinic 01,Bagerhat,Mollahat,22.946,89.816,Government,
Mongla Community Clinic 01,Bagerhat,Mongla,22.486,89.606,Government,
Morrelganj Community Clinic 01,Bagerhat,Morrelganj,22.456,89.856,Government,
Rampal Community Clinic 01,Bagerhat,Rampal,22.586,89.666,Government,
Sarankhola Community Clinic 01,Bagerhat,Sarankhola,22.316,89.796,Government,
Alamdanga Community Clinic 01,Chuadanga,Alamdanga,23.756,88.946,Government,
Damurhuda Community Clinic 01,Chuadanga,Damurhuda,23.616,88.786,Government,
Jibannagar Community Clinic 01,Chuadanga,Jibannagar,23.446,88.816,Government,
Abhaynagar Community Clinic 01,Jashore,Abhaynagar,23.016,89.446,Government,
Bagherpara Community Clinic 01,Jashore,Bagherpara,23.226,89.346,Government,
Chaugachha Community Clinic 01,Jashore,Chaugachha,23.266,89.026,Government,
Jhikargachha Community Clinic 01,Jashore,Jhikargachha,23.106,89.136,Government,
Keshabpur Community Clinic 01,Jashore,Keshabpur,22.916,89.216,Government,
Manirampur Community Clinic 01,Jashore,Manirampur,23.016,89.236,Government,
Sharsha Community Clinic 01,Jashore,Sharsha,23.076,88.956,Government,
Harinakundu Community Clinic 01,Jhenaidah,Harinakundu,23.656,89.056,Government,
Kaliganj Community Clinic 01,Jhenaidah,Kaliganj,23.416,89.136,Government,
Kotchandpur Community Clinic 01,Jhenaidah,Kotchandpur,23.406,89.016,Government,
Maheshpur Community Clinic 01,Jhenaidah,Maheshpur,23.356,88.916,Government,
Shailkupa Community Clinic 01,Jhenaidah,Shailkupa,23.696,89.256,Government,
Bheramara Community Clinic 01,Kushtia,Bheramara,24.026,88.996,Government,
Daulatpur Community Clinic 01,Kushtia,Daulatpur,24.006,88.866,Government,
Khoksa Community Clinic 01,Kushtia,Khoksa,23.946,89.286,Government,
Kumarkhali Community Clinic 01,Kushtia,Kumarkhali,23.876,89.246,Government,
Mirpur Community Clinic 01,Kushtia,Mirpur,23.936,88.996,Government,
Shripur Community Clinic 01,Magura,Shripur,23.606,89.386,Government,
Mohammadpur Community Clinic 01,Magura,Mohammadpur,23.406,89.606,Government,
Shalikha Community Clinic 01,Magura,Shalikha,23.306,89.336,Government,
Gangni Community Clinic 01,Meherpur,Gangni,23.866,88.706,Government,
Mujibnagar Community Clinic 01,Meherpur,Mujibnagar,23.646,88.596,Government,
Kalia Community Clinic 01,Narail,Kalia,23.046,89.636,Government,
Lohagara Community Clinic 01,Narail,Lohagara,23.206,89.636,Government,
Assasuni Community Clinic 01,Satkhira,Assasuni,22.556,89.176,Government,
Debhata Community Clinic 01,Satkhira,Debhata,22.566,88.976,Government,
Kalaroa Community Clinic 01,Satkhira,Kalaroa,22.876,89.046,Government,
Kaliganj Community Clinic 01,Satkhira,Kaliganj,22.456,89.046,Government,
Shyamnagar Community Clinic 01,Satkhira,Shyamnagar,22.336,89.106,Government,
Tala Community Clinic 01,Satkhira,Tala,22.756,89.256,Government,
Batiaghata Community Clinic 02,Khulna,Batiaghata,22.737,89.517,Government,
Dacope Community Clinic 02,Khulna,Dacope,22.577,89.517,Government,
Dumuria Community Clinic 02,Khulna,Dumuria,22.807,89.427,Government,
Dighalia Community Clinic 02,Khulna,Dighalia,22.897,89.557,Government,
Koyra Community Clinic 02,Khulna,Koyra,22.347,89.307,Government,
Paikgachha Community Clinic 02,Khulna,Paikgachha,22.587,89.337,Government,
Phultala Community Clinic 02,Khulna,Phultala,22.977,89.467,Government,
Rupsha Community Clinic 02,Khulna,Rupsha,22.817,89.607,Government,
Terokhada Community Clinic 02,Khulna,Terokhada,22.947,89.667,Government,
Fakirhat Community Clinic 02,Bagerhat,Fakirhat,22.787,89.707,Government,
Chitalmari Community Clinic 02,Bagerhat,Chitalmari,22.787,89.877,Government,
Kachua Community Clinic 02,Bagerhat,Kachua,22.657,89.887,Government,
Mollahat Community Clinic 02,Bagerhat,Mollahat,22.947,89.817,Government,
Mongla Community Clinic 02,Bagerhat,Mongla,22.487,89.607,Government,
Morrelganj Community Clinic 02,Bagerhat,Morrelganj,22.457,89.857,Government,
Rampal Community Clinic 02,Bagerhat,Rampal,22.587,89.667,Government,
Sarankhola Community Clinic 02,Bagerhat,Sarankhola,22.317,89.797,Government,
Alamdanga Community Clinic 02,Chuadanga,Alamdanga,23.757,88.947,Government,
Damurhuda Community Clinic 02,Chuadanga,Damurhuda,23.617,88.787,Government,
Jibannagar Community Clinic 02,Chuadanga,Jibannagar,23.447,88.817,Government,
Abhaynagar Community Clinic 02,Jashore,Abhaynagar,23.017,89.447,Government,
Bagherpara Community Clinic 02,Jashore,Bagherpara,23.227,89.347,Government,
Chaugachha Community Clinic 02,Jashore,Chaugachha,23.267,89.027,Government,
Jhikargachha Community Clinic 02,Jashore,Jhikargachha,23.107,89.137,Government,
Keshabpur Community Clinic 02,Jashore,Keshabpur,22.917,89.217,Government,
Manirampur Community Clinic 02,Jashore,Manirampur,23.017,89.237,Government,
Sharsha Community Clinic 02,Jashore,Sharsha,23.077,88.957,Government,
Harinakundu Community Clinic 02,Jhenaidah,Harinakundu,23.657,89.057,Government,
Kaliganj Community Clinic 02,Jhenaidah,Kaliganj,23.417,89.137,Government,
Kotchandpur Community Clinic 02,Jhenaidah,Kotchandpur,23.407,89.017,Government,
Maheshpur Community Clinic 02,Jhenaidah,Maheshpur,23.357,88.917,Government,
Shailkupa Community Clinic 02,Jhenaidah,Shailkupa,23.697,89.257,Government,
Bheramara Community Clinic 02,Kushtia,Bheramara,24.027,88.997,Government,
Daulatpur Community Clinic 02,Kushtia,Daulatpur,24.007,88.867,Government,
Khoksa Community Clinic 02,Kushtia,Khoksa,23.947,89.287,Government,
Kumarkhali Community Clinic 02,Kushtia,Kumarkhali,23.877,89.247,Government,
Mirpur Community Clinic 02,Kushtia,Mirpur,23.937,88.997,Government,
Shripur Community Clinic 02,Magura,Shripur,23.607,89.387,Government,
Mohammadpur Community Clinic 02,Magura,Mohammadpur,23.407,89.607,Government,
Shalikha Community Clinic 02,Magura,Shalikha,23.307,89.337,Government,
Gangni Community Clinic 02,Meherpur,Gangni,23.867,88.707,Government,
Mujibnagar Community Clinic 02,Meherpur,Mujibnagar,23.647,88.597,Government,
Kalia Community Clinic 02,Narail,Kalia,23.047,89.637,Government,
Lohagara Community Clinic 02,Narail,Lohagara,23.207,89.637,Government,
Assasuni Community Clinic 02,Satkhira,Assasuni,22.557,89.177,Government,
Debhata Community Clinic 02,Satkhira,Debhata,22.567,88.977,Government,
Kalaroa Community Clinic 02,Satkhira,Kalaroa,22.877,89.047,Government,
Kaliganj Community Clinic 02,Satkhira,Kaliganj,22.457,89.047,Government,
Shyamnagar Community Clinic 02,Satkhira,Shyamnagar,22.337,89.107,Government,
Tala Community Clinic 02,Satkhira,Tala,22.757,89.257,Government,
Batiaghata Community Clinic 03,Khulna,Batiaghata,22.738,89.518,Government,
Dacope Community Clinic 03,Khulna,Dacope,22.578,89.518,Government,
Dumuria Community Clinic 03,Khulna,Dumuria,22.808,89.428,Government,
Dighalia Community Clinic 03,Khulna,Dighalia,22.898,89.558,Government,
Koyra Community Clinic 03,Khulna,Koyra,22.348,89.308,Government,
Paikgachha Community Clinic 03,Khulna,Paikgachha,22.588,89.338,Government,
Phultala Community Clinic 03,Khulna,Phultala,22.978,89.468,Government,
Rupsha Community Clinic 03,Khulna,Rupsha,22.818,89.608,Government,
Terokhada Community Clinic 03,Khulna,Terokhada,22.948,89.668,Government,
Fakirhat Community Clinic 03,Bagerhat,Fakirhat,22.788,89.708,Government,
Chitalmari Community Clinic 03,Bagerhat,Chitalmari,22.788,89.878,Government,
Kachua Community Clinic 03,Bagerhat,Kachua,22.658,89.888,Government,
Mollahat Community Clinic 03,Bagerhat,Mollahat,22.948,89.818,Government,
Mongla Community Clinic 03,Bagerhat,Mongla,22.488,89.608,Government,
Morrelganj Community Clinic 03,Bagerhat,Morrelganj,22.458,89.858,Government,
Rampal Community Clinic 03,Bagerhat,Rampal,22.588,89.668,Government,
Sarankhola Community Clinic 03,Bagerhat,Sarankhola,22.318,89.798,Government,
Alamdanga Community Clinic 03,Chuadanga,Alamdanga,23.758,88.948,Government,
Damurhuda Community Clinic 03,Chuadanga,Damurhuda,23.618,88.788,Government,
Jibannagar Community Clinic 03,Chuadanga,Jibannagar,23.448,88.818,Government,
Abhaynagar Community Clinic 03,Jashore,Abhaynagar,23.018,89.448,Government,
Bagherpara Community Clinic 03,Jashore,Bagherpara,23.228,89.348,Government,
Chaugachha Community Clinic 03,Jashore,Chaugachha,23.268,89.028,Government,
Jhikargachha Community Clinic 03,Jashore,Jhikargachha,23.108,89.138,Government,
Keshabpur Community Clinic 03,Jashore,Keshabpur,22.918,89.218,Government,
Manirampur Community Clinic 03,Jashore,Manirampur,23.018,89.238,Government,
Sharsha Community Clinic 03,Jashore,Sharsha,23.078,88.958,Government,
Harinakundu Community Clinic 03,Jhenaidah,Harinakundu,23.658,89.058,Government,
Kaliganj Community Clinic 03,Jhenaidah,Kaliganj,23.418,89.138,Government,
Kotchandpur Community Clinic 03,Jhenaidah,Kotchandpur,23.408,89.018,Government,
Maheshpur Community Clinic 03,Jhenaidah,Maheshpur,23.358,88.918,Government,
Shailkupa Community Clinic 03,Jhenaidah,Shailkupa,23.698,89.258,Government,
Bheramara Community Clinic 03,Kushtia,Bheramara,24.028,88.998,Government,
Daulatpur Community Clinic 03,Kushtia,Daulatpur,24.008,88.868,Government,
Khoksa Community Clinic 03,Kushtia,Khoksa,23.948,89.288,Government,
Kumarkhali Community Clinic 03,Kushtia,Kumarkhali,23.878,89.248,Government,
Mirpur Community Clinic 03,Kushtia,Mirpur,23.938,88.998,Government,
Shripur Community Clinic 03,Magura,Shripur,23.608,89.388,Government,
Mohammadpur Community Clinic 03,Magura,Mohammadpur,23.408,89.608,Government,
Shalikha Community Clinic 03,Magura,Shalikha,23.308,89.338,Government,
Gangni Community Clinic 03,Meherpur,Gangni,23.868,88.708,Government,
Mujibnagar Community Clinic 03,Meherpur,Mujibnagar,23.648,88.598,Government,
Kalia Community Clinic 03,Narail,Kalia,23.048,89.638,Government,
Lohagara Community Clinic 03,Narail,Lohagara,23.208,89.638,Government,
Assasuni Community Clinic 03,Satkhira,Assasuni,22.558,89.178,Government,
Debhata Community Clinic 03,Satkhira,Debhata,22.568,88.978,Government,
Kalaroa Community Clinic 03,Satkhira,Kalaroa,22.878,89.048,Government,
Kaliganj Community Clinic 03,Satkhira,Kaliganj,22.458,89.048,Government,
Shyamnagar Community Clinic 03,Satkhira,Shyamnagar,22.338,89.108,Government,
Tala Community Clinic 03,Satkhira,Tala,22.758,89.258,Government,
Batiaghata Community Clinic 04,Khulna,Batiaghata,22.739,89.519,Government,
Dacope Community Clinic 04,Khulna,Dacope,22.579,89.519,Government,
Dumuria Community Clinic 04,Khulna,Dumuria,22.809,89.429,Government,
Dighalia Community Clinic 04,Khulna,Dighalia,22.899,89.559,Government,
Koyra Community Clinic 04,Khulna,Koyra,22.349,89.309,Government,
Paikgachha Community Clinic 04,Khulna,Paikgachha,22.589,89.339,Government,
Phultala Community Clinic 04,Khulna,Phultala,22.979,89.469,Government,
Rupsha Community Clinic 04,Khulna,Rupsha,22.819,89.609,Government,
Terokhada Community Clinic 04,Khulna,Terokhada,22.949,89.669,Government,
Fakirhat Community Clinic 04,Bagerhat,Fakirhat,22.789,89.709,Government,
Chitalmari Community Clinic 04,Bagerhat,Chitalmari,22.789,89.879,Government,
Kachua Community Clinic 04,Bagerhat,Kachua,22.659,89.889,Government,
Mollahat Community Clinic 04,Bagerhat,Mollahat,22.949,89.819,Government,
Mongla Community Clinic 04,Bagerhat,Mongla,22.489,89.609,Government,
Morrelganj Community Clinic 04,Bagerhat,Morrelganj,22.459,89.859,Government,
Rampal Community Clinic 04,Bagerhat,Rampal,22.589,89.669,Government,
Sarankhola Community Clinic 04,Bagerhat,Sarankhola,22.319,89.799,Government,
Alamdanga Community Clinic 04,Chuadanga,Alamdanga,23.759,88.949,Government,
Damurhuda Community Clinic 04,Chuadanga,Damurhuda,23.619,88.789,Government,
Jibannagar Community Clinic 04,Chuadanga,Jibannagar,23.449,88.819,Government,
Abhaynagar Community Clinic 04,Jashore,Abhaynagar,23.019,89.449,Government,
Bagherpara Community Clinic 04,Jashore,Bagherpara,23.229,89.349,Government,
Chaugachha Community Clinic 04,Jashore,Chaugachha,23.269,89.029,Government,
Jhikargachha Community Clinic 04,Jashore,Jhikargachha,23.109,89.139,Government,
Keshabpur Community Clinic 04,Jashore,Keshabpur,22.919,89.219,Government,
Manirampur Community Clinic 04,Jashore,Manirampur,23.019,89.239,Government,
Sharsha Community Clinic 04,Jashore,Sharsha,23.079,88.959,Government,
Harinakundu Community Clinic 04,Jhenaidah,Harinakundu,23.659,89.059,Government,
Kaliganj Community Clinic 04,Jhenaidah,Kaliganj,23.419,89.139,Government,
Kotchandpur Community Clinic 04,Jhenaidah,Kotchandpur,23.409,89.019,Government,
Maheshpur Community Clinic 04,Jhenaidah,Maheshpur,23.359,88.919,Government,
Shailkupa Community Clinic 04,Jhenaidah,Shailkupa,23.699,89.259,Government,
Bheramara Community Clinic 04,Kushtia,Bheramara,24.029,88.999,Government,
Daulatpur Community Clinic 04,Kushtia,Daulatpur,24.009,88.869,Government,
Khoksa Community Clinic 04,Kushtia,Khoksa,23.949,89.289,Government,
Kumarkhali Community Clinic 04,Kushtia,Kumarkhali,23.879,89.249,Government,
Mirpur Community Clinic 04,Kushtia,Mirpur,23.939,88.999,Government,
Shripur Community Clinic 04,Magura,Shripur,23.609,89.389,Government,
Mohammadpur Community Clinic 04,Magura,Mohammadpur,23.409,89.609,Government,
Shalikha Community Clinic 04,Magura,Shalikha,23.309,89.339,Government,
Gangni Community Clinic 04,Meherpur,Gangni,23.869,88.709,Government,
Mujibnagar Community Clinic 04,Meherpur,Mujibnagar,23.649,88.599,Government,
Kalia Community Clinic 04,Narail,Kalia,23.049,89.639,Government,
Lohagara Community Clinic 04,Narail,Lohagara,23.209,89.639,Government,
Assasuni Community Clinic 04,Satkhira,Assasuni,22.559,89.179,Government,
Debhata Community Clinic 04,Satkhira,Debhata,22.569,88.979,Government,
Kalaroa Community Clinic 04,Satkhira,Kalaroa,22.879,89.049,Government,
Kaliganj Community Clinic 04,Satkhira,Kaliganj,22.459,89.049,Government,
Shyamnagar Community Clinic 04,Satkhira,Shyamnagar,22.339,89.109,Government,
Tala Community Clinic 04,Satkhira,Tala,22.759,89.259,Government,
Batiaghata specialized diagnostic 02,Khulna,Batiaghata,22.7315,89.5115,Private,
Dacope heart clinic 02,Khulna,Dacope,22.5715,89.5115,Private,
Dumuria surgical unit 02,Khulna,Dumuria,22.8015,89.4215,Private,
Dighalia diagnostic center 02,Khulna,Dighalia,22.8915,89.5515,Private,
Koyra health care 02,Khulna,Koyra,22.3415,89.3015,Private,
Paikgachha orthopedic lab 02,Khulna,Paikgachha,22.5815,89.3315,Private,
Phultala mother care 02,Khulna,Phultala,22.9715,89.4615,Private,
Rupsha general lab 02,Khulna,Rupsha,22.8115,89.6015,Private,
Terokhada cardiac center 02,Khulna,Terokhada,22.9415,89.6615,Private,
Fakirhat surgical wing 02,Bagerhat,Fakirhat,22.7815,89.7015,Private,
Chitalmari pediatric clinic 02,Bagerhat,Chitalmari,22.7815,89.8715,Private,
Kachua specialized lab 02,Bagerhat,Kachua,22.6515,89.8815,Private,
Mollahat heart clinic 02,Bagerhat,Mollahat,22.9415,89.8115,Private,
Mongla general diagnostic 02,Bagerhat,Mongla,22.4815,89.6015,Private,
Morrelganj ortho lab 02,Bagerhat,Morrelganj,22.4515,89.8515,Private,
Rampal diagnostic unit 02,Bagerhat,Rampal,22.5815,89.6615,Private,
Sarankhola specialized wing 02,Bagerhat,Sarankhola,22.3115,89.7915,Private,
Alamdanga mother care 02,Chuadanga,Alamdanga,23.7515,88.9415,Private,
Damurhuda cardiac lab 02,Chuadanga,Damurhuda,23.6115,88.7815,Private,
Jibannagar surgical unit 02,Chuadanga,Jibannagar,23.4415,88.8115,Private,
Abhaynagar pediatric center 02,Jashore,Abhaynagar,23.0115,89.4415,Private,
Bagherpara diagnostic complex 02,Jashore,Bagherpara,23.2215,89.3415,Private,
Chaugachha specialized lab 02,Jashore,Chaugachha,23.2615,89.0215,Private,
Jhikargachha heart unit 02,Jashore,Jhikargachha,23.1015,89.1315,Private,
Keshabpur dental clinic 02,Jashore,Keshabpur,22.9115,89.2115,Private,
Manirampur heart center 02,Jashore,Manirampur,23.0115,89.2315,Private,
Sharsha mother unit 02,Jashore,Sharsha,23.0715,88.9515,Private,
Harinakundu general lab 02,Jhenaidah,Harinakundu,23.6515,89.0515,Private,
Kaliganj cardiac wing 02,Jhenaidah,Kaliganj,23.4115,89.1315,Private,
Kotchandpur pediatric unit 02,Jhenaidah,Kotchandpur,23.4015,89.0115,Private,
Maheshpur surgical lab 02,Jhenaidah,Maheshpur,23.3515,88.9115,Private,
Shailkupa diagnostic unit 02,Jhenaidah,Shailkupa,23.6915,89.2515,Private,
Bheramara mother care 02,Kushtia,Bheramara,24.0215,88.9915,Private,
Daulatpur cardiac lab 02,Kushtia,Daulatpur,24.0015,88.8615,Private,
Khoksa surgical center 02,Kushtia,Khoksa,23.9415,89.2815,Private,
Kumarkhali pediatric unit 02,Kushtia,Kumarkhali,23.8715,89.2415,Private,
Mirpur diagnostic wing 02,Kushtia,Mirpur,23.9315,88.9915,Private,
Shripur heart clinic 02,Magura,Shripur,23.6015,89.3815,Private,
Mohammadpur mother unit 02,Magura,Mohammadpur,23.4015,89.6015,Private,
Shalikha diagnostic complex 02,Magura,Shalikha,23.3015,89.3315,Private,
Gangni pediatric center 02,Meherpur,Gangni,23.8615,88.7015,Private,
Mujibnagar surgical unit 02,Meherpur,Mujibnagar,23.6415,88.5915,Private,
Kalia heart center 02,Narail,Kalia,23.0415,89.6315,Private,
Lohagara dental clinic 02,Narail,Lohagara,23.2015,89.6315,Private,
Assasuni mother care 02,Satkhira,Assasuni,22.5515,89.1715,Private,
Debhata diagnostic lab 02,Satkhira,Debhata,22.5615,88.9715,Private,
Kalaroa cardiac lab 02,Satkhira,Kalaroa,22.8715,89.0415,Private,
Kaliganj orthopedic wing 02,Satkhira,Kaliganj,22.4515,89.0415,Private,
Shyamnagar specialized lab 02,Satkhira,Shyamnagar,22.3315,89.1015,Private,
Tala pediatric unit 02,Satkhira,Tala,22.7515,89.2515,Private,
Khulna Medical (Cardiac unit),Khulna,Khulna Sadar,22.8255,89.542,Government,
Jashore General (Blood bank),Jashore,Jashore Sadar,23.1655,89.2155,Government,
Kushtia General (Pediatric unit),Kushtia,Kushtia Sadar,23.9015,89.1225,Government,
Satkhira Medical (Specialized wing),Satkhira,Satkhira Sadar,22.685,89.055,Government,
Bagerhat Sadar (Surgical unit),Bagerhat,Bagerhat Sadar,22.6655,89.782,Government,
Jhenaidah District (Mother unit),Jhenaidah,Jhenaidah Sadar,23.542,89.175,Government,
Chuadanga District (Diagnostic unit),Chuadanga,Chuadanga Sadar,23.635,88.845,Government,
Magura District (Cardiac lab),Magura,Magura Sadar,23.4855,89.4215,Government,
Meherpur District (Pediatric unit),Meherpur,Meherpur Sadar,23.765,88.6315,Government,
Narail District (Specialized wing),Narail,Narail Sadar,23.1685,89.502,Government,
Batiaghata Health Post 02,Khulna,Batiaghata,22.7365,89.5165,Government,
Dacope Health Post 02,Khulna,Dacope,22.5765,89.5165,Government,
Dumuria Health Post 02,Khulna,Dumuria,22.8065,89.4265,Government,
Dighalia Health Post 02,Khulna,Dighalia,22.8965,89.5565,Government,
Koyra Health Post 02,Khulna,Koyra,22.3465,89.3065,Government,
Paikgachha Health Post 02,Khulna,Paikgachha,22.5865,89.3365,Government,
Phultala Health Post 02,Khulna,Phultala,22.9765,89.4665,Government,
Rupsha Health Post 02,Khulna,Rupsha,22.8165,89.6065,Government,
Terokhada Health Post 02,Khulna,Terokhada,22.9465,89.6665,Government,
Fakirhat Health Post 02,Bagerhat,Fakirhat,22.7865,89.7065,Government,
Chitalmari Health Post 02,Bagerhat,Chitalmari,22.7865,89.8765,Government,
Kachua Health Post 02,Bagerhat,Kachua,22.6565,89.8865,Government,
Mollahat Health Post 02,Bagerhat,Mollahat,22.9465,89.8165,Government,
Mongla Health Post 02,Bagerhat,Mongla,22.4865,89.6065,Government,
Morrelganj Health Post 02,Bagerhat,Morrelganj,22.4565,89.8565,Government,
Rampal Health Post 02,Bagerhat,Rampal,22.5865,89.6665,Government,
Sarankhola Health Post 02,Bagerhat,Sarankhola,22.3165,89.7965,Government,
Alamdanga Health Post 02,Chuadanga,Alamdanga,23.7565,88.9465,Government,
Damurhuda Health Post 02,Chuadanga,Damurhuda,23.6165,88.7865,Government,
Jibannagar Health Post 02,Chuadanga,Jibannagar,23.4465,88.8165,Government,
Abhaynagar Health Post 02,Jashore,Abhaynagar,23.0165,89.4465,Government,
Bagherpara Health Post 02,Jashore,Bagherpara,23.2265,89.3465,Government,
Chaugachha Health Post 02,Jashore,Chaugachha,23.2665,89.0265,Government,
Jhikargachha Health Post 02,Jashore,Jhikargachha,23.1065,89.1365,Government,
Keshabpur Health Post 02,Jashore,Keshabpur,22.9165,89.2165,Government,
Manirampur Health Post 02,Jashore,Manirampur,23.0165,89.2365,Government,
Sharsha Health Post 02,Jashore,Sharsha,23.0765,88.9565,Government,
Harinakundu Health Post 02,Jhenaidah,Harinakundu,23.6565,89.0565,Government,
Kaliganj Health Post 02,Jhenaidah,Kaliganj,23.4165,89.1365,Government,
Kotchandpur Health Post 02,Jhenaidah,Kotchandpur,23.4065,89.0165,Government,
Maheshpur Health Post 02,Jhenaidah,Maheshpur,23.3565,88.9165,Government,
Shailkupa Health Post 02,Jhenaidah,Shailkupa,23.6965,89.2565,Government,
Bheramara Health Post 02,Kushtia,Bheramara,24.0265,88.9965,Government,
Daulatpur Health Post 02,Kushtia,Daulatpur,24.0065,88.8665,Government,
Khoksa Health Post 02,Kushtia,Khoksa,23.9465,89.2865,Government,
Kumarkhali Health Post 02,Kushtia,Kumarkhali,23.8765,89.2465,Government,
Mirpur Health Post 02,Kushtia,Mirpur,23.9365,88.9965,Government,
Shripur Health Post 02,Magura,Shripur,23.6065,89.3865,Government,
Mohammadpur Health Post 02,Magura,Mohammadpur,23.4065,89.6065,Government,
Shalikha Health Post 02,Magura,Shalikha,23.3065,89.3365,Government,
Gangni Health Post 02,Meherpur,Gangni,23.8665,88.7065,Government,
Mujibnagar Health Post 02,Meherpur,Mujibnagar,23.6465,88.5965,Government,
Kalia Health Post 02,Narail,Kalia,23.0465,89.6365,Government,
Lohagara Health Post 02,Narail,Lohagara,23.2065,89.6365,Government,
Assasuni Health Post 02,Satkhira,Assasuni,22.5565,89.1765,Government,
Debhata Health Post 02,Satkhira,Debhata,22.5665,88.9765,Government,
Kalaroa Health Post 02,Satkhira,Kalaroa,22.8765,89.0465,Government,
Kaliganj Health Post 02,Satkhira,Kaliganj,22.4565,89.0465,Government,
Shyamnagar Health Post 02,Satkhira,Shyamnagar,22.3365,89.1065,Government,
Tala Health Post 02,Satkhira,Tala,22.7565,89.2565,Government,
Batiaghata Community Clinic 05,Khulna,Batiaghata,22.74,89.52,Government,
Dacope Community Clinic 05,Khulna,Dacope,22.58,89.52,Government,
Dumuria Community Clinic 05,Khulna,Dumuria,22.81,89.43,Government,
Dighalia Community Clinic 05,Khulna,Dighalia,22.9,89.56,Government,
Koyra Community Clinic 05,Khulna,Koyra,22.35,89.31,Government,
Paikgachha Community Clinic 05,Khulna,Paikgachha,22.59,89.34,Government,
Phultala Community Clinic 05,Khulna,Phultala,22.98,89.47,Government,
Rupsha Community Clinic 05,Khulna,Rupsha,22.82,89.61,Government,
Terokhada Community Clinic 05,Khulna,Terokhada,22.95,89.67,Government,
Fakirhat Community Clinic 05,Bagerhat,Fakirhat,22.79,89.71,Government,
Chitalmari Community Clinic 05,Bagerhat,Chitalmari,22.79,89.88,Government,
Kachua Community Clinic 05,Bagerhat,Kachua,22.66,89.89,Government,
Mollahat Community Clinic 05,Bagerhat,Mollahat,22.95,89.82,Government,
Mongla Community Clinic 05,Bagerhat,Mongla,22.49,89.61,Government,
Morrelganj Community Clinic 05,Bagerhat,Morrelganj,22.46,89.86,Government,
Rampal Community Clinic 05,Bagerhat,Rampal,22.59,89.67,Government,
Sarankhola Community Clinic 05,Bagerhat,Sarankhola,22.32,89.8,Government,
Alamdanga Community Clinic 05,Chuadanga,Alamdanga,23.76,88.95,Government,
Damurhuda Community Clinic 05,Chuadanga,Damurhuda,23.62,88.79,Government,
Jibannagar Community Clinic 05,Chuadanga,Jibannagar,23.45,88.82,Government,
Abhaynagar Community Clinic 05,Jashore,Abhaynagar,23.02,89.45,Government,
Bagherpara Community Clinic 05,Jashore,Bagherpara,23.23,89.35,Government,
Chaugachha Community Clinic 05,Jashore,Chaugachha,23.27,89.03,Government,
Jhikargachha Community Clinic 05,Jashore,Jhikargachha,23.11,89.14,Government,
Keshabpur Community Clinic 05,Jashore,Keshabpur,22.92,89.22,Government,
Manirampur Community Clinic 05,Jashore,Manirampur,23.02,89.24,Government,
Sharsha Community Clinic 05,Jashore,Sharsha,23.08,88.96,Government,
Harinakundu Community Clinic 05,Jhenaidah,Harinakundu,23.66,89.06,Government,
Kaliganj Community Clinic 05,Jhenaidah,Kaliganj,23.42,89.14,Government,
Kotchandpur Community Clinic 05,Jhenaidah,Kotchandpur,23.41,89.02,Government,
Maheshpur Community Clinic 05,Jhenaidah,Maheshpur,23.36,88.92,Government,
Shailkupa Community Clinic 05,Jhenaidah,Shailkupa,23.7,89.26,Government,
Bheramara Community Clinic 05,Kushtia,Bheramara,24.03,89,Government,
Daulatpur Community Clinic 05,Kushtia,Daulatpur,24.01,88.87,Government,
Khoksa Community Clinic 05,Kushtia,Khoksa,23.95,89.29,Government,
Kumarkhali Community Clinic 05,Kushtia,Kumarkhali,23.88,89.25,Government,
Mirpur Community Clinic 05,Kushtia,Mirpur,23.94,89,Government,
Shripur Community Clinic 05,Magura,Shripur,23.61,89.39,Government,
Mohammadpur Community Clinic 05,Magura,Mohammadpur,23.41,89.61,Government,
Shalikha Community Clinic 05,Magura,Shalikha,23.31,89.34,Government,
Gangni Community Clinic 05,Meherpur,Gangni,23.87,88.71,Government,
Mujibnagar Community Clinic 05,Meherpur,Mujibnagar,23.65,88.6,Government,
Kalia Community Clinic 05,Narail,Kalia,23.05,89.64,Government,
Lohagara Community Clinic 05,Narail,Lohagara,23.21,89.64,Government,
Assasuni Community Clinic 05,Satkhira,Assasuni,22.56,89.18,Government,
Debhata Community Clinic 05,Satkhira,Debhata,22.57,88.98,Government,
Kalaroa Community Clinic 05,Satkhira,Kalaroa,22.88,89.05,Government,
Kaliganj Community Clinic 05,Satkhira,Kaliganj,22.46,89.05,Government,
Shyamnagar Community Clinic 05,Satkhira,Shyamnagar,22.34,89.11,Government,
Tala Community Clinic 05,Satkhira,Tala,22.76,89.26,Government,
Batiaghata Satellite Clinic 01,Khulna,Batiaghata,22.734,89.514,Government,
Dacope Satellite Clinic 01,Khulna,Dacope,22.574,89.514,Government,
Dumuria Satellite Clinic 01,Khulna,Dumuria,22.804,89.424,Government,
Dighalia Satellite Clinic 01,Khulna,Dighalia,22.894,89.554,Government,
Koyra Satellite Clinic 01,Khulna,Koyra,22.344,89.304,Government,
Paikgachha Satellite Clinic 01,Khulna,Paikgachha,22.584,89.334,Government,
Phultala Satellite Clinic 01,Khulna,Phultala,22.974,89.464,Government,
Rupsha Satellite Clinic 01,Khulna,Rupsha,22.814,89.604,Government,
Terokhada Satellite Clinic 01,Khulna,Terokhada,22.944,89.664,Government,
Fakirhat Satellite Clinic 01,Bagerhat,Fakirhat,22.784,89.704,Government,
Chitalmari Satellite Clinic 01,Bagerhat,Chitalmari,22.784,89.874,Government,
Kachua Satellite Clinic 01,Bagerhat,Kachua,22.654,89.884,Government,
Mollahat Satellite Clinic 01,Bagerhat,Mollahat,22.944,89.814,Government,
Mongla Satellite Clinic 01,Bagerhat,Mongla,22.484,89.604,Government,
Morrelganj Satellite Clinic 01,Bagerhat,Morrelganj,22.454,89.854,Government,
Rampal Satellite Clinic 01,Bagerhat,Rampal,22.584,89.664,Government,
Sarankhola Satellite Clinic 01,Bagerhat,Sarankhola,22.314,89.794,Government,
Alamdanga Satellite Clinic 01,Chuadanga,Alamdanga,23.754,88.944,Government,
Damurhuda Satellite Clinic 01,Chuadanga,Damurhuda,23.614,88.784,Government,
Jibannagar Satellite Clinic 01,Chuadanga,Jibannagar,23.444,88.814,Government,
Abhaynagar Satellite Clinic 01,Jashore,Abhaynagar,23.014,89.444,Government,
Bagherpara Satellite Clinic 01,Jashore,Bagherpara,23.224,89.344,Government,
Chaugachha Satellite Clinic 01,Jashore,Chaugachha,23.264,89.024,Government,
Jhikargachha Satellite Clinic 01,Jashore,Jhikargachha,23.104,89.134,Government,
Keshabpur Satellite Clinic 01,Jashore,Keshabpur,22.914,89.214,Government,
Manirampur Satellite Clinic 01,Jashore,Manirampur,23.014,89.234,Government,
Sharsha Satellite Clinic 01,Jashore,Sharsha,23.074,88.954,Government,
Harinakundu Satellite Clinic 01,Jhenaidah,Harinakundu,23.654,89.054,Government,
Kaliganj Satellite Clinic 01,Jhenaidah,Kaliganj,23.414,89.134,Government,
Kotchandpur Satellite Clinic 01,Jhenaidah,Kotchandpur,23.404,89.014,Government,
Maheshpur Satellite Clinic 01,Jhenaidah,Maheshpur,23.354,88.914,Government,
Shailkupa Satellite Clinic 01,Jhenaidah,Shailkupa,23.694,89.254,Government,
Bheramara Satellite Clinic 01,Kushtia,Bheramara,24.024,88.994,Government,
Daulatpur Satellite Clinic 01,Kushtia,Daulatpur,24.004,88.864,Government,
Khoksa Satellite Clinic 01,Kushtia,Khoksa,23.944,89.284,Government,
Kumarkhali Satellite Clinic 01,Kushtia,Kumarkhali,23.874,89.244,Government,
Mirpur Satellite Clinic 01,Kushtia,Mirpur,23.934,88.994,Government,
Shripur Satellite Clinic 01,Magura,Shripur,23.604,89.384,Government,
Mohammadpur Satellite Clinic 01,Magura,Mohammadpur,23.404,89.604,Government,
Shalikha Satellite Clinic 01,Magura,Shalikha,23.304,89.334,Government,
Gangni Satellite Clinic 01,Meherpur,Gangni,23.864,88.704,Government,
Mujibnagar Satellite Clinic 01,Meherpur,Mujibnagar,23.644,88.594,Government,
Kalia Satellite Clinic 01,Narail,Kalia,23.044,89.634,Government,
Lohagara Satellite Clinic 01,Narail,Lohagara,23.204,89.634,Government,
Assasuni Satellite Clinic 01,Satkhira,Assasuni,22.554,89.174,Government,
Debhata Satellite Clinic 01,Satkhira,Debhata,22.564,88.974,Government,
Kalaroa Satellite Clinic 01,Satkhira,Kalaroa,22.874,89.044,Government,
Kaliganj Satellite Clinic 01,Satkhira,Kaliganj,22.454,89.044,Government,
Shyamnagar Satellite Clinic 01,Satkhira,Shyamnagar,22.334,89.104,Government,
Tala Satellite Clinic 01,Satkhira,Tala,22.754,89.254,Government,
Batiaghata Health Unit 02,Khulna,Batiaghata,22.732,89.512,Government,
Dacope Health Unit 02,Khulna,Dacope,22.572,89.512,Government,
Dumuria Health Unit 02,Khulna,Dumuria,22.802,89.422,Government,
Dighalia Health Unit 02,Khulna,Dighalia,22.892,89.552,Government,
Koyra Health Unit 02,Khulna,Koyra,22.342,89.302,Government,
Paikgachha Health Unit 02,Khulna,Paikgachha,22.582,89.332,Government,
Phultala Health Unit 02,Khulna,Phultala,22.972,89.462,Government,
Rupsha Health Unit 02,Khulna,Rupsha,22.812,89.602,Government,
Terokhada Health Unit 02,Khulna,Terokhada,22.942,89.662,Government,
Fakirhat Health Unit 02,Bagerhat,Fakirhat,22.782,89.702,Government,
Chitalmari Health Unit 02,Bagerhat,Chitalmari,22.782,89.872,Government,
Kachua Health Unit 02,Bagerhat,Kachua,22.652,89.882,Government,
Mollahat Health Unit 02,Bagerhat,Mollahat,22.942,89.812,Government,
Mongla Health Unit 02,Bagerhat,Mongla,22.482,89.602,Government,
Morrelganj Health Unit 02,Bagerhat,Morrelganj,22.452,89.852,Government,
Rampal Health Unit 02,Bagerhat,Rampal,22.582,89.662,Government,
Sarankhola Health Unit 02,Bagerhat,Sarankhola,22.312,89.792,Government,
Alamdanga Health Unit 02,Chuadanga,Alamdanga,23.752,88.942,Government,
Damurhuda Health Unit 02,Chuadanga,Damurhuda,23.612,88.782,Government,
Jibannagar Health Unit 02,Chuadanga,Jibannagar,23.442,88.812,Government,
Abhaynagar Health Unit 02,Jashore,Abhaynagar,23.012,89.442,Government,
Bagherpara Health Unit 02,Jashore,Bagherpara,23.222,89.342,Government,
Chaugachha Health Unit 02,Jashore,Chaugachha,23.262,89.022,Government,
Jhikargachha Health Unit 02,Jashore,Jhikargachha,23.102,89.132,Government,
Keshabpur Health Unit 02,Jashore,Keshabpur,22.912,89.212,Government,
Manirampur Health Unit 02,Jashore,Manirampur,23.012,89.232,Government,
Sharsha Health Unit 02,Jashore,Sharsha,23.072,88.952,Government,
Harinakundu Health Unit 02,Jhenaidah,Harinakundu,23.652,89.052,Government,
Kaliganj Health Unit 02,Jhenaidah,Kaliganj,23.412,89.132,Government,
Kotchandpur Health Unit 02,Jhenaidah,Kotchandpur,23.402,89.012,Government,
Maheshpur Health Unit 02,Jhenaidah,Maheshpur,23.352,88.912,Government,
Shailkupa Health Unit 02,Jhenaidah,Shailkupa,23.692,89.252,Government,
Bheramara Health Unit 02,Kushtia,Bheramara,24.022,88.992,Government,
Daulatpur Health Unit 02,Kushtia,Daulatpur,24.002,88.862,Government,
Khoksa Health Unit 02,Kushtia,Khoksa,23.942,89.282,Government,
Kumarkhali Health Unit 02,Kushtia,Kumarkhali,23.872,89.242,Government,
Mirpur Health Unit 02,Kushtia,Mirpur,23.932,88.992,Government,
Shripur Health Unit 02,Magura,Shripur,23.602,89.382,Government,
Mohammadpur Health Unit 02,Magura,Mohammadpur,23.402,89.602,Government,
Shalikha Health Unit 02,Magura,Shalikha,23.302,89.332,Government,
Gangni Health Unit 02,Meherpur,Gangni,23.862,88.702,Government,
Mujibnagar Health Unit 02,Meherpur,Mujibnagar,23.642,88.592,Government,
Kalia Health Unit 02,Narail,Kalia,23.042,89.632,Government,
Lohagara Health Unit 02,Narail,Lohagara,23.202,89.632,Government,
Assasuni Health Unit 02,Satkhira,Assasuni,22.552,89.172,Government,
Debhata Health Unit 02,Satkhira,Debhata,22.562,88.972,Government,
Kalaroa Health Unit 02,Satkhira,Kalaroa,22.872,89.042,Government,
Kaliganj Health Unit 02,Satkhira,Kaliganj,22.452,89.042,Government,
Shyamnagar Health Unit 02,Satkhira,Shyamnagar,22.332,89.102,Government,
Tala Health Unit 02,Satkhira,Tala,22.752,89.252,Government,
Batiaghata Community Clinic 06,Khulna,Batiaghata,22.741,89.521,Government,
Dacope Community Clinic 06,Khulna,Dacope,22.581,89.521,Government,
Dumuria Community Clinic 06,Khulna,Dumuria,22.811,89.431,Government,
Dighalia Community Clinic 06,Khulna,Dighalia,22.901,89.561,Government,
Koyra Community Clinic 06,Khulna,Koyra,22.351,89.311,Government,
Paikgachha Community Clinic 06,Khulna,Paikgachha,22.591,89.341,Government,
Phultala Community Clinic 06,Khulna,Phultala,22.981,89.471,Government,
Rupsha Community Clinic 06,Khulna,Rupsha,22.821,89.611,Government,
Terokhada Community Clinic 06,Khulna,Terokhada,22.951,89.671,Government,
Fakirhat Community Clinic 06,Bagerhat,Fakirhat,22.791,89.711,Government,
Chitalmari Community Clinic 06,Bagerhat,Chitalmari,22.791,89.881,Government,
Kachua Community Clinic 06,Bagerhat,Kachua,22.661,89.891,Government,
Mollahat Community Clinic 06,Bagerhat,Mollahat,22.951,89.821,Government,
Mongla Community Clinic 06,Bagerhat,Mongla,22.491,89.611,Government,
Morrelganj Community Clinic 06,Bagerhat,Morrelganj,22.461,89.861,Government,
Rampal Community Clinic 06,Bagerhat,Rampal,22.591,89.671,Government,
Sarankhola Community Clinic 06,Bagerhat,Sarankhola,22.321,89.801,Government,
Alamdanga Community Clinic 06,Chuadanga,Alamdanga,23.761,88.951,Government,
Damurhuda Community Clinic 06,Chuadanga,Damurhuda,23.621,88.791,Government,
Jibannagar Community Clinic 06,Chuadanga,Jibannagar,23.451,88.821,Government,
Abhaynagar Community Clinic 06,Jashore,Abhaynagar,23.021,89.451,Government,
Bagherpara Community Clinic 06,Jashore,Bagherpara,23.231,89.351,Government,
Chaugachha Community Clinic 06,Jashore,Chaugachha,23.271,89.031,Government,
Jhikargachha Community Clinic 06,Jashore,Jhikargachha,23.111,89.141,Government,
Keshabpur Community Clinic 06,Jashore,Keshabpur,22.921,89.221,Government,
Manirampur Community Clinic 06,Jashore,Manirampur,23.021,89.241,Government,
Sharsha Community Clinic 06,Jashore,Sharsha,23.081,88.961,Government,
Harinakundu Community Clinic 06,Jhenaidah,Harinakundu,23.661,89.061,Government,
Kaliganj Community Clinic 06,Jhenaidah,Kaliganj,23.421,89.141,Government,
Kotchandpur Community Clinic 06,Jhenaidah,Kotchandpur,23.411,89.021,Government,
Maheshpur Community Clinic 06,Jhenaidah,Maheshpur,23.361,88.921,Government,
Shailkupa Community Clinic 06,Jhenaidah,Shailkupa,23.701,89.261,Government,
Bheramara Community Clinic 06,Kushtia,Bheramara,24.031,89.001,Government,
Daulatpur Community Clinic 06,Kushtia,Daulatpur,24.011,88.871,Government,
Khoksa Community Clinic 06,Kushtia,Khoksa,23.951,89.291,Government,
Kumarkhali Community Clinic 06,Kushtia,Kumarkhali,23.881,89.251,Government,
Mirpur Community Clinic 06,Kushtia,Mirpur,23.941,89.001,Government,
Shripur Community Clinic 06,Magura,Shripur,23.611,89.391,Government,
Mohammadpur Community Clinic 06,Magura,Mohammadpur,23.411,89.611,Government,
Shalikha Community Clinic 06,Magura,Shalikha,23.311,89.341,Government,
Gangni Community Clinic 06,Meherpur,Gangni,23.871,88.711,Government,
Mujibnagar Community Clinic 06,Meherpur,Mujibnagar,23.651,88.601,Government,
Kalia Community Clinic 06,Narail,Kalia,23.051,89.641,Government,
Lohagara Community Clinic 06,Narail,Lohagara,23.211,89.641,Government,
Assasuni Community Clinic 06,Satkhira,Assasuni,22.561,89.181,Government,
Debhata Community Clinic 06,Satkhira,Debhata,22.571,88.981,Government,
Kalaroa Community Clinic 06,Satkhira,Kalaroa,22.881,89.051,Government,
Kaliganj Community Clinic 06,Satkhira,Kaliganj,22.461,89.051,Government,
Shyamnagar Community Clinic 06,Satkhira,Shyamnagar,22.341,89.111,Government,
Tala Community Clinic 06,Satkhira,Tala,22.761,89.261,Government,
Batiaghata Satellite Clinic 02,Khulna,Batiaghata,22.7345,89.5145,Government,
Dacope Satellite Clinic 02,Khulna,Dacope,22.5745,89.5145,Government,
Dumuria Satellite Clinic 02,Khulna,Dumuria,22.8045,89.4245,Government,
Dighalia Satellite Clinic 02,Khulna,Dighalia,22.8945,89.5545,Government,
Koyra Satellite Clinic 02,Khulna,Koyra,22.3445,89.3045,Government,
Paikgachha Satellite Clinic 02,Khulna,Paikgachha,22.5845,89.3345,Government,
Phultala Satellite Clinic 02,Khulna,Phultala,22.9745,89.4645,Government,
Rupsha Satellite Clinic 02,Khulna,Rupsha,22.8145,89.6045,Government,
Terokhada Satellite Clinic 02,Khulna,Terokhada,22.9445,89.6645,Government,
Fakirhat Satellite Clinic 02,Bagerhat,Fakirhat,22.7845,89.7045,Government,
Chitalmari Satellite Clinic 02,Bagerhat,Chitalmari,22.7845,89.8745,Government,
Kachua Satellite Clinic 02,Bagerhat,Kachua,22.6545,89.8845,Government,
Mollahat Satellite Clinic 02,Bagerhat,Mollahat,22.9445,89.8145,Government,
Mongla Satellite Clinic 02,Bagerhat,Mongla,22.4845,89.6045,Government,
Morrelganj Satellite Clinic 02,Bagerhat,Morrelganj,22.4545,89.8545,Government,
Rampal Satellite Clinic 02,Bagerhat,Rampal,22.5845,89.6645,Government,
Sarankhola Satellite Clinic 02,Bagerhat,Sarankhola,22.3145,89.7945,Government,
Alamdanga Satellite Clinic 02,Chuadanga,Alamdanga,23.7545,88.9445,Government,
Damurhuda Satellite Clinic 02,Chuadanga,Damurhuda,23.6145,88.7845,Government,
Jibannagar Satellite Clinic 02,Chuadanga,Jibannagar,23.4445,88.8145,Government,
Abhaynagar Satellite Clinic 02,Jashore,Abhaynagar,23.0145,89.4445,Government,
Bagherpara Satellite Clinic 02,Jashore,Bagherpara,23.2245,89.3445,Government,
Chaugachha Satellite Clinic 02,Jashore,Chaugachha,23.2645,89.0245,Government,
Jhikargachha Satellite Clinic 02,Jashore,Jhikargachha,23.1045,89.1345,Government,
Keshabpur Satellite Clinic 02,Jashore,Keshabpur,22.9145,89.2145,Government,
Manirampur Satellite Clinic 02,Jashore,Manirampur,23.0145,89.2345,Government,
Sharsha Satellite Clinic 02,Jashore,Sharsha,23.0745,88.9545,Government,
Harinakundu Satellite Clinic 02,Jhenaidah,Harinakundu,23.6545,89.0545,Government,
Kaliganj Satellite Clinic 02,Jhenaidah,Kaliganj,23.4145,89.1345,Government,
Kotchandpur Satellite Clinic 02,Jhenaidah,Kotchandpur,23.4045,89.0145,Government,
Maheshpur Satellite Clinic 02,Jhenaidah,Maheshpur,23.3545,88.9145,Government,
Shailkupa Satellite Clinic 02,Jhenaidah,Shailkupa,23.6945,89.2545,Government,
Bheramara Satellite Clinic 02,Kushtia,Bheramara,24.0245,88.9945,Government,
Daulatpur Satellite Clinic 02,Kushtia,Daulatpur,24.0045,88.8645,Government,
Khoksa Satellite Clinic 02,Kushtia,Khoksa,23.9445,89.2845,Government,
Kumarkhali Satellite Clinic 02,Kushtia,Kumarkhali,23.8745,89.2445,Government,
Mirpur Satellite Clinic 02,Kushtia,Mirpur,23.9345,88.9945,Government,
Shripur Satellite Clinic 02,Magura,Shripur,23.6045,89.3845,Government,
Mohammadpur Satellite Clinic 02,Magura,Mohammadpur,23.4045,89.6045,Government,
Shalikha Satellite Clinic 02,Magura,Shalikha,23.3045,89.3345,Government,
Gangni Satellite Clinic 02,Meherpur,Gangni,23.8645,88.7045,Government,
Mujibnagar Satellite Clinic 02,Meherpur,Mujibnagar,23.6445,88.5945,Government,
Kalia Satellite Clinic 02,Narail,Kalia,23.0445,89.6345,Government,
Lohagara Satellite Clinic 02,Narail,Lohagara,23.2045,89.6345,Government,
Assasuni Satellite Clinic 02,Satkhira,Assasuni,22.5545,89.1745,Government,
Debhata Satellite Clinic 02,Satkhira,Debhata,22.5645,88.9745,Government,
Kalaroa Satellite Clinic 02,Satkhira,Kalaroa,22.8745,89.0445,Government,
Kaliganj Satellite Clinic 02,Satkhira,Kaliganj,22.4545,89.0445,Government,
Shyamnagar Satellite Clinic 02,Satkhira,Shyamnagar,22.3345,89.1045,Government,
Tala Satellite Clinic 02,Satkhira,Tala,22.7545,89.2545,Government,
Batiaghata specialized dental 02,Khulna,Batiaghata,22.7328,89.5128,Private,
Dacope general lab 02,Khulna,Dacope,22.5728,89.5128,Private,
Dumuria heart clinic 02,Khulna,Dumuria,22.8028,89.4228,Private,
Dighalia specialized wing 02,Khulna,Dighalia,22.8928,89.5528,Private,
Koyra diagnostic unit 02,Khulna,Koyra,22.3428,89.3028,Private,
Paikgachha surgical lab 02,Khulna,Paikgachha,22.5828,89.3328,Private,
Phultala ortho center 02,Khulna,Phultala,22.9728,89.4628,Private,
Rupsha mother unit 02,Khulna,Rupsha,22.8128,89.6028,Private,
Terokhada pediatric wing 02,Khulna,Terokhada,22.9428,89.6628,Private,
Fakirhat cardiac center 02,Bagerhat,Fakirhat,22.7828,89.7028,Private,
Chitalmari specialized lab 03,Bagerhat,Chitalmari,22.7828,89.8728,Private,
Kachua heart clinic 03,Bagerhat,Kachua,22.6528,89.8828,Private,
Mollahat pediatric unit 03,Bagerhat,Mollahat,22.9428,89.8128,Private,
Mongla surgical unit 03,Bagerhat,Mongla,22.4828,89.6028,Private,
Morrelganj heart center 03,Bagerhat,Morrelganj,22.4528,89.8528,Private,
Rampal specialized wing 03,Bagerhat,Rampal,22.5828,89.6628,Private,
Sarankhola diagnostic wing 03,Bagerhat,Sarankhola,22.3128,89.7928,Private,
Alamdanga heart unit 03,Chuadanga,Alamdanga,23.7528,88.9428,Private,
Damurhuda specialized lab 03,Chuadanga,Damurhuda,23.6128,88.7828,Private,
Jibannagar heart clinic 03,Chuadanga,Jibannagar,23.4428,88.8128,Private,
Abhaynagar surgical wing 03,Jashore,Abhaynagar,23.0128,89.4428,Private,
Bagherpara mother unit 03,Jashore,Bagherpara,23.2228,89.3428,Private,
Chaugachha diagnostic complex 03,Jashore,Chaugachha,23.2628,89.0228,Private,
Jhikargachha specialized wing 03,Jashore,Jhikargachha,23.1028,89.1328,Private,
Keshabpur heart unit 03,Jashore,Keshabpur,22.9128,89.2128,Private,
Manirampur dental surgery 03,Jashore,Manirampur,23.0128,89.2328,Private,
Sharsha heart center 03,Jashore,Sharsha,23.0728,88.9528,Private,
Batiaghata Health Post 03,Khulna,Batiaghata,22.737,89.517,Government,
Dacope Health Post 03,Khulna,Dacope,22.577,89.517,Government,
Dumuria Health Post 03,Khulna,Dumuria,22.807,89.427,Government,
Dighalia Health Post 03,Khulna,Dighalia,22.897,89.557,Government,
Koyra Health Post 03,Khulna,Koyra,22.347,89.307,Government,
Paikgachha Health Post 03,Khulna,Paikgachha,22.587,89.337,Government,
Phultala Health Post 03,Khulna,Phultala,22.977,89.467,Government,
Rupsha Health Post 03,Khulna,Rupsha,22.817,89.607,Government,
Terokhada Health Post 03,Khulna,Terokhada,22.947,89.667,Government,
Fakirhat Health Post 03,Bagerhat,Fakirhat,22.787,89.707,Government,
Chitalmari Health Post 03,Bagerhat,Chitalmari,22.787,89.877,Government,
Kachua Health Post 03,Bagerhat,Kachua,22.657,89.887,Government,
Mollahat Health Post 03,Bagerhat,Mollahat,22.947,89.817,Government,
Mongla Health Post 03,Bagerhat,Mongla,22.487,89.607,Government,
Morrelganj Health Post 03,Bagerhat,Morrelganj,22.457,89.857,Government,
Rampal Health Post 03,Bagerhat,Rampal,22.587,89.667,Government,
Sarankhola Health Post 03,Bagerhat,Sarankhola,22.317,89.797,Government,
Alamdanga Health Post 03,Chuadanga,Alamdanga,23.757,88.947,Government,
Damurhuda Health Post 03,Chuadanga,Damurhuda,23.617,88.787,Government,
Jibannagar Health Post 03,Chuadanga,Jibannagar,23.447,88.817,Government,
Abhaynagar Health Post 03,Jashore,Abhaynagar,23.017,89.447,Government,
Bagherpara Health Post 03,Jashore,Bagherpara,23.227,89.347,Government,
Chaugachha Health Post 03,Jashore,Chaugachha,23.267,89.027,Government,
Jhikargachha Health Post 03,Jashore,Jhikargachha,23.107,89.137,Government,
Keshabpur Health Post 03,Jashore,Keshabpur,22.917,89.217,Government,
Manirampur Health Post 03,Jashore,Manirampur,23.017,89.237,Government,
Sharsha Health Post 03,Jashore,Sharsha,23.077,88.957,Government,
Harinakundu Health Post 03,Jhenaidah,Harinakundu,23.657,89.057,Government,
Kaliganj Health Post 03,Jhenaidah,Kaliganj,23.417,89.137,Government,
Kotchandpur Health Post 03,Jhenaidah,Kotchandpur,23.407,89.017,Government,
Maheshpur Health Post 03,Jhenaidah,Maheshpur,23.357,88.917,Government,
Shailkupa Health Post 03,Jhenaidah,Shailkupa,23.697,89.257,Government,
Bheramara Health Post 03,Kushtia,Bheramara,24.027,88.997,Government,
Daulatpur Health Post 03,Kushtia,Daulatpur,24.007,88.867,Government,
Khoksa Health Post 03,Kushtia,Khoksa,23.947,89.287,Government,
Kumarkhali Health Post 03,Kushtia,Kumarkhali,23.877,89.247,Government,
Mirpur Health Post 03,Kushtia,Mirpur,23.937,88.997,Government,
Shripur Health Post 03,Magura,Shripur,23.607,89.387,Government,
Mohammadpur Health Post 03,Magura,Mohammadpur,23.407,89.607,Government,
Shalikha Health Post 03,Magura,Shalikha,23.307,89.337,Government,
Gangni Health Post 03,Meherpur,Gangni,23.868,88.708,Government,
Mujibnagar Health Post 03,Meherpur,Mujibnagar,23.648,88.598,Government,
Kalia Health Post 03,Narail,Kalia,23.048,89.638,Government,
Lohagara Health Post 03,Narail,Lohagara,23.208,89.638,Government,
Assasuni Health Post 03,Satkhira,Assasuni,22.558,89.178,Government,
Debhata Health Post 03,Satkhira,Debhata,22.568,88.978,Government,
Kalaroa Health Post 03,Satkhira,Kalaroa,22.878,89.048,Government,
Kaliganj Health Post 03,Satkhira,Kaliganj,22.458,89.048,Government,
Shyamnagar Health Post 03,Satkhira,Shyamnagar,22.338,89.108,Government,
Tala Health Post 03,Satkhira,Tala,22.758,89.258,Government,
Batiaghata Community Clinic 07,Khulna,Batiaghata,22.742,89.522,Government,
Dacope Community Clinic 07,Khulna,Dacope,22.582,89.522,Government,
Dumuria Community Clinic 07,Khulna,Dumuria,22.812,89.432,Government,
Dighalia Community Clinic 07,Khulna,Dighalia,22.902,89.562,Government,
Koyra Community Clinic 07,Khulna,Koyra,22.352,89.312,Government,
Paikgachha Community Clinic 07,Khulna,Paikgachha,22.592,89.342,Government,
Phultala Community Clinic 07,Khulna,Phultala,22.982,89.472,Government,
Rupsha Community Clinic 07,Khulna,Rupsha,22.822,89.612,Government,
Terokhada Community Clinic 07,Khulna,Terokhada,22.952,89.672,Government,
Fakirhat Community Clinic 07,Bagerhat,Fakirhat,22.792,89.712,Government,
Chitalmari Community Clinic 07,Bagerhat,Chitalmari,22.792,89.882,Government,
Kachua Community Clinic 07,Bagerhat,Kachua,22.662,89.892,Government,
Mollahat Community Clinic 07,Bagerhat,Mollahat,22.952,89.822,Government,
Mongla Community Clinic 07,Bagerhat,Mongla,22.492,89.612,Government,
Morrelganj Community Clinic 07,Bagerhat,Morrelganj,22.462,89.862,Government,
Rampal Community Clinic 07,Bagerhat,Rampal,22.592,89.672,Government,
Sarankhola Community Clinic 07,Bagerhat,Sarankhola,22.322,89.802,Government,
Alamdanga Community Clinic 07,Chuadanga,Alamdanga,23.762,88.952,Government,
Damurhuda Community Clinic 07,Chuadanga,Damurhuda,23.622,88.792,Government,
Jibannagar Community Clinic 07,Chuadanga,Jibannagar,23.452,88.822,Government,
Abhaynagar Community Clinic 07,Jashore,Abhaynagar,23.022,89.452,Government,
Bagherpara Community Clinic 07,Jashore,Bagherpara,23.232,89.352,Government,
Chaugachha Community Clinic 07,Jashore,Chaugachha,23.272,89.032,Government,
Jhikargachha Community Clinic 07,Jashore,Jhikargachha,23.112,89.142,Government,
Keshabpur Community Clinic 07,Jashore,Keshabpur,22.922,89.222,Government,
Manirampur Community Clinic 07,Jashore,Manirampur,23.022,89.242,Government,
Sharsha Community Clinic 07,Jashore,Sharsha,23.082,88.962,Government,
Harinakundu Community Clinic 07,Jhenaidah,Harinakundu,23.662,89.062,Government,
Kaliganj Community Clinic 07,Jhenaidah,Kaliganj,23.422,89.142,Government,
Kotchandpur Community Clinic 07,Jhenaidah,Kotchandpur,23.412,89.022,Government,
Maheshpur Community Clinic 07,Jhenaidah,Maheshpur,23.362,88.922,Government,
Shailkupa Community Clinic 07,Jhenaidah,Shailkupa,23.702,89.262,Government,
Bheramara Community Clinic 07,Kushtia,Bheramara,24.032,89.002,Government,
Daulatpur Community Clinic 07,Kushtia,Daulatpur,24.012,88.872,Government,
Khoksa Community Clinic 07,Kushtia,Khoksa,23.952,89.292,Government,
Kumarkhali Community Clinic 07,Kushtia,Kumarkhali,23.882,89.252,Government,
Mirpur Community Clinic 07,Kushtia,Mirpur,23.942,89.002,Government,
Shripur Community Clinic 07,Magura,Shripur,23.612,89.392,Government,
Mohammadpur Community Clinic 07,Magura,Mohammadpur,23.412,89.612,Government,
Shalikha Community Clinic 07,Magura,Shalikha,23.312,89.342,Government,
Gangni Community Clinic 07,Meherpur,Gangni,23.872,88.712,Government,
Mujibnagar Community Clinic 07,Meherpur,Mujibnagar,23.652,88.602,Government,
Kalia Community Clinic 07,Narail,Kalia,23.052,89.642,Government,
Lohagara Community Clinic 07,Narail,Lohagara,23.212,89.642,Government,
Assasuni Community Clinic 07,Satkhira,Assasuni,22.562,89.182,Government,
Debhata Community Clinic 07,Satkhira,Debhata,22.572,88.982,Government,
Kalaroa Community Clinic 07,Satkhira,Kalaroa,22.882,89.052,Government,
Kaliganj Community Clinic 07,Satkhira,Kaliganj,22.462,89.052,Government,
Shyamnagar Community Clinic 07,Satkhira,Shyamnagar,22.342,89.112,Government,
Tala Community Clinic 07,Satkhira,Tala,22.762,89.262,Government,
Batiaghata Health Unit 03,Khulna,Batiaghata,22.733,89.513,Government,
Dacope Health Unit 03,Khulna,Dacope,22.573,89.513,Government,
Dumuria Health Unit 03,Khulna,Dumuria,22.803,89.423,Government,
Dighalia Health Unit 03,Khulna,Dighalia,22.893,89.553,Government,
Koyra Health Unit 03,Khulna,Koyra,22.343,89.303,Government,
Paikgachha Health Unit 03,Khulna,Paikgachha,22.583,89.333,Government,
Phultala Health Unit 03,Khulna,Phultala,22.973,89.463,Government,
Rupsha Health Unit 03,Khulna,Rupsha,22.813,89.603,Government,
Terokhada Health Unit 03,Khulna,Terokhada,22.943,89.663,Government,
Fakirhat Health Unit 03,Bagerhat,Fakirhat,22.783,89.703,Government,
Chitalmari Health Unit 03,Bagerhat,Chitalmari,22.783,89.873,Government,
Kachua Health Unit 03,Bagerhat,Kachua,22.653,89.883,Government,
Mollahat Health Unit 03,Bagerhat,Mollahat,22.943,89.813,Government,
Mongla Health Unit 03,Bagerhat,Mongla,22.483,89.603,Government,
Morrelganj Health Unit 03,Bagerhat,Morrelganj,22.453,89.853,Government,
Rampal Health Unit 03,Bagerhat,Rampal,22.583,89.663,Government,
Sarankhola Health Unit 03,Bagerhat,Sarankhola,22.313,89.793,Government,
Alamdanga Health Unit 03,Chuadanga,Alamdanga,23.753,88.943,Government,
Damurhuda Health Unit 03,Chuadanga,Damurhuda,23.613,88.783,Government,
Jibannagar Health Unit 03,Chuadanga,Jibannagar,23.443,88.813,Government,
Abhaynagar Health Unit 03,Jashore,Abhaynagar,23.013,89.443,Government,
Bagherpara Health Unit 03,Jashore,Bagherpara,23.223,89.343,Government,
Chaugachha Health Unit 03,Jashore,Chaugachha,23.263,89.023,Government,
Jhikargachha Health Unit 03,Jashore,Jhikargachha,23.103,89.133,Government,
Keshabpur Health Unit 03,Jashore,Keshabpur,22.913,89.213,Government,
Manirampur Health Unit 03,Jashore,Manirampur,23.013,89.233,Government,
Sharsha Health Unit 03,Jashore,Sharsha,23.073,88.953,Government,
Harinakundu Health Unit 03,Jhenaidah,Harinakundu,23.653,89.053,Government,
Kaliganj Health Unit 03,Jhenaidah,Kaliganj,23.413,89.133,Government,
Kotchandpur Health Unit 03,Jhenaidah,Kotchandpur,23.403,89.013,Government,
Maheshpur Health Unit 03,Jhenaidah,Maheshpur,23.353,88.913,Government,
Shailkupa Health Unit 03,Jhenaidah,Shailkupa,23.693,89.253,Government,
Bheramara Health Unit 03,Kushtia,Bheramara,24.023,88.993,Government,
Daulatpur Health Unit 03,Kushtia,Daulatpur,24.003,88.863,Government,
Khoksa Health Unit 03,Kushtia,Khoksa,23.943,89.283,Government,
Kumarkhali Health Unit 03,Kushtia,Kumarkhali,23.873,89.243,Government,
Mirpur Health Unit 03,Kushtia,Mirpur,23.933,88.993,Government,
Shripur Health Unit 03,Magura,Shripur,23.603,89.383,Government,
Mohammadpur Health Unit 03,Magura,Mohammadpur,23.403,89.603,Government,
Shalikha Health Unit 03,Magura,Shalikha,23.303,89.333,Government,
Gangni Health Unit 03,Meherpur,Gangni,23.863,88.703,Government,
Mujibnagar Health Unit 03,Meherpur,Mujibnagar,23.643,88.593,Government,
Kalia Health Unit 03,Narail,Kalia,23.043,89.633,Government,
Lohagara Health Unit 03,Narail,Lohagara,23.203,89.633,Government,
Assasuni Health Unit 03,Satkhira,Assasuni,22.553,89.173,Government,
Debhata Health Unit 03,Satkhira,Debhata,22.563,88.973,Government,
Kalaroa Health Unit 03,Satkhira,Kalaroa,22.873,89.043,Government,
Kaliganj Health Unit 03,Satkhira,Kaliganj,22.453,89.043,Government,
Shyamnagar Health Unit 03,Satkhira,Shyamnagar,22.333,89.103,Government,
Tala Health Unit 03,Satkhira,Tala,22.753,89.253,Government,
Batiaghata specialized dental 03,Khulna,Batiaghata,22.7335,89.5135,Private,
Dacope general lab 03,Khulna,Dacope,22.5735,89.5135,Private,
Dumuria heart clinic 03,Khulna,Dumuria,22.8035,89.4235,Private,
Dighalia specialized wing 03,Khulna,Dighalia,22.8935,89.5535,Private,
Koyra diagnostic unit 03,Khulna,Koyra,22.3435,89.3035,Private,
Paikgachha surgical lab 03,Khulna,Paikgachha,22.5835,89.3335,Private,
Phultala ortho center 03,Khulna,Phultala,22.9735,89.4635,Private,
Rupsha mother unit 03,Khulna,Rupsha,22.8135,89.6035,Private,
Terokhada pediatric wing 03,Khulna,Terokhada,22.9435,89.6635,Private,
Fakirhat cardiac center 03,Bagerhat,Fakirhat,22.7835,89.7035,Private,
Chitalmari specialized lab 04,Bagerhat,Chitalmari,22.7835,89.8735,Private,
Kachua heart clinic 04,Bagerhat,Kachua,22.6535,89.8835,Private,
Mollahat pediatric unit 04,Bagerhat,Mollahat,22.9435,89.8135,Private,
Mongla surgical unit 04,Bagerhat,Mongla,22.4835,89.6035,Private,
Morrelganj heart center 04,Bagerhat,Morrelganj,22.4535,89.8535,Private,
Rampal specialized wing 04,Bagerhat,Rampal,22.5835,89.6635,Private,
Sarankhola diagnostic wing 04,Bagerhat,Sarankhola,22.3135,89.7935,Private,
Alamdanga heart unit 04,Chuadanga,Alamdanga,23.7535,88.9435,Private,
Damurhuda specialized lab 04,Chuadanga,Damurhuda,23.6135,88.7835,Private,
Jibannagar heart clinic 04,Chuadanga,Jibannagar,23.4435,88.8135,Private,
Abhaynagar surgical wing 04,Jashore,Abhaynagar,23.0135,89.4435,Private,
Bagherpara mother unit 04,Jashore,Bagherpara,23.2235,89.3435,Private,
Chaugachha diagnostic complex 04,Jashore,Chaugachha,23.2635,89.0235,Private,
Jhikargachha specialized wing 04,Jashore,Jhikargachha,23.1035,89.1335,Private,
Keshabpur heart unit 04,Jashore,Keshabpur,22.9135,89.2135,Private,
Manirampur dental surgery 04,Jashore,Manirampur,23.0135,89.2335,Private,
Sharsha heart center 04,Jashore,Sharsha,23.0735,88.9535,Private,
Harinakundu pediatric center 03,Jhenaidah,Harinakundu,23.6535,89.0535,Private,
Kaliganj heart lab 03,Jhenaidah,Kaliganj,23.4135,89.1335,Private,
Kotchandpur surgical unit 03,Jhenaidah,Kotchandpur,23.4035,89.0135,Private,
Maheshpur diagnostic wing 03,Jhenaidah,Maheshpur,23.3535,88.9135,Private,
Shailkupa mother care 03,Jhenaidah,Shailkupa,23.6935,89.2535,Private,
Bheramara heart center 03,Kushtia,Bheramara,24.0235,88.9935,Private,
Daulatpur pediatric wing 03,Kushtia,Daulatpur,24.0035,88.8635,Private,
Khoksa heart lab 03,Kushtia,Khoksa,23.9435,89.2835,Private,
Kumarkhali surgical wing 03,Kushtia,Kumarkhali,23.8735,89.2435,Private,
Mirpur mother care center 03,Kushtia,Mirpur,23.9335,88.9935,Private,
Shripur cardiac unit 03,Magura,Shripur,23.6035,89.3835,Private,
Mohammadpur dental surgery 03,Magura,Mohammadpur,23.4035,89.6035,Private,
Shalikha heart lab 03,Magura,Shalikha,23.3035,89.3335,Private,
Gangni mother unit 03,Meherpur,Gangni,23.8635,88.7035,Private,
Mujibnagar pediatric lab 03,Meherpur,Mujibnagar,23.6435,88.5935,Private,
Kalia surgical wing 03,Narail,Kalia,23.0435,89.6335,Private,
Lohagara heart center 03,Narail,Lohagara,23.2035,89.6335,Private,
Assasuni diagnostic complex 03,Satkhira,Assasuni,22.5535,89.1735,Private,
Debhata pediatric wing 03,Satkhira,Debhata,22.5635,88.9735,Private,
Kalaroa specialized unit 03,Satkhira,Kalaroa,22.8735,89.0435,Private,
Kaliganj heart lab 03,Satkhira,Kaliganj,22.4535,89.0435,Private,
Shyamnagar dental clinic 03,Satkhira,Shyamnagar,22.3335,89.1035,Private,
Tala specialized lab 03,Satkhira,Tala,22.7535,89.2535,Private,
Khulna Medical (Pathology unit),Khulna,Khulna Sadar,22.826,89.5425,Government,
Jashore General (X-ray unit),Jashore,Jashore Sadar,23.166,89.216,Government,
Kushtia General (Cardiology unit),Kushtia,Kushtia Sadar,23.902,89.123,Government,
Satkhira Medical (Pathology lab),Satkhira,Satkhira Sadar,22.6855,89.0555,Government,
Bagerhat Sadar (Pediatric unit),Bagerhat,Bagerhat Sadar,22.666,89.7825,Government,
Jhenaidah District (Surgical wing),Jhenaidah,Jhenaidah Sadar,23.5425,89.1755,Government,
Chuadanga District (Cardiac lab),Chuadanga,Chuadanga Sadar,23.6355,88.8455,Government,
Magura District (Pediatric unit),Magura,Magura Sadar,23.486,89.422,Government,
Meherpur District (Surgical wing),Meherpur,Meherpur Sadar,23.7655,88.632,Government,
Narail District (Mother unit),Narail,Narail Sadar,23.169,89.5025,Government,
Batiaghata Community Clinic 08,Khulna,Batiaghata,22.743,89.523,Government,
Dacope Community Clinic 08,Khulna,Dacope,22.583,89.523,Government,
Dumuria Community Clinic 08,Khulna,Dumuria,22.813,89.433,Government,
Dighalia Community Clinic 08,Khulna,Dighalia,22.903,89.563,Government,
Koyra Community Clinic 08,Khulna,Koyra,22.353,89.313,Government,
Paikgachha Community Clinic 08,Khulna,Paikgachha,22.593,89.343,Government,
Phultala Community Clinic 08,Khulna,Phultala,22.983,89.473,Government,
Rupsha Community Clinic 08,Khulna,Rupsha,22.823,89.613,Government,
Terokhada Community Clinic 08,Khulna,Terokhada,22.953,89.673,Government,
Fakirhat Community Clinic 08,Bagerhat,Fakirhat,22.793,89.713,Government,
Chitalmari Community Clinic 08,Bagerhat,Chitalmari,22.793,89.883,Government,
Kachua Community Clinic 08,Bagerhat,Kachua,22.663,89.893,Government,
Mollahat Community Clinic 08,Bagerhat,Mollahat,22.953,89.823,Government,
Mongla Community Clinic 08,Bagerhat,Mongla,22.493,89.613,Government,
Morrelganj Community Clinic 08,Bagerhat,Morrelganj,22.463,89.863,Government,
Rampal Community Clinic 08,Bagerhat,Rampal,22.593,89.673,Government,
Sarankhola Community Clinic 08,Bagerhat,Sarankhola,22.323,89.803,Government,
Alamdanga Community Clinic 08,Chuadanga,Alamdanga,23.763,88.953,Government,
Damurhuda Community Clinic 08,Chuadanga,Damurhuda,23.623,88.793,Government,
Jibannagar Community Clinic 08,Chuadanga,Jibannagar,23.453,88.823,Government,
Abhaynagar Community Clinic 08,Jashore,Abhaynagar,23.023,89.453,Government,
Bagherpara Community Clinic 08,Jashore,Bagherpara,23.233,89.353,Government,
Chaugachha Community Clinic 08,Jashore,Chaugachha,23.273,89.033,Government,
Jhikargachha Community Clinic 08,Jashore,Jhikargachha,23.113,89.143,Government,
Keshabpur Community Clinic 08,Jashore,Keshabpur,22.923,89.223,Government,
Manirampur Community Clinic 08,Jashore,Manirampur,23.023,89.243,Government,
Sharsha Community Clinic 08,Jashore,Sharsha,23.083,88.963,Government,
Harinakundu Community Clinic 08,Jhenaidah,Harinakundu,23.663,89.063,Government,
Kaliganj Community Clinic 08,Jhenaidah,Kaliganj,23.423,89.143,Government,
Kotchandpur Community Clinic 08,Jhenaidah,Kotchandpur,23.413,89.023,Government,
Maheshpur Community Clinic 08,Jhenaidah,Maheshpur,23.363,88.923,Government,
Shailkupa Community Clinic 08,Jhenaidah,Shailkupa,23.703,89.263,Government,
Bheramara Community Clinic 08,Kushtia,Bheramara,24.033,89.003,Government,
Daulatpur Community Clinic 08,Kushtia,Daulatpur,24.013,88.873,Government,
Khoksa Community Clinic 08,Kushtia,Khoksa,23.953,89.293,Government,
Kumarkhali Community Clinic 08,Kushtia,Kumarkhali,23.883,89.253,Government,
Mirpur Community Clinic 08,Kushtia,Mirpur,23.943,89.003,Government,
Shripur Community Clinic 08,Magura,Shripur,23.613,89.393,Government,
Mohammadpur Community Clinic 08,Magura,Mohammadpur,23.413,89.613,Government,
Shalikha Community Clinic 08,Magura,Shalikha,23.313,89.343,Government,
Gangni Community Clinic 08,Meherpur,Gangni,23.873,88.713,Government,
Mujibnagar Community Clinic 08,Meherpur,Mujibnagar,23.653,88.603,Government,
Kalia Community Clinic 08,Narail,Kalia,23.053,89.643,Government,
Lohagara Community Clinic 08,Narail,Lohagara,23.213,89.643,Government,
Assasuni Community Clinic 08,Satkhira,Assasuni,22.563,89.183,Government,
Debhata Community Clinic 08,Satkhira,Debhata,22.573,88.983,Government,
Kalaroa Community Clinic 08,Satkhira,Kalaroa,22.883,89.053,Government,
Kaliganj Community Clinic 08,Satkhira,Kaliganj,22.463,89.053,Government,
Shyamnagar Community Clinic 08,Satkhira,Shyamnagar,22.343,89.113,Government,
Tala Community Clinic 08,Satkhira,Tala,22.763,89.263,Government,
Batiaghata Satellite Clinic 03,Khulna,Batiaghata,22.735,89.515,Government,
Dacope Satellite Clinic 03,Khulna,Dacope,22.575,89.515,Government,
Dumuria Satellite Clinic 03,Khulna,Dumuria,22.805,89.425,Government,
Dighalia Satellite Clinic 03,Khulna,Dighalia,22.895,89.555,Government,
Koyra Satellite Clinic 03,Khulna,Koyra,22.345,89.305,Government,
Paikgachha Satellite Clinic 03,Khulna,Paikgachha,22.585,89.335,Government,
Phultala Satellite Clinic 03,Khulna,Phultala,22.975,89.465,Government,
Rupsha Satellite Clinic 03,Khulna,Rupsha,22.815,89.605,Government,
Terokhada Satellite Clinic 03,Khulna,Terokhada,22.945,89.665,Government,
Fakirhat Satellite Clinic 03,Bagerhat,Fakirhat,22.785,89.705,Government,
Chitalmari Satellite Clinic 03,Bagerhat,Chitalmari,22.785,89.875,Government,
Kachua Satellite Clinic 03,Bagerhat,Kachua,22.655,89.885,Government,
Mollahat Satellite Clinic 03,Bagerhat,Mollahat,22.945,89.815,Government,
Mongla Satellite Clinic 03,Bagerhat,Mongla,22.485,89.605,Government,
Morrelganj Satellite Clinic 03,Bagerhat,Morrelganj,22.455,89.855,Government,
Rampal Satellite Clinic 03,Bagerhat,Rampal,22.585,89.665,Government,
Sarankhola Satellite Clinic 03,Bagerhat,Sarankhola,22.315,89.795,Government,
Alamdanga Satellite Clinic 03,Chuadanga,Alamdanga,23.755,88.945,Government,
Damurhuda Satellite Clinic 03,Chuadanga,Damurhuda,23.615,88.785,Government,
Jibannagar Satellite Clinic 03,Chuadanga,Jibannagar,23.445,88.815,Government,
Abhaynagar Satellite Clinic 03,Jashore,Abhaynagar,23.015,89.445,Government,
Bagherpara Satellite Clinic 03,Jashore,Bagherpara,23.225,89.345,Government,
Chaugachha Satellite Clinic 03,Jashore,Chaugachha,23.265,89.025,Government,
Jhikargachha Satellite Clinic 03,Jashore,Jhikargachha,23.105,89.135,Government,
Keshabpur Satellite Clinic 03,Jashore,Keshabpur,22.915,89.215,Government,
Manirampur Satellite Clinic 03,Jashore,Manirampur,23.015,89.235,Government,
Sharsha Satellite Clinic 03,Jashore,Sharsha,23.075,88.955,Government,
Harinakundu Satellite Clinic 03,Jhenaidah,Harinakundu,23.655,89.055,Government,
Kaliganj Satellite Clinic 03,Jhenaidah,Kaliganj,23.4155,89.1355,Government,
Kotchandpur Satellite Clinic 03,Jhenaidah,Kotchandpur,23.4055,89.0155,Government,
Maheshpur Satellite Clinic 03,Jhenaidah,Maheshpur,23.3555,88.9155,Government,
Shailkupa Satellite Clinic 03,Jhenaidah,Shailkupa,23.6955,89.2555,Government,
Bheramara Satellite Clinic 03,Kushtia,Bheramara,24.0255,88.9955,Government,
Daulatpur Satellite Clinic 03,Kushtia,Daulatpur,24.0055,88.8655,Government,
Khoksa Satellite Clinic 03,Kushtia,Khoksa,23.9455,89.2855,Government,
Kumarkhali Satellite Clinic 03,Kushtia,Kumarkhali,23.8755,89.2455,Government,
Mirpur Satellite Clinic 03,Kushtia,Mirpur,23.9355,88.9955,Government,
Shripur Satellite Clinic 03,Magura,Shripur,23.6055,89.3855,Government,
Mohammadpur Satellite Clinic 03,Magura,Mohammadpur,23.4055,89.6055,Government,
Shalikha Satellite Clinic 03,Magura,Shalikha,23.3055,89.3355,Government,
Gangni Satellite Clinic 03,Meherpur,Gangni,23.8655,88.7055,Government,
Mujibnagar Satellite Clinic 03,Meherpur,Mujibnagar,23.6455,88.5955,Government,
Kalia Satellite Clinic 03,Narail,Kalia,23.0455,89.6355,Government,
Lohagara Satellite Clinic 03,Narail,Lohagara,23.2055,89.6355,Government,
Assasuni Satellite Clinic 03,Satkhira,Assasuni,22.5555,89.1755,Government,
Debhata Satellite Clinic 03,Satkhira,Debhata,22.5655,88.9755,Government,
Kalaroa Satellite Clinic 03,Satkhira,Kalaroa,22.8755,89.0455,Government,
Kaliganj (Satkhira) Satellite Clinic 03,Satkhira,Kaliganj,22.4555,89.0455,Government,
Shyamnagar Satellite Clinic 03,Satkhira,Shyamnagar,22.3355,89.1055,Government,
Tala Satellite Clinic 03,Satkhira,Tala,22.7555,89.2555,Government,
Khulna General Hospital (Emergency Wing),Khulna,Khulna Sadar,22.8115,89.5655,Government,
Sheikh Abu Naser (Neuro Unit),Khulna,Khulna Sadar,22.8455,89.5355,Government,
Jashore General (Pediatric Wing),Jashore,Jashore Sadar,23.166,89.216,Government,
Kushtia General (Eye Unit),Kushtia,Kushtia Sadar,23.902,89.123,Government,
Narail District (Surgical Unit),Narail,Narail Sadar,23.169,89.5025,Government,
Meherpur District (Cardiac Unit),Meherpur,Meherpur Sadar,23.7655,88.632,Government,
Magura District (Mother Care),Magura,Magura Sadar,23.486,89.422,Government,
Satkhira Medical (Radiology Unit),Satkhira,Satkhira Sadar,22.6855,89.0555,Government,
Batiaghata Specialized Lab 04,Khulna,Batiaghata,22.733,89.513,Private,
Dacope Children Clinic 04,Khulna,Dacope,22.573,89.513,Private,
Dumuria Heart Center 04,Khulna,Dumuria,22.803,89.423,Private,
Dighalia Ortho Lab 04,Khulna,Dighalia,22.893,89.553,Private,
Koyra Surgical Unit 04,Khulna,Koyra,22.343,89.303,Private,
Paikgachha Mother Care 04,Khulna,Paikgachha,22.583,89.333,Private,
Phultala Diagnostic Lab 04,Khulna,Phultala,22.973,89.463,Private,
Rupsha Cardiac Center 04,Khulna,Rupsha,22.813,89.603,Private,
Terokhada Specialized Wing 04,Khulna,Terokhada,22.943,89.663,Private,
Fakirhat Orthopedic Center 04,Bagerhat,Fakirhat,22.783,89.703,Private,
Chitalmari Heart Clinic 05,Bagerhat,Chitalmari,22.783,89.873,Private,
Kachua Pediatric Unit 05,Bagerhat,Kachua,22.653,89.883,Private,
Mollahat Surgical Wing 05,Bagerhat,Mollahat,22.943,89.813,Private,
Mongla Mother Care Lab 05,Bagerhat,Mongla,22.483,89.603,Private,
Morrelganj Cardiac Unit 05,Bagerhat,Morrelganj,22.453,89.853,Private,
Rampal General Lab 05,Bagerhat,Rampal,22.583,89.663,Private,
Sarankhola Pediatric Clinic 05,Bagerhat,Sarankhola,22.313,89.793,Private,
Alamdanga Cardiac Lab 05,Chuadanga,Alamdanga,23.753,88.943,Private,
Damurhuda Mother Unit 05,Chuadanga,Damurhuda,23.613,88.783,Private,
Jibannagar Specialized Lab 05,Chuadanga,Jibannagar,23.443,88.813,Private,
Abhaynagar Heart Clinic 05,Jashore,Abhaynagar,23.013,89.443,Private,
Bagherpara Pediatric Center 05,Jashore,Bagherpara,23.223,89.343,Private,
Chaugachha Surgical Unit 05,Jashore,Chaugachha,23.263,89.023,Private,
Jhikargachha Mother Care 05,Jashore,Jhikargachha,23.103,89.133,Private,
Keshabpur Cardiac Lab 05,Jashore,Keshabpur,22.913,89.213,Private,
Manirampur Ortho Center 05,Jashore,Manirampur,23.013,89.233,Private,
Sharsha Diagnostic Complex 05,Jashore,Sharsha,23.073,88.953,Private,
Harinakundu Heart Center 04,Jhenaidah,Harinakundu,23.653,89.053,Private,
Kaliganj Pediatric Wing 04,Jhenaidah,Kaliganj,23.413,89.133,Private,
Kotchandpur Cardiac Lab 04,Jhenaidah,Kotchandpur,23.403,89.013,Private,
Maheshpur Surgical Center 04,Jhenaidah,Maheshpur,23.353,88.913,Private,
Shailkupa Diagnostic Wing 04,Jhenaidah,Shailkupa,23.693,89.253,Private,
Bheramara Ortho Lab 04,Kushtia,Bheramara,24.023,88.993,Private,
Daulatpur Heart Clinic 04,Kushtia,Daulatpur,24.003,88.863,Private,
Khoksa Mother Unit 04,Kushtia,Khoksa,23.943,89.283,Private,
Kumarkhali Pediatric Lab 04,Kushtia,Kumarkhali,23.873,89.243,Private,
Mirpur Surgical wing 04,Kushtia,Mirpur,23.933,88.993,Private,
Shripur specialized wing 04,Magura,Shripur,23.603,89.383,Private,
Mohammadpur heart lab 04,Magura,Mohammadpur,23.403,89.603,Private,
Shalikha pediatric unit 04,Magura,Shalikha,23.303,89.333,Private,
Gangni diagnostic unit 04,Meherpur,Gangni,23.863,88.703,Private,
Mujibnagar mother unit 04,Meherpur,Mujibnagar,23.643,88.593,Private,
Kalia cardiac center 04,Narail,Kalia,23.043,89.633,Private,
Lohagara surgical lab 04,Narail,Lohagara,23.203,89.633,Private,
Assasuni pediatric center 04,Satkhira,Assasuni,22.553,89.173,Private,
Debhata heart clinic 04,Satkhira,Debhata,22.563,88.973,Private,
Kalaroa mother unit 04,Satkhira,Kalaroa,22.873,89.043,Private,
Kaliganj dental lab 04,Satkhira,Kaliganj,22.453,89.043,Private,
Shyamnagar orthopedic wing 04,Satkhira,Shyamnagar,22.333,89.103,Private,
Tala cardiac unit 04,Satkhira,Tala,22.753,89.253,Private,
Batiaghata CC 09,Khulna,Batiaghata,22.744,89.524,Government,
Dacope CC 09,Khulna,Dacope,22.584,89.524,Government,
Dumuria CC 09,Khulna,Dumuria,22.814,89.434,Government,
Dighalia CC 09,Khulna,Dighalia,22.904,89.564,Government,
Koyra CC 09,Khulna,Koyra,22.354,89.314,Government,
Paikgachha CC 09,Khulna,Paikgachha,22.594,89.344,Government,
Phultala CC 09,Khulna,Phultala,22.984,89.474,Government,
Rupsha CC 09,Khulna,Rupsha,22.824,89.614,Government,
Terokhada CC 09,Khulna,Terokhada,22.954,89.674,Government,
Fakirhat CC 09,Bagerhat,Fakirhat,22.794,89.714,Government,
Chitalmari CC 09,Bagerhat,Chitalmari,22.794,89.884,Government,
Kachua CC 09,Bagerhat,Kachua,22.664,89.894,Government,
Mollahat CC 09,Bagerhat,Mollahat,22.954,89.824,Government,
Mongla CC 09,Bagerhat,Mongla,22.494,89.614,Government,
Morrelganj CC 09,Bagerhat,Morrelganj,22.464,89.864,Government,
Rampal CC 09,Bagerhat,Rampal,22.594,89.674,Government,
Sarankhola CC 09,Bagerhat,Sarankhola,22.324,89.804,Government,
Alamdanga CC 09,Chuadanga,Alamdanga,23.764,88.954,Government,
Damurhuda CC 09,Chuadanga,Damurhuda,23.624,88.794,Government,
Jibannagar CC 09,Chuadanga,Jibannagar,23.454,88.824,Government,
Abhaynagar CC 09,Jashore,Abhaynagar,23.024,89.454,Government,
Bagherpara CC 09,Jashore,Bagherpara,23.234,89.354,Government,
Chaugachha CC 09,Jashore,Chaugachha,23.274,89.034,Government,
Jhikargachha CC 09,Jashore,Jhikargachha,23.114,89.144,Government,
Keshabpur CC 09,Jashore,Keshabpur,22.924,89.224,Government,
Manirampur CC 09,Jashore,Manirampur,23.024,89.244,Government,
Sharsha CC 09,Jashore,Sharsha,23.084,88.964,Government,
Harinakundu CC 09,Jhenaidah,Harinakundu,23.664,89.064,Government,
Kaliganj CC 09,Jhenaidah,Kaliganj,23.424,89.144,Government,
Kotchandpur CC 09,Jhenaidah,Kotchandpur,23.414,89.024,Government,
Maheshpur CC 09,Jhenaidah,Maheshpur,23.364,88.924,Government,
Shailkupa CC 09,Jhenaidah,Shailkupa,23.704,89.264,Government,
Bheramara CC 09,Kushtia,Bheramara,24.034,89.004,Government,
Daulatpur CC 09,Kushtia,Daulatpur,24.014,88.874,Government,
Khoksa CC 09,Kushtia,Khoksa,23.954,89.294,Government,
Kumarkhali CC 09,Kushtia,Kumarkhali,23.884,89.254,Government,
Mirpur CC 09,Kushtia,Mirpur,23.944,89.004,Government,
Shripur CC 09,Magura,Shripur,23.614,89.394,Government,
Mohammadpur CC 09,Magura,Mohammadpur,23.414,89.614,Government,
Shalikha CC 09,Magura,Shalikha,23.314,89.344,Government,
Gangni CC 09,Meherpur,Gangni,23.874,88.714,Government,
Mujibnagar CC 09,Meherpur,Mujibnagar,23.654,88.604,Government,
Kalia CC 09,Narail,Kalia,23.054,89.644,Government,
Lohagara CC 09,Narail,Lohagara,23.214,89.644,Government,
Assasuni CC 09,Satkhira,Assasuni,22.564,89.184,Government,
Debhata CC 09,Satkhira,Debhata,22.574,88.984,Government,
Kalaroa CC 09,Satkhira,Kalaroa,22.884,89.054,Government,
Kaliganj (Satkhira) CC 09,Satkhira,Kaliganj,22.464,89.054,Government,
Shyamnagar CC 09,Satkhira,Shyamnagar,22.344,89.114,Government,
Tala CC 09,Satkhira,Tala,22.764,89.264,Government,
Batiaghata Health Post 04,Khulna,Batiaghata,22.738,89.518,Government,
Dacope Health Post 04,Khulna,Dacope,22.578,89.518,Government,
Dumuria Health Post 04,Khulna,Dumuria,22.808,89.428,Government,
Dighalia Health Post 04,Khulna,Dighalia,22.898,89.558,Government,
Koyra Health Post 04,Khulna,Koyra,22.348,89.308,Government,
Paikgachha Health Post 04,Khulna,Paikgachha,22.588,89.338,Government,
Phultala Health Post 04,Khulna,Phultala,22.978,89.468,Government,
Rupsha Health Post 04,Khulna,Rupsha,22.818,89.608,Government,
Terokhada Health Post 04,Khulna,Terokhada,22.948,89.668,Government,
Fakirhat Health Post 04,Bagerhat,Fakirhat,22.788,89.708,Government,
Chitalmari Health Post 04,Bagerhat,Chitalmari,22.788,89.878,Government,
Kachua Health Post 04,Bagerhat,Kachua,22.658,89.888,Government,
Mollahat Health Post 04,Bagerhat,Mollahat,22.948,89.818,Government,
Mongla Health Post 04,Bagerhat,Mongla,22.488,89.608,Government,
Morrelganj Health Post 04,Bagerhat,Morrelganj,22.458,89.858,Government,
Rampal Health Post 04,Bagerhat,Rampal,22.588,89.668,Government,
Sarankhola Health Post 04,Bagerhat,Sarankhola,22.318,89.798,Government,
Alamdanga Health Post 04,Chuadanga,Alamdanga,23.758,88.948,Government,
Damurhuda Health Post 04,Chuadanga,Damurhuda,23.618,88.788,Government,
Jibannagar Health Post 04,Chuadanga,Jibannagar,23.448,88.818,Government,
Abhaynagar Health Post 04,Jashore,Abhaynagar,23.018,89.448,Government,
Bagherpara Health Post 04,Jashore,Bagherpara,23.228,89.348,Government,
Chaugachha Health Post 04,Jashore,Chaugachha,23.268,89.028,Government,
Jhikargachha Health Post 04,Jashore,Jhikargachha,23.108,89.138,Government,
Keshabpur Health Post 04,Jashore,Keshabpur,22.918,89.218,Government,
Manirampur Health Post 04,Jashore,Manirampur,23.018,89.238,Government,
Sharsha Health Post 04,Jashore,Sharsha,23.078,88.958,Government,
Harinakundu Health Post 04,Jhenaidah,Harinakundu,23.658,89.058,Government,
Kaliganj Health Post 04,Jhenaidah,Kaliganj,23.418,89.138,Government,
Kotchandpur Health Post 04,Jhenaidah,Kotchandpur,23.408,89.018,Government,
Maheshpur Health Post 04,Jhenaidah,Maheshpur,23.358,88.918,Government,
Shailkupa Health Post 04,Jhenaidah,Shailkupa,23.698,89.258,Government,
Bheramara Health Post 04,Kushtia,Bheramara,24.028,88.998,Government,
Daulatpur Health Post 04,Kushtia,Daulatpur,24.008,88.868,Government,
Khoksa Health Post 04,Kushtia,Khoksa,23.948,89.288,Government,
Kumarkhali Health Post 04,Kushtia,Kumarkhali,23.878,89.248,Government,
Mirpur Health Post 04,Kushtia,Mirpur,23.938,88.998,Government,
Shripur Health Post 04,Magura,Shripur,23.608,89.388,Government,
Mohammadpur Health Post 04,Magura,Mohammadpur,23.408,89.608,Government,
Shalikha Health Post 04,Magura,Shalikha,23.308,89.338,Government,
Gangni Health Post 04,Meherpur,Gangni,23.869,88.709,Government,
Mujibnagar Health Post 04,Meherpur,Mujibnagar,23.649,88.599,Government,
Kalia Health Post 04,Narail,Kalia,23.049,89.639,Government,
Lohagara Health Post 04,Narail,Lohagara,23.209,89.639,Government,
Assasuni Health Post 04,Satkhira,Assasuni,22.559,89.179,Government,
Debhata Health Post 04,Satkhira,Debhata,22.569,88.979,Government,
Kalaroa Health Post 04,Satkhira,Kalaroa,22.879,89.049,Government,
Kaliganj (Satkhira) Health Post 04,Satkhira,Kaliganj,22.459,89.049,Government,
Shyamnagar Health Post 04,Satkhira,Shyamnagar,22.339,89.109,Government,
Tala Health Post 04,Satkhira,Tala,22.759,89.259,Government,
Batiaghata Specialized Lab 05,Khulna,Batiaghata,22.734,89.514,Private,
Dacope Heart Unit 05,Khulna,Dacope,22.574,89.514,Private,
Dumuria Cardiac Center 05,Khulna,Dumuria,22.804,89.424,Private,
Dighalia Ortho Unit 05,Khulna,Dighalia,22.894,89.554,Private,
Koyra Diagnostic Wing 05,Khulna,Koyra,22.344,89.304,Private,
Paikgachha Children Lab 05,Khulna,Paikgachha,22.584,89.334,Private,
Phultala Cardiac Lab 05,Khulna,Phultala,22.974,89.464,Private,
Rupsha Surgical Lab 05,Khulna,Rupsha,22.814,89.604,Private,
Terokhada Trauma Center 05,Khulna,Terokhada,22.944,89.664,Private,
Fakirhat Specialized Lab 05,Bagerhat,Fakirhat,22.784,89.704,Private,
Chitalmari Heart Clinic 06,Bagerhat,Chitalmari,22.784,89.874,Private,
Kachua Pediatric Wing 06,Bagerhat,Kachua,22.654,89.884,Private,
Mollahat Diagnostic Unit 06,Bagerhat,Mollahat,22.944,89.814,Private,
Mongla Surgical Center 06,Bagerhat,Mongla,22.484,89.604,Private,
Morrelganj Mother Care 06,Bagerhat,Morrelganj,22.454,89.854,Private,
Rampal Cardiac Wing 06,Bagerhat,Rampal,22.584,89.664,Private,
Sarankhola General Lab 06,Bagerhat,Sarankhola,22.314,89.794,Private,
Alamdanga Heart Center 06,Chuadanga,Alamdanga,23.754,88.944,Private,
Damurhuda Specialized Unit 06,Chuadanga,Damurhuda,23.614,88.784,Private,
Jibannagar Cardiac Lab 06,Chuadanga,Jibannagar,23.444,88.814,Private,
Abhaynagar Pediatric Wing 06,Jashore,Abhaynagar,23.014,89.444,Private,
Bagherpara Surgical Unit 06,Jashore,Bagherpara,23.224,89.344,Private,
Chaugachha Mother Care 06,Jashore,Chaugachha,23.264,89.024,Private,
Jhikargachha Heart Lab 06,Jashore,Jhikargachha,23.104,89.134,Private,
Keshabpur Ortho Unit 06,Jashore,Keshabpur,22.914,89.214,Private,
Manirampur Heart Clinic 06,Jashore,Manirampur,23.014,89.234,Private,
Sharsha specialized wing 06,Jashore,Sharsha,23.074,88.954,Private,
Harinakundu cardiac lab 05,Jhenaidah,Harinakundu,23.654,89.054,Private,
Kaliganj surgical wing 05,Jhenaidah,Kaliganj,23.414,89.134,Private,
Kotchandpur heart center 05,Jhenaidah,Kotchandpur,23.404,89.014,Private,
Maheshpur pediatric lab 05,Jhenaidah,Maheshpur,23.354,88.914,Private,
Shailkupa specialized unit 05,Jhenaidah,Shailkupa,23.694,89.254,Private,
Bheramara heart lab 05,Kushtia,Bheramara,24.024,88.994,Private,
Daulatpur surgical unit 05,Kushtia,Daulatpur,24.004,88.864,Private,
Khoksa heart center 05,Kushtia,Khoksa,23.944,89.284,Private,
Kumarkhali pediatric wing 05,Kushtia,Kumarkhali,23.874,89.244,Private,
Mirpur diagnostic wing 05,Kushtia,Mirpur,23.934,88.994,Private,
Shripur heart clinic 05,Magura,Shripur,23.604,89.384,Private,
Mohammadpur mother care 05,Magura,Mohammadpur,23.404,89.604,Private,
Shalikha diagnostic complex 05,Magura,Shalikha,23.304,89.334,Private,
Gangni pediatric center 05,Meherpur,Gangni,23.864,88.704,Private,
Mujibnagar surgical wing 05,Meherpur,Mujibnagar,23.644,88.594,Private,
Kalia heart center 05,Narail,Kalia,23.044,89.634,Private,
Lohagara dental unit 05,Narail,Lohagara,23.204,89.634,Private,
Assasuni mother care 05,Satkhira,Assasuni,22.554,89.174,Private,
Debhata diagnostic lab 05,Satkhira,Debhata,22.564,88.974,Private,
Kalaroa cardiac wing 05,Satkhira,Kalaroa,22.874,89.044,Private,
Kaliganj orthopedic lab 05,Satkhira,Kaliganj,22.454,89.044,Private,
Shyamnagar specialized lab 05,Satkhira,Shyamnagar,22.334,89.104,Private,
Tala pediatric center 05,Satkhira,Tala,22.754,89.254,Private,
Khulna Medical (Pathology unit 02),Khulna,Khulna Sadar,22.8255,89.542,Government,
Khulna Medical (Emergency lab),Khulna,Khulna Sadar,22.8255,89.542,Government,
Jashore General (Surgical Wing),Jashore,Jashore Sadar,23.1655,89.2155,Government,
Kushtia General (Cardiology Wing),Kushtia,Kushtia Sadar,23.9015,89.1225,Government,
Satkhira Medical (Radiology Unit),Satkhira,Satkhira Sadar,22.685,89.055,Government,
Bagerhat Sadar (Emergency Unit),Bagerhat,Bagerhat Sadar,22.6655,89.782,Government,
Jhenaidah District (Pediatric Unit),Jhenaidah,Jhenaidah Sadar,23.542,89.175,Government,
Chuadanga District (Surgical wing),Chuadanga,Chuadanga Sadar,23.635,88.845,Government,
Magura District (Eye unit),Magura,Magura Sadar,23.4855,89.4215,Government,
Meherpur District (Cardiac lab),Meherpur,Meherpur Sadar,23.765,88.6315,Government,
Narail District (Mother care lab),Narail,Narail Sadar,23.1685,89.502,Government,
Batiaghata Community Clinic 10,Khulna,Batiaghata,22.745,89.525,Government,
Dacope Community Clinic 10,Khulna,Dacope,22.585,89.525,Government,
Dumuria Community Clinic 10,Khulna,Dumuria,22.815,89.435,Government,
Dighalia Community Clinic 10,Khulna,Dighalia,22.905,89.565,Government,
Koyra Community Clinic 10,Khulna,Koyra,22.355,89.315,Government,
Paikgachha Community Clinic 10,Khulna,Paikgachha,22.595,89.345,Government,
Phultala Community Clinic 10,Khulna,Phultala,22.985,89.475,Government,
Rupsha Community Clinic 10,Khulna,Rupsha,22.825,89.615,Government,
Terokhada Community Clinic 10,Khulna,Terokhada,22.955,89.675,Government,
Fakirhat Community Clinic 10,Bagerhat,Fakirhat,22.795,89.715,Government,
Chitalmari Community Clinic 10,Bagerhat,Chitalmari,22.795,89.885,Government,
Kachua Community Clinic 10,Bagerhat,Kachua,22.665,89.895,Government,
Mollahat Community Clinic 10,Bagerhat,Mollahat,22.955,89.825,Government,
Mongla Community Clinic 10,Bagerhat,Mongla,22.495,89.615,Government,
Morrelganj Community Clinic 10,Bagerhat,Morrelganj,22.465,89.865,Government,
Rampal Community Clinic 10,Bagerhat,Rampal,22.595,89.675,Government,
Sarankhola Community Clinic 10,Bagerhat,Sarankhola,22.325,89.805,Government,
Alamdanga Community Clinic 10,Chuadanga,Alamdanga,23.765,88.955,Government,
Damurhuda Community Clinic 10,Chuadanga,Damurhuda,23.625,88.795,Government,
Jibannagar Community Clinic 10,Chuadanga,Jibannagar,23.455,88.825,Government,
Abhaynagar Community Clinic 10,Jashore,Abhaynagar,23.025,89.455,Government,
Bagherpara Community Clinic 10,Jashore,Bagherpara,23.235,89.355,Government,
Chaugachha Community Clinic 10,Jashore,Chaugachha,23.275,89.035,Government,
Jhikargachha Community Clinic 10,Jashore,Jhikargachha,23.115,89.145,Government,
Keshabpur Community Clinic 10,Jashore,Keshabpur,22.925,89.225,Government,
Manirampur Community Clinic 10,Jashore,Manirampur,23.025,89.245,Government,
Sharsha Community Clinic 10,Jashore,Sharsha,23.085,88.965,Government,
Harinakundu Community Clinic 10,Jhenaidah,Harinakundu,23.665,89.065,Government,
Kaliganj Community Clinic 10,Jhenaidah,Kaliganj,23.425,89.145,Government,
Kotchandpur Community Clinic 10,Jhenaidah,Kotchandpur,23.415,89.025,Government,
Maheshpur Community Clinic 10,Jhenaidah,Maheshpur,23.365,88.925,Government,
Shailkupa Community Clinic 10,Jhenaidah,Shailkupa,23.705,89.265,Government,
Bheramara Community Clinic 10,Kushtia,Bheramara,24.035,89.005,Government,
Daulatpur Community Clinic 10,Kushtia,Daulatpur,24.015,88.875,Government,
Khoksa Community Clinic 10,Kushtia,Khoksa,23.955,89.295,Government,
Kumarkhali Community Clinic 10,Kushtia,Kumarkhali,23.885,89.255,Government,
Mirpur Community Clinic 10,Kushtia,Mirpur,23.945,89.005,Government,
Shripur Community Clinic 10,Magura,Shripur,23.615,89.395,Government,
Mohammadpur Community Clinic 10,Magura,Mohammadpur,23.415,89.615,Government,
Shalikha Community Clinic 10,Magura,Shalikha,23.315,89.345,Government,
Gangni Community Clinic 10,Meherpur,Gangni,23.875,88.715,Government,
Mujibnagar Community Clinic 10,Meherpur,Mujibnagar,23.655,88.605,Government,
Kalia Community Clinic 10,Narail,Kalia,23.055,89.645,Government,
Lohagara Community Clinic 10,Narail,Lohagara,23.215,89.645,Government,
Assasuni Community Clinic 10,Satkhira,Assasuni,22.565,89.185,Government,
Debhata Community Clinic 10,Satkhira,Debhata,22.575,88.985,Government,
Kalaroa Community Clinic 10,Satkhira,Kalaroa,22.885,89.055,Government,
Kaliganj (Satkhira) Community Clinic 10,Satkhira,Kaliganj,22.465,89.055,Government,
Shyamnagar Community Clinic 10,Satkhira,Shyamnagar,22.345,89.115,Government,
Tala Community Clinic 10,Satkhira,Tala,22.765,89.265,Government,
Batiaghata Specialized Lab 05,Khulna,Batiaghata,22.734,89.514,Private,
Dacope Heart Unit 05,Khulna,Dacope,22.574,89.514,Private,
Dumuria Cardiac Center 05,Khulna,Dumuria,22.804,89.424,Private,
Dighalia Ortho Unit 05,Khulna,Dighalia,22.894,89.554,Private,
Koyra Diagnostic Wing 05,Khulna,Koyra,22.344,89.304,Private,
Paikgachha Children Lab 05,Khulna,Paikgachha,22.584,89.334,Private,
Phultala Cardiac Lab 05,Khulna,Phultala,22.974,89.464,Private,
Rupsha Surgical Lab 05,Khulna,Rupsha,22.814,89.604,Private,
Terokhada Trauma Center 05,Khulna,Terokhada,22.944,89.664,Private,
Fakirhat Specialized Lab 05,Bagerhat,Fakirhat,22.784,89.704,Private,
Chitalmari Heart Clinic 06,Bagerhat,Chitalmari,22.784,89.874,Private,
Kachua Pediatric Wing 06,Bagerhat,Kachua,22.654,89.884,Private,
Mollahat Diagnostic Unit 06,Bagerhat,Mollahat,22.944,89.814,Private,
Mongla Surgical Center 06,Bagerhat,Mongla,22.484,89.604,Private,
Morrelganj Mother Care 06,Bagerhat,Morrelganj,22.454,89.854,Private,
Rampal Cardiac Wing 06,Bagerhat,Rampal,22.584,89.664,Private,
Sarankhola General Lab 06,Bagerhat,Sarankhola,22.314,89.794,Private,
Alamdanga Heart Center 06,Chuadanga,Alamdanga,23.754,88.944,Private,
Damurhuda Specialized Unit 06,Chuadanga,Damurhuda,23.614,88.784,Private,
Jibannagar Cardiac Lab 06,Chuadanga,Jibannagar,23.444,88.814,Private,
Abhaynagar Pediatric Wing 06,Jashore,Abhaynagar,23.014,89.444,Private,
Bagherpara Surgical Unit 06,Jashore,Bagherpara,23.224,89.344,Private,
Chaugachha Mother Care 06,Jashore,Chaugachha,23.264,89.024,Private,
Jhikargachha Heart Lab 06,Jashore,Jhikargachha,23.104,89.134,Private,
Keshabpur Ortho Unit 06,Jashore,Keshabpur,22.914,89.214,Private,
Manirampur Heart Clinic 06,Jashore,Manirampur,23.014,89.234,Private,
Sharsha specialized wing 06,Jashore,Sharsha,23.074,88.954,Private,
Harinakundu cardiac lab 05,Jhenaidah,Harinakundu,23.654,89.054,Private,
Kaliganj surgical wing 05,Jhenaidah,Kaliganj,23.414,89.134,Private,
Kotchandpur heart center 05,Jhenaidah,Kotchandpur,23.404,89.014,Private,
Maheshpur pediatric lab 05,Jhenaidah,Maheshpur,23.354,88.914,Private,
Shailkupa specialized unit 05,Jhenaidah,Shailkupa,23.694,89.254,Private,
Bheramara heart lab 05,Kushtia,Bheramara,24.024,88.994,Private,
Daulatpur surgical unit 05,Kushtia,Daulatpur,24.004,88.864,Private,
Khoksa heart center 05,Kushtia,Khoksa,23.944,89.284,Private,
Kumarkhali pediatric wing 05,Kushtia,Kumarkhali,23.874,89.244,Private,
Mirpur diagnostic wing 05,Kushtia,Mirpur,23.934,88.994,Private,
Shripur heart clinic 05,Magura,Shripur,23.604,89.384,Private,
Mohammadpur mother care 05,Magura,Mohammadpur,23.404,89.604,Private,
Shalikha diagnostic complex 05,Magura,Shalikha,23.304,89.334,Private,
Gangni pediatric center 05,Meherpur,Gangni,23.864,88.704,Private,
Mujibnagar surgical wing 05,Meherpur,Mujibnagar,23.644,88.594,Private,
Kalia heart center 05,Narail,Kalia,23.044,89.634,Private,
Lohagara dental unit 05,Narail,Lohagara,23.204,89.634,Private,
Assasuni mother care 05,Satkhira,Assasuni,22.554,89.174,Private,
Debhata diagnostic lab 05,Satkhira,Debhata,22.564,88.974,Private,
Kalaroa cardiac wing 05,Satkhira,Kalaroa,22.874,89.044,Private,
Kaliganj orthopedic lab 05,Satkhira,Kaliganj,22.454,89.044,Private,
Shyamnagar specialized lab 05,Satkhira,Shyamnagar,22.334,89.104,Private,
Tala pediatric center 05,Satkhira,Tala,22.754,89.254,Private,
Khulna Medical (Pathology unit 02),Khulna,Khulna Sadar,22.8255,89.542,Government,
Khulna Medical (Emergency lab),Khulna,Khulna Sadar,22.8255,89.542,Government,
Jashore General (Surgical Wing),Jashore,Jashore Sadar,23.1655,89.2155,Government,
Kushtia General (Cardiology Wing),Kushtia,Kushtia Sadar,23.9015,89.1225,Government,
Satkhira Medical (Radiology Unit),Satkhira,Satkhira Sadar,22.685,89.055,Government,
Bagerhat Sadar (Emergency Unit),Bagerhat,Bagerhat Sadar,22.6655,89.782,Government,
Jhenaidah District (Pediatric Unit),Jhenaidah,Jhenaidah Sadar,23.542,89.175,Government,
Chuadanga District (Surgical wing),Chuadanga,Chuadanga Sadar,23.635,88.845,Government,
Magura District (Eye unit),Magura,Magura Sadar,23.4855,89.4215,Government,
Meherpur District (Cardiac lab),Meherpur,Meherpur Sadar,23.765,88.6315,Government,
Narail District (Mother care lab),Narail,Narail Sadar,23.1685,89.502,Government,
Batiaghata Community Clinic 10,Khulna,Batiaghata,22.745,89.525,Government,
Dacope Community Clinic 10,Khulna,Dacope,22.585,89.525,Government,
Dumuria Community Clinic 10,Khulna,Dumuria,22.815,89.435,Government,
Dighalia Community Clinic 10,Khulna,Dighalia,22.905,89.565,Government,
Koyra Community Clinic 10,Khulna,Koyra,22.355,89.315,Government,
Paikgachha Community Clinic 10,Khulna,Paikgachha,22.595,89.345,Government,
Phultala Community Clinic 10,Khulna,Phultala,22.985,89.475,Government,
Rupsha Community Clinic 10,Khulna,Rupsha,22.825,89.615,Government,
Terokhada Community Clinic 10,Khulna,Terokhada,22.955,89.675,Government,
Fakirhat Community Clinic 10,Bagerhat,Fakirhat,22.795,89.715,Government,
Chitalmari Community Clinic 10,Bagerhat,Chitalmari,22.795,89.885,Government,
Kachua Community Clinic 10,Bagerhat,Kachua,22.665,89.895,Government,
Mollahat Community Clinic 10,Bagerhat,Mollahat,22.955,89.825,Government,
Mongla Community Clinic 10,Bagerhat,Mongla,22.495,89.615,Government,
Morrelganj Community Clinic 10,Bagerhat,Morrelganj,22.465,89.865,Government,
Rampal Community Clinic 10,Bagerhat,Rampal,22.595,89.675,Government,
Sarankhola Community Clinic 10,Bagerhat,Sarankhola,22.325,89.805,Government,
Alamdanga Community Clinic 10,Chuadanga,Alamdanga,23.765,88.955,Government,
Damurhuda Community Clinic 10,Chuadanga,Damurhuda,23.625,88.795,Government,
Jibannagar Community Clinic 10,Chuadanga,Jibannagar,23.455,88.825,Government,
Abhaynagar Community Clinic 10,Jashore,Abhaynagar,23.025,89.455,Government,
Bagherpara Community Clinic 10,Jashore,Bagherpara,23.235,89.355,Government,
Chaugachha Community Clinic 10,Jashore,Chaugachha,23.275,89.035,Government,
Jhikargachha Community Clinic 10,Jashore,Jhikargachha,23.115,89.145,Government,
Keshabpur Community Clinic 10,Jashore,Keshabpur,22.925,89.225,Government,
Manirampur Community Clinic 10,Jashore,Manirampur,23.025,89.245,Government,
Sharsha Community Clinic 10,Jashore,Sharsha,23.085,88.965,Government,
Harinakundu Community Clinic 10,Jhenaidah,Harinakundu,23.665,89.065,Government,
Kaliganj Community Clinic 10,Jhenaidah,Kaliganj,23.425,89.145,Government,
Kotchandpur Community Clinic 10,Jhenaidah,Kotchandpur,23.415,89.025,Government,
Maheshpur Community Clinic 10,Jhenaidah,Maheshpur,23.365,88.925,Government,
Shailkupa Community Clinic 10,Jhenaidah,Shailkupa,23.705,89.265,Government,
Bheramara Community Clinic 10,Kushtia,Bheramara,24.035,89.005,Government,
Daulatpur Community Clinic 10,Kushtia,Daulatpur,24.015,88.875,Government,
Khoksa Community Clinic 10,Kushtia,Khoksa,23.955,89.295,Government,
Kumarkhali Community Clinic 10,Kushtia,Kumarkhali,23.885,89.255,Government,
Mirpur Community Clinic 10,Kushtia,Mirpur,23.945,89.005,Government,
Shripur Community Clinic 10,Magura,Shripur,23.615,89.395,Government,
Mohammadpur Community Clinic 10,Magura,Mohammadpur,23.415,89.615,Government,
Shalikha Community Clinic 10,Magura,Shalikha,23.315,89.345,Government,
Gangni Community Clinic 10,Meherpur,Gangni,23.875,88.715,Government,
Mujibnagar Community Clinic 10,Meherpur,Mujibnagar,23.655,88.605,Government,
Kalia Community Clinic 10,Narail,Kalia,23.055,89.645,Government,
Lohagara Community Clinic 10,Narail,Lohagara,23.215,89.645,Government,
Assasuni Community Clinic 10,Satkhira,Assasuni,22.565,89.185,Government,
Debhata Community Clinic 10,Satkhira,Debhata,22.575,88.985,Government,
Kalaroa Community Clinic 10,Satkhira,Kalaroa,22.885,89.055,Government,
Kaliganj (Satkhira) Community Clinic 10,Satkhira,Kaliganj,22.465,89.055,Government,
Shyamnagar Community Clinic 10,Satkhira,Shyamnagar,22.345,89.115,Government,
Tala Community Clinic 10,Satkhira,Tala,22.765,89.265,Government,
Sylhet MAG Osmani Medical College Hospital,Sylhet,Sylhet Sadar,24.8995,91.8625,Government,0821-713487
Sylhet Shahid Shamsuddin Ahmed Hospital,Sylhet,Sylhet Sadar,24.893,91.868,Government,0821-714020
Moulvibazar 250 Bed District Sadar Hospital,Moulvibazar,Moulvibazar Sadar,24.4855,91.7685,Government,0861-52254
Habiganj 250 Bed District Sadar Hospital,Habiganj,Habiganj Sadar,24.385,91.415,Government,0831-62254
Sunamganj 250 Bed District Sadar Hospital,Sunamganj,Sunamganj Sadar,25.068,91.402,Government,0871-61523
North East Medical College Hospital,Sylhet,Dakshin Surma,24.8685,91.8755,Premium,0821-719096
Sylhet Women's Medical College Hospital,Sylhet,Sylhet Sadar,24.8965,91.8745,Premium,0821-722601
Parkview Medical College Hospital,Sylhet,Sylhet Sadar,24.912,91.8655,Premium,01755-661133
Jalalabad Ragib-Rabeya Medical College Hospital,Sylhet,Pathantula,24.9105,91.8485,Premium,0821-719090
Mount Adora Hospital (Akhalia),Sylhet,Sylhet Sadar,24.9155,91.8425,Premium,01785-001001
Mount Adora Hospital (Nayasarak),Sylhet,Sylhet Sadar,24.8985,91.8785,Premium,01785-001005
Sylhet Ibn Sina Hospital,Sylhet,Subhanighat,24.8915,91.8825,Premium,0821-728181
Al Haramain Hospital,Sylhet,Subhanighat,24.8895,91.8855,Premium,01985-115599
Noorjahan Hospital,Sylhet,Dargah Gate,24.9015,91.8655,Private,0821-722233
Oasis Hospital,Sylhet,Subhanighat,24.8925,91.8845,Premium,01763-990044
Sylhet Digital Specialized Hospital,Sylhet,Subhanighat,24.8935,91.8815,Private,01751-223344
Comfort Medical Services,Sylhet,Nayasarak,24.8975,91.8775,Private,
Sylhet Specialized Hospital,Sylhet,Subhanighat,24.8905,91.8835,Private,
Jalalabad Eye Hospital,Sylhet,Sylhet Sadar,24.905,91.855,Private,
Trust Medical Services,Sylhet,Amberkhana,24.908,91.8685,Private,
Fenchuganj Upazila Health Complex,Sylhet,Fenchuganj,24.705,91.935,Government,01730-324898
Golapganj Upazila Health Complex,Sylhet,Golapganj,24.855,92.025,Government,01730-324899
Gowainghat Upazila Health Complex,Sylhet,Gowainghat,25.105,91.985,Government,01730-324900
Balaganj Upazila Health Complex,Sylhet,Balaganj,24.645,91.835,Government,01730-324895
Beanibazar Upazila Health Complex,Sylhet,Beanibazar,24.825,92.155,Government,01730-324896
Bishwanath Upazila Health Complex,Sylhet,Bishwanath,24.855,91.755,Government,01730-324897
Companiganj Upazila Health Complex,Sylhet,Companiganj,25.085,91.755,Government,01730-324901
Jaintiapur Upazila Health Complex,Sylhet,Jaintiapur,25.135,92.125,Government,01730-324902
Kanaighat Upazila Health Complex,Sylhet,Kanaighat,25.015,92.255,Government,01730-324903
Zakiganj Upazila Health Complex,Sylhet,Zakiganj,24.885,92.365,Government,01730-324904
Osmani Nagar Upazila Health Complex,Sylhet,Osmani Nagar,24.715,91.725,Government,
Dakshin Surma Upazila Health Complex,Sylhet,Dakshin Surma,24.845,91.875,Government,
Kulaura Upazila Health Complex,Moulvibazar,Kulaura,24.525,91.995,Government,01730-324908
Barlekha Upazila Health Complex,Moulvibazar,Barlekha,24.685,92.205,Government,01730-324905
Juri Upazila Health Complex,Moulvibazar,Juri,24.595,92.125,Government,01730-324906
Kamalganj Upazila Health Complex,Moulvibazar,Kamalganj,24.325,91.865,Government,01730-324907
Rajnagar Upazila Health Complex,Moulvibazar,Rajnagar,24.575,91.865,Government,01730-324909
Sreemangal Upazila Health Complex,Moulvibazar,Sreemangal,24.305,91.735,Government,01730-324910
Bahubal Upazila Health Complex,Habiganj,Bahubal,24.355,91.545,Government,01730-324911
Baniyachong Upazila Health Complex,Habiganj,Baniyachong,24.515,91.365,Government,01730-324912
Chunarughat Upazila Health Complex,Habiganj,Chunarughat,24.215,91.525,Government,01730-324913
Ajmiriganj Upazila Health Complex,Habiganj,Ajmiriganj,24.555,91.255,Government,01730-324914
Lakhai Upazila Health Complex,Habiganj,Lakhai,24.285,91.215,Government,01730-324915
Madhabpur Upazila Health Complex,Habiganj,Madhabpur,24.115,91.295,Government,01730-324916
Nabiganj Upazila Health Complex,Habiganj,Nabiganj,24.565,91.515,Government,01730-324917
Sayestaganj Upazila Health Complex,Habiganj,Sayestaganj,24.265,91.465,Government,
Bishwambarpur Upazila Health Complex,Sunamganj,Bishwambarpur,25.075,91.305,Government,01730-324918
Chhatak Upazila Health Complex,Sunamganj,Chhatak,25.045,91.675,Government,01730-324919
Derai Upazila Health Complex,Sunamganj,Derai,24.785,91.355,Government,01730-324920
Dharamapasha Upazila Health Complex,Sunamganj,Dharamapasha,24.905,91.015,Government,01730-324921
Dowarabazar Upazila Health Complex,Sunamganj,Dowarabazar,25.055,91.565,Government,01730-324922
Jagannathpur Upazila Health Complex,Sunamganj,Jagannathpur,24.765,91.545,Government,01730-324923
Jamalganj Upazila Health Complex,Sunamganj,Jamalganj,24.995,91.225,Government,01730-324924
Sullah Upazila Health Complex,Sunamganj,Sullah,24.625,91.235,Government,01730-324925
Tahirpur Upazila Health Complex,Sunamganj,Tahirpur,25.095,91.175,Government,01730-324926
Dakshin Sunamganj Upazila Health Complex,Sunamganj,Dakshin Sunamganj,24.925,91.475,Government,
Chest Disease Clinic Sylhet,Sylhet,Sylhet Sadar,24.899,91.861,Government,
Police Hospital Sylhet,Sylhet,Sylhet Sadar,24.891,91.86,Government,
Sylhet Central Jail Hospital,Sylhet,Sylhet Sadar,24.896,91.865,Government,
Infectious Disease Hospital Sylhet,Sylhet,Sylhet Sadar,24.905,91.882,Government,
Railway Hospital Sylhet,Sylhet,Sylhet Sadar,24.883,91.878,Government,
Mother and Child Welfare Center (MCWC) Sylhet,Sylhet,Sylhet Sadar,24.894,91.87,Government,
Moulvibazar Jail Hospital,Moulvibazar,Moulvibazar Sadar,24.482,91.765,Government,
Habiganj Jail Hospital,Habiganj,Habiganj Sadar,24.381,91.412,Government,
Sunamganj Jail Hospital,Sunamganj,Sunamganj Sadar,25.065,91.401,Government,
Teliapara Health Sub Center,Habiganj,Madhabpur,24.085,91.315,Government,
Itakhola Health Sub Center,Habiganj,Madhabpur,24.125,91.275,Government,
Kashimpur Health Sub Center,Habiganj,Sayestaganj,24.285,91.445,Government,
Munshibazar Health Sub Center,Moulvibazar,Kamalganj,24.365,91.825,Government,
Srimangal Urban Health Center,Moulvibazar,Sreemangal,24.308,91.731,Government,
Shahjalal University Medical Center,Sylhet,Sylhet Sadar,24.9215,91.8315,Government,
Beanibazar Municipal Hospital,Sylhet,Beanibazar,24.821,92.151,Private,
Barlekha Private Clinic,Moulvibazar,Barlekha,24.681,92.201,Private,
Sunamganj Digital Eye Hospital,Sunamganj,Sunamganj Sadar,25.069,91.405,Private,
Habiganj Specialized Lab,Habiganj,Habiganj Sadar,24.386,91.418,Private,
Sylhet Kidney Foundation,Sylhet,Sylhet Sadar,24.9055,91.8715,Private,
Rose View Hospital,Sylhet,Shahjalal Uposhahar,24.885,91.891,Private,
Sylhet Trauma Center,Sylhet,Subhanighat,24.891,91.881,Private,
Medinova Diagnostic Sylhet,Sylhet,Sylhet Sadar,24.895,91.871,Premium,
Popular Diagnostic Center Sylhet,Sylhet,Sylhet Sadar,24.898,91.872,Premium,
Kulaura Health Post 01,Moulvibazar,Kulaura,24.528,91.998,Government,
Sreemangal Health Post 01,Moulvibazar,Sreemangal,24.308,91.738,Government,
Golapganj Community Clinic 01,Sylhet,Golapganj,24.858,92.028,Government,
Fenchuganj Community Clinic 01,Sylhet,Fenchuganj,24.708,91.938,Government,
Jagannathpur Health Post 01,Sunamganj,Jagannathpur,24.768,91.548,Government,
Chhatak Health Post 01,Sunamganj,Chhatak,25.048,91.678,Government,
Lakhai Community Clinic 01,Habiganj,Lakhai,24.288,91.218,Government,
Bahubal Community Clinic 01,Habiganj,Bahubal,24.358,91.548,Government,
Biswanath Community Clinic 01,Sylhet,Bishwanath,24.858,91.758,Government,
Balaganj Health Sub Center,Sylhet,Balaganj,24.642,91.832,Government,
Jaintiapur Health Sub Center,Sylhet,Jaintiapur,25.132,92.122,Government,
Gowainghat Community Clinic 01,Sylhet,Gowainghat,25.108,91.988,Government,
Kanaighat Health Post 01,Sylhet,Kanaighat,25.018,92.258,Government,
Zakiganj Community Clinic 01,Sylhet,Zakiganj,24.888,92.368,Government,
Sunamganj Police Hospital,Sunamganj,Sunamganj Sadar,25.064,91.405,Government,
Habiganj Police Hospital,Habiganj,Habiganj Sadar,24.384,91.419,Government,
Moulvibazar Police Hospital,Moulvibazar,Moulvibazar Sadar,24.484,91.765,Government,
Moulvibazar Chest Disease Clinic,Moulvibazar,Moulvibazar Sadar,24.486,91.769,Government,
Sunamganj Chest Disease Clinic,Sunamganj,Sunamganj Sadar,25.069,91.403,Government,
Habiganj Chest Disease Clinic,Habiganj,Habiganj Sadar,24.386,91.416,Government,
Bishwanath Health Post 01,Sylhet,Bishwanath,24.856,91.756,Government,
Beanibazar Health Post 01,Sylhet,Beanibazar,24.826,92.156,Government,
Golapganj Health Post 01,Sylhet,Golapganj,24.856,92.026,Government,
Kulaura Health Post 02,Moulvibazar,Kulaura,24.526,91.996,Government,
Sreemangal Health Post 02,Moulvibazar,Sreemangal,24.306,91.736,Government,
Kamalganj Health Post 01,Moulvibazar,Kamalganj,24.326,91.866,Government,
Rajnagar Health Post 01,Moulvibazar,Rajnagar,24.576,91.866,Government,
Juri Health Post 01,Moulvibazar,Juri,24.596,92.126,Government,
Barlekha Health Post 01,Moulvibazar,Barlekha,24.686,92.206,Government,
Chhatak Health Post 02,Sunamganj,Chhatak,25.046,91.676,Government,
Jagannathpur Health Post 02,Sunamganj,Jagannathpur,24.766,91.546,Government,
Derai Health Post 01,Sunamganj,Derai,24.786,91.356,Government,
Jamalganj Health Post 01,Sunamganj,Jamalganj,24.996,91.226,Government,
Tahirpur Health Post 01,Sunamganj,Tahirpur,25.096,91.176,Government,
Bishwambarpur Health Post 01,Sunamganj,Bishwambarpur,25.076,91.306,Government,
Dowarabazar Health Post 01,Sunamganj,Dowarabazar,25.056,91.566,Government,
Sullah Health Post 01,Sunamganj,Sullah,24.626,91.236,Government,
Dharamapasha Health Post 01,Sunamganj,Dharamapasha,24.906,91.016,Government,
Dakshin Sunamganj Health Post 01,Sunamganj,Dakshin Sunamganj,24.926,91.476,Government,
Bahubal Health Post 01,Habiganj,Bahubal,24.356,91.546,Government,
Baniyachong Health Post 01,Habiganj,Baniyachong,24.516,91.366,Government,
Ajmiriganj Health Post 01,Habiganj,Ajmiriganj,24.556,91.256,Government,
Nabiganj Health Post 01,Habiganj,Nabiganj,24.566,91.516,Government,
Chunarughat Health Post 01,Habiganj,Chunarughat,24.216,91.526,Government,
Madhabpur Health Post 01,Habiganj,Madhabpur,24.116,91.296,Government,
Lakhai Health Post 01,Habiganj,Lakhai,24.286,91.216,Government,
Sayestaganj Health Post 01,Habiganj,Sayestaganj,24.266,91.466,Government,
Sylhet MAG Osmani MCH (Pediatric Wing),Sylhet,Sylhet Sadar,24.8996,91.8626,Government,
Sylhet MAG Osmani MCH (Cardiology Wing),Sylhet,Sylhet Sadar,24.8997,91.8627,Government,
Sylhet MAG Osmani MCH (Surgical Wing),Sylhet,Sylhet Sadar,24.8998,91.8628,Government,
Moulvibazar District Hospital (Annex),Moulvibazar,Moulvibazar Sadar,24.4856,91.7686,Government,
Habiganj District Hospital (Annex),Habiganj,Habiganj Sadar,24.3851,91.4151,Government,
Sunamganj District Hospital (Annex),Sunamganj,Sunamganj Sadar,25.0681,91.4021,Government,
Fenchuganj Health Sub Center,Sylhet,Fenchuganj,24.7055,91.9355,Government,
Gowainghat Health Sub Center,Sylhet,Gowainghat,25.1055,91.9855,Government,
Golapganj Health Sub Center,Sylhet,Golapganj,24.8555,92.0255,Government,
Kanaighat Health Sub Center,Sylhet,Kanaighat,25.0155,92.2555,Government,
Zakiganj Health Sub Center,Sylhet,Zakiganj,24.8855,92.3655,Government,
Companiganj Health Sub Center,Sylhet,Companiganj,25.0855,91.7555,Government,
Balaganj Health Post 01,Sylhet,Balaganj,24.6455,91.8355,Government,
Bishwanath Health Post 02,Sylhet,Bishwanath,24.8555,91.7555,Government,
Dakshin Surma Health Post 01,Sylhet,Dakshin Surma,24.8455,91.8755,Government,
Osmani Nagar Health Post 01,Sylhet,Osmani Nagar,24.7155,91.7255,Government,
Kulaura Health Sub Center,Moulvibazar,Kulaura,24.5255,91.9955,Government,
Sreemangal Health Sub Center,Moulvibazar,Sreemangal,24.3055,91.7355,Government,
Kamalganj Health Sub Center,Moulvibazar,Kamalganj,24.3255,91.8655,Government,
Rajnagar Health Sub Center,Moulvibazar,Rajnagar,24.5755,91.8655,Government,
Juri Health Sub Center,Moulvibazar,Juri,24.5955,92.1255,Government,
Barlekha Health Sub Center,Moulvibazar,Barlekha,24.6855,92.2055,Government,
Chhatak Health Sub Center,Sunamganj,Chhatak,25.0455,91.6755,Government,
Jagannathpur Health Sub Center,Sunamganj,Jagannathpur,24.7655,91.5455,Government,
Derai Health Sub Center,Sunamganj,Derai,24.7855,91.3555,Government,
Jamalganj Health Sub Center,Sunamganj,Jamalganj,24.9955,91.2255,Government,
Tahirpur Health Sub Center,Sunamganj,Tahirpur,25.0955,91.1755,Government,
Bishwambarpur Health Sub Center,Sunamganj,Bishwambarpur,25.0755,91.3055,Government,
Dowarabazar Health Sub Center,Sunamganj,Dowarabazar,25.0555,91.5655,Government,
Sullah Health Sub Center,Sunamganj,Sullah,24.6255,91.2355,Government,
Dharamapasha Health Sub Center,Sunamganj,Dharamapasha,24.9055,91.0155,Government,
Dakshin Sunamganj Health Sub Center,Sunamganj,Dakshin Sunamganj,24.9255,91.4755,Government,
Bahubal Health Sub Center,Habiganj,Bahubal,24.3555,91.5455,Government,
Baniyachong Health Sub Center,Habiganj,Baniyachong,24.5155,91.3655,Government,
Ajmiriganj Health Sub Center,Habiganj,Ajmiriganj,24.5555,91.2555,Government,
Nabiganj Health Sub Center,Habiganj,Nabiganj,24.5655,91.5155,Government,
Chunarughat Health Sub Center,Habiganj,Chunarughat,24.2155,91.5255,Government,
Madhabpur Health Sub Center,Habiganj,Madhabpur,24.1155,91.2955,Government,
Lakhai Health Sub Center,Habiganj,Lakhai,24.2855,91.2155,Government,
Sayestaganj Health Sub Center,Habiganj,Sayestaganj,24.2655,91.4655,Government,
Moulvibazar Medical College (Proposed),Moulvibazar,Moulvibazar Sadar,24.485,91.768,Government,
Sunamganj Medical College (Proposed),Sunamganj,Sunamganj Sadar,25.0685,91.4025,Government,
Habiganj Medical College (Proposed),Habiganj,Habiganj Sadar,24.3855,91.4155,Government,
Golapganj specialized clinic,Sylhet,Golapganj,24.855,92.025,Private,
Beanibazar specialized clinic,Sylhet,Beanibazar,24.825,92.155,Private,
Biswanath specialized clinic,Sylhet,Bishwanath,24.855,91.755,Private,
Kulaura specialized lab,Moulvibazar,Kulaura,24.525,91.995,Private,
Sreemangal mother care unit,Moulvibazar,Sreemangal,24.305,91.735,Private,
Chhatak diagnostic center,Sunamganj,Chhatak,25.045,91.675,Private,
Jagannathpur pediatric clinic,Sunamganj,Jagannathpur,24.765,91.545,Private,
Nabiganj specialized lab,Habiganj,Nabiganj,24.565,91.515,Private,
Madhabpur cardiac unit,Habiganj,Madhabpur,24.115,91.295,Private,
Sylhet MAG Osmani MCH (Blood Bank),Sylhet,Sylhet Sadar,24.8999,91.8629,Government,
Fenchuganj Community Clinic 02,Sylhet,Fenchuganj,24.7085,91.9385,Government,
Golapganj Community Clinic 02,Sylhet,Golapganj,24.8585,92.0285,Government,
Gowainghat Community Clinic 02,Sylhet,Gowainghat,25.1085,91.9885,Government,
Balaganj Community Clinic 01,Sylhet,Balaganj,24.645,91.835,Government,
Beanibazar Community Clinic 01,Sylhet,Beanibazar,24.825,92.155,Government,
Bishwanath Community Clinic 01,Sylhet,Bishwanath,24.855,91.755,Government,
Companiganj Community Clinic 01,Sylhet,Companiganj,25.085,91.755,Government,
Jaintiapur Community Clinic 01,Sylhet,Jaintiapur,25.135,92.125,Government,
Kanaighat Community Clinic 01,Sylhet,Kanaighat,25.015,92.255,Government,
Zakiganj Community Clinic 01,Sylhet,Zakiganj,24.885,92.365,Government,
Kulaura Community Clinic 01,Moulvibazar,Kulaura,24.525,91.995,Government,
Barlekha Community Clinic 01,Moulvibazar,Barlekha,24.685,92.205,Government,
Juri Community Clinic 01,Moulvibazar,Juri,24.595,92.125,Government,
Kamalganj Community Clinic 01,Moulvibazar,Kamalganj,24.325,91.865,Government,
Rajnagar Community Clinic 01,Moulvibazar,Rajnagar,24.575,91.865,Government,
Sreemangal Community Clinic 01,Moulvibazar,Sreemangal,24.305,91.735,Government,
Bahubal Community Clinic 01,Habiganj,Bahubal,24.355,91.545,Government,
Baniyachong Community Clinic 01,Habiganj,Baniyachong,24.515,91.365,Government,
Chunarughat Community Clinic 01,Habiganj,Chunarughat,24.215,91.525,Government,
Ajmiriganj Community Clinic 01,Habiganj,Ajmiriganj,24.555,91.255,Government,
Lakhai Community Clinic 01,Habiganj,Lakhai,24.285,91.215,Government,
Madhabpur Community Clinic 01,Habiganj,Madhabpur,24.115,91.295,Government,
Nabiganj Community Clinic 01,Habiganj,Nabiganj,24.565,91.515,Government,
Sayestaganj Community Clinic 01,Habiganj,Sayestaganj,24.265,91.465,Government,
Bishwambarpur Community Clinic 01,Sunamganj,Bishwambarpur,25.075,91.305,Government,
Chhatak Community Clinic 01,Sunamganj,Chhatak,25.045,91.675,Government,
Derai Community Clinic 01,Sunamganj,Derai,24.785,91.355,Government,
Dharamapasha Community Clinic 01,Sunamganj,Dharamapasha,24.905,91.015,Government,
Dowarabazar Community Clinic 01,Sunamganj,Dowarabazar,25.055,91.565,Government,
Jagannathpur Community Clinic 01,Sunamganj,Jagannathpur,24.765,91.545,Government,
Jamalganj Community Clinic 01,Sunamganj,Jamalganj,24.995,91.225,Government,
Sullah Community Clinic 01,Sunamganj,Sullah,24.625,91.235,Government,
Tahirpur Community Clinic 01,Sunamganj,Tahirpur,25.095,91.175,Government,
Dakshin Surma Community Clinic 01,Sylhet,Dakshin Surma,24.845,91.875,Government,
Osmani Nagar Community Clinic 01,Sylhet,Osmani Nagar,24.715,91.725,Government,
Sylhet MAG Osmani MCH (Oncology Unit),Sylhet,Sylhet Sadar,24.8999,91.8629,Government,
Moulvibazar MCWC (Family Planning),Moulvibazar,Moulvibazar Sadar,24.485,91.768,Government,
Habiganj Specialized Heart Center,Habiganj,Habiganj Sadar,24.3855,91.4155,Government,
Sunamganj Kidney Care Center,Sunamganj,Sunamganj Sadar,25.0685,91.4025,Government,
Bishwanath Specialized Eye Unit,Sylhet,Bishwanath,24.855,91.755,Private,
Kanaighat General Diagnostic,Sylhet,Kanaighat,25.015,92.255,Private,
Zakiganj Mother and Child Care,Sylhet,Zakiganj,24.885,92.365,Private,
Barlekha Heart Clinic,Moulvibazar,Barlekha,24.685,92.205,Private,
Juri Pediatric Unit,Moulvibazar,Juri,24.595,92.125,Private,
Kamalganj Orthopedic Lab,Moulvibazar,Kamalganj,24.325,91.865,Private,
Rajnagar Surgical Center,Moulvibazar,Rajnagar,24.575,91.865,Private,
Bahubal General Lab,Habiganj,Bahubal,24.355,91.545,Private,
Baniyachong Diagnostic Center,Habiganj,Baniyachong,24.515,91.365,Private,
Chunarughat Dental Center,Habiganj,Chunarughat,24.215,91.525,Private,
Ajmiriganj Maternal Care,Habiganj,Ajmiriganj,24.555,91.255,Private,
Lakhai Rural Health Unit,Habiganj,Lakhai,24.285,91.215,Private,
Sayestaganj Trauma Center,Habiganj,Sayestaganj,24.265,91.465,Private,
Bishwambarpur Pediatric Unit,Sunamganj,Bishwambarpur,25.075,91.305,Private,
Derai Heart and Vision Clinic,Sunamganj,Derai,24.785,91.355,Private,
Dharamapasha General Lab,Sunamganj,Dharamapasha,24.905,91.015,Private,
Dowarabazar Specialized Clinic,Sunamganj,Dowarabazar,25.055,91.565,Private,
Jamalganj Mother Care unit,Sunamganj,Jamalganj,24.995,91.225,Private,
Sullah General Diagnostic,Sunamganj,Sullah,24.625,91.235,Private,
Tahirpur Children's Clinic,Sunamganj,Tahirpur,25.095,91.175,Private,
Sylhet City Dental Surgery,Sylhet,Zindabazar,24.895,91.87,Private,
Sylhet ENT and Allergy Center,Sylhet,Nayasarak,24.898,91.878,Private,
Sunamganj Metro Clinic,Sunamganj,Sunamganj Sadar,25.068,91.402,Private,
Habiganj Digital Lab 02,Habiganj,Habiganj Sadar,24.385,91.415,Private,
Moulvibazar Heart Foundation,Moulvibazar,Moulvibazar Sadar,24.4855,91.7685,Private,
Beanibazar Community Clinic 02,Sylhet,Beanibazar,24.826,92.156,Government,
Golapganj Community Clinic 03,Sylhet,Golapganj,24.856,92.026,Government,
Kulaura Community Clinic 02,Moulvibazar,Kulaura,24.526,91.996,Government,
Sreemangal Community Clinic 02,Moulvibazar,Sreemangal,24.306,91.736,Government,
Chhatak Community Clinic 02,Sunamganj,Chhatak,25.046,91.676,Government,
Jagannathpur Community Clinic 02,Sunamganj,Jagannathpur,24.766,91.546,Government,
Nabiganj Community Clinic 02,Habiganj,Nabiganj,24.566,91.516,Government,
Madhabpur Community Clinic 02,Habiganj,Madhabpur,24.116,91.296,Government,
Sylhet Urban Health Clinic 01,Sylhet,Sylhet Sadar,24.912,91.8655,Government,
Sylhet Urban Health Clinic 02,Sylhet,Sylhet Sadar,24.893,91.868,Government,
Moulvibazar Health Post 03,Moulvibazar,Moulvibazar Sadar,24.4855,91.7685,Government,
Sunamganj Health Post 03,Sunamganj,Sunamganj Sadar,25.068,91.402,Government,
Habiganj Health Post 03,Habiganj,Habiganj Sadar,24.385,91.415,Government,
Bishwanath Health Post 03,Sylhet,Bishwanath,24.855,91.755,Government,
Kanaighat Health Post 02,Sylhet,Kanaighat,25.015,92.255,Government,
Zakiganj Health Post 02,Sylhet,Zakiganj,24.885,92.365,Government,
Kulaura Health Post 03,Moulvibazar,Kulaura,24.525,91.995,Government,
Sreemangal Health Post 03,Moulvibazar,Sreemangal,24.305,91.735,Government,
Chhatak Health Post 03,Sunamganj,Chhatak,25.045,91.675,Government,
Nabiganj Health Post 02,Habiganj,Nabiganj,24.565,91.515,Government,
Fenchuganj Health Sub Center 02,Sylhet,Fenchuganj,24.7055,91.9355,Government,
Gowainghat Health Sub Center 02,Sylhet,Gowainghat,25.1055,91.9855,Government,
Golapganj Health Sub Center 02,Sylhet,Golapganj,24.8555,92.0255,Government,
Kanaighat Health Sub Center 02,Sylhet,Kanaighat,25.0155,92.2555,Government,
Zakiganj Health Sub Center 02,Sylhet,Zakiganj,24.8855,92.3655,Government,
Kulaura Health Sub Center 02,Moulvibazar,Kulaura,24.5255,91.9955,Government,
Sreemangal Health Sub Center 02,Moulvibazar,Sreemangal,24.3055,91.7355,Government,
Chhatak Health Sub Center 02,Sunamganj,Chhatak,25.0455,91.6755,Government,
Jagannathpur Health Sub Center 02,Sunamganj,Jagannathpur,24.7655,91.5455,Government,
Nabiganj Health Sub Center 02,Habiganj,Nabiganj,24.5655,91.5155,Government,
Madhabpur Health Sub Center 02,Habiganj,Madhabpur,24.1155,91.2955,Government,
Sylhet MAG Osmani MCH (Ophthalmology Wing),Sylhet,Sylhet Sadar,24.8996,91.8626,Government,
Sylhet MAG Osmani MCH (Gastroenterology Wing),Sylhet,Sylhet Sadar,24.8997,91.8627,Government,
Sylhet MAG Osmani MCH (Neurology Wing),Sylhet,Sylhet Sadar,24.8998,91.8628,Government,
Moulvibazar District Hospital (Urology Unit),Moulvibazar,Moulvibazar Sadar,24.4856,91.7686,Government,
Habiganj District Hospital (Skin and VD Unit),Habiganj,Habiganj Sadar,24.3851,91.4151,Government,
Sunamganj District Hospital (ENT Wing),Sunamganj,Sunamganj Sadar,25.0681,91.4021,Government,
Balaganj Satellite Clinic 01,Sylhet,Balaganj,24.6455,91.8355,Government,
Biswanath Satellite Clinic 01,Sylhet,Biswanath,24.8555,91.7555,Government,
Dakshin Surma Satellite Clinic 01,Sylhet,Dakshin Surma,24.8455,91.8755,Government,
Osmani Nagar Satellite Clinic 01,Sylhet,Osmani Nagar,24.7155,91.7255,Government,
Kulaura Satellite Clinic 01,Moulvibazar,Kulaura,24.5255,91.9955,Government,
Sreemangal Satellite Clinic 01,Moulvibazar,Sreemangal,24.3055,91.7355,Government,
Kamalganj Satellite Clinic 01,Moulvibazar,Kamalganj,24.3255,91.8655,Government,
Rajnagar Satellite Clinic 01,Moulvibazar,Rajnagar,24.5755,91.8655,Government,
Juri Satellite Clinic 01,Moulvibazar,Juri,24.5955,92.1255,Government,
Barlekha Satellite Clinic 01,Moulvibazar,Barlekha,24.6855,92.2055,Government,
Chhatak Satellite Clinic 01,Sunamganj,Chhatak,25.0455,91.6755,Government,
Jagannathpur Satellite Clinic 01,Sunamganj,Jagannathpur,24.7655,91.5455,Government,
Derai Satellite Clinic 01,Sunamganj,Derai,24.7855,91.3555,Government,
Jamalganj Satellite Clinic 01,Sunamganj,Jamalganj,24.9955,91.2255,Government,
Tahirpur Satellite Clinic 01,Sunamganj,Tahirpur,25.0955,91.1755,Government,
Bishwambarpur Satellite Clinic 01,Sunamganj,Bishwambarpur,25.0755,91.3055,Government,
Dowarabazar Satellite Clinic 01,Sunamganj,Dowarabazar,25.0555,91.5655,Government,
Sullah Satellite Clinic 01,Sunamganj,Sullah,24.6255,91.2355,Government,
Dharamapasha Satellite Clinic 01,Sunamganj,Dharamapasha,24.9055,91.0155,Government,
Dakshin Sunamganj Satellite Clinic 01,Sunamganj,Dakshin Sunamganj,24.9255,91.4755,Government,
Bahubal Satellite Clinic 01,Habiganj,Bahubal,24.3555,91.5455,Government,
Baniyachong Satellite Clinic 01,Habiganj,Baniyachong,24.5155,91.3655,Government,
Ajmiriganj Satellite Clinic 01,Habiganj,Ajmiriganj,24.5555,91.2555,Government,
Nabiganj Satellite Clinic 01,Habiganj,Nabiganj,24.5655,91.5155,Government,
Chunarughat Satellite Clinic 01,Habiganj,Chunarughat,24.2155,91.5255,Government,
Madhabpur Satellite Clinic 01,Habiganj,Madhabpur,24.1155,91.2955,Government,
Lakhai Satellite Clinic 01,Habiganj,Lakhai,24.2855,91.2155,Government,
Sayestaganj Satellite Clinic 01,Habiganj,Sayestaganj,24.2655,91.4655,Government,
Sylhet MAG Osmani MCH (Dialysis unit),Sylhet,Sylhet Sadar,24.8999,91.8629,Government,
Sylhet MAG Osmani MCH (Pathology Unit),Sylhet,Sylhet Sadar,24.8999,91.8629,Government,
Moulvibazar Medical Unit (Surgical),Moulvibazar,Moulvibazar Sadar,24.4855,91.768,Government,
Sunamganj Medical Unit (Orthopedic),Sunamganj,Sunamganj Sadar,25.0685,91.4025,Government,
Habiganj Medical Unit (Pediatric),Habiganj,Habiganj Sadar,24.3855,91.4155,Government,
Fenchuganj Mother care Clinic,Sylhet,Fenchuganj,24.705,91.935,Private,
Gowainghat Heart unit,Sylhet,Gowainghat,25.105,91.985,Private,
Golapganj diagnostic lab,Sylhet,Golapganj,24.855,92.025,Private,
Kanaighat Specialized Lab,Sylhet,Kanaighat,25.015,92.255,Private,
Zakiganj Heart Center,Sylhet,Zakiganj,24.885,92.365,Private,
Companiganj Specialized Clinic,Sylhet,Companiganj,25.085,91.755,Private,
Balaganj specialized lab,Sylhet,Balaganj,24.6455,91.8355,,
Alampur Community Clinic,Sylhet,Sylhet Sadar,24.852,91.851,Government,
Badighat Community Clinic,Sylhet,Sylhet Sadar,24.861,91.842,Government,
Dalsahar Community Clinic,Sylhet,Sylhet Sadar,24.872,91.835,Government,
Jangail Community Clinic,Sylhet,Sylhet Sadar,24.881,91.821,Government,
Khadimnagar CC 01,Sylhet,Sylhet Sadar,24.935,91.912,Government,
Khadimnagar CC 02,Sylhet,Sylhet Sadar,24.942,91.925,Government,
Tukerbazar Community Clinic,Sylhet,Sylhet Sadar,24.905,91.815,Government,
Mollargaon Community Clinic,Sylhet,Dakshin Surma,24.845,91.855,Government,
Tetli Community Clinic,Sylhet,Dakshin Surma,24.832,91.868,Government,
Kuchai Community Clinic,Sylhet,Dakshin Surma,24.821,91.882,Government,
Baraikandi Community Clinic,Sylhet,Dakshin Surma,24.855,91.872,Government,
Lalabazar Community Clinic,Sylhet,Dakshin Surma,24.805,91.835,Government,
Jalalpur Community Clinic,Sylhet,Dakshin Surma,24.785,91.895,Government,
Silloar Community Clinic,Sylhet,Dakshin Surma,24.775,91.905,Government,
Bishwanath CC 02,Sylhet,Bishwanath,24.851,91.742,Government,
Deokali Community Clinic,Sylhet,Bishwanath,24.842,91.735,Government,
Doshghar Community Clinic,Sylhet,Bishwanath,24.825,91.715,Government,
Puran Baza CC,Sylhet,Bishwanath,24.865,91.765,Government,
Rampasha Community Clinic,Sylhet,Bishwanath,24.885,91.775,Government,
Allapur Community Clinic,Sylhet,Bishwanath,24.871,91.722,Government,
Banshkuri Community Clinic,Sylhet,Bishwanath,24.835,91.705,Government,
Balaganj CC 02,Sylhet,Balaganj,24.635,91.825,Government,
Boaljur Community Clinic,Sylhet,Balaganj,24.621,91.842,Government,
Dewandighi Community Clinic,Sylhet,Balaganj,24.655,91.855,Government,
Gaharpur Community Clinic,Sylhet,Balaganj,24.615,91.815,Government,
West Pailanpur Community Clinic,Sylhet,Balaganj,24.665,91.825,Government,
Fenchuganj CC 03,Sylhet,Fenchuganj,24.695,91.942,Government,
Ghilachhara Community Clinic,Sylhet,Fenchuganj,24.682,91.925,Government,
Maizgaon Community Clinic,Sylhet,Fenchuganj,24.715,91.915,Government,
Uttar Kushiara Community Clinic,Sylhet,Fenchuganj,24.725,91.955,Government,
Amura Community Clinic,Sylhet,Golapganj,24.842,92.015,Government,
Bagha Community Clinic,Sylhet,Golapganj,24.875,92.055,Government,
Budhbari Bazar Community Clinic,Sylhet,Golapganj,24.865,92.075,Government,
Dhaka Dakshin Community Clinic,Sylhet,Golapganj,24.835,92.035,Government,
Lakshmipasha Community Clinic,Sylhet,Golapganj,24.825,92.045,Government,
Sharifganj Community Clinic,Sylhet,Golapganj,24.805,92.065,Government,
Dudhar Community Clinic,Sylhet,Golapganj,24.815,92.012,Government,
Beanibazar CC 03,Sylhet,Beanibazar,24.815,92.142,Government,
Alinagar Community Clinic,Sylhet,Beanibazar,24.835,92.165,Government,
Charkhai Community Clinic,Sylhet,Beanibazar,24.855,92.115,Government,
Dubag Community Clinic,Sylhet,Beanibazar,24.805,92.175,Government,
Kurar Bazar Community Clinic,Sylhet,Beanibazar,24.785,92.135,Government,
Lauful Community Clinic,Sylhet,Beanibazar,24.775,92.155,Government,
Sheola Community Clinic,Sylhet,Beanibazar,24.865,92.185,Government,
Tila Para Community Clinic,Sylhet,Beanibazar,24.821,92.192,Government,
Bara Chatul Community Clinic,Sylhet,Kanaighat,25.025,92.235,Government,
Dighirpar Community Clinic,Sylhet,Kanaighat,25.035,92.265,Government,
Jhingabari Community Clinic,Sylhet,Kanaighat,24.985,92.215,Government,
Satbak Community Clinic,Sylhet,Kanaighat,25.045,92.285,Government,
South Banigram Community Clinic,Sylhet,Kanaighat,25.005,92.205,Government,
Baraghal Community Clinic,Sylhet,Zakiganj,24.895,92.355,Government,
Birshri Community Clinic,Sylhet,Zakiganj,24.875,92.375,Government,
Kajalshah Community Clinic,Sylhet,Zakiganj,24.865,92.345,Government,
Khalsah Community Clinic,Sylhet,Zakiganj,24.905,92.385,Government,
Sultanpur Community Clinic,Sylhet,Zakiganj,24.855,92.335,Government,
Alirgaon Community Clinic,Sylhet,Gowainghat,25.095,91.975,Government,
Fatehpur Community Clinic,Sylhet,Gowainghat,25.115,91.965,Government,
Lengura Community Clinic,Sylhet,Gowainghat,25.125,91.995,Government,
Nandirgaon Community Clinic,Sylhet,Gowainghat,25.085,91.955,Government,
Pashchim Jaflong CC,Sylhet,Gowainghat,25.155,92.005,Government,
Rustampur Community Clinic,Sylhet,Gowainghat,25.135,91.945,Government,
Chiknagul Community Clinic,Sylhet,Jaintiapur,25.125,92.115,Government,
Darbest Community Clinic,Sylhet,Jaintiapur,25.145,92.135,Government,
Nijpat Community Clinic,Sylhet,Jaintiapur,25.155,92.145,Government,
Companiganj CC 02,Sylhet,Companiganj,25.075,91.745,Government,
Iclakapur Community Clinic,Sylhet,Companiganj,25.095,91.765,Government,
Telikhal Community Clinic,Sylhet,Companiganj,25.105,91.735,Government,
Dayamir Community Clinic,Sylhet,Osmani Nagar,24.725,91.715,Government,
Goyasapur Community Clinic,Sylhet,Osmani Nagar,24.705,91.735,Government,
Sadipur Community Clinic,Sylhet,Osmani Nagar,24.735,91.745,Government,
Tajpur Community Clinic,Sylhet,Osmani Nagar,24.715,91.705,Government,
West Pailanpur CC,Sylhet,Osmani Nagar,24.745,91.725,Government,
Boromchal Community Clinic,Moulvibazar,Kulaura,24.535,91.985,Government,
Joychandi Community Clinic,Moulvibazar,Kulaura,24.515,92.015,Government,
Kadipur Community Clinic,Moulvibazar,Kulaura,24.505,91.975,Government,
Prithimpasha Community Clinic,Moulvibazar,Kulaura,24.495,92.005,Government,
Tilagaon Community Clinic,Moulvibazar,Kulaura,24.545,91.965,Government,
Ashidron Community Clinic,Moulvibazar,Sreemangal,24.295,91.725,Government,
Bhunabir Community Clinic,Moulvibazar,Sreemangal,24.315,91.745,Government,
Kalapur Community Clinic,Moulvibazar,Sreemangal,24.325,91.715,Government,
Mirzapur Community Clinic,Moulvibazar,Sreemangal,24.285,91.755,Government,
Satgaon Community Clinic,Moulvibazar,Sreemangal,24.335,91.705,Government,
Adampur Community Clinic,Moulvibazar,Kamalganj,24.335,91.875,Government,
Islampur Community Clinic,Moulvibazar,Kamalganj,24.315,91.855,Government,
Madhabpur CC (Kamalganj),Moulvibazar,Kamalganj,24.305,91.885,Government,
Patanushar Community Clinic,Moulvibazar,Kamalganj,24.345,91.845,Government,
Rahimpur Community Clinic,Moulvibazar,Kamalganj,24.355,91.835,Government,
Barlekha CC 02,Moulvibazar,Barlekha,24.675,92.195,Government,
Dakshinbag Community Clinic,Moulvibazar,Barlekha,24.695,92.215,Government,
Dasher Bazar Community Clinic,Moulvibazar,Barlekha,24.705,92.225,Government,
Niz Bahadurpur Community Clinic,Moulvibazar,Barlekha,24.665,92.185,Government,
Shahbazpur Community Clinic,Moulvibazar,Barlekha,24.715,92.235,Government,
Goali Community Clinic,Moulvibazar,Juri,24.585,92.115,Government,
Jaifarnagar Community Clinic,Moulvibazar,Juri,24.605,92.135,Government,
Phooltala Community Clinic,Moulvibazar,Juri,24.615,92.145,Government,
Bakshiganj Community Clinic,Moulvibazar,Rajnagar,24.565,91.855,Government,
Kamarchak Community Clinic,Moulvibazar,Rajnagar,24.585,91.875,Government,
Mansurnagar Community Clinic,Moulvibazar,Rajnagar,24.595,91.885,Government,
Munshibazar Community Clinic,Moulvibazar,Rajnagar,24.555,91.845,Government,
Five Star Diagnostic Sylhet,Sylhet,Sylhet Sadar,24.896,91.8715,Private,
Sylhet Heart Clinic,Sylhet,Zindabazar,24.8955,91.868,Private,
LabAid Sylhet (Diagnostic),Sylhet,Sylhet Sadar,24.899,91.875,Premium,
Shimanto General Hospital,Sylhet,Dakshin Surma,24.862,91.871,Private,
Jalalabad Specialized Hospital,Sylhet,Sylhet Sadar,24.915,91.845,Private,
Nabiganj Clinic,Habiganj,Nabiganj,24.565,91.515,Private,
Baniyachong Children Unit,Habiganj,Baniyachong,24.515,91.365,Private,
Chunarughat General Hospital,Habiganj,Chunarughat,24.215,91.525,Private,
Madhabpur Modern Hospital,Habiganj,Madhabpur,24.115,91.295,Private,
Sreemangal Specialized Eye,Moulvibazar,Sreemangal,24.305,91.735,Private,
Kulaura Diabates Center,Moulvibazar,Kulaura,24.525,91.995,Private,
Habiganj Cardiac Center,Habiganj,Habiganj Sadar,24.385,91.415,Private,
Sunamganj Digital Diagnostic,Sunamganj,Sunamganj Sadar,25.068,91.402,Private,
Sylhet Care & Cure,Sylhet,Pathantula,24.912,91.848,Private,
Moulvibazar General Lab 02,Moulvibazar,Moulvibazar Sadar,24.4855,91.7685,Private,
Habiganj Specialized Lab 02,Habiganj,Habiganj Sadar,24.385,91.415,Private,
Sunamganj Mother Clinic,Sunamganj,Sunamganj Sadar,25.068,91.402,Private,
Biswanath Digital Diagnostic,Sylhet,Bishwanath,24.855,91.755,Private,
Golapganj Specialized unit,Sylhet,Golapganj,24.855,92.025,Private,
Beanibazar General unit,Sylhet,Beanibazar,24.825,92.155,Private,
Fenchuganj diagnostic unit,Sylhet,Fenchuganj,24.705,91.935,Private,
Gowainghat specialized unit,Sylhet,Gowainghat,25.105,91.985,Private,
Zakiganj diagnostic wing,Sylhet,Zakiganj,24.885,92.365,Private,
Balaganj medical post,Sylhet,Balaganj,24.645,91.835,Private,
Jaintiapur health unit,Sylhet,Jaintiapur,25.135,92.125,Private,
Kanaighat pediatric lab,Sylhet,Kanaighat,25.015,92.255,Private,
Companiganj ortho clinic,Sylhet,Companiganj,25.085,91.755,Private,
Osmani Nagar cardiac lab,Sylhet,Osmani Nagar,24.715,91.725,Private,
Dakshin Surma specialized unit,Sylhet,Dakshin Surma,24.845,91.875,Private,
Sylhet Dental World,Sylhet,Nayasarak,24.8985,91.8795,Private,
Moulvibazar specialized eye unit,Moulvibazar,Moulvibazar Sadar,24.485,91.768,Private,
Habiganj diabetic center,Habiganj,Habiganj Sadar,24.385,91.415,Private,
Sunamganj ortho unit,Sunamganj,Sunamganj Sadar,25.068,91.402,Private,
Sreemangal cardiac care,Moulvibazar,Sreemangal,24.305,91.735,Private,
Kulaura mother & child,Moulvibazar,Kulaura,24.525,91.995,Private,
Kamalganj diagnostic center,Moulvibazar,Kamalganj,24.325,91.865,Private,
Rajnagar health care unit,Moulvibazar,Rajnagar,24.575,91.865,Private,
Barlekha surgical unit,Moulvibazar,Barlekha,24.685,92.205,Private,
Juri specialized diagnostic center,Moulvibazar,Juri,24.595,92.125,Private,
Bahubal children's unit,Habiganj,Bahubal,24.355,91.545,Private,
Baniyachong cardiac unit,Habiganj,Baniyachong,24.515,91.365,Private,
Ajmiriganj specialized lab,Habiganj,Ajmiriganj,24.555,91.255,Private,
Nabiganj mother unit,Habiganj,Nabiganj,24.565,91.515,Private,
Chunarughat pediatric center,Habiganj,Chunarughat,24.215,91.525,Private,
Madhabpur specialized wing,Habiganj,Madhabpur,24.115,91.295,Private,
Lakhai general lab,Habiganj,Lakhai,24.285,91.215,Private,
Sayestaganj mother care,Habiganj,Sayestaganj,24.265,91.465,Private,
Derai diagnostic center,Sunamganj,Derai,24.785,91.355,Private,
Jagannathpur specialized lab,Sunamganj,Jagannathpur,24.765,91.545,Private,
Chhatak heart clinic,Sunamganj,Chhatak,25.045,91.675,Private,
Jamalganj children care,Sunamganj,Jamalganj,24.995,91.225,Private,
Tahirpur maternal clinic,Sunamganj,Tahirpur,25.095,91.175,Private,
Bishwambarpur surgical wing,Sunamganj,Bishwambarpur,25.075,91.305,Private,
Dowarabazar heart unit,Sunamganj,Dowarabazar,25.055,91.565,Private,
Sullah medical unit,Sunamganj,Sullah,24.6255,91.2355,Private,
Dharamapasha cardiac lab,Sunamganj,Dharamapasha,24.9055,91.0155,Private,
Dakshin Sunamganj specialized center,Sunamganj,Dakshin Sunamganj,24.9255,91.4755,Private,
Sylhet specialized neuro unit,Sylhet,Sylhet Sadar,24.895,91.868,Private,
Sylhet oncology care unit,Sylhet,Sylhet Sadar,24.8995,91.8625,Private,
Moulvibazar trauma lab,Moulvibazar,Moulvibazar Sadar,24.4855,91.7685,Private,
Habiganj orthopedic wing,Habiganj,Habiganj Sadar,24.385,91.415,Private,
Sunamganj eye care clinic,Sunamganj,Sunamganj Sadar,25.068,91.402,Private,
Sylhet MAG Osmani MCH (Dermatology Unit),Sylhet,Sylhet Sadar,24.8999,91.8629,Government,
Moulvibazar 250 Bed (Surgical Wing),Moulvibazar,Moulvibazar Sadar,24.4855,91.7685,Government,
Habiganj 250 Bed (Pediatric Wing),Habiganj,Habiganj Sadar,24.385,91.415,Government,
Sunamganj 250 Bed (Cardiac Wing),Sunamganj,Sunamganj Sadar,25.068,91.402,Government,
Bishwanath Health Post 04,Sylhet,Bishwanath,24.855,91.755,Government,
Beanibazar Health Post 02,Sylhet,Beanibazar,24.825,92.155,Government,
Golapganj Health Post 02,Sylhet,Golapganj,24.855,92.025,Government,
Kulaura Health Post 04,Moulvibazar,Kulaura,24.525,91.995,Government,
Sreemangal Health Post 04,Moulvibazar,Sreemangal,24.305,91.735,Government,
Chhatak Health Post 04,Sunamganj,Chhatak,25.045,91.675,Government,
Jagannathpur Health Post 03,Sunamganj,Jagannathpur,24.765,91.545,Government,
Nabiganj Health Post 03,Habiganj,Nabiganj,24.565,91.515,Government,
Madhabpur Health Post 02,Habiganj,Madhabpur,24.115,91.295,Government,
Balaganj Community Clinic 02,Sylhet,Balaganj,24.6455,91.8355,Government,
Jaintiapur Community Clinic 02,Sylhet,Jaintiapur,25.1355,92.1255,Government,
Kanaighat Community Clinic 02,Sylhet,Kanaighat,25.0155,92.2555,Government,
Companiganj Community Clinic 03,Sylhet,Companiganj,25.0855,91.7555,Government,
Zakiganj Community Clinic 02,Sylhet,Zakiganj,24.8855,92.3655,Government,
Osmani Nagar Community Clinic 02,Sylhet,Osmani Nagar,24.7155,91.7255,Government,
Dakshin Surma Community Clinic 02,Sylhet,Dakshin Surma,24.8455,91.8755,Government,
Bishwanath CC 03,Sylhet,Bishwanath,24.851,91.742,Government,
Golapganj CC 04,Sylhet,Golapganj,24.856,92.026,Government,
Beanibazar CC 04,Sylhet,Beanibazar,24.826,92.156,Government,
Fenchuganj CC 04,Sylhet,Fenchuganj,24.7055,91.9355,Government,
Bhawal Community Clinic,Sylhet,Sylhet Sadar,24.912,91.821,Government,
DibirhaCommunity Clinic,Sylhet,Sylhet Sadar,24.931,91.832,Government,
Moglabazar Community Clinic,Sylhet,Dakshin Surma,24.815,91.892,Government,
Daotpur Community Clinic,Sylhet,Dakshin Surma,24.825,91.902,Government,
Laxmipasha CC 02,Sylhet,Golapganj,24.821,92.051,Government,
Phulsai Community Clinic,Sylhet,Golapganj,24.811,92.061,Government,
Chandanpur Community Clinic,Sylhet,Zakiganj,24.891,92.341,Government,
Barachal Community Clinic,Sylhet,Zakiganj,24.881,92.351,Government,
Manikpur Community Clinic,Sylhet,Zakiganj,24.871,92.361,Government,
Kajir Bazar Community Clinic,Sylhet,Zakiganj,24.861,92.371,Government,
Porgona Community Clinic,Sylhet,Zakiganj,24.851,92.381,Government,
Khasergaon Community Clinic,Sylhet,Gowainghat,25.111,91.951,Government,
Nayagang Community Clinic,Sylhet,Gowainghat,25.121,91.961,Government,
Hadarkhal Community Clinic,Sylhet,Gowainghat,25.131,91.971,Government,
Toikul Community Clinic,Sylhet,Gowainghat,25.141,91.981,Government,
Ghasigaon Community Clinic,Sylhet,Gowainghat,25.151,91.991,Government,
Bagbari Community Clinic,Sylhet,Bishwanath,24.845,91.751,Government,
Khowajpur Community Clinic,Sylhet,Bishwanath,24.835,91.741,Government,
Lama-Kaji Community Clinic,Sylhet,Bishwanath,24.875,91.761,Government,
Telikhal CC 02,Sylhet,Companiganj,25.115,91.745,Government,
Ranikhai Community Clinic,Sylhet,Companiganj,25.125,91.755,Government,
Doyamir CC 02,Sylhet,Osmani Nagar,24.731,91.721,Government,
Burunga Community Clinic,Sylhet,Osmani Nagar,24.741,91.731,Government,
Goalabazar Community Clinic,Sylhet,Osmani Nagar,24.751,91.741,Government,
Brahmangram Community Clinic,Moulvibazar,Kulaura,24.521,92.021,Government,
Bhatera Community Clinic,Moulvibazar,Kulaura,24.531,92.031,Government,
Baramchal CC 02,Moulvibazar,Kulaura,24.541,92.041,Government,
Kolaura Sadar CC,Moulvibazar,Kulaura,24.511,92.051,Government,
Patuaripara Community Clinic,Moulvibazar,Sreemangal,24.311,91.741,Government,
Radhanagar Community Clinic,Moulvibazar,Sreemangal,24.321,91.751,Government,
Sindurkhan Community Clinic,Moulvibazar,Sreemangal,24.281,91.761,Government,
Amio Community Clinic,Moulvibazar,Kamalganj,24.341,91.841,Government,
Munshibazar CC 02,Moulvibazar,Kamalganj,24.351,91.851,Government,
Alampur CC 02,Moulvibazar,Rajnagar,24.561,91.871,Government,
Uttarkul Community Clinic,Moulvibazar,Rajnagar,24.571,91.881,Government,
Fultala CC 02,Moulvibazar,Juri,24.621,92.151,Government,
Barlekha Sadar CC,Moulvibazar,Barlekha,24.691,92.211,Government,
Dakshin Sreepur CC,Sunamganj,Sunamganj Sadar,25.075,91.415,Government,
Molla-para Community Clinic,Sunamganj,Sunamganj Sadar,25.085,91.425,Government,
Jawa Bazar Community Clinic,Sunamganj,Chhatak,25.031,91.681,Government,
Singchapair Community Clinic,Sunamganj,Chhatak,25.021,91.691,Government,
Dolarbazar Community Clinic,Sunamganj,Chhatak,25.011,91.701,Government,
Govindaganj Community Clinic,Sunamganj,Chhatak,25.001,91.711,Government,
Kaitak Community Clinic,Sunamganj,Chhatak,25.051,91.721,Government,
Mirzapur CC 02,Sunamganj,Jagannathpur,24.771,91.551,Government,
Raniiganj Community Clinic,Sunamganj,Jagannathpur,24.781,91.561,Government,
Pailgaon Community Clinic,Sunamganj,Jagannathpur,24.791,91.571,Government,
Asharkandi Community Clinic,Sunamganj,Jagannathpur,24.801,91.581,Government,
Kadirganj Community Clinic,Sunamganj,Jamalganj,25.011,91.231,Government,
Beheli Community Clinic,Sunamganj,Jamalganj,25.021,91.241,Government,
Fenarbak Community Clinic,Sunamganj,Jamalganj,25.031,91.251,Government,
Saktiarkhola Community Clinic,Sunamganj,Tahirpur,25.101,91.181,Government,
Badaghat Community Clinic,Sunamganj,Tahirpur,25.111,91.191,Government,
Balijuri Community Clinic,Sunamganj,Tahirpur,25.121,91.201,Government,
Fatehpur (Sunamganj) Community Clinic,Sunamganj,Bishwambarpur,25.081,91.311,Government,
Palash Community Clinic,Sunamganj,Bishwambarpur,25.091,91.321,Government,
Lakshmipur (Sunamganj) Community Clinic,Sunamganj,Dowarabazar,25.061,91.571,Government,
Bhogla Bazar Community Clinic,Sunamganj,Dowarabazar,25.071,91.581,Government,
Atgaon Community Clinic,Sunamganj,Sullah,24.631,91.241,Government,
Bahara Community Clinic,Sunamganj,Sullah,24.641,91.251,Government,
Paikurati Community Clinic,Sunamganj,Dharamapasha,24.911,91.021,Government,
Selbarash Community Clinic,Sunamganj,Dharamapasha,24.921,91.031,Government,
Pathariya Community Clinic,Sunamganj,Dakshin Sunamganj,24.931,91.481,Government,
Joykalas Community Clinic,Sunamganj,Dakshin Sunamganj,24.941,91.491,Government,
Bahubal CC 02,Habiganj,Bahubal,24.361,91.551,Government,
Putijuri Community Clinic,Habiganj,Bahubal,24.371,91.561,Government,
Baniyachong CC 02,Habiganj,Baniyachong,24.521,91.371,Government,
Kagapasha Community Clinic,Habiganj,Baniyachong,24.531,91.381,Government,
Pail Community Clinic,Habiganj,Habiganj Sadar,24.391,91.421,Government,
Gopaya Community Clinic,Habiganj,Habiganj Sadar,24.401,91.431,Government,
Laskarpur Community Clinic,Habiganj,Habiganj Sadar,24.411,91.441,Government,
Ajmiriganj CC 02,Habiganj,Ajmiriganj,24.561,91.261,Government,
Jolsuka Community Clinic,Habiganj,Ajmiriganj,24.571,91.271,Government,
Nabiganj CC 02,Habiganj,Nabiganj,24.571,91.521,Government,
Bausha Community Clinic,Habiganj,Nabiganj,24.581,91.531,Government,
Inathganj Community Clinic,Habiganj,Nabiganj,24.591,91.541,Government,
Deorgach Community Clinic,Habiganj,Chunarughat,24.221,91.531,Government,
Paikpara Community Clinic,Habiganj,Chunarughat,24.231,91.541,Government,
Ahammedpur Community Clinic,Habiganj,Chunarughat,24.241,91.551,Government,
Madhabpur CC 02,Habiganj,Madhabpur,24.121,91.301,Government,
Andiura Community Clinic,Habiganj,Madhabpur,24.131,91.311,Government,
Bulla Community Clinic,Habiganj,Lakhai,24.291,91.221,Government,
Lakhai Sadar CC,Habiganj,Lakhai,24.301,91.231,Government,
Sayestaganj CC 02,Habiganj,Sayestaganj,24.271,91.471,Government,
Noor-Nahar Clinic,Sylhet,Moulvibazar Road,24.872,91.881,Private,
Sylhet Eye Hospital & Laser Center,Sylhet,Bagbari,24.901,91.851,Private,
Mother & Child Clinic Habiganj,Habiganj,Main Road,24.381,91.412,Private,
Central Hospital Sunamganj,Sunamganj,Sadar,25.071,91.405,Private,
Sreemangal General Hospital,Moulvibazar,Sreemangal,24.302,91.732,Private,
Beanibazar Diabetic Hospital,Sylhet,Beanibazar,24.8255,92.1555,Private,
South Surma Hospital,Sylhet,Dakshin Surma,24.861,91.872,Private,
Osmani Nagar Diagnostic Center,Sylhet,Tajpur,24.711,91.701,Private,
Bishwanath Health Care,Sylhet,Bishwanath,24.851,91.751,Private,
Kanaighat Modern Diagnostic,Sylhet,Kanaighat,25.011,92.251,Private,
Golapganj Dental Clinic,Sylhet,Golapganj,24.851,92.021,Private,
Gowainghat Children's Clinic,Sylhet,Gowainghat,25.101,91.981,Private,
Sylhet Kidney & Urology Hospital,Sylhet,Subhanighat,24.891,91.882,Private,
Moulvibazar Cancer Care Unit,Moulvibazar,Sadar,24.481,91.765,Private,
Habiganj Trauma Center,Habiganj,Sadar,24.381,91.418,Private,
Sunamganj Specialized Heart,Sunamganj,Sadar,25.068,91.401,Private,
Biswanath Eye Hospital,Sylhet,Bishwanath,24.851,91.751,Private,
Osmani Medical (Outdoor unit),Sylhet,Sylhet Sadar,24.8995,91.8625,Government,
Shamsuddin Hospital (Emergency),Sylhet,Sylhet Sadar,24.893,91.868,Government,
Habiganj Sadar (Surgical Wing),Habiganj,Habiganj Sadar,24.385,91.415,Government,
Sunamganj Sadar (Maternity Wing),Sunamganj,Sunamganj Sadar,25.068,91.402,Government,
Moulvibazar Sadar (Pediatric Wing),Moulvibazar,Moulvibazar Sadar,24.4855,91.7685,Government,
Biswanath UHC (Annex),Sylhet,Bishwanath,24.855,91.755,Government,
Golapganj UHC (Extension),Sylhet,Golapganj,24.855,92.025,Government,
Kanaighat UHC (Emergency),Sylhet,Kanaighat,25.015,92.255,Government,
Zakiganj UHC (Surgical),Sylhet,Zakiganj,24.885,92.365,Government,
Beanibazar UHC (Annex),Sylhet,Beanibazar,24.825,92.155,Government,
Balaganj UHC (Extension),Sylhet,Balaganj,24.645,91.835,Government,
Fenchuganj UHC (Emergency),Sylhet,Fenchuganj,24.705,91.935,Government,
Dakshin Surma UHC (Annex),Sylhet,Dakshin Surma,24.845,91.875,Government,
Osmani Nagar UHC (Proposed Unit),Sylhet,Osmani Nagar,24.715,91.725,Government,
Kulaura UHC (Specialized),Moulvibazar,Kulaura,24.525,91.995,Government,
Sreemangal UHC (Annex),Moulvibazar,Sreemangal,24.305,91.735,Government,
Kamalganj UHC (Extension),Moulvibazar,Kamalganj,24.325,91.865,Government,
Rajnagar UHC (Emergency),Moulvibazar,Rajnagar,24.575,91.865,Government,
Juri UHC (Proposed Unit),Moulvibazar,Juri,24.595,92.125,Government,
Barlekha UHC (Annex),Moulvibazar,Barlekha,24.685,92.205,Government,
Chhatak UHC (Surgical),Sunamganj,Chhatak,25.045,91.675,Government,
Jagannathpur UHC (Annex),Sunamganj,Jagannathpur,24.765,91.545,Government,
Derai UHC (Emergency),Sunamganj,Derai,24.785,91.355,Government,
Jamalganj UHC (Extension),Sunamganj,Jamalganj,24.995,91.225,Government,
Tahirpur UHC (Annex),Sunamganj,Tahirpur,25.095,91.175,Government,
Bishwambarpur UHC (Emergency),Sunamganj,Bishwambarpur,25.075,91.305,Government,
Dowarabazar UHC (Extension),Sunamganj,Dowarabazar,25.055,91.565,Government,
Sullah UHC (Annex),Sunamganj,Sullah,24.625,91.235,Government,
Dharamapasha UHC (Emergency),Sunamganj,Dharamapasha,24.905,91.015,Government,
Dakshin Sunamganj UHC (Extension),Sunamganj,Dakshin Sunamganj,24.925,91.475,Government,
Nabiganj UHC (Annex),Habiganj,Nabiganj,24.565,91.515,Government,
Bahubal UHC (Emergency),Habiganj,Bahubal,24.355,91.545,Government,
Baniyachong UHC (Surgical),Habiganj,Baniyachong,24.515,91.365,Government,
Ajmiriganj UHC (Extension),Habiganj,Ajmiriganj,24.555,91.255,Government,
Chunarughat UHC (Annex),Habiganj,Chunarughat,24.215,91.525,Government,
Madhabpur UHC (Emergency),Habiganj,Madhabpur,24.115,91.295,Government,
Lakhai UHC (Extension),Habiganj,Lakhai,24.285,91.215,Government,
Sayestaganj UHC (Proposed Unit),Habiganj,Sayestaganj,24.265,91.465,Government,
Badighat Satellite Clinic,Sylhet,Sylhet Sadar,24.861,91.842,Government,
Moglabazar Satellite Clinic,Sylhet,Dakshin Surma,24.815,91.892,Government,
Laxmipasha Satellite Clinic,Sylhet,Golapganj,24.821,92.051,Government,
Khasergaon Satellite Clinic,Sylhet,Gowainghat,25.111,91.951,Government,
Lama-Kaji Satellite Clinic,Sylhet,Bishwanath,24.875,91.761,Government,
Ranikhai Satellite Clinic,Sylhet,Companiganj,25.125,91.755,Government,
Goalabazar Satellite Clinic,Sylhet,Osmani Nagar,24.751,91.741,Government,
Joychandi Satellite Clinic,Moulvibazar,Kulaura,24.515,92.015,Government,
Sindurkhan Satellite Clinic,Moulvibazar,Sreemangal,24.281,91.761,Government,
Adampur Satellite Clinic,Moulvibazar,Kamalganj,24.335,91.875,Government,
Munshibazar Satellite Clinic,Moulvibazar,Rajnagar,24.555,91.845,Government,
Goali Satellite Clinic,Moulvibazar,Juri,24.585,92.115,Government,
Dakshin Sreepur Satellite Clinic,Sunamganj,Sunamganj Sadar,25.075,91.415,Government,
Jawa Bazar Satellite Clinic,Sunamganj,Chhatak,25.031,91.681,Government,
Mirzapur Satellite Clinic,Sunamganj,Jagannathpur,24.771,91.551,Government,
Kadirganj Satellite Clinic,Sunamganj,Jamalganj,25.011,91.231,Government,
Badaghat Satellite Clinic,Sunamganj,Tahirpur,25.111,91.191,Government,
Palash Satellite Clinic,Sunamganj,Bishwambarpur,25.091,91.321,Government,
Bhogla Bazar Satellite Clinic,Sunamganj,Dowarabazar,25.071,91.581,Government,
Atgaon Satellite Clinic,Sunamganj,Sullah,24.631,91.241,Government,
Selbarash Satellite Clinic,Sunamganj,Dharamapasha,24.921,91.031,Government,
Joykalas Satellite Clinic,Sunamganj,Dakshin Sunamganj,24.941,91.491,Government,
Putijuri Satellite Clinic,Habiganj,Bahubal,24.371,91.561,Government,
Kagapasha Satellite Clinic,Habiganj,Baniyachong,24.531,91.381,Government,
Pail Satellite Clinic,Habiganj,Habiganj Sadar,24.391,91.421,Government,
Jolsuka Satellite Clinic,Habiganj,Ajmiriganj,24.571,91.271,Government,
Inathganj Satellite Clinic,Habiganj,Nabiganj,24.591,91.541,Government,
Deorgach Satellite Clinic,Habiganj,Chunarughat,24.221,91.531,Government,
Andiura Satellite Clinic,Habiganj,Madhabpur,24.131,91.311,Government,
Bulla Satellite Clinic,Habiganj,Lakhai,24.291,91.221,Government,
Sayestaganj Satellite Clinic,Habiganj,Sayestaganj,24.271,91.471,Government,
Sylhet Heart & Chest center 02,Sylhet,Zindabazar,24.895,91.8715,Private,
Moulvibazar trauma lab 02,Moulvibazar,Moulvibazar Sadar,24.4855,91.7685,Private,
Habiganj orthopedic wing 02,Habiganj,Habiganj Sadar,24.385,91.415,Private,
Sunamganj eye care clinic 02,Sunamganj,Sunamganj Sadar,25.068,91.402,Private,
Biswanath specialized lab 03,Sylhet,Biswanath,24.8565,91.7565,Private,
Golapganj heart unit 03,Sylhet,Golapganj,24.8565,92.0265,Private,
Kulaura pediatric unit 03,Moulvibazar,Kulaura,24.5265,91.9965,Private,
Sreemangal cardiac lab 03,Moulvibazar,Sreemangal,24.3065,91.7365,Private,
Kamalganj specialized unit 03,Moulvibazar,Kamalganj,24.3265,91.8665,Private,
Rajnagar diagnostic lab 03,Moulvibazar,Rajnagar,24.5765,91.8665,Private,
Juri heart unit 03,Moulvibazar,Juri,24.5965,92.1265,Private,
Barlekha mother care 03,Moulvibazar,Barlekha,24.6865,92.2065,Private,
Chhatak pediatric lab 03,Sunamganj,Chhatak,25.0465,91.6765,Private,
Jagannathpur surgical unit 03,Sunamganj,Jagannathpur,24.7665,91.5465,Private,
Derai heart unit 03,Sunamganj,Derai,24.7865,91.3565,Private,
Jamalganj diagnostic unit 03,Sunamganj,Jamalganj,24.9965,91.2265,Private,
Tahirpur specialized lab 03,Sunamganj,Tahirpur,25.0965,91.1765,Private,
Bishwambarpur mother care 03,Sunamganj,Bishwambarpur,25.0765,91.3065,Private,
Dowarabazar pediatric unit 03,Sunamganj,Dowarabazar,25.0565,91.5665,Private,
Sullah surgical lab 03,Sunamganj,Sullah,24.6265,91.2365,Private,
Dharamapasha diagnostic unit 03,Sunamganj,Dharamapasha,24.9065,91.0165,Private,
Dakshin Sunamganj specialized wing 03,Sunamganj,Dakshin Sunamganj,24.9265,91.4765,Private,
Sylhet MAG Osmani MCH (Nephrology Wing),Sylhet,Sylhet Sadar,24.8999,91.8629,Government,
Sylhet MAG Osmani MCH (Endocrinology Wing),Sylhet,Sylhet Sadar,24.8999,91.8629,Government,
Sylhet MAG Osmani MCH (Hematology Wing),Sylhet,Sylhet Sadar,24.8999,91.8629,Government,
Moulvibazar Medical Unit (Pathology),Moulvibazar,Moulvibazar Sadar,24.4855,91.768,Government,
Sunamganj Medical Unit (Emergency),Sunamganj,Sunamganj Sadar,25.0685,91.4025,Government,
Habiganj Medical Unit (Surgery),Habiganj,Habiganj Sadar,24.3855,91.4155,Government,
Sylhet Satellite Clinic 02,Sylhet,Sylhet Sadar,24.913,91.866,Government,
Moulvibazar Satellite Clinic 02,Moulvibazar,Moulvibazar Sadar,24.486,91.769,Government,
Sunamganj Satellite Clinic 02,Sunamganj,Sunamganj Sadar,25.069,91.403,Government,
Habiganj Satellite Clinic 02,Habiganj,Habiganj Sadar,24.386,91.416,Government,
Bishwanath Health Post 05,Sylhet,Bishwanath,24.8555,91.7555,Government,
Beanibazar Health Post 03,Sylhet,Beanibazar,24.826,92.156,Government,
Golapganj Health Post 03,Sylhet,Golapganj,24.856,92.026,Government,
Kulaura Health Post 05,Moulvibazar,Kulaura,24.526,91.996,Government,
Sreemangal Health Post 05,Moulvibazar,Sreemangal,24.306,91.736,Government,
Chhatak Health Post 05,Sunamganj,Chhatak,25.046,91.676,Government,
Jagannathpur Health Post 04,Sunamganj,Jagannathpur,24.766,91.546,Government,
Nabiganj Health Post 04,Habiganj,Nabiganj,24.566,91.516,Government,
Madhabpur Health Post 03,Habiganj,Madhabpur,24.116,91.296,Government,
Balaganj Community Clinic 03,Sylhet,Balaganj,24.646,91.836,Government,
Jaintiapur Community Clinic 03,Sylhet,Jaintiapur,25.136,92.126,Government,
Kanaighat Community Clinic 03,Sylhet,Kanaighat,25.016,92.256,Government,
Companiganj Community Clinic 04,Sylhet,Companiganj,25.086,91.756,Government,
Zakiganj Community Clinic 03,Sylhet,Zakiganj,24.886,92.366,Government,
Osmani Nagar Community Clinic 03,Sylhet,Osmani Nagar,24.716,91.726,Government,
Dakshin Surma Community Clinic 03,Sylhet,Dakshin Surma,24.846,91.876,Government,
Bishwanath CC 04,Sylhet,Bishwanath,24.852,91.743,Government,
Golapganj CC 05,Sylhet,Golapganj,24.857,92.027,Government,
Beanibazar CC 05,Sylhet,Beanibazar,24.827,92.157,Government,
Fenchuganj CC 05,Sylhet,Fenchuganj,24.706,91.936,Government,
Biswanath specialized lab 04,Sylhet,Biswanath,24.857,91.757,Private,
Beanibazar specialized wing 03,Sylhet,Beanibazar,24.827,92.157,Private,
Golapganj heart unit 04,Sylhet,Golapganj,24.857,92.027,Private,
Kulaura pediatric unit 04,Moulvibazar,Kulaura,24.527,91.997,Private,
Sreemangal cardiac lab 04,Moulvibazar,Sreemangal,24.307,91.737,Private,
Kamalganj specialized unit 04,Moulvibazar,Kamalganj,24.327,91.867,Private,
Rajnagar diagnostic lab 04,Moulvibazar,Rajnagar,24.577,91.867,Private,
Juri heart unit 04,Moulvibazar,Juri,24.597,92.127,Private,
Barlekha mother care 04,Moulvibazar,Barlekha,24.687,92.207,Private,
Chhatak pediatric lab 04,Sunamganj,Chhatak,25.047,91.677,Private,
Jagannathpur surgical unit 04,Sunamganj,Jagannathpur,24.767,91.547,Private,
Derai heart unit 04,Sunamganj,Derai,24.787,91.357,Private,
Jamalganj diagnostic unit 04,Sunamganj,Jamalganj,24.997,91.227,Private,
Tahirpur specialized lab 04,Sunamganj,Tahirpur,25.097,91.177,Private,
Bishwambarpur mother care 04,Sunamganj,Bishwambarpur,25.077,91.307,Private,
Dowarabazar pediatric unit 04,Sunamganj,Dowarabazar,25.057,91.567,Private,
Sullah surgical lab 04,Sunamganj,Sullah,24.627,91.237,Private,
Dharamapasha diagnostic unit 04,Sunamganj,Dharamapasha,24.907,91.017,Private,
Dakshin Sunamganj specialized wing 04,Sunamganj,Dakshin Sunamganj,24.927,91.477,Private,
Bahubal pediatric lab 03,Habiganj,Bahubal,24.357,91.547,Private,
Baniyachong surgical wing 03,Habiganj,Baniyachong,24.517,91.367,Private,
Ajmiriganj diagnostic lab 03,Habiganj,Ajmiriganj,24.557,91.257,Private,
Nabiganj specialized wing 03,Habiganj,Nabiganj,24.567,91.517,Private,
Chunarughat mother unit 03,Habiganj,Chunarughat,24.217,91.527,Private,
Madhabpur surgical unit 03,Habiganj,Madhabpur,24.117,91.297,Private,
Lakhai diagnostic unit 03,Habiganj,Lakhai,24.287,91.217,Private,
Sayestaganj heart lab 03,Habiganj,Sayestaganj,24.267,91.467,Private,
Sylhet specialized neuro lab 02,Sylhet,Sylhet Sadar,24.896,91.869,Private,
Sylhet oncology care unit 02,Sylhet,Sylhet Sadar,24.9005,91.8635,Private,
Moulvibazar trauma lab 03,Moulvibazar,Moulvibazar Sadar,24.4865,91.7695,Private,
Habiganj orthopedic wing 03,Habiganj,Habiganj Sadar,24.386,91.416,Private,
Sunamganj eye care clinic 03,Sunamganj,Sunamganj Sadar,25.069,91.403,Private,
Sylhet MAG Osmani MCH (Radiology Wing),Sylhet,Sylhet Sadar,24.8999,91.8629,Government,
Sylhet MAG Osmani MCH (Anesthesia Wing),Sylhet,Sylhet Sadar,24.8999,91.8629,Government,
Sylhet MAG Osmani MCH (ICU Wing),Sylhet,Sylhet Sadar,24.8999,91.8629,Government,
Moulvibazar Medical Unit (Radiology),Moulvibazar,Moulvibazar Sadar,24.4855,91.768,Government,
Sunamganj Medical Unit (Pediatric),Sunamganj,Sunamganj Sadar,25.0685,91.4025,Government,
Habiganj Medical Unit (Cardiac),Habiganj,Habiganj Sadar,24.3855,91.4155,Government,
Sylhet City Dental Surgery 02,Sylhet,Zindabazar,24.896,91.871,Private,
Sylhet ENT and Allergy Center 02,Sylhet,Nayasarak,24.899,91.879,Private,
Sunamganj Metro Clinic 02,Sunamganj,Sunamganj Sadar,25.069,91.403,Private,
Habiganj Digital Lab 03,Habiganj,Habiganj Sadar,24.386,91.416,Private,
Moulvibazar Heart Foundation 02,Moulvibazar,Moulvibazar Sadar,24.4865,91.7695,Private,
Biswanath specialized lab 05,Sylhet,Biswanath,24.8575,91.7575,Private,
Golapganj heart unit 05,Sylhet,Golapganj,24.8575,92.0275,Private,
Kulaura pediatric unit 05,Moulvibazar,Kulaura,24.5275,91.9975,Private,
Sreemangal cardiac lab 05,Moulvibazar,Sreemangal,24.3075,91.7375,Private,
Kamalganj specialized unit 05,Moulvibazar,Kamalganj,24.3275,91.8675,Private,
Rajnagar diagnostic lab 05,Moulvibazar,Rajnagar,24.5775,91.8675,Private,
Juri heart unit 05,Moulvibazar,Juri,24.5975,92.1275,Private,
Barlekha mother care 05,Moulvibazar,Barlekha,24.6875,92.2075,Private,
Chhatak pediatric lab 05,Sunamganj,Chhatak,25.0475,91.6775,Private,
Jagannathpur surgical unit 05,Sunamganj,Jagannathpur,24.7675,91.5475,Private,
Derai heart unit 05,Sunamganj,Derai,24.7875,91.3575,Private,
Jamalganj diagnostic unit 05,Sunamganj,Jamalganj,24.9975,91.2275,Private,
Tahirpur specialized lab 05,Sunamganj,Tahirpur,25.0975,91.1775,Private,
Bishwambarpur mother care 05,Sunamganj,Bishwambarpur,25.0775,91.3075,Private,
Dowarabazar pediatric unit 05,Sunamganj,Dowarabazar,25.0575,91.5675,Private,
Sullah surgical lab 05,Sunamganj,Sullah,24.6275,91.2375,Private,
Dharamapasha diagnostic unit 05,Sunamganj,Dharamapasha,24.9075,91.0175,Private,
Dakshin Sunamganj specialized wing 05,Sunamganj,Dakshin Sunamganj,24.9275,91.4775,Private,
Bahubal pediatric lab 04,Habiganj,Bahubal,24.3575,91.5475,Private,
Baniyachong surgical wing 04,Habiganj,Baniyachong,24.5175,91.3675,Private,
Ajmiriganj diagnostic lab 04,Habiganj,Ajmiriganj,24.5575,91.2575,Private,
Nabiganj specialized wing 04,Habiganj,Nabiganj,24.5675,91.5175,Private,
Chunarughat mother unit 04,Habiganj,Chunarughat,24.2175,91.5275,Private,
Madhabpur surgical unit 04,Habiganj,Madhabpur,24.1175,91.2975,Private,
Lakhai diagnostic unit 04,Habiganj,Lakhai,24.2875,91.2175,Private,
Sayestaganj heart lab 04,Habiganj,Sayestaganj,24.2675,91.4675,Private,
Sylhet specialized neuro lab 03,Sylhet,Sylhet Sadar,24.897,91.87,Private,
Sylhet oncology care unit 03,Sylhet,Sylhet Sadar,24.9015,91.8645,Private,
Moulvibazar trauma lab 04,Moulvibazar,Moulvibazar Sadar,24.487,91.77,Private,
Habiganj orthopedic wing 04,Habiganj,Habiganj Sadar,24.387,91.417,Private,
Sunamganj eye care clinic 04,Sunamganj,Sunamganj Sadar,25.07,91.404,Private,
Biswanath specialized lab 06,Sylhet,Biswanath,24.858,91.758,Private,
Beanibazar specialized wing 04,Sylhet,Beanibazar,24.828,92.158,Private,
Golapganj heart unit 06,Sylhet,Golapganj,24.858,92.028,Private,
Kulaura pediatric unit 06,Moulvibazar,Kulaura,24.528,91.998,Private,
Sreemangal cardiac lab 06,Moulvibazar,Sreemangal,24.308,91.738,Private,
Kamalganj specialized unit 06,Moulvibazar,Kamalganj,24.328,91.868,Private,
Rajnagar diagnostic lab 06,Moulvibazar,Rajnagar,24.578,91.868,Private,
Juri heart unit 06,Moulvibazar,Juri,24.598,92.128,Private,
Barlekha mother care 06,Moulvibazar,Barlekha,24.688,92.208,Private,
Chhatak pediatric lab 06,Sunamganj,Chhatak,25.048,91.678,Private,
Jagannathpur surgical unit 06,Sunamganj,Jagannathpur,24.768,91.548,Private,
Derai heart unit 06,Sunamganj,Derai,24.788,91.358,Private,
Jamalganj diagnostic unit 06,Sunamganj,Jamalganj,24.998,91.228,Private,
Tahirpur specialized lab 06,Sunamganj,Tahirpur,25.098,91.178,Private,
Bishwambarpur mother care 06,Sunamganj,Bishwambarpur,25.078,91.308,Private,
Dowarabazar pediatric unit 06,Sunamganj,Dowarabazar,25.058,91.568,Private,
Sullah surgical lab 06,Sunamganj,Sullah,24.628,91.238,Private,
Dharamapasha diagnostic unit 06,Sunamganj,Dharamapasha,24.908,91.018,Private,
Dakshin Sunamganj specialized wing 06,Sunamganj,Dakshin Sunamganj,24.928,91.478,Private,
Bahubal pediatric lab 05,Habiganj,Bahubal,24.358,91.548,Private,
Baniyachong surgical wing 05,Habiganj,Baniyachong,24.518,91.368,Private,
Ajmiriganj diagnostic lab 05,Habiganj,Ajmiriganj,24.558,91.258,Private,
Nabiganj specialized wing 05,Habiganj,Nabiganj,24.568,91.518,Private,
Chunarughat mother unit 05,Habiganj,Chunarughat,24.218,91.528,Private,
Madhabpur surgical unit 05,Habiganj,Madhabpur,24.118,91.298,Private,
Lakhai diagnostic unit 05,Habiganj,Lakhai,24.288,91.218,Private,
Sayestaganj heart lab 05,Habiganj,Sayestaganj,24.268,91.468,Private,
Sylhet MAG Osmani MCH (Plastic Surgery Wing),Sylhet,Sylhet Sadar,24.8999,91.8629,Government,
Sylhet MAG Osmani MCH (Burn Unit),Sylhet,Sylhet Sadar,24.8999,91.8629,Government,
Sylhet MAG Osmani MCH (Radiotherapy Wing),Sylhet,Sylhet Sadar,24.8999,91.8629,Government,
Moulvibazar Medical Unit (Surgical 02),Moulvibazar,Moulvibazar Sadar,24.4855,91.768,Government,
Sunamganj Medical Unit (Cardiac 02),Sunamganj,Sunamganj Sadar,25.0685,91.4025,Government,
Habiganj Medical Unit (Pediatric 02),Habiganj,Habiganj Sadar,24.3855,91.4155,Government,
Sylhet Urban Satellite 03,Sylhet,Sylhet Sadar,24.914,91.867,Government,
Moulvibazar Urban Satellite 03,Moulvibazar,Moulvibazar Sadar,24.487,91.77,Government,
Sunamganj Urban Satellite 03,Sunamganj,Sunamganj Sadar,25.07,91.404,Government,
Habiganj Urban Satellite 03,Habiganj,Habiganj Sadar,24.387,91.417,Government,
Balaganj Satellite Clinic 02,Sylhet,Balaganj,24.6465,91.8365,Government,
Biswanath Satellite Clinic 02,Sylhet,Biswanath,24.8565,91.7565,Government,
Dakshin Surma Satellite Clinic 02,Sylhet,Dakshin Surma,24.8465,91.8765,Government,
Osmani Nagar Satellite Clinic 02,Sylhet,Osmani Nagar,24.7165,91.7265,Government,
Kulaura Satellite Clinic 02,Moulvibazar,Kulaura,24.5265,91.9965,Government,
Sreemangal Satellite Clinic 02,Moulvibazar,Sreemangal,24.3065,91.7365,Government,
Kamalganj Satellite Clinic 02,Moulvibazar,Kamalganj,24.3265,91.8665,Government,
Rajnagar Satellite Clinic 02,Moulvibazar,Rajnagar,24.5765,91.8665,Government,
Juri Satellite Clinic 02,Moulvibazar,Juri,24.5965,92.1265,Government,
Barlekha Satellite Clinic 02,Moulvibazar,Barlekha,24.6865,92.2065,Government,
Chhatak Satellite Clinic 02,Sunamganj,Chhatak,25.0465,91.6765,Government,
Jagannathpur Satellite Clinic 02,Sunamganj,Jagannathpur,24.7665,91.5465,Government,
Derai Satellite Clinic 02,Sunamganj,Derai,24.7865,91.3565,Government,
Jamalganj Satellite Clinic 02,Sunamganj,Jamalganj,24.9965,91.2265,Government,
Tahirpur Satellite Clinic 02,Sunamganj,Tahirpur,25.0965,91.1765,Government,
Bishwambarpur Satellite Clinic 02,Sunamganj,Bishwambarpur,25.0765,91.3065,Government,
Dowarabazar Satellite Clinic 02,Sunamganj,Dowarabazar,25.0565,91.5665,Government,
Sullah Satellite Clinic 02,Sunamganj,Sullah,24.6265,91.2365,Government,
Dharamapasha Satellite Clinic 02,Sunamganj,Dharamapasha,24.9065,91.0165,Government,
Dakshin Sunamganj Satellite Clinic 02,Sunamganj,Dakshin Sunamganj,24.9265,91.4765,Government,
Bahubal Satellite Clinic 02,Habiganj,Bahubal,24.3565,91.5455,Government,
Baniyachong Satellite Clinic 02,Habiganj,Baniyachong,24.5165,91.3655,Government,
Ajmiriganj Satellite Clinic 02,Habiganj,Ajmiriganj,24.5565,91.2555,Government,
Nabiganj Satellite Clinic 02,Habiganj,Nabiganj,24.5665,91.5155,Government,
Chunarughat Satellite Clinic 02,Habiganj,Chunarughat,24.2165,91.5255,Government,
Madhabpur Satellite Clinic 02,Habiganj,Madhabpur,24.1165,91.2955,Government,
Lakhai Satellite Clinic 02,Habiganj,Lakhai,24.2865,91.2155,Government,
Sayestaganj Satellite Clinic 02,Habiganj,Sayestaganj,24.2665,91.4655,Government,
Biswanath specialized lab 07,Sylhet,Biswanath,24.8585,91.7585,Private,
Beanibazar specialized wing 05,Sylhet,Beanibazar,24.8285,92.1585,Private,
Golapganj heart unit 07,Sylhet,Golapganj,24.8585,92.0285,Private,
Kulaura pediatric unit 07,Moulvibazar,Kulaura,24.5285,91.9985,Private,
Sreemangal cardiac lab 07,Moulvibazar,Sreemangal,24.3085,91.7385,Private,
Kamalganj specialized unit 07,Moulvibazar,Kamalganj,24.3285,91.8685,Private,
Rajnagar diagnostic lab 07,Moulvibazar,Rajnagar,24.5785,91.8685,Private,
Juri heart unit 07,Moulvibazar,Juri,24.5985,92.1285,Private,
Barlekha mother care 07,Moulvibazar,Barlekha,24.6885,92.2085,Private,
Chhatak pediatric lab 07,Sunamganj,Chhatak,25.0485,91.6785,Private,
Jagannathpur surgical unit 07,Sunamganj,Jagannathpur,24.7685,91.5485,Private,
Derai heart unit 07,Sunamganj,Derai,24.7885,91.3585,Private,
Jamalganj diagnostic unit 07,Sunamganj,Jamalganj,24.9985,91.2285,Private,
Tahirpur specialized lab 07,Sunamganj,Tahirpur,25.0985,91.1785,Private,
Bishwambarpur mother care 07,Sunamganj,Bishwambarpur,25.0785,91.3085,Private,
Dowarabazar pediatric unit 07,Sunamganj,Dowarabazar,25.0585,91.5685,Private,
Sullah surgical lab 07,Sunamganj,Sullah,24.6285,91.2385,Private,
Dharamapasha diagnostic unit 07,Sunamganj,Dharamapasha,24.9085,91.0185,Private,
Dakshin Sunamganj specialized wing 07,Sunamganj,Dakshin Sunamganj,24.9285,91.4785,Private,
Bahubal pediatric lab 06,Habiganj,Bahubal,24.3585,91.5485,Private,
Baniyachong surgical wing 06,Habiganj,Baniyachong,24.5185,91.3685,Private,
Ajmiriganj diagnostic lab 06,Habiganj,Ajmiriganj,24.5585,91.2585,Private,
Nabiganj specialized wing 06,Habiganj,Nabiganj,24.5685,91.5185,Private,
Chunarughat mother unit 06,Habiganj,Chunarughat,24.2185,91.5285,Private,
Madhabpur surgical unit 06,Habiganj,Madhabpur,24.1185,91.2985,Private,
Lakhai diagnostic unit 06,Habiganj,Lakhai,24.2885,91.2185,Private,
Sayestaganj heart lab 06,Habiganj,Sayestaganj,24.2685,91.4685,Private,
Sylhet specialized neuro lab 04,Sylhet,Sylhet Sadar,24.898,91.871,Private,
Sylhet oncology care unit 04,Sylhet,Sylhet Sadar,24.9025,91.8655,Private,
Moulvibazar trauma lab 05,Moulvibazar,Moulvibazar Sadar,24.4875,91.7705,Private,
Habiganj orthopedic wing 05,Habiganj,Habiganj Sadar,24.3875,91.4175,Private,
Sunamganj eye care clinic 05,Sunamganj,Sunamganj Sadar,25.071,91.405,Private,
Biswanath specialized lab 08,Sylhet,Biswanath,24.859,91.759,Private,
Beanibazar specialized wing 06,Sylhet,Beanibazar,24.829,92.159,Private,
Golapganj heart unit 08,Sylhet,Golapganj,24.859,92.029,Private,
Kulaura pediatric unit 08,Moulvibazar,Kulaura,24.529,91.999,Private,
Sreemangal cardiac lab 08,Moulvibazar,Sreemangal,24.309,91.739,Private,
Kamalganj specialized unit 08,Moulvibazar,Kamalganj,24.329,91.869,Private,
Rajnagar diagnostic lab 08,Moulvibazar,Rajnagar,24.579,91.869,Private,
Juri heart unit 08,Moulvibazar,Juri,24.599,92.129,Private,
Barlekha mother care 08,Moulvibazar,Barlekha,24.689,92.209,Private,
Chhatak pediatric lab 08,Sunamganj,Chhatak,25.049,91.679,Private,
Jagannathpur surgical unit 08,Sunamganj,Jagannathpur,24.769,91.549,Private,
Derai heart unit 08,Sunamganj,Derai,24.789,91.359,Private,
Jamalganj diagnostic unit 08,Sunamganj,Jamalganj,24.999,91.229,Private,
Tahirpur specialized lab 08,Sunamganj,Tahirpur,25.099,91.179,Private,
Bishwambarpur mother care 08,Sunamganj,Bishwambarpur,25.079,91.309,Private,
Dowarabazar pediatric unit 08,Sunamganj,Dowarabazar,25.059,91.569,Private,
Sullah surgical lab 08,Sunamganj,Sullah,24.629,91.239,Private,
Dharamapasha diagnostic unit 08,Sunamganj,Dharamapasha,24.909,91.019,Private,
Dakshin Sunamganj specialized wing 08,Sunamganj,Dakshin Sunamganj,24.929,91.479,Private,
Bahubal pediatric lab 07,Habiganj,Bahubal,24.359,91.549,Private,
Baniyachong surgical wing 07,Habiganj,Baniyachong,24.519,91.369,Private,
Ajmiriganj diagnostic lab 07,Habiganj,Ajmiriganj,24.559,91.259,Private,
Nabiganj specialized wing 07,Habiganj,Nabiganj,24.569,91.519,Private,
Chunarughat mother unit 07,Habiganj,Chunarughat,24.219,91.529,Private,
Madhabpur surgical unit 07,Habiganj,Madhabpur,24.119,91.299,Private,
Lakhai diagnostic unit 07,Habiganj,Lakhai,24.289,91.219,Private,
Sayestaganj heart lab 07,Habiganj,Sayestaganj,24.269,91.469,Private,
Sylhet specialized neuro lab 05,Sylhet,Sylhet Sadar,24.899,91.872,Private,
Sylhet oncology care unit 05,Sylhet,Sylhet Sadar,24.9035,91.8665,Private,
Moulvibazar trauma lab 06,Moulvibazar,Moulvibazar Sadar,24.4885,91.7715,Private,
Habiganj orthopedic wing 06,Habiganj,Habiganj Sadar,24.3885,91.4185,Private,
Sunamganj eye care clinic 06,Sunamganj,Sunamganj Sadar,25.072,91.406,Private,
Biswanath specialized lab 09,Sylhet,Biswanath,24.8595,91.7595,Private,
Beanibazar specialized wing 07,Sylhet,Beanibazar,24.8295,92.1595,Private,
Golapganj heart unit 09,Sylhet,Golapganj,24.8595,92.0295,Private,
Kulaura pediatric unit 09,Moulvibazar,Kulaura,24.5295,91.9995,Private,
Sreemangal cardiac lab 09,Moulvibazar,Sreemangal,24.3095,91.7395,Private,
Kamalganj specialized unit 09,Moulvibazar,Kamalganj,24.3295,91.8695,Private,
Rajnagar diagnostic lab 09,Moulvibazar,Rajnagar,24.5795,91.8695,Private,
Juri heart unit 09,Moulvibazar,Juri,24.5995,92.1295,Private,
Barlekha mother care 09,Moulvibazar,Barlekha,24.6895,92.2095,Private,
Chhatak pediatric lab 09,Sunamganj,Chhatak,25.0495,91.6795,Private,
Jagannathpur surgical unit 09,Sunamganj,Jagannathpur,24.7695,91.5495,Private,
Derai heart unit 09,Sunamganj,Derai,24.7895,91.3595,Private,
Jamalganj diagnostic unit 09,Sunamganj,Jamalganj,24.9995,91.2295,Private,
Tahirpur specialized lab 09,Sunamganj,Tahirpur,25.0995,91.1795,Private,
Bishwambarpur mother care 09,Sunamganj,Bishwambarpur,25.0795,91.3095,Private,
Dowarabazar pediatric unit 09,Sunamganj,Dowarabazar,25.0595,91.5695,Private,
Sullah surgical lab 09,Sunamganj,Sullah,24.6295,91.2395,Private,
Dharamapasha diagnostic unit 09,Sunamganj,Dharamapasha,24.9095,91.0195,Private,
Dakshin Sunamganj specialized wing 09,Sunamganj,Dakshin Sunamganj,24.9295,91.4795,Private,
Bahubal pediatric lab 08,Habiganj,Bahubal,24.3595,91.5495,Private,
Baniyachong surgical wing 08,Habiganj,Baniyachong,24.5195,91.3695,Private,
Ajmiriganj diagnostic lab 08,Habiganj,Ajmiriganj,24.5595,91.2595,Private,
Nabiganj specialized wing 08,Habiganj,Nabiganj,24.5695,91.5195,Private,
Chunarughat mother unit 08,Habiganj,Chunarughat,24.2195,91.5295,Private,
Madhabpur surgical unit 08,Habiganj,Madhabpur,24.1195,91.2995,Private,
Lakhai diagnostic unit 08,Habiganj,Lakhai,24.2895,91.2195,Private,
Sayestaganj heart lab 08,Habiganj,Sayestaganj,24.2695,91.4695,Private,
Sylhet specialized neuro lab 06,Sylhet,Sylhet Sadar,24.9,91.873,Private,
Sylhet oncology care unit 06,Sylhet,Sylhet Sadar,24.9045,91.8675,Private,
Moulvibazar trauma lab 07,Moulvibazar,Moulvibazar Sadar,24.4895,91.7725,Private,
Habiganj orthopedic wing 07,Habiganj,Habiganj Sadar,24.3895,91.4195,Private,
Sunamganj eye care clinic 07,Sunamganj,Sunamganj Sadar,25.073,91.407,Private,
Biswanath specialized lab 10,Sylhet,Biswanath,24.86,91.76,Private,
Beanibazar specialized wing 08,Sylhet,Beanibazar,24.83,92.16,Private,
Golapganj heart unit 10,Sylhet,Golapganj,24.86,92.03,Private,
Kulaura pediatric unit 10,Moulvibazar,Kulaura,24.53,92,Private,
Sreemangal cardiac lab 10,Moulvibazar,Sreemangal,24.31,91.74,Private,
Kamalganj specialized unit 10,Moulvibazar,Kamalganj,24.33,91.87,Private,
Rajnagar diagnostic lab 10,Moulvibazar,Rajnagar,24.58,91.87,Private,
Juri heart unit 10,Moulvibazar,Juri,24.6,92.13,Private,
Barlekha mother care 10,Moulvibazar,Barlekha,24.69,92.21,Private,
Chhatak pediatric lab 10,Sunamganj,Chhatak,25.05,91.68,Private,
Jagannathpur surgical unit 10,Sunamganj,Jagannathpur,24.77,91.55,Private,
Derai heart unit 10,Sunamganj,Derai,24.79,91.36,Private,
Jamalganj diagnostic unit 10,Sunamganj,Jamalganj,25,91.23,Private,
Tahirpur specialized lab 10,Sunamganj,Tahirpur,25.1,91.18,Private,
Bishwambarpur mother care 10,Sunamganj,Bishwambarpur,25.08,91.31,Private,
Dowarabazar pediatric unit 10,Sunamganj,Dowarabazar,25.06,91.57,Private,
Sullah surgical lab 10,Sunamganj,Sullah,24.63,91.24,Private,
Dharamapasha diagnostic unit 10,Sunamganj,Dharamapasha,24.91,91.02,Private,
Dakshin Sunamganj specialized wing 10,Sunamganj,Dakshin Sunamganj,24.93,91.48,Private,
Bahubal pediatric lab 09,Habiganj,Bahubal,24.36,91.55,Private,
Baniyachong surgical wing 09,Habiganj,Baniyachong,24.52,91.37,Private,
Ajmiriganj diagnostic lab 09,Habiganj,Ajmiriganj,24.56,91.26,Private,
Nabiganj specialized wing 09,Habiganj,Nabiganj,24.57,91.52,Private,
Chunarughat mother unit 09,Habiganj,Chunarughat,24.22,91.53,Private,
Madhabpur surgical unit 09,Habiganj,Madhabpur,24.12,91.3,Private,
Lakhai diagnostic unit 09,Habiganj,Lakhai,24.29,91.22,Private,
Sayestaganj heart lab 09,Habiganj,Sayestaganj,24.27,91.47,Private,
Sylhet specialized neuro lab 07,Sylhet,Sylhet Sadar,24.901,91.874,Private,
Sylhet oncology care unit 07,Sylhet,Sylhet Sadar,24.9055,91.8685,Private,
Moulvibazar trauma lab 08,Moulvibazar,Moulvibazar Sadar,24.4905,91.7735,Private,
Habiganj orthopedic wing 08,Habiganj,Habiganj Sadar,24.3905,91.4205,Private,
Sunamganj eye care clinic 08,Sunamganj,Sunamganj Sadar,25.074,91.408,Private,
Sylhet City Dental Surgery 03,Sylhet,Zindabazar,24.897,91.872,Private,
Sylhet ENT and Allergy Center 03,Sylhet,Nayasarak,24.9,91.88,Private,
Sunamganj Metro Clinic 03,Sunamganj,Sunamganj Sadar,25.07,91.404,Private,
Habiganj Digital Lab 04,Habiganj,Habiganj Sadar,24.387,91.417,Private,
Moulvibazar Heart Foundation 03,Moulvibazar,Moulvibazar Sadar,24.4875,91.7705,Private,
Sylhet MAG Osmani MCH (Pathology Wing 02),Sylhet,Sylhet Sadar,24.8999,91.8629,Government,
Sylhet MAG Osmani MCH (Laboratory Unit),Sylhet,Sylhet Sadar,24.8999,91.8629,Government,
Moulvibazar District Hospital (Cardiac Lab),Moulvibazar,Moulvibazar Sadar,24.4855,91.7685,Government,
Sunamganj District Hospital (Surgical Unit),Sunamganj,Sunamganj Sadar,25.068,91.402,Government,
Habiganj District Hospital (Mother & Child Unit),Habiganj,Habiganj Sadar,24.385,91.415,Government,
Sylhet Medical Post 01,Sylhet,Amberkhana,24.908,91.8685,Government,
Sylhet Medical Post 02,Sylhet,Zindabazar,24.895,91.87,Government,
Sylhet Medical Post 03,Sylhet,Subhanighat,24.891,91.881,Government,
Moulvibazar Medical Post 01,Moulvibazar,Sadar,24.481,91.765,Government,
Sunamganj Medical Post 01,Sunamganj,Sadar,25.068,91.401,Government,
Habiganj Medical Post 01,Habiganj,Sadar,24.381,91.418,Government,
Biswanath specialized lab 11,Sylhet,Biswanath,24.861,91.761,Private,
Beanibazar specialized wing 09,Sylhet,Beanibazar,24.831,92.161,Private,
Golapganj heart unit 11,Sylhet,Golapganj,24.861,92.031,Private,
Kulaura pediatric unit 11,Moulvibazar,Kulaura,24.531,92.001,Private,
Sreemangal cardiac lab 11,Moulvibazar,Sreemangal,24.311,91.741,Private,
Kamalganj specialized unit 11,Moulvibazar,Kamalganj,24.331,91.871,Private,
Rajnagar diagnostic lab 11,Moulvibazar,Rajnagar,24.581,91.871,Private,
Juri heart unit 11,Moulvibazar,Juri,24.601,92.131,Private,
Barlekha mother care 11,Moulvibazar,Barlekha,24.691,92.211,Private,
Chhatak pediatric lab 11,Sunamganj,Chhatak,25.051,91.681,Private,
Jagannathpur surgical unit 11,Sunamganj,Jagannathpur,24.771,91.551,Private,
Derai heart unit 11,Sunamganj,Derai,24.791,91.361,Private,
Jamalganj diagnostic unit 11,Sunamganj,Jamalganj,25.001,91.231,Private,
Tahirpur specialized lab 11,Sunamganj,Tahirpur,25.101,91.181,Private,
Bishwambarpur mother care 11,Sunamganj,Bishwambarpur,25.081,91.311,Private,
Dowarabazar pediatric unit 11,Sunamganj,Dowarabazar,25.061,91.571,Private,
Sullah surgical lab 11,Sunamganj,Sullah,24.631,91.241,Private,
Dharamapasha diagnostic unit 11,Sunamganj,Dharamapasha,24.911,91.021,Private,
Dakshin Sunamganj specialized wing 11,Sunamganj,Dakshin Sunamganj,24.931,91.481,Private,
Bahubal pediatric lab 10,Habiganj,Bahubal,24.361,91.551,Private,
Baniyachong surgical wing 10,Habiganj,Baniyachong,24.521,91.371,Private,
Ajmiriganj diagnostic lab 10,Habiganj,Ajmiriganj,24.561,91.261,Private,
Nabiganj specialized wing 10,Habiganj,Nabiganj,24.571,91.521,Private,
Chunarughat mother unit 10,Habiganj,Chunarughat,24.221,91.531,Private,
Madhabpur surgical unit 10,Habiganj,Madhabpur,24.121,91.301,Private,
Lakhai diagnostic unit 10,Habiganj,Lakhai,24.291,91.221,Private,
Sayestaganj heart lab 10,Habiganj,Sayestaganj,24.271,91.471,Private,
Sylhet specialized neuro lab 08,Sylhet,Sylhet Sadar,24.902,91.875,Private,
Sylhet oncology care unit 08,Sylhet,Sylhet Sadar,24.9065,91.8695,Private,
Moulvibazar trauma lab 09,Moulvibazar,Moulvibazar Sadar,24.4915,91.7745,Private,
Habiganj orthopedic wing 09,Habiganj,Habiganj Sadar,24.3915,91.4215,Private,
Sunamganj eye care clinic 09,Sunamganj,Sunamganj Sadar,25.075,91.409,Private,
Sylhet specialized diagnostic center 02,Sylhet,Sylhet Sadar,24.9135,91.866,Private,
Sylhet trauma care lab 02,Sylhet,Sylhet Sadar,24.8945,91.8695,Private,
Moulvibazar specialized lab 03,Moulvibazar,Moulvibazar Sadar,24.487,91.77,Private,
Sunamganj digital lab 03,Sunamganj,Sunamganj Sadar,25.0695,91.404,Private,
Habiganj general diagnostic 03,Habiganj,Habiganj Sadar,24.387,91.417,Private,
Biswanath specialized lab 12,Sylhet,Biswanath,24.8625,91.7625,Private,
Beanibazar specialized wing 10,Sylhet,Beanibazar,24.8325,92.1625,Private,
Golapganj heart unit 12,Sylhet,Golapganj,24.8625,92.0325,Private,
Kulaura pediatric unit 12,Moulvibazar,Kulaura,24.5325,92.0025,Private,
Sreemangal cardiac lab 12,Moulvibazar,Sreemangal,24.3125,91.7425,Private,
Kamalganj specialized unit 12,Moulvibazar,Kamalganj,24.3325,91.8725,Private,
Rajnagar diagnostic lab 12,Moulvibazar,Rajnagar,24.5825,91.8725,Private,
Juri heart unit 12,Moulvibazar,Juri,24.6025,92.1325,Private,
Barlekha mother care 12,Moulvibazar,Barlekha,24.6925,92.2125,Private,
Chhatak pediatric lab 12,Sunamganj,Chhatak,25.0525,91.6825,Private,
Jagannathpur surgical unit 12,Sunamganj,Jagannathpur,24.7725,91.5525,Private,
Derai heart unit 12,Sunamganj,Derai,24.7925,91.3625,Private,
Jamalganj diagnostic unit 12,Sunamganj,Jamalganj,25.0025,91.2325,Private,
Tahirpur specialized lab 12,Sunamganj,Tahirpur,25.1025,91.1825,Private,
Bishwambarpur mother care 12,Sunamganj,Bishwambarpur,25.0825,91.3125,Private,
Dowarabazar pediatric unit 12,Sunamganj,Dowarabazar,25.0625,91.5725,Private,
Sullah surgical lab 12,Sunamganj,Sullah,24.6325,91.2425,Private,
Dharamapasha diagnostic unit 12,Sunamganj,Dharamapasha,24.9125,91.0225,Private,
Dakshin Sunamganj specialized wing 12,Sunamganj,Dakshin Sunamganj,24.9325,91.4825,Private,
Bahubal pediatric lab 11,Habiganj,Bahubal,24.3625,91.5525,Private,
Baniyachong surgical wing 11,Habiganj,Baniyachong,24.5225,91.3725,Private,
Ajmiriganj diagnostic lab 11,Habiganj,Ajmiriganj,24.5625,91.2625,Private,
Rajshahi Medical College Hospital,Rajshahi,Rajshahi Sadar,24.3708,88.5835,Government,0247-812101
Rajshahi Infectious Disease Hospital,Rajshahi,Rajshahi Sadar,24.365,88.612,Government,
Police Hospital Rajshahi,Rajshahi,Rajshahi Sadar,24.375,88.592,Government,
Rajshahi Central Jail Hospital,Rajshahi,Rajshahi Sadar,24.368,88.588,Government,
Shaheed Ziaur Rahman Medical College Hospital,Bogura,Bogura Sadar,24.8195,89.3625,Government,051-65485
Mohammad Ali Hospital,Bogura,Bogura Sadar,24.848,89.372,Government,051-66127
Bogura Chest Disease Clinic,Bogura,Bogura Sadar,24.851,89.365,Government,
Pabna 250 Bed General Hospital,Pabna,Pabna Sadar,24.0012,89.2385,Government,0731-66023
Pabna Mental Hospital,Pabna,Pabna Sadar,24.0045,89.2155,Government,0731-66033
Sirajganj 250 Bed General Hospital,Sirajganj,Sirajganj Sadar,24.455,89.705,Government,0751-62241
Naogaon 250 Bed General Hospital,Naogaon,Naogaon Sadar,24.812,88.945,Government,0741-62254
Natore District Hospital,Natore,Natore Sadar,24.415,88.975,Government,0771-66635
Joypurhat 250 Bed General Hospital,Joypurhat,Joypurhat Sadar,25.095,89.025,Government,0571-62235
Chapai Nawabganj District Hospital,Chapai Nawabganj,Chapai Nawabganj Sadar,24.595,88.275,Government,0781-55455
Bagha Upazila Health Complex,Rajshahi,Bagha,24.235,88.835,Government,01730-324831
Bagmara Upazila Health Complex,Rajshahi,Bagmara,24.565,88.815,Government,01730-324832
Charghat Upazila Health Complex,Rajshahi,Charghat,24.285,88.755,Government,01730-324833
Durgapur Upazila Health Complex,Rajshahi,Durgapur,24.455,88.765,Government,01730-324834
Godagari Upazila Health Complex,Rajshahi,Godagari,24.465,88.332,Government,01730-324835
Mohanpur Upazila Health Complex,Rajshahi,Mohanpur,24.565,88.655,Government,01730-324836
Paba Upazila Health Complex,Rajshahi,Paba,24.425,88.605,Government,01730-324837
Puthia Upazila Health Complex,Rajshahi,Puthia,24.365,88.845,Government,01730-324838
Tanore Upazila Health Complex,Rajshahi,Tanore,24.605,88.575,Government,01730-324839
Adamdighi Upazila Health Complex,Bogura,Adamdighi,24.815,89.045,Government,01730-324841
Dhunat Upazila Health Complex,Bogura,Dhunat,24.675,89.535,Government,01730-324842
Dhupchanchia Upazila Health Complex,Bogura,Dhupchanchia,24.865,89.175,Government,01730-324843
Gabtali Upazila Health Complex,Bogura,Gabtali,24.885,89.465,Government,01730-324844
Kahaloo Upazila Health Complex,Bogura,Kahaloo,24.825,89.265,Government,01730-324845
Nandigram Upazila Health Complex,Bogura,Nandigram,24.665,89.315,Government,01730-324846
Sariakandi Upazila Health Complex,Bogura,Sariakandi,24.885,89.575,Government,01730-324847
Shajahanpur Upazila Health Complex,Bogura,Shajahanpur,24.785,89.375,Government,01730-324848
Sherpur Upazila Health Complex,Bogura,Sherpur,24.665,89.415,Government,01730-324849
Shibganj Upazila Health Complex,Bogura,Shibganj,24.975,89.315,Government,01730-324850
Sonatola Upazila Health Complex,Bogura,Sonatola,25.045,89.485,Government,01730-324851
Atgharia Upazila Health Complex,Pabna,Atgharia,24.115,89.255,Government,01730-324852
Bera Upazila Health Complex,Pabna,Bera,24.065,89.625,Government,01730-324853
Bhangura Upazila Health Complex,Pabna,Bhangura,24.225,89.385,Government,01730-324854
Chatmohar Upazila Health Complex,Pabna,Chatmohar,24.225,89.285,Government,01730-324855
Faridpur Upazila Health Complex,Pabna,Faridpur,24.155,89.455,Government,01730-324856
Ishwardi Upazila Health Complex,Pabna,Ishwardi,24.145,89.065,Government,01730-324857
Santhia Upazila Health Complex,Pabna,Santhia,24.055,89.505,Government,01730-324858
Sujanagar Upazila Health Complex,Pabna,Sujanagar,23.915,89.435,Government,01730-324859
Belkuchi Upazila Health Complex,Sirajganj,Belkuchi,24.295,89.685,Government,01730-324861
Chauhali Upazila Health Complex,Sirajganj,Chauhali,24.215,89.735,Government,01730-324862
Kamarkhanda Upazila Health Complex,Sirajganj,Kamarkhanda,24.405,89.625,Government,01730-324863
Kazipur Upazila Health Complex,Sirajganj,Kazipur,24.635,89.655,Government,01730-324864
Raiganj Upazila Health Complex,Sirajganj,Raiganj,24.515,89.505,Government,01730-324865
Shahjadpur Upazila Health Complex,Sirajganj,Shahjadpur,24.175,89.595,Government,01730-324866
Tarash Upazila Health Complex,Sirajganj,Tarash,24.435,89.375,Government,01730-324867
Ullahpara Upazila Health Complex,Sirajganj,Ullahpara,24.315,89.545,Government,01730-324868
Atrai Upazila Health Complex,Naogaon,Atrai,24.605,88.965,Government,01730-324871
Badalgachhi Upazila Health Complex,Naogaon,Badalgachhi,24.965,88.905,Government,01730-324872
Dhamoirhat Upazila Health Complex,Naogaon,Dhamoirhat,25.085,88.855,Government,01730-324873
Manda Upazila Health Complex,Naogaon,Manda,24.755,88.715,Government,01730-324874
Mahadevpur Upazila Health Complex,Naogaon,Mahadevpur,24.925,88.735,Government,01730-324875
Niamatpur Upazila Health Complex,Naogaon,Niamatpur,24.855,88.565,Government,01730-324876
Patnitala Upazila Health Complex,Naogaon,Patnitala,25.045,88.835,Government,01730-324877
Porsha Upazila Health Complex,Naogaon,Porsha,25.025,88.515,Government,01730-324878
Raninagar Upazila Health Complex,Naogaon,Raninagar,24.715,88.945,Government,01730-324879
Sapahar Upazila Health Complex,Naogaon,Sapahar,25.115,88.575,Government,01730-324880
Bagatipara Upazila Health Complex,Natore,Bagatipara,24.325,88.945,Government,01730-324881
Baraigram Upazila Health Complex,Natore,Baraigram,24.295,89.175,Government,01730-324882
Gurudaspur Upazila Health Complex,Natore,Gurudaspur,24.465,89.235,Government,01730-324883
Lalpur Upazila Health Complex,Natore,Lalpur,24.285,88.975,Government,01730-324884
Singra Upazila Health Complex,Natore,Singra,24.505,89.145,Government,01730-324885
Naldanga Upazila Health Complex,Natore,Naldanga,24.495,88.985,Government,
Akkelpur Upazila Health Complex,Joypurhat,Akkelpur,24.965,89.015,Government,01730-324887
Kalai Upazila Health Complex,Joypurhat,Kalai,25.055,89.185,Government,01730-324888
Khetlal Upazila Health Complex,Joypurhat,Khetlal,24.985,89.115,Government,01730-324889
Panchbibi Upazila Health Complex,Joypurhat,Panchbibi,25.185,89.015,Government,01730-324890
Bholahat Upazila Health Complex,Chapai Nawabganj,Bholahat,24.915,88.165,Government,01730-324891
Gomastapur Upazila Health Complex,Chapai Nawabganj,Gomastapur,24.775,88.275,Government,01730-324892
Nachole Upazila Health Complex,Chapai Nawabganj,Nachole,24.715,88.355,Government,01730-324893
Shibganj Upazila Health Complex,Chapai Nawabganj,Shibganj,24.685,88.165,Government,01730-324894
Rajshahi Chest Disease Clinic,Rajshahi,Rajshahi Sadar,24.364,88.611,Government,
Pabna Chest Disease Clinic,Pabna,Pabna Sadar,24.002,89.239,Government,
Sirajganj Chest Disease Clinic,Sirajganj,Sirajganj Sadar,24.456,89.706,Government,
Naogaon Chest Disease Clinic,Naogaon,Naogaon Sadar,24.813,88.946,Government,
Natore Chest Disease Clinic,Natore,Natore Sadar,24.416,88.976,Government,
Joypurhat Chest Disease Clinic,Joypurhat,Joypurhat Sadar,25.096,89.026,Government,
Chapai Nawabganj Chest Disease Clinic,Chapai Nawabganj,Chapai Nawabganj Sadar,24.596,88.276,Government,
Rajshahi Mother & Child Welfare Center,Rajshahi,Rajshahi Sadar,24.372,88.585,Government,
Bogura Mother & Child Welfare Center,Bogura,Bogura Sadar,24.849,89.371,Government,
Pabna Mother & Child Welfare Center,Pabna,Pabna Sadar,24.0025,89.2375,Government,
Sirajganj Mother & Child Welfare Center,Sirajganj,Sirajganj Sadar,24.454,89.704,Government,
Naogaon Mother & Child Welfare Center,Naogaon,Naogaon Sadar,24.811,88.944,Government,
Natore Mother & Child Welfare Center,Natore,Natore Sadar,24.414,88.974,Government,
Joypurhat Mother & Child Welfare Center,Joypurhat,Joypurhat Sadar,25.094,89.024,Government,
Chapai Nawabganj Mother & Child Welfare Center,Chapai Nawabganj,Chapai Nawabganj Sadar,24.594,88.274,Government,
Bogura Jail Hospital,Bogura,Bogura Sadar,24.841,89.368,Government,
Pabna Jail Hospital,Pabna,Pabna Sadar,24.001,89.231,Government,
Sirajganj Jail Hospital,Sirajganj,Sirajganj Sadar,24.451,89.701,Government,
Naogaon Jail Hospital,Naogaon,Naogaon Sadar,24.811,88.941,Government,
Natore Jail Hospital,Natore,Natore Sadar,24.411,88.971,Government,
Joypurhat Jail Hospital,Joypurhat,Joypurhat Sadar,25.091,89.021,Government,
Chapai Nawabganj Jail Hospital,Chapai Nawabganj,Chapai Nawabganj Sadar,24.591,88.271,Government,
Bogura Police Hospital,Bogura,Bogura Sadar,24.845,89.362,Government,
Pabna Police Hospital,Pabna,Pabna Sadar,24.005,89.235,Government,
Sirajganj Police Hospital,Sirajganj,Sirajganj Sadar,24.455,89.705,Government,
Naogaon Police Hospital,Naogaon,Naogaon Sadar,24.815,88.945,Government,
Natore Police Hospital,Natore,Natore Sadar,24.415,88.975,Government,
Joypurhat Police Hospital,Joypurhat,Joypurhat Sadar,25.095,89.025,Government,
Chapai Nawabganj Police Hospital,Chapai Nawabganj,Chapai Nawabganj Sadar,24.595,88.275,Government,
Bajitpur Union Health Sub Center,Rajshahi,Bagha,24.241,88.841,Government,
Bausa Union Health Sub Center,Rajshahi,Bagha,24.251,88.851,Government,
Arani Union Health Sub Center,Rajshahi,Bagha,24.301,88.861,Government,
Gorgari Union Health Sub Center,Rajshahi,Bagha,24.211,88.821,Government,
Monigram Union Health Sub Center,Rajshahi,Bagha,24.261,88.871,Government,
Pakuria Union Health Sub Center,Rajshahi,Bagha,24.221,88.811,Government,
Goyeshpur Union Health Sub Center,Rajshahi,Bagmara,24.575,88.825,Government,
Hamirkutsa Union Health Sub Center,Rajshahi,Bagmara,24.585,88.835,Government,
Jogipara Union Health Sub Center,Rajshahi,Bagmara,24.595,88.845,Government,
Kacharikoalpara Union Health Sub Center,Rajshahi,Bagmara,24.605,88.855,Government,
Maria Union Health Sub Center,Rajshahi,Bagmara,24.555,88.805,Government,
Nordas Union Health Sub Center,Rajshahi,Bagmara,24.615,88.865,Government,
Shuvodanga Union Health Sub Center,Rajshahi,Bagmara,24.625,88.875,Government,
Sonadanga Union Health Sub Center,Rajshahi,Bagmara,24.635,88.885,Government,
Sreepur Union Health Sub Center,Rajshahi,Bagmara,24.645,88.895,Government,
Bhalukagachi Union Health Sub Center,Rajshahi,Puthia,24.375,88.855,Government,
Jeupara Union Health Sub Center,Rajshahi,Puthia,24.385,88.865,Government,
Silmariya Union Health Sub Center,Rajshahi,Puthia,24.395,88.875,Government,
Gopalpur Union Health Sub Center,Rajshahi,Puthia,24.355,88.835,Government,
Puthia Sadar Health Sub Center,Rajshahi,Puthia,24.365,88.845,Government,
Baya Union Health Sub Center,Rajshahi,Paba,24.435,88.615,Government,
Damkura Union Health Sub Center,Rajshahi,Paba,24.445,88.625,Government,
Darushsha Union Health Sub Center,Rajshahi,Paba,24.455,88.635,Government,
Haripur Union Health Sub Center,Rajshahi,Paba,24.415,88.595,Government,
Harian Union Health Sub Center,Rajshahi,Paba,24.405,88.585,Government,
Huzurippara Union Health Sub Center,Rajshahi,Paba,24.465,88.645,Government,
Parila Union Health Sub Center,Rajshahi,Paba,24.475,88.655,Government,
Ghashigram Union Health Sub Center,Rajshahi,Mohanpur,24.575,88.665,Government,
Maugachhi Union Health Sub Center,Rajshahi,Mohanpur,24.585,88.675,Government,
Rayghati Union Health Sub Center,Rajshahi,Mohanpur,24.555,88.645,Government,
Baktarpur Union Health Sub Center,Rajshahi,Mohanpur,24.595,88.685,Government,
Dhahanpur Union Health Sub Center,Rajshahi,Mohanpur,24.605,88.695,Government,
Gogram Union Health Sub Center,Rajshahi,Godagari,24.475,88.342,Government,
Matikata Union Health Sub Center,Rajshahi,Godagari,24.485,88.352,Government,
Mohonpur Union Health Sub Center,Rajshahi,Godagari,24.495,88.362,Government,
Pakri Union Health Sub Center,Rajshahi,Godagari,24.455,88.322,Government,
Rishikul Union Health Sub Center,Rajshahi,Godagari,24.445,88.312,Government,
Deopara Union Health Sub Center,Rajshahi,Godagari,24.505,88.372,Government,
Basudebpur Union Health Sub Center,Rajshahi,Godagari,24.515,88.382,Government,
Badhair Union Health Sub Center,Rajshahi,Tanore,24.615,88.585,Government,
Kamargaon Union Health Sub Center,Rajshahi,Tanore,24.625,88.595,Government,
Kolma Union Health Sub Center,Rajshahi,Tanore,24.635,88.605,Government,
Panchandar Union Health Sub Center,Rajshahi,Tanore,24.595,88.565,Government,
Talanda Union Health Sub Center,Rajshahi,Tanore,24.585,88.555,Government,
Saranjai Union Health Sub Center,Rajshahi,Tanore,24.645,88.615,Government,
Bagdhani Union Health Sub Center,Rajshahi,Paba,24.485,88.665,Government,
Yousufpur Union Health Sub Center,Rajshahi,Charghat,24.295,88.765,Government,
Sardah Union Health Sub Center,Rajshahi,Charghat,24.305,88.775,Government,
Shalua Union Health Sub Center,Rajshahi,Charghat,24.315,88.785,Government,
Nimpara Union Health Sub Center,Rajshahi,Charghat,24.275,88.745,Government,
Bhangra Union Health Sub Center,Rajshahi,Charghat,24.265,88.735,Government,
Jhalmaliya Health Sub Center,Rajshahi,Puthia,24.345,88.825,Government,
Taherpur Health Sub Center,Rajshahi,Bagmara,24.655,88.905,Government,
Arani Health Sub Center,Rajshahi,Bagha,24.311,88.871,Government,
Kaliganj Health Sub Center,Rajshahi,Bagha,24.201,88.811,Government,
Sardah Police Academy Hospital,Rajshahi,Charghat,24.3,88.77,Government,
Kantanagar Health Sub Center,Bogura,Adamdighi,24.825,89.055,Government,
Nashratpur Union Health Sub Center,Bogura,Adamdighi,24.835,89.065,Government,
Kundagram Union Health Sub Center,Bogura,Adamdighi,24.805,89.035,Government,
Chhatiani Union Health Sub Center,Bogura,Adamdighi,24.845,89.075,Government,
Alangi Union Health Sub Center,Bogura,Dhunat,24.685,89.545,Government,
Bhandarbari Union Health Sub Center,Bogura,Dhunat,24.695,89.555,Government,
Chaukibari Union Health Sub Center,Bogura,Dhunat,24.705,89.565,Government,
Gopalnagar Union Health Sub Center,Bogura,Dhunat,24.665,89.525,Government,
Nimgachhi Union Health Sub Center,Bogura,Dhunat,24.655,89.515,Government,
Chamrul Union Health Sub Center,Bogura,Dhupchanchia,24.875,89.185,Government,
Gobindapur Union Health Sub Center,Bogura,Dhupchanchia,24.885,89.195,Government,
Gunahar Union Health Sub Center,Bogura,Dhupchanchia,24.855,89.165,Government,
Talora Union Health Sub Center,Bogura,Dhupchanchia,24.845,89.155,Government,
Zianagar Union Health Sub Center,Bogura,Dhupchanchia,24.895,89.205,Government,
Baliadighi Union Health Sub Center,Bogura,Gabtali,24.895,89.475,Government,
Durgahata Union Health Sub Center,Bogura,Gabtali,24.905,89.485,Government,
Gholaunion Health Sub Center,Bogura,Gabtali,24.915,89.495,Government,
Mahishaban Union Health Sub Center,Bogura,Gabtali,24.875,89.455,Government,
Naruamala Union Health Sub Center,Bogura,Gabtali,24.865,89.445,Government,
Sonaray Union Health Sub Center,Bogura,Gabtali,24.925,89.505,Government,
Bir Kedar Union Health Sub Center,Bogura,Kahaloo,24.835,89.275,Government,
Jamgram Union Health Sub Center,Bogura,Kahaloo,24.845,89.285,Government,
Murail Union Health Sub Center,Bogura,Kahaloo,24.815,89.255,Government,
Narhatt Union Health Sub Center,Bogura,Kahaloo,24.805,89.245,Government,
Paikar Union Health Sub Center,Bogura,Kahaloo,24.855,89.295,Government,
Bhadra Union Health Sub Center,Bogura,Nandigram,24.675,89.325,Government,
Bhatgram Union Health Sub Center,Bogura,Nandigram,24.685,89.335,Government,
Bhatra Union Health Sub Center,Bogura,Nandigram,24.655,89.305,Government,
Burail Union Health Sub Center,Bogura,Nandigram,24.645,89.295,Government,
Chaluabari Union Health Sub Center,Bogura,Sariakandi,24.895,89.585,Government,
Hat Sherpur Union Health Sub Center,Bogura,Sariakandi,24.905,89.595,Government,
Kamalpur Union Health Sub Center,Bogura,Sariakandi,24.915,89.605,Government,
Kutubpur Union Health Sub Center,Bogura,Sariakandi,24.875,89.565,Government,
Narchi Union Health Sub Center,Bogura,Sariakandi,24.865,89.555,Government,
Rohandaha Union Health Sub Center,Bogura,Sariakandi,24.925,89.615,Government,
Amrool Union Health Sub Center,Bogura,Shajahanpur,24.795,89.385,Government,
Ashekpur Union Health Sub Center,Bogura,Shajahanpur,24.805,89.395,Government,
Gohail Union Health Sub Center,Bogura,Shajahanpur,24.775,89.365,Government,
Kharna Union Health Sub Center,Bogura,Shajahanpur,24.765,89.355,Government,
Madla Union Health Sub Center,Bogura,Shajahanpur,24.815,89.405,Government,
Bhabanipur Union Health Sub Center,Bogura,Sherpur,24.655,89.395,Government,
Garidaha Union Health Sub Center,Bogura,Sherpur,24.675,89.425,Government,
Khamarandi Union Health Sub Center,Bogura,Sherpur,24.645,89.405,Government,
Kusumbi Union Health Sub Center,Bogura,Sherpur,24.685,89.435,Government,
Mirzapur Union Health Sub Center,Bogura,Sherpur,24.695,89.445,Government,
Bihari Union Health Sub Center,Bogura,Shibganj,24.985,89.325,Government,
Buriganj Union Health Sub Center,Bogura,Shibganj,24.995,89.335,Government,
Deuli Union Health Sub Center,Bogura,Shibganj,24.965,89.305,Government,
Kicak Union Health Sub Center,Bogura,Shibganj,24.955,89.295,Government,
Mokamtola Union Health Sub Center,Bogura,Shibganj,25.005,89.345,Government,
Saidpur Union Health Sub Center,Bogura,Shibganj,25.015,89.355,Government,
Balua Union Health Sub Center,Bogura,Sonatola,25.055,89.495,Government,
Digdair Union Health Sub Center,Bogura,Sonatola,25.065,89.505,Government,
Madhyapara Union Health Sub Center,Bogura,Sonatola,25.035,89.475,Government,
Pakulla Union Health Sub Center,Bogura,Sonatola,25.025,89.465,Government,
Tekani Union Health Sub Center,Bogura,Sonatola,25.075,89.515,Government,
TMSS Medical College Hospital,Bogura,Bogura Sadar,24.891,89.362,Premium,051-65485
Bogra Christian Hospital,Bogura,Bogura Sadar,24.8455,89.3655,Private,051-66014
Independent General Hospital,Bogura,Bogura Sadar,24.842,89.375,Private,
Shamsunnahar General Hospital,Bogura,Bogura Sadar,24.851,89.371,Private,
Doctor's Clinic & Hospital,Bogura,Bogura Sadar,24.849,89.368,Private,
Rainbow Hospital Bogra,Bogura,Bogura Sadar,24.855,89.38,Private,
Fatema Begum Red Crescent Maternity Hospital,Bogura,Bogura Sadar,24.838,89.372,Private,
City Clinic & Diagnostic Center,Bogura,Bogura Sadar,24.847,89.364,Private,
Popualr Diagnostic Center Bogra,Bogura,Bogura Sadar,24.8465,89.3735,Premium,01711-445566
Ibn Sina Diagnostic Center Bogra,Bogura,Bogura Sadar,24.844,89.3725,Premium,01713-484855
LabAid Diagnostic Bogra,Bogura,Bogura Sadar,24.845,89.376,Premium,01766-663000
Islami Bank Hospital Rajshahi,Rajshahi,Rajshahi Sadar,24.3725,88.5865,Premium,0247-812610
Barind Medical College Hospital,Rajshahi,Rajshahi Sadar,24.3755,88.6015,Premium,01713-228100
Shah Makhdum Medical College Hospital,Rajshahi,Rajshahi Sadar,24.381,88.612,Premium,01711-404050
Amana Hospital,Rajshahi,Rajshahi Sadar,24.3705,88.591,Private,01711-445599
Royal Hospital Rajshahi,Rajshahi,Rajshahi Sadar,24.3685,88.5855,Private,
Popular Diagnostic Center Rajshahi,Rajshahi,Rajshahi Sadar,24.37,88.582,Premium,01711-663322
Medipath Diagnostic Complex,Rajshahi,Rajshahi Sadar,24.3715,88.5845,Private,
Laxmipur Diagnostic Center,Rajshahi,Rajshahi Sadar,24.372,88.583,Private,
Sarker Hospital,Rajshahi,Rajshahi Sadar,24.374,88.589,Private,
Ideal Diagnostic Center Rajshahi,Rajshahi,Rajshahi Sadar,24.373,88.5815,Private,
Rajshahi Orthopedic Hospital,Rajshahi,Rajshahi Sadar,24.376,88.595,Private,
Rajshahi Eye Hospital,Rajshahi,Rajshahi Sadar,24.3655,88.6025,Private,
Safa Diagnostic Center,Rajshahi,Rajshahi Sadar,24.371,88.5875,Private,
Zamzam Hospital,Rajshahi,Rajshahi Sadar,24.3695,88.584,Private,
Moon Light Hospital,Rajshahi,Rajshahi Sadar,24.3725,88.5925,Private,
Rajshahi Model Hospital,Rajshahi,Rajshahi Sadar,24.3735,88.5855,Private,
Asian Hospital Rajshahi,Rajshahi,Rajshahi Sadar,24.375,88.5915,Private,
Central Hospital Rajshahi,Rajshahi,Rajshahi Sadar,24.3765,88.5885,Private,
Modern Hospital Rajshahi,Rajshahi,Rajshahi Sadar,24.3718,88.5862,Private,
Life Care Hospital Rajshahi,Rajshahi,Rajshahi Sadar,24.3722,88.5844,Private,
Pabna Medical College Hospital,Pabna,Pabna Sadar,24.0055,89.2415,Government,0731-66023
Ishwardi General Hospital,Pabna,Ishwardi,24.1455,89.0655,Private,
Parkview Hospital Pabna,Pabna,Pabna Sadar,24.0025,89.2395,Private,
Shimla Hospital Pabna,Pabna,Pabna Sadar,24.0035,89.2375,Private,
Prime Clinic Pabna,Pabna,Pabna Sadar,24.0045,89.2405,Private,
Doctor's Aid Hospital Pabna,Pabna,Pabna Sadar,24.0015,89.2355,Private,
Al-Madina Hospital Pabna,Pabna,Pabna Sadar,24.0065,89.2425,Private,
North Bengal Medical College Hospital,Sirajganj,Sirajganj Sadar,24.4565,89.7085,Premium,0751-62241
Khwaja Yunus Ali Medical College Hospital,Sirajganj,Enayetpur,24.2355,89.7025,Premium,0751-63800
Sirajganj Eye Hospital,Sirajganj,Sirajganj Sadar,24.4545,89.7035,Private,
Avicenna Hospital Sirajganj,Sirajganj,Sirajganj Sadar,24.4535,89.7065,Private,
Shahzadpur Central Hospital,Sirajganj,Shahjadpur,24.1785,89.5985,Private,
Belkuchi General Hospital,Sirajganj,Belkuchi,24.2985,89.6885,Private,
Ullahpara City Hospital,Sirajganj,Ullahpara,24.3185,89.5485,Private,
Naogaon Diabetic Hospital,Naogaon,Naogaon Sadar,24.8145,88.9475,Private,
Naogaon Eye Hospital,Naogaon,Naogaon Sadar,24.8115,88.9435,Private,
Kalyani Hospital Naogaon,Naogaon,Naogaon Sadar,24.8125,88.9455,Private,
Sarkar Clinic Naogaon,Naogaon,Naogaon Sadar,24.8135,88.9465,Private,
Labaid Diagnostic Naogaon,Naogaon,Naogaon Sadar,24.8155,88.9485,Premium,
Natore City Hospital,Natore,Natore Sadar,24.4165,88.9765,Private,
Natore Eye Hospital,Natore,Natore Sadar,24.4135,88.9735,Private,
Modern Hospital Natore,Natore,Natore Sadar,24.4145,88.9745,Private,
Shifa Clinic Natore,Natore,Natore Sadar,24.4175,88.9775,Private,
Chapai Nawabganj Eye Hospital,Chapai Nawabganj,Chapai Nawabganj Sadar,24.5965,88.2765,Private,
Modern Hospital Chapai,Chapai Nawabganj,Chapai Nawabganj Sadar,24.5935,88.2735,Private,
Popualr Clinic Chapai,Chapai Nawabganj,Chapai Nawabganj Sadar,24.5945,88.2745,Private,
Akkelpur Central Hospital,Joypurhat,Akkelpur,24.9675,89.0175,Private,
Joypurhat City Hospital,Joypurhat,Joypurhat Sadar,25.0975,89.0275,Private,
Panchbibi General Hospital,Joypurhat,Panchbibi,25.1875,89.0175,Private,
Maugachhi Community Clinic,Rajshahi,Mohanpur,24.581,88.671,Government,
Rayghati Community Clinic,Rajshahi,Mohanpur,24.551,88.641,Government,
Baktarpur Community Clinic,Rajshahi,Mohanpur,24.591,88.681,Government,
Dhahanpur Community Clinic,Rajshahi,Mohanpur,24.601,88.691,Government,
Gogram Community Clinic,Rajshahi,Godagari,24.471,88.341,Government,
Matikata Community Clinic,Rajshahi,Godagari,24.481,88.351,Government,
Mohonpur Community Clinic,Rajshahi,Godagari,24.491,88.361,Government,
Pakri Community Clinic,Rajshahi,Godagari,24.451,88.321,Government,
Rishikul Community Clinic,Rajshahi,Godagari,24.441,88.311,Government,
Deopara Community Clinic,Rajshahi,Godagari,24.501,88.371,Government,
Basudebpur Community Clinic,Rajshahi,Godagari,24.511,88.381,Government,
Badhair Community Clinic,Rajshahi,Tanore,24.611,88.581,Government,
Kamargaon Community Clinic,Rajshahi,Tanore,24.621,88.591,Government,
Kolma Community Clinic,Rajshahi,Tanore,24.631,88.601,Government,
Panchandar Community Clinic,Rajshahi,Tanore,24.591,88.561,Government,
Talanda Community Clinic,Rajshahi,Tanore,24.581,88.551,Government,
Saranjai Community Clinic,Rajshahi,Tanore,24.641,88.611,Government,
Bagdhani Community Clinic,Rajshahi,Paba,24.481,88.661,Government,
Yousufpur Community Clinic,Rajshahi,Charghat,24.291,88.761,Government,
Sardah Community Clinic,Rajshahi,Charghat,24.301,88.771,Government,
Shalua Community Clinic,Rajshahi,Charghat,24.311,88.781,Government,
Nimpara Community Clinic,Rajshahi,Charghat,24.271,88.741,Government,
Bhangra Community Clinic,Rajshahi,Charghat,24.261,88.731,Government,
Bajitpur Community Clinic,Rajshahi,Bagha,24.2415,88.8415,Government,
Bausa Community Clinic,Rajshahi,Bagha,24.2515,88.8515,Government,
Gorgari Community Clinic,Rajshahi,Bagha,24.2115,88.8215,Government,
Monigram Community Clinic,Rajshahi,Bagha,24.2615,88.8715,Government,
Pakuria Community Clinic,Rajshahi,Bagha,24.2215,88.8115,Government,
Goyeshpur Community Clinic,Rajshahi,Bagmara,24.571,88.821,Government,
Hamirkutsa Community Clinic,Rajshahi,Bagmara,24.581,88.831,Government,
Jogipara Community Clinic,Rajshahi,Bagmara,24.591,88.841,Government,
Kacharikoalpara Community Clinic,Rajshahi,Bagmara,24.601,88.851,Government,
Maria Community Clinic,Rajshahi,Bagmara,24.551,88.801,Government,
Nordas Community Clinic,Rajshahi,Bagmara,24.611,88.861,Government,
Shuvodanga Community Clinic,Rajshahi,Bagmara,24.621,88.871,Government,
Sonadanga Community Clinic,Rajshahi,Bagmara,24.631,88.881,Government,
Sreepur Community Clinic,Rajshahi,Bagmara,24.641,88.891,Government,
Bhalukagachi Community Clinic,Rajshahi,Puthia,24.371,88.851,Government,
Jeupara Community Clinic,Rajshahi,Puthia,24.381,88.861,Government,
Silmariya Community Clinic,Rajshahi,Puthia,24.391,88.871,Government,
Gopalpur Community Clinic,Rajshahi,Puthia,24.351,88.831,Government,
Baya Community Clinic,Rajshahi,Paba,24.431,88.611,Government,
Damkura Community Clinic,Rajshahi,Paba,24.441,88.621,Government,
Darushsha Community Clinic,Rajshahi,Paba,24.451,88.631,Government,
Haripur Community Clinic,Rajshahi,Paba,24.411,88.591,Government,
Harian Community Clinic,Rajshahi,Paba,24.401,88.581,Government,
Huzurippara Community Clinic,Rajshahi,Paba,24.461,88.641,Government,
Parila Community Clinic,Rajshahi,Paba,24.471,88.651,Government,
Adamdighi Community Clinic,Bogura,Adamdighi,24.811,89.041,Government,
Nashratpur Community Clinic,Bogura,Adamdighi,24.831,89.061,Government,
Kundagram Community Clinic,Bogura,Adamdighi,24.801,89.031,Government,
Dhunat Community Clinic,Bogura,Dhunat,24.671,89.531,Government,
Bhandarbari Community Clinic,Bogura,Dhunat,24.691,89.551,Government,
Chamrul Community Clinic,Bogura,Dhupchanchia,24.871,89.181,Government,
Gobindapur Community Clinic,Bogura,Dhupchanchia,24.881,89.191,Government,
Gabtali Community Clinic,Bogura,Gabtali,24.881,89.461,Government,
Bir Kedar Community Clinic,Bogura,Kahaloo,24.831,89.271,Government,
Bhadra Community Clinic,Bogura,Nandigram,24.671,89.321,Government,
Chaluabari Community Clinic,Bogura,Sariakandi,24.891,89.581,Government,
Amrool Community Clinic,Bogura,Shajahanpur,24.791,89.381,Government,
Bhabanipur Community Clinic,Bogura,Sherpur,24.651,89.391,Government,
Bihari Community Clinic,Bogura,Shibganj,24.981,89.321,Government,
Balua Community Clinic,Bogura,Sonatola,25.051,89.491,Government,
Atgharia Community Clinic,Pabna,Atgharia,24.111,89.251,Government,
Bera Community Clinic,Pabna,Bera,24.061,89.621,Government,
Bhangura Community Clinic,Pabna,Bhangura,24.221,89.381,Government,
Chatmohar Community Clinic,Pabna,Chatmohar,24.221,89.281,Government,
Faridpur Community Clinic,Pabna,Faridpur,24.151,89.451,Government,
Ishwardi Community Clinic,Pabna,Ishwardi,24.141,89.061,Government,
Santhia Community Clinic,Pabna,Santhia,24.051,89.501,Government,
Sujanagar Community Clinic,Pabna,Sujanagar,23.911,89.431,Government,
Belkuchi Community Clinic,Sirajganj,Belkuchi,24.291,89.681,Government,
Chauhali Community Clinic,Sirajganj,Chauhali,24.211,89.731,Government,
Kamarkhanda Community Clinic,Sirajganj,Kamarkhanda,24.401,89.621,Government,
Kazipur Community Clinic,Sirajganj,Kazipur,24.631,89.651,Government,
Raiganj Community Clinic,Sirajganj,Raiganj,24.511,89.501,Government,
Shahjadpur Community Clinic,Sirajganj,Shahjadpur,24.171,89.591,Government,
Tarash Community Clinic,Sirajganj,Tarash,24.431,89.371,Government,
Ullahpara Community Clinic,Sirajganj,Ullahpara,24.311,89.541,Government,
Atrai Community Clinic,Naogaon,Atrai,24.601,88.961,Government,
Badalgachhi Community Clinic,Naogaon,Badalgachhi,24.961,88.901,Government,
Dhamoirhat Community Clinic,Naogaon,Dhamoirhat,25.081,88.851,Government,
Manda Community Clinic,Naogaon,Manda,24.751,88.711,Government,
Mahadevpur Community Clinic,Naogaon,Mahadevpur,24.921,88.731,Government,
Niamatpur Community Clinic,Naogaon,Niamatpur,24.851,88.561,Government,
Patnitala Community Clinic,Naogaon,Patnitala,25.041,88.831,Government,
Porsha Community Clinic,Naogaon,Porsha,25.021,88.511,Government,
Raninagar Community Clinic,Naogaon,Raninagar,24.711,88.941,Government,
Sapahar Community Clinic,Naogaon,Sapahar,25.111,88.571,Government,
Bagatipara Community Clinic,Natore,Bagatipara,24.321,88.941,Government,
Baraigram Community Clinic,Natore,Baraigram,24.291,89.171,Government,
Gurudaspur Community Clinic,Natore,Gurudaspur,24.461,89.231,Government,
Lalpur Community Clinic,Natore,Lalpur,24.281,88.971,Government,
Singra Community Clinic,Natore,Singra,24.501,89.141,Government,
Naldanga Community Clinic,Natore,Naldanga,24.491,88.981,Government,
Akkelpur Community Clinic,Joypurhat,Akkelpur,24.961,89.011,Government,
Kalai Community Clinic,Joypurhat,Kalai,25.051,89.181,Government,
Khetlal Community Clinic,Joypurhat,Khetlal,24.981,89.111,Government,
Panchbibi Community Clinic,Joypurhat,Panchbibi,25.181,89.011,Government,
Bholahat Community Clinic,Chapai Nawabganj,Bholahat,24.911,88.161,Government,
Gomastapur Community Clinic,Chapai Nawabganj,Gomastapur,24.771,88.271,Government,
Nachole Community Clinic,Chapai Nawabganj,Nachole,24.711,88.351,Government,
Shibganj Community Clinic,Chapai Nawabganj,Shibganj,24.681,88.161,Government,
Sufia Diagnostic Center,Rajshahi,Rajshahi Sadar,24.3725,88.5825,Private,
Ayesha Memorial Hospital Rajshahi,Rajshahi,Rajshahi Sadar,24.3745,88.5905,Private,
Barendra Hospital Rajshahi,Rajshahi,Rajshahi Sadar,24.3715,88.5835,Private,0247-812101
New Life Hospital Rajshahi,Rajshahi,Rajshahi Sadar,24.369,88.581,Private,
Medipath Diagnostic Bogra,Bogura,Bogura Sadar,24.846,89.373,Private,
Bogra Eye Hospital & Phaco Center,Bogura,Bogura Sadar,24.8425,89.3625,Private,
Niramoy Clinic Bogra,Bogura,Bogura Sadar,24.8485,89.3745,Private,
Standard Hospital & Diagnostic,Bogura,Bogura Sadar,24.852,89.378,Private,
Euro-Bangla Heart Hospital,Rajshahi,Rajshahi Sadar,24.3735,88.591,Premium,01711-556677
Rajshahi Model Diet & Diagnostic Center,Rajshahi,Rajshahi Sadar,24.371,88.5825,Private,
Dolphin Diagnostic Center,Rajshahi,Rajshahi Sadar,24.3728,88.584,Private,
Hitech Multicare Hospital,Rajshahi,Rajshahi Sadar,24.376,88.598,Private,
Pabna City Hospital & Diagnostic,Pabna,Pabna Sadar,24.0022,89.241,Private,
Sandhani Diagnostic Complex,Pabna,Pabna Sadar,24.004,89.238,Private,
Sirajganj Health Care & Diagnostic,Sirajganj,Sirajganj Sadar,24.456,89.702,Private,
Ullahpara Modern Hospital,Sirajganj,Ullahpara,24.316,89.542,Private,
Natore Digital Diagnostic Center,Natore,Natore Sadar,24.4155,88.9725,Private,
Naogaon Central Hospital,Naogaon,Naogaon Sadar,24.814,88.946,Private,
Bholahat Upazila Health Post,Chapai Nawabganj,Bholahat,24.918,88.168,Government,
Arani Health Sub Center (Extension),Rajshahi,Bagha,24.305,88.865,Government,
Taherpur Municipality Clinic,Rajshahi,Bagmara,24.658,88.908,Private,
Atrai Central Diagnostic,Naogaon,Atrai,24.608,88.968,Private,
Manda General Hospital,Naogaon,Manda,24.758,88.718,Private,
Adamdighi Community Clinic 02,Bogura,Adamdighi,24.812,89.042,Government,
Nashratpur Community Clinic 02,Bogura,Adamdighi,24.832,89.062,Government,
Kundagram Community Clinic 02,Bogura,Adamdighi,24.802,89.032,Government,
Dhunat Community Clinic 02,Bogura,Dhunat,24.672,89.532,Government,
Bhandarbari Community Clinic 02,Bogura,Dhunat,24.692,89.552,Government,
Chamrul Community Clinic 02,Bogura,Dhupchanchia,24.872,89.182,Government,
Gobindapur Community Clinic 02,Bogura,Dhupchanchia,24.882,89.192,Government,
Gabtali Community Clinic 02,Bogura,Gabtali,24.882,89.462,Government,
Bir Kedar Community Clinic 02,Bogura,Kahaloo,24.832,89.272,Government,
Bhadra Community Clinic 02,Bogura,Nandigram,24.672,89.322,Government,
Chaluabari Community Clinic 02,Bogura,Sariakandi,24.892,89.582,Government,
Amrool Community Clinic 02,Bogura,Shajahanpur,24.792,89.382,Government,
Bhabanipur Community Clinic 02,Bogura,Sherpur,24.652,89.392,Government,
Bihari Community Clinic 02,Bogura,Shibganj,24.982,89.322,Government,
Balua Community Clinic 02,Bogura,Sonatola,25.052,89.492,Government,
Atgharia Community Clinic 02,Pabna,Atgharia,24.112,89.252,Government,
Bera Community Clinic 02,Pabna,Bera,24.062,89.622,Government,
Bhangura Community Clinic 02,Pabna,Bhangura,24.222,89.382,Government,
Chatmohar Community Clinic 02,Pabna,Chatmohar,24.222,89.282,Government,
Faridpur Community Clinic 02,Pabna,Faridpur,24.152,89.452,Government,
Ishwardi Community Clinic 02,Pabna,Ishwardi,24.142,89.062,Government,
Santhia Community Clinic 02,Pabna,Santhia,24.052,89.502,Government,
Sujanagar Community Clinic 02,Pabna,Sujanagar,23.912,89.432,Government,
Belkuchi Community Clinic 02,Sirajganj,Belkuchi,24.292,89.682,Government,
Chauhali Community Clinic 02,Sirajganj,Chauhali,24.212,89.732,Government,
Kamarkhanda Community Clinic 02,Sirajganj,Kamarkhanda,24.402,89.622,Government,
Kazipur Community Clinic 02,Sirajganj,Kazipur,24.632,89.652,Government,
Raiganj Community Clinic 02,Sirajganj,Raiganj,24.512,89.502,Government,
Shahjadpur Community Clinic 02,Sirajganj,Shahjadpur,24.172,89.592,Government,
Tarash Community Clinic 02,Sirajganj,Tarash,24.432,89.372,Government,
Ullahpara Community Clinic 02,Sirajganj,Ullahpara,24.312,89.542,Government,
Atrai Community Clinic 02,Naogaon,Atrai,24.602,88.962,Government,
Badalgachhi Community Clinic 02,Naogaon,Badalgachhi,24.962,88.902,Government,
Dhamoirhat Community Clinic 02,Naogaon,Dhamoirhat,25.082,88.852,Government,
Manda Community Clinic 02,Naogaon,Manda,24.752,88.712,Government,
Mahadevpur Community Clinic 02,Naogaon,Mahadevpur,24.922,88.732,Government,
Niamatpur Community Clinic 02,Naogaon,Niamatpur,24.852,88.562,Government,
Patnitala Community Clinic 02,Naogaon,Patnitala,25.042,88.832,Government,
Porsha Community Clinic 02,Naogaon,Porsha,25.022,88.512,Government,
Raninagar Community Clinic 02,Naogaon,Raninagar,24.712,88.942,Government,
Sapahar Community Clinic 02,Naogaon,Sapahar,25.112,88.572,Government,
Bagatipara Community Clinic 02,Natore,Bagatipara,24.322,88.942,Government,
Baraigram Community Clinic 02,Natore,Baraigram,24.292,89.172,Government,
Gurudaspur Community Clinic 02,Natore,Gurudaspur,24.462,89.232,Government,
Lalpur Community Clinic 02,Natore,Lalpur,24.282,88.972,Government,
Singra Community Clinic 02,Natore,Singra,24.502,89.142,Government,
Naldanga Community Clinic 02,Natore,Naldanga,24.492,88.982,Government,
Akkelpur Community Clinic 02,Joypurhat,Akkelpur,24.962,89.012,Government,
Kalai Community Clinic 02,Joypurhat,Kalai,25.052,89.182,Government,
Khetlal Community Clinic 02,Joypurhat,Khetlal,24.982,89.112,Government,
Panchbibi Community Clinic 02,Joypurhat,Panchbibi,25.182,89.012,Government,
Bholahat Community Clinic 02,Chapai Nawabganj,Bholahat,24.912,88.162,Government,
Gomastapur Community Clinic 02,Chapai Nawabganj,Gomastapur,24.772,88.272,Government,
Nachole Community Clinic 02,Chapai Nawabganj,Nachole,24.712,88.352,Government,
Shibganj Community Clinic 02,Chapai Nawabganj,Shibganj,24.682,88.162,Government,
Bagha Community Clinic 01,Rajshahi,Bagha,24.238,88.838,Government,
Bagmara Community Clinic 01,Rajshahi,Bagmara,24.568,88.818,Government,
Charghat Community Clinic 01,Rajshahi,Charghat,24.288,88.758,Government,
Durgapur Community Clinic 01,Rajshahi,Durgapur,24.458,88.768,Government,
Godagari Community Clinic 01,Rajshahi,Godagari,24.468,88.335,Government,
Mohanpur Community Clinic 01,Rajshahi,Mohanpur,24.568,88.658,Government,
Paba Community Clinic 01,Rajshahi,Paba,24.428,88.608,Government,
Puthia Community Clinic 01,Rajshahi,Puthia,24.368,88.848,Government,
Tanore Community Clinic 01,Rajshahi,Tanore,24.608,88.578,Government,
Bogura City CC 01,Bogura,Bogura Sadar,24.848,89.372,Government,
Pabna Sadar CC 01,Pabna,Pabna Sadar,24.0012,89.2385,Government,
Sirajganj Sadar CC 01,Sirajganj,Sirajganj Sadar,24.455,89.705,Government,
Naogaon Sadar CC 01,Naogaon,Naogaon Sadar,24.812,88.945,Government,
Natore Sadar CC 01,Natore,Natore Sadar,24.415,88.975,Government,
Joypurhat Sadar CC 01,Joypurhat,Joypurhat Sadar,25.095,89.025,Government,
Chapai Sadar CC 01,Chapai Nawabganj,Chapai Nawabganj Sadar,24.595,88.275,Government,
Gopalpur Health Post,Rajshahi,Puthia,24.355,88.835,Government,
Jeupara Health Post,Rajshahi,Puthia,24.385,88.865,Government,
Bhalukagachi Health Post,Rajshahi,Puthia,24.375,88.855,Government,
Huzurippara Community Clinic 02,Rajshahi,Paba,24.461,88.641,Government,
Harian Community Clinic 02,Rajshahi,Paba,24.401,88.581,Government,
Damkura Community Clinic 02,Rajshahi,Paba,24.441,88.621,Government,
Darushsha Community Clinic 02,Rajshahi,Paba,24.451,88.631,Government,
Haripur Community Clinic 02,Rajshahi,Paba,24.411,88.591,Government,
Parila Community Clinic 02,Rajshahi,Paba,24.471,88.651,Government,
Hajir Hat Diagnostic center,Rajshahi,Rajshahi Sadar,24.3715,88.5822,Private,
Uposhahar General Hospital,Rajshahi,Rajshahi Sadar,24.378,88.595,Private,
New Market Diagnostic complex,Rajshahi,Rajshahi Sadar,24.3735,88.5812,Private,
Ghorshal Health Sub Center,Rajshahi,Godagari,24.482,88.335,Government,
Premtoli Health Sub Center,Rajshahi,Godagari,24.455,88.312,Government,
Kakron Health Sub Center,Rajshahi,Godagari,24.468,88.352,Government,
Pirgachha Union Health Sub Center,Rajshahi,Tanore,24.625,88.595,Government,
Mundumala Union Health Sub Center,Rajshahi,Tanore,24.642,88.572,Government,
Kamargaon Health Post,Rajshahi,Tanore,24.622,88.592,Government,
Bagha Municipality Clinic,Rajshahi,Bagha,24.232,88.832,Private,
Charghat Modern Diagnostic,Rajshahi,Charghat,24.282,88.752,Private,
Mohanpur General Lab,Rajshahi,Mohanpur,24.562,88.652,Private,
Tanore Digital Diagnostic,Rajshahi,Tanore,24.602,88.572,Private,
Durgapur Children's Clinic,Rajshahi,Durgapur,24.452,88.762,Private,
Bagmara Surgical Hospital,Rajshahi,Bagmara,24.562,88.812,Private,
Al-Razi Hospital Bogra,Bogura,Bogura Sadar,24.845,89.372,Private,
Bogra Digital Hospital,Bogura,Bogura Sadar,24.848,89.375,Private,
Maa Care Clinic Bogra,Bogura,Bogura Sadar,24.841,89.365,Private,
Bogra Specialized Eye Care,Bogura,Bogura Sadar,24.8515,89.3715,Private,
North Bengal Diagnostic center,Bogura,Bogura Sadar,24.8445,89.3735,Private,
Sherpur City Hospital (Private),Bogura,Sherpur,24.662,89.412,Private,
Dhunat Modern Clinic,Bogura,Dhunat,24.672,89.532,Private,
Sariakandi General Hospital,Bogura,Sariakandi,24.882,89.572,Private,
Shibganj Specialized Lab,Bogura,Shibganj,24.972,89.312,Private,
Nandigram Diagnostic Center,Bogura,Nandigram,24.662,89.312,Private,
Gabtali Digital Lab,Bogura,Gabtali,24.882,89.462,Private,
Sonatola Modern Clinic,Bogura,Sonatola,25.042,89.482,Private,
Adamdighi Surgical center,Bogura,Adamdighi,24.812,89.042,Private,
Kahaloo General Clinic,Bogura,Kahaloo,24.822,89.262,Private,
Shajahanpur Mother care,Bogura,Shajahanpur,24.782,89.372,Private,
Pabna Trauma & Orthopedic,Pabna,Pabna Sadar,24.0045,89.2355,Private,
Labaid Diagnostic Pabna,Pabna,Pabna Sadar,24.0015,89.2395,Premium,
Popular Diagnostic Pabna,Pabna,Pabna Sadar,24.0035,89.2385,Premium,
Bera General Hospital (Private),Pabna,Bera,24.062,89.622,Private,
Santhia Modern Clinic,Pabna,Santhia,24.052,89.502,Private,
Chatmohar Surgical Clinic,Pabna,Chatmohar,24.222,89.282,Private,
Faridpur General Clinic,Pabna,Faridpur,24.152,89.452,Private,
Ishwardi Digital Lab,Pabna,Ishwardi,24.142,89.062,Private,
Atgharia Diagnostic Center,Pabna,Atgharia,24.112,89.252,Private,
Sujanagar specialized unit,Pabna,Sujanagar,23.912,89.432,Private,
Bhangura mother care,Pabna,Bhangura,24.222,89.382,Private,
Sirajganj Heart Hospital,Sirajganj,Sirajganj Sadar,24.457,89.702,Private,
Sirajganj Kidney Center,Sirajganj,Sirajganj Sadar,24.454,89.708,Private,
Shahzadpur Mother Unit,Sirajganj,Shahjadpur,24.172,89.592,Private,
Belkuchi Pediatric Unit,Sirajganj,Belkuchi,24.292,89.682,Private,
Ullahpara Surgical Hospital,Sirajganj,Ullahpara,24.312,89.542,Private,
Raiganj Digital Lab,Sirajganj,Raiganj,24.512,89.502,Private,
Tarash Modern Clinic,Sirajganj,Tarash,24.432,89.372,Private,
Kazipur diagnostic center,Sirajganj,Kazipur,24.632,89.652,Private,
Kamarkhanda general lab,Sirajganj,Kamarkhanda,24.402,89.622,Private,
Chauhali health care unit,Sirajganj,Chauhali,24.212,89.732,Private,
Naogaon Medical College Hospital,Naogaon,Naogaon Sadar,24.8155,88.9425,Government,
Naogaon Trauma center,Naogaon,Naogaon Sadar,24.811,88.948,Private,
Naogaon Mother care clinic,Naogaon,Naogaon Sadar,24.813,88.944,Private,
Raninagar diagnostic lab,Naogaon,Raninagar,24.712,88.942,Private,
Atrai modern clinic,Naogaon,Atrai,24.602,88.962,Private,
Manda general diagnostic,Naogaon,Manda,24.752,88.712,Private,
Mahadevpur surgical unit,Naogaon,Mahadevpur,24.922,88.732,Private,
Badalgachhi health care,Naogaon,Badalgachhi,24.962,88.902,Private,
Patnitala mother care,Naogaon,Patnitala,25.042,88.832,Private,
Dhamoirhat digital lab,Naogaon,Dhamoirhat,25.082,88.852,Private,
Sapahar surgical hospital,Naogaon,Sapahar,25.112,88.572,Private,
Porsha modern clinic,Naogaon,Porsha,25.022,88.512,Private,
Niamatpur general lab,Naogaon,Niamatpur,24.852,88.562,Private,
Natore Heart Center,Natore,Natore Sadar,24.418,88.972,Private,
Singra specialized clinic,Natore,Singra,24.502,89.142,Private,
Baraigram surgical hospital,Natore,Baraigram,24.292,89.172,Private,
Gurudaspur digital lab,Natore,Gurudaspur,24.462,89.232,Private,
Lalpur mother care center,Natore,Lalpur,24.282,88.972,Private,
Bagatipara modern clinic,Natore,Bagatipara,24.322,88.942,Private,
Naldanga general diagnostic,Natore,Naldanga,24.492,88.982,Private,
Joypurhat Medical College Hospital,Joypurhat,Joypurhat Sadar,25.092,89.028,Government,
Joypurhat surgical clinic,Joypurhat,Joypurhat Sadar,25.095,89.022,Private,
Panchbibi digital lab,Joypurhat,Panchbibi,25.182,89.012,Private,
Akkelpur modern clinic,Joypurhat,Akkelpur,24.962,89.012,Private,
Kalai specialized center,Joypurhat,Kalai,25.052,89.182,Private,
Khetlal health care unit,Joypurhat,Khetlal,24.982,89.112,Private,
Chapai Nawabganj City Hospital,Chapai Nawabganj,Chapai Nawabganj Sadar,24.598,88.272,Private,
Shibganj surgical hospital,Chapai Nawabganj,Shibganj,24.682,88.162,Private,
Gomastapur digital lab,Chapai Nawabganj,Gomastapur,24.772,88.272,Private,
Nachole specialized unit,Chapai Nawabganj,Nachole,24.712,88.352,Private,
Bholahat health care center,Chapai Nawabganj,Bholahat,24.912,88.162,Private,
Godagari Municipality Clinic,Rajshahi,Godagari,24.462,88.332,Private,
Tanore General Lab (Private),Rajshahi,Tanore,24.605,88.575,Private,
Charghat Mother & Baby clinic,Rajshahi,Charghat,24.285,88.755,Private,
Puthia Digital Eye clinic,Rajshahi,Puthia,24.365,88.845,Private,
Bagatipara Health Post,Natore,Bagatipara,24.3215,88.9415,Government,
Singra Health Post,Natore,Singra,24.5055,89.1455,Government,
Naldanga 50 Bed Hospital,Natore,Naldanga,24.4925,88.9825,Government,
Joypurhat Adhunik Sadar Hospital,Joypurhat,Joypurhat Sadar,25.0955,89.0255,Government,0571-62235
Akkelpur Health Post,Joypurhat,Akkelpur,24.9655,89.0155,Government,
Kalai Health Post,Joypurhat,Kalai,25.0555,89.1855,Government,
Gomastapur 31 Bed Hospital,Chapai Nawabganj,Gomastapur,24.7755,88.2755,Government,
Nachole 31 Bed Hospital,Chapai Nawabganj,Nachole,24.7155,88.3555,Government,
Shibganj Health Post,Chapai Nawabganj,Shibganj,24.6855,88.1655,Government,
Amnura Missionary Clinic,Chapai Nawabganj,Chapai Nawabganj Sadar,24.55,88.25,Private,
Padma Clinic & Diagnostic,Joypurhat,Joypurhat Sadar,25.0965,89.0265,Private,
Anowara Clinic & Nursing Home,Joypurhat,Joypurhat Sadar,25.0945,89.0245,Private,
Bandhan Clinic,Joypurhat,Joypurhat Sadar,25.0975,89.0275,Private,
New Doctors Clinic,Joypurhat,Joypurhat Sadar,25.0985,89.0285,Private,
Amina Hospital Baraigram,Natore,Baraigram,24.2955,89.1755,Private,
Astha Diagnostic & Hospital,Natore,Natore Sadar,24.412,88.972,Private,
Dip Medical Services Singra,Natore,Singra,24.502,89.142,Private,
Prime Lab Hospital,Naogaon,Naogaon Sadar,24.8145,88.9475,Private,
Mohanogor Clinic & Neuro Hospital,Rajshahi,Rajshahi Sadar,24.375,88.601,Private,
Care & Cure Hospital Bogra,Bogura,Bogura Sadar,24.846,89.373,Private,
Sakhawat H. Memorial Hospital,Sirajganj,Sirajganj Sadar,24.4555,89.7055,Private,
Daffodil Clinic Sirajganj,Sirajganj,Sirajganj Sadar,24.457,89.707,Private,
Rajshahi Shisu Hospital,Rajshahi,Rajpara,24.372,88.583,Private,0721-770506
Christian Mission Hospital,Rajshahi,Rajpara,24.3685,88.584,Private,01733-845247
Islami Bank Medical College Hospital,Rajshahi,Airport Road,24.425,88.61,Premium,01917-089705
Barind Medical College (Specialized),Rajshahi,Paba,24.3755,88.6015,Premium,01713-228100
Zamzam Islami Hospital,Rajshahi,Kazihata,24.371,88.586,Premium,01711-192600
Rajshahi General Hospital & Diagnostic,Rajshahi,Sher Shah Road,24.374,88.589,Private,01707-006151
Bogra Central Jail Hospital,Bogura,Bogura Sadar,24.8415,89.3685,Government,
Pabna Central Jail Hospital,Pabna,Pabna Sadar,24.0015,89.2315,Government,
Sirajganj Jail Hospital,Sirajganj,Sirajganj Sadar,24.4515,89.7015,Government,
Naogaon Jail Hospital,Naogaon,Naogaon Sadar,24.8115,88.9415,Government,
Natore Jail Hospital,Natore,Natore Sadar,24.4115,88.9715,Government,
Hatmadhnagore (Naodas) UHSC,Rajshahi,Baghmara,24.615,88.865,Government,
Mohanganj (Gonipur) UHSC,Rajshahi,Baghmara,24.585,88.835,Government,
Sadhupara UHSC,Rajshahi,Baghmara,24.555,88.805,Government,
Tahirpur (Sreepur) UHSC,Rajshahi,Baghmara,24.645,88.895,Government,
Baktierpur (Deluabari) UHSC,Rajshahi,Mohanpur,24.595,88.685,Government,
Rangaliyagati CC,Sirajganj,Sirajganj Sadar,24.458,89.708,Government,
Bagdumur CC,Sirajganj,Sirajganj Sadar,24.461,89.711,Government,
Ramguiya CC,Rajshahi,Bagmara,24.572,88.822,Government,
Banaipur CC,Rajshahi,Bagmara,24.588,88.838,Government,
Kushabaria CC,Rajshahi,Bagha,24.238,88.838,Government,
Pachpara CC,Rajshahi,Bagha,24.241,88.841,Government,
Choto Senvag CC,Rajshahi,Puthia,24.378,88.858,Government,
Baraipara CC,Rajshahi,Puthia,24.382,88.862,Government,
Sonadaha CC,Rajshahi,Bagha,24.225,88.825,Government,
Durgapur Health Center (Annex),Rajshahi,Durgapur,24.455,88.765,Government,
Mohapur 31 Bed Hospital,Rajshahi,Mohanpur,24.565,88.655,Government,
Godagari 31 Bed Hospital,Rajshahi,Godagari,24.468,88.332,Government,
Bajitpur CC 02,Rajshahi,Bagha,24.2415,88.8415,Government,
Bausa CC 02,Rajshahi,Bagha,24.2515,88.8515,Government,
Arani CC 02,Rajshahi,Bagha,24.3015,88.8615,Government,
Gorgari CC 02,Rajshahi,Bagha,24.2115,88.8215,Government,
Monigram CC 02,Rajshahi,Bagha,24.2615,88.8715,Government,
Pakuria CC 02,Rajshahi,Bagha,24.2215,88.8115,Government,
Goyeshpur CC 02,Rajshahi,Bagmara,24.571,88.821,Government,
Hamirkutsa CC 02,Rajshahi,Bagmara,24.581,88.831,Government,
Maria CC 02,Rajshahi,Bagmara,24.551,88.801,Government,
Shuvodanga CC 02,Rajshahi,Bagmara,24.621,88.871,Government,
Bagdhani CC 02,Rajshahi,Paba,24.481,88.661,Government,
Yousufpur CC 02,Rajshahi,Charghat,24.291,88.761,Government,
Shalua CC 02,Rajshahi,Charghat,24.311,88.781,Government,
Bhalukagachi CC 02,Rajshahi,Puthia,24.371,88.851,Government,
Jeupara CC 02,Rajshahi,Puthia,24.381,88.861,Government,
Silmariya CC 02,Rajshahi,Puthia,24.391,88.871,Government,
Ghashigram CC 02,Rajshahi,Mohanpur,24.571,88.661,Government,
Matikata CC 02,Rajshahi,Godagari,24.481,88.351,Government,
Rishikul CC 02,Rajshahi,Godagari,24.441,88.311,Government,
Kolma CC 02,Rajshahi,Tanore,24.631,88.601,Government,
Adamdighi CC 03,Bogura,Adamdighi,24.811,89.041,Government,
Nashratpur CC 03,Bogura,Adamdighi,24.831,89.061,Government,
Dhunat CC 03,Bogura,Dhunat,24.671,89.531,Government,
Bhandarbari CC 03,Bogura,Dhunat,24.691,89.551,Government,
Chamrul CC 03,Bogura,Dhupchanchia,24.871,89.181,Government,
Gabtali CC 03,Bogura,Gabtali,24.881,89.461,Government,
Bir Kedar CC 03,Bogura,Kahaloo,24.831,89.271,Government,
Chaluabari CC 03,Bogura,Sariakandi,24.891,89.581,Government,
Amrool CC 03,Bogura,Shajahanpur,24.791,89.381,Government,
Bihari CC 03,Bogura,Shibganj,24.981,89.321,Government,
Atgharia CC 03,Pabna,Atgharia,24.111,89.251,Government,
Bera CC 03,Pabna,Bera,24.061,89.621,Government,
Chatmohar CC 03,Pabna,Chatmohar,24.221,89.281,Government,
Ishwardi CC 03,Pabna,Ishwardi,24.141,89.061,Government,
Santhia CC 03,Pabna,Santhia,24.051,89.501,Government,
Sujanagar CC 03,Pabna,Sujanagar,23.911,89.431,Government,
Belkuchi CC 03,Sirajganj,Belkuchi,24.291,89.681,Government,
Kazipur CC 03,Sirajganj,Kazipur,24.631,89.651,Government,
Shahjadpur CC 03,Sirajganj,Shahjadpur,24.171,89.591,Government,
Ullahpara CC 03,Sirajganj,Ullahpara,24.311,89.541,Government,
Atrai CC 03,Naogaon,Atrai,24.601,88.961,Government,
Manda CC 03,Naogaon,Manda,24.751,88.711,Government,
Mahadevpur CC 03,Naogaon,Mahadevpur,24.921,88.731,Government,
Patnitala CC 03,Naogaon,Patnitala,25.041,88.831,Government,
Raninagar CC 03,Naogaon,Raninagar,24.711,88.941,Government,
Bagatipara CC 03,Natore,Bagatipara,24.321,88.941,Government,
Baraigram CC 03,Natore,Baraigram,24.291,89.171,Government,
Lalpur CC 03,Natore,Lalpur,24.281,88.971,Government,
Singra CC 03,Natore,Singra,24.501,89.141,Government,
Akkelpur CC 03,Joypurhat,Akkelpur,24.961,89.011,Government,
Panchbibi CC 03,Joypurhat,Panchbibi,25.181,89.011,Government,
Gomastapur CC 03,Chapai Nawabganj,Gomastapur,24.771,88.271,Government,
Shibganj CC 03,Chapai Nawabganj,Shibganj,24.681,88.161,Government,
Boghadi Health Center (Annex),Rajshahi,Paba,24.425,88.605,Government,
Ujanisar Health Sub Center (Specialized),Brahmanbaria,Brahmanbaria Sadar,23.935,91.121,Government,
Puthia Diabetes Center,Rajshahi,Puthia,24.365,88.845,Private,
Bagha Eye Care Center,Rajshahi,Bagha,24.235,88.835,Private,
Charghat Kidney Center,Rajshahi,Charghat,24.285,88.755,Private,
Godagari Surgical Clinic,Rajshahi,Godagari,24.465,88.332,Private,
Tanore Mother care center,Rajshahi,Tanore,24.605,88.575,Private,
Mohanpur Diagnostic Unit,Rajshahi,Mohanpur,24.565,88.655,Private,
Adamdighi specialized lab,Bogura,Adamdighi,24.815,89.045,Private,
Dhunat Pediatric clinic,Bogura,Dhunat,24.675,89.535,Private,
Gabtali Cardiac unit,Bogura,Gabtali,24.885,89.465,Private,
Sherpur Trauma center,Bogura,Sherpur,24.665,89.415,Private,
Shibganj Neuro center,Bogura,Shibganj,24.975,89.315,Private,
Atgharia diabetic clinic,Pabna,Atgharia,24.115,89.255,Private,
Bera surgical unit,Pabna,Bera,24.065,89.625,Private,
Ishwardi Cardiac care,Pabna,Ishwardi,24.145,89.065,Private,
Santhia mother care unit,Pabna,Santhia,24.055,89.505,Private,
Belkuchi Kidney clinic,Sirajganj,Belkuchi,24.295,89.685,Private,
Shahjadpur diagnostic lab,Sirajganj,Shahjadpur,24.175,89.595,Private,
Ullahpara pediatric unit,Sirajganj,Ullahpara,24.315,89.545,Private,
Manda diagnostic complex,Naogaon,Manda,24.755,88.715,Private,
Patnitala specialized lab,Naogaon,Patnitala,25.045,88.835,Private,
Baraigram surgical clinic,Natore,Baraigram,24.295,89.175,Private,
Singra diagnostic unit,Natore,Singra,24.505,89.145,Private,
Joypurhat surgical unit,Joypurhat,Joypurhat Sadar,25.095,89.025,Private,
Panchbibi specialized clinic,Joypurhat,Panchbibi,25.185,89.015,Private,
Shibganj heart clinic,Chapai Nawabganj,Shibganj,24.685,88.165,Private,
Gomastapur pediatric unit,Chapai Nawabganj,Gomastapur,24.775,88.275,Private,
Nachole surgical clinic,Chapai Nawabganj,Nachole,24.715,88.355,Private,
Durgapur diagnostic center,Rajshahi,Durgapur,24.455,88.765,Private,
Bagmara specialized lab,Rajshahi,Bagmara,24.565,88.815,Private,
Paba cardiac center,Rajshahi,Paba,24.425,88.605,Private,
Tanore ent clinic,Rajshahi,Tanore,24.605,88.575,Private,
Bogura specialized unit,Bogura,Bogura Sadar,24.8195,89.3625,Private,
Pabna specialized wing,Pabna,Pabna Sadar,24.0012,89.2385,Private,
Sirajganj specialized center,Sirajganj,Sirajganj Sadar,24.455,89.705,Private,
Naogaon specialized lab,Naogaon,Naogaon Sadar,24.812,88.945,Private,
Natore specialized unit,Natore,Natore Sadar,24.415,88.975,Private,
Joypurhat specialized wing,Joypurhat,Joypurhat Sadar,25.095,89.025,Private,
Chapai Nawabganj specialized unit,Chapai Nawabganj,Chapai Nawabganj Sadar,24.595,88.275,Private,
Rajshahi Medical Hospital (Annex),Rajshahi,Rajshahi Sadar,24.3708,88.5835,Government,
TMSS Medical (Specialized),Bogura,Bogura Sadar,24.891,89.362,Premium,
Barendra Medical (Specialized),Rajshahi,Rajshahi Sadar,24.3755,88.6015,Premium,
Shaheed Ziaur Rahman MCH (Annex),Bogura,Bogura Sadar,24.8195,89.3625,Government,
Pabna General (Specialized unit),Pabna,Pabna Sadar,24.0012,89.2385,Government,
Sirajganj General (Annex),Sirajganj,Sirajganj Sadar,24.455,89.705,Government,
Naogaon General (Specialized unit),Naogaon,Naogaon Sadar,24.812,88.945,Government,
Joypurhat Adhunik (Annex),Joypurhat,Joypurhat Sadar,25.095,89.025,Government,
Natore District (Specialized unit),Natore,Natore Sadar,24.415,88.975,Government,
Chapai Nawabganj District (Annex),Chapai Nawabganj,Chapai Nawabganj Sadar,24.595,88.275,Government,
Laxmipur (Bogura) CC 01,Bogura,Gabtali,24.895,89.475,Government,
Mahishaban CC 01,Bogura,Gabtali,24.875,89.455,Government,
Naruamala CC 01,Bogura,Gabtali,24.865,89.445,Government,
Sonaray CC 01,Bogura,Gabtali,24.925,89.505,Government,
Bir Kedar CC 01,Bogura,Kahaloo,24.835,89.275,Government,
Jamgram CC 01,Bogura,Kahaloo,24.845,89.285,Government,
Murail CC 01,Bogura,Kahaloo,24.815,89.255,Government,
Narhatt CC 01,Bogura,Kahaloo,24.805,89.245,Government,
Paikar CC 01,Bogura,Kahaloo,24.855,89.295,Government,
Bhadra CC 01,Bogura,Nandigram,24.675,89.325,Government,
Bhatgram CC 01,Bogura,Nandigram,24.685,89.335,Government,
Bhatra CC 01,Bogura,Nandigram,24.655,89.305,Government,
Burail CC 01,Bogura,Nandigram,24.645,89.295,Government,
Chaluabari CC 01,Bogura,Sariakandi,24.895,89.585,Government,
Hat Sherpur CC 01,Bogura,Sariakandi,24.905,89.595,Government,
Kamalpur CC 01,Bogura,Sariakandi,24.915,89.605,Government,
Kutubpur CC 01,Bogura,Sariakandi,24.875,89.565,Government,
Narchi CC 01,Bogura,Sariakandi,24.865,89.555,Government,
Rohandaha CC 01,Bogura,Sariakandi,24.925,89.615,Government,
Amrool CC 01,Bogura,Shajahanpur,24.795,89.385,Government,
Ashekpur CC 01,Bogura,Shajahanpur,24.805,89.395,Government,
Gohail CC 01,Bogura,Shajahanpur,24.775,89.365,Government,
Kharna CC 01,Bogura,Shajahanpur,24.765,89.355,Government,
Madla CC 01,Bogura,Shajahanpur,24.815,89.405,Government,
Bhabanipur CC 01,Bogura,Sherpur,24.655,89.395,Government,
Garidaha CC 01,Bogura,Sherpur,24.675,89.425,Government,
Khamarandi CC 01,Bogura,Sherpur,24.645,89.405,Government,
Kusumbi CC 01,Bogura,Sherpur,24.685,89.435,Government,
Mirzapur CC 01,Bogura,Sherpur,24.695,89.445,Government,
Bihari CC 01,Bogura,Shibganj,24.985,89.325,Government,
Buriganj CC 01,Bogura,Shibganj,24.995,89.335,Government,
Deuli CC 01,Bogura,Shibganj,24.965,89.305,Government,
Kicak CC 01,Bogura,Shibganj,24.955,89.295,Government,
Mokamtola CC 01,Bogura,Shibganj,25.005,89.345,Government,
Saidpur CC 01,Bogura,Shibganj,25.015,89.355,Government,
Bagatipara Health Post,Natore,Bagatipara,24.3215,88.9415,Government,
Singra Health Post,Natore,Singra,24.5055,89.1455,Government,
Naldanga 50 Bed Hospital,Natore,Naldanga,24.4925,88.9825,Government,
Joypurhat Adhunik Sadar Hospital,Joypurhat,Joypurhat Sadar,25.0955,89.0255,Government,0571-62235
Akkelpur Health Post,Joypurhat,Akkelpur,24.9655,89.0155,Government,
Kalai Health Post,Joypurhat,Kalai,25.0555,89.1855,Government,
Gomastapur 31 Bed Hospital,Chapai Nawabganj,Gomastapur,24.7755,88.2755,Government,
Nachole 31 Bed Hospital,Chapai Nawabganj,Nachole,24.7155,88.3555,Government,
Shibganj Health Post,Chapai Nawabganj,Shibganj,24.6855,88.1655,Government,
Amnura Missionary Clinic,Chapai Nawabganj,Chapai Nawabganj Sadar,24.55,88.25,Private,
Padma Clinic & Diagnostic,Joypurhat,Joypurhat Sadar,25.0965,89.0265,Private,
Anowara Clinic & Nursing Home,Joypurhat,Joypurhat Sadar,25.0945,89.0245,Private,
Bandhan Clinic,Joypurhat,Joypurhat Sadar,25.0975,89.0275,Private,
New Doctors Clinic,Joypurhat,Joypurhat Sadar,25.0985,89.0285,Private,
Amina Hospital Baraigram,Natore,Baraigram,24.2955,89.1755,Private,
Astha Diagnostic & Hospital,Natore,Natore Sadar,24.412,88.972,Private,
Dip Medical Services Singra,Natore,Singra,24.502,89.142,Private,
Prime Lab Hospital,Naogaon,Naogaon Sadar,24.8145,88.9475,Private,
Mohanogor Clinic & Neuro Hospital,Rajshahi,Rajshahi Sadar,24.375,88.601,Private,
Care & Cure Hospital Bogra,Bogura,Bogura Sadar,24.846,89.373,Private,
Sakhawat H. Memorial Hospital,Sirajganj,Sirajganj Sadar,24.4555,89.7055,Private,
Daffodil Clinic Sirajganj,Sirajganj,Sirajganj Sadar,24.457,89.707,Private,
Rajshahi Shisu Hospital,Rajshahi,Rajpara,24.372,88.583,Private,0721-770506
Christian Mission Hospital,Rajshahi,Rajpara,24.3685,88.584,Private,01733-845247
Islami Bank Medical College Hospital,Rajshahi,Airport Road,24.425,88.61,Premium,01917-089705
Barind Medical College (Specialized),Rajshahi,Paba,24.3755,88.6015,Premium,01713-228100
Zamzam Islami Hospital,Rajshahi,Kazihata,24.371,88.586,Premium,01711-192600
Rajshahi General Hospital & Diagnostic,Rajshahi,Sher Shah Road,24.374,88.589,Private,01707-006151
Bogra Central Jail Hospital,Bogura,Bogura Sadar,24.8415,89.3685,Government,
Pabna Central Jail Hospital,Pabna,Pabna Sadar,24.0015,89.2315,Government,
Sirajganj Jail Hospital,Sirajganj,Sirajganj Sadar,24.4515,89.7015,Government,
Naogaon Jail Hospital,Naogaon,Naogaon Sadar,24.8115,88.9415,Government,
Natore Jail Hospital,Natore,Natore Sadar,24.4115,88.9715,Government,
Hatmadhnagore (Naodas) UHSC,Rajshahi,Bagmara,24.615,88.865,Government,
Mohanganj (Gonipur) UHSC,Rajshahi,Bagmara,24.585,88.835,Government,
Sadhupara UHSC,Rajshahi,Bagmara,24.555,88.805,Government,
Tahirpur (Sreepur) UHSC,Rajshahi,Bagmara,24.645,88.895,Government,
Baktierpur (Deluabari) UHSC,Rajshahi,Mohanpur,24.595,88.685,Government,
Rangaliyagati CC,Sirajganj,Sirajganj Sadar,24.458,89.708,Government,
Bagdumur CC,Sirajganj,Sirajganj Sadar,24.461,89.711,Government,
Ramguiya CC,Rajshahi,Bagmara,24.572,88.822,Government,
Banaipur CC,Rajshahi,Bagmara,24.588,88.838,Government,
Kushabaria CC,Rajshahi,Bagha,24.238,88.838,Government,
Pachpara CC,Rajshahi,Bagha,24.241,88.841,Government,
Choto Senvag CC,Rajshahi,Puthia,24.378,88.858,Government,
Baraipara CC,Rajshahi,Puthia,24.382,88.862,Government,
Sonadaha CC,Rajshahi,Bagha,24.225,88.825,Government,
Durgapur Health Center (Annex),Rajshahi,Durgapur,24.455,88.765,Government,
Mohapur 31 Bed Hospital,Rajshahi,Mohanpur,24.565,88.655,Government,
Godagari 31 Bed Hospital,Rajshahi,Godagari,24.468,88.332,Government,
Bajitpur CC 02,Rajshahi,Bagha,24.2415,88.8415,Government,
Bausa CC 02,Rajshahi,Bagha,24.2515,88.8515,Government,
Arani CC 02,Rajshahi,Bagha,24.3015,88.8615,Government,
Gorgari CC 02,Rajshahi,Bagha,24.2115,88.8215,Government,
Monigram CC 02,Rajshahi,Bagha,24.2615,88.8715,Government,
Pakuria CC 02,Rajshahi,Bagha,24.2215,88.8115,Government,
Goyeshpur CC 02,Rajshahi,Bagmara,24.571,88.821,Government,
Hamirkutsa CC 02,Rajshahi,Bagmara,24.581,88.831,Government,
Maria CC 02,Rajshahi,Bagmara,24.551,88.801,Government,
Shuvodanga CC 02,Rajshahi,Bagmara,24.621,88.871,Government,
Bagdhani CC 02,Rajshahi,Paba,24.481,88.661,Government,
Yousufpur CC 02,Rajshahi,Charghat,24.291,88.761,Government,
Shalua CC 02,Rajshahi,Charghat,24.311,88.781,Government,
Bhalukagachi CC 02,Rajshahi,Puthia,24.371,88.851,Government,
Jeupara CC 02,Rajshahi,Puthia,24.381,88.861,Government,
Silmariya CC 02,Rajshahi,Puthia,24.391,88.871,Government,
Ghashigram CC 02,Rajshahi,Mohanpur,24.571,88.661,Government,
Matikata CC 02,Rajshahi,Godagari,24.481,88.351,Government,
Rishikul CC 02,Rajshahi,Godagari,24.441,88.311,Government,
Kolma CC 02,Rajshahi,Tanore,24.631,88.601,Government,
Adamdighi CC 03,Bogura,Adamdighi,24.811,89.041,Government,
Nashratpur CC 03,Bogura,Adamdighi,24.831,89.061,Government,
Dhunat CC 03,Bogura,Dhunat,24.671,89.531,Government,
Bhandarbari CC 03,Bogura,Dhunat,24.691,89.551,Government,
Chamrul CC 03,Bogura,Dhupchanchia,24.871,89.181,Government,
Gabtali CC 03,Bogura,Gabtali,24.881,89.461,Government,
Bir Kedar CC 03,Bogura,Kahaloo,24.831,89.271,Government,
Chaluabari CC 03,Bogura,Sariakandi,24.891,89.581,Government,
Amrool CC 03,Bogura,Shajahanpur,24.791,89.381,Government,
Bihari CC 03,Bogura,Shibganj,24.981,89.321,Government,
Atgharia CC 03,Pabna,Atgharia,24.111,89.251,Government,
Bera CC 03,Pabna,Bera,24.061,89.621,Government,
Chatmohar CC 03,Pabna,Chatmohar,24.221,89.281,Government,
Ishwardi CC 03,Pabna,Ishwardi,24.141,89.061,Government,
Santhia CC 03,Pabna,Santhia,24.051,89.501,Government,
Sujanagar CC 03,Pabna,Sujanagar,23.911,89.431,Government,
Belkuchi CC 03,Sirajganj,Belkuchi,24.291,89.681,Government,
Kazipur CC 03,Sirajganj,Kazipur,24.631,89.651,Government,
Shahjadpur CC 03,Sirajganj,Shahjadpur,24.171,89.591,Government,
Ullahpara CC 03,Sirajganj,Ullahpara,24.311,89.541,Government,
Atrai CC 03,Naogaon,Atrai,24.601,88.961,Government,
Manda CC 03,Naogaon,Manda,24.751,88.711,Government,
Mahadevpur CC 03,Naogaon,Mahadevpur,24.921,88.731,Government,
Patnitala CC 03,Naogaon,Patnitala,25.041,88.831,Government,
Raninagar CC 03,Naogaon,Raninagar,24.711,88.941,Government,
Bagatipara CC 03,Natore,Bagatipara,24.321,88.941,Government,
Baraigram CC 03,Natore,Baraigram,24.291,89.171,Government,
Lalpur CC 03,Natore,Lalpur,24.281,88.971,Government,
Singra CC 03,Natore,Singra,24.501,89.141,Government,
Akkelpur CC 03,Joypurhat,Akkelpur,24.961,89.011,Government,
Panchbibi CC 03,Joypurhat,Panchbibi,25.181,89.011,Government,
Gomastapur CC 03,Chapai Nawabganj,Gomastapur,24.771,88.271,Government,
Shibganj CC 03,Chapai Nawabganj,Shibganj,24.681,88.161,Government,
Boghadi Health Center (Annex),Rajshahi,Paba,24.425,88.605,Government,
Ujanisar Health Sub Center (Specialized),Brahmanbaria,Brahmanbaria Sadar,23.935,91.121,Government,
Puthia Diabetes Center,Rajshahi,Puthia,24.365,88.845,Private,
Bagha Eye Care Center,Rajshahi,Bagha,24.235,88.835,Private,
Charghat Kidney Center,Rajshahi,Charghat,24.285,88.755,Private,
Godagari Surgical Clinic,Rajshahi,Godagari,24.465,88.332,Private,
Tanore Mother care center,Rajshahi,Tanore,24.605,88.575,Private,
Mohanpur Diagnostic Unit,Rajshahi,Mohanpur,24.565,88.655,Private,
Adamdighi specialized lab,Bogura,Adamdighi,24.815,89.045,Private,
Dhunat Pediatric clinic,Bogura,Dhunat,24.675,89.535,Private,
Gabtali Cardiac unit,Bogura,Gabtali,24.885,89.465,Private,
Sherpur Trauma center,Bogura,Sherpur,24.665,89.415,Private,
Shibganj Neuro center,Bogura,Shibganj,24.975,89.315,Private,
Atgharia diabetic clinic,Pabna,Atgharia,24.115,89.255,Private,
Bera surgical unit,Pabna,Bera,24.065,89.625,Private,
Ishwardi Cardiac care,Pabna,Ishwardi,24.145,89.065,Private,
Santhia mother care unit,Pabna,Santhia,24.055,89.505,Private,
Belkuchi Kidney clinic,Sirajganj,Belkuchi,24.295,89.685,Private,
Shahjadpur diagnostic lab,Sirajganj,Shahjadpur,24.175,89.595,Private,
Ullahpara pediatric unit,Sirajganj,Ullahpara,24.315,89.545,Private,
Manda diagnostic complex,Naogaon,Manda,24.755,88.715,Private,
Patnitala specialized lab,Naogaon,Patnitala,25.045,88.835,Private,
Baraigram surgical clinic,Natore,Baraigram,24.295,89.175,Private,
Bagatipara Health Post,Natore,Bagatipara,24.3215,88.9415,Government,
Singra Health Post,Natore,Singra,24.5055,89.1455,Government,
Naldanga 50 Bed Hospital,Natore,Naldanga,24.4925,88.9825,Government,
Joypurhat Adhunik Sadar Hospital,Joypurhat,Joypurhat Sadar,25.0955,89.0255,Government,0571-62235
Akkelpur Health Post,Joypurhat,Akkelpur,24.9655,89.0155,Government,
Kalai Health Post,Joypurhat,Kalai,25.0555,89.1855,Government,
Gomastapur 31 Bed Hospital,Chapai Nawabganj,Gomastapur,24.7755,88.2755,Government,
Nachole 31 Bed Hospital,Chapai Nawabganj,Nachole,24.7155,88.3555,Government,
Shibganj Health Post,Chapai Nawabganj,Shibganj,24.6855,88.1655,Government,
Amnura Missionary Clinic,Chapai Nawabganj,Chapai Nawabganj Sadar,24.55,88.25,Private,
Padma Clinic & Diagnostic,Joypurhat,Joypurhat Sadar,25.0965,89.0265,Private,
Anowara Clinic & Nursing Home,Joypurhat,Joypurhat Sadar,25.0945,89.0245,Private,
Bandhan Clinic,Joypurhat,Joypurhat Sadar,25.0975,89.0275,Private,
New Doctors Clinic,Joypurhat,Joypurhat Sadar,25.0985,89.0285,Private,
Amina Hospital Baraigram,Natore,Baraigram,24.2955,89.1755,Private,
Astha Diagnostic & Hospital,Natore,Natore Sadar,24.412,88.972,Private,
Dip Medical Services Singra,Natore,Singra,24.502,89.142,Private,
Prime Lab Hospital,Naogaon,Naogaon Sadar,24.8145,88.9475,Private,
Mohanogor Clinic & Neuro Hospital,Rajshahi,Rajshahi Sadar,24.375,88.601,Private,
Care & Cure Hospital Bogra,Bogura,Bogura Sadar,24.846,89.373,Private,
Sakhawat H. Memorial Hospital,Sirajganj,Sirajganj Sadar,24.4555,89.7055,Private,
Daffodil Clinic Sirajganj,Sirajganj,Sirajganj Sadar,24.457,89.707,Private,
Rajshahi Shisu Hospital,Rajshahi,Rajpara,24.372,88.583,Private,0721-770506
Christian Mission Hospital,Rajshahi,Rajpara,24.3685,88.584,Private,01733-845247
Islami Bank Medical College Hospital,Rajshahi,Airport Road,24.425,88.61,Premium,01917-089705
Barind Medical College (Specialized),Rajshahi,Paba,24.3755,88.6015,Premium,01713-228100
Zamzam Islami Hospital,Rajshahi,Kazihata,24.371,88.586,Premium,01711-192600
Rajshahi General Hospital & Diagnostic,Rajshahi,Sher Shah Road,24.374,88.589,Private,01707-006151
Bogra Central Jail Hospital,Bogura,Bogura Sadar,24.8415,89.3685,Government,
Pabna Central Jail Hospital,Pabna,Pabna Sadar,24.0015,89.2315,Government,
Sirajganj Jail Hospital,Sirajganj,Sirajganj Sadar,24.4515,89.7015,Government,
Naogaon Jail Hospital,Naogaon,Naogaon Sadar,24.8115,88.9415,Government,
Natore Jail Hospital,Natore,Natore Sadar,24.4115,88.9715,Government,
Hatmadhnagore (Naodas) UHSC,Rajshahi,Bagmara,24.615,88.865,Government,
Mohanganj (Gonipur) UHSC,Rajshahi,Bagmara,24.585,88.835,Government,
Sadhupara UHSC,Rajshahi,Bagmara,24.555,88.805,Government,
Tahirpur (Sreepur) UHSC,Rajshahi,Bagmara,24.645,88.895,Government,
Baktierpur (Deluabari) UHSC,Rajshahi,Mohanpur,24.595,88.685,Government,
Rangaliyagati CC,Sirajganj,Sirajganj Sadar,24.458,89.708,Government,
Bagdumur CC,Sirajganj,Sirajganj Sadar,24.461,89.711,Government,
Ramguiya CC,Rajshahi,Bagmara,24.572,88.822,Government,
Banaipur CC,Rajshahi,Bagmara,24.588,88.838,Government,
Kushabaria CC,Rajshahi,Bagha,24.238,88.838,Government,
Pachpara CC,Rajshahi,Bagha,24.241,88.841,Government,
Choto Senvag CC,Rajshahi,Puthia,24.378,88.858,Government,
Baraipara CC,Rajshahi,Puthia,24.382,88.862,Government,
Sonadaha CC,Rajshahi,Bagha,24.225,88.825,Government,
Durgapur Health Center (Annex),Rajshahi,Durgapur,24.455,88.765,Government,
Mohapur 31 Bed Hospital,Rajshahi,Mohanpur,24.565,88.655,Government,
Godagari 31 Bed Hospital,Rajshahi,Godagari,24.468,88.332,Government,
Bajitpur CC 02,Rajshahi,Bagha,24.2415,88.8415,Government,
Bausa CC 02,Rajshahi,Bagha,24.2515,88.8515,Government,
Arani CC 02,Rajshahi,Bagha,24.3015,88.8615,Government,
Gorgari CC 02,Rajshahi,Bagha,24.2115,88.8215,Government,
Monigram CC 02,Rajshahi,Bagha,24.2615,88.8715,Government,
Pakuria CC 02,Rajshahi,Bagha,24.2215,88.8115,Government,
Goyeshpur CC 02,Rajshahi,Bagmara,24.571,88.821,Government,
Hamirkutsa CC 02,Rajshahi,Bagmara,24.581,88.831,Government,
Maria CC 02,Rajshahi,Bagmara,24.551,88.801,Government,
Shuvodanga CC 02,Rajshahi,Bagmara,24.621,88.871,Government,
Bagdhani CC 02,Rajshahi,Paba,24.481,88.661,Government,
Yousufpur CC 02,Rajshahi,Charghat,24.291,88.761,Government,
Shalua CC 02,Rajshahi,Charghat,24.311,88.781,Government,
Bhalukagachi CC 02,Rajshahi,Puthia,24.371,88.851,Government,
Jeupara CC 02,Rajshahi,Puthia,24.381,88.861,Government,
Silmariya CC 02,Rajshahi,Puthia,24.391,88.871,Government,
Ghashigram CC 02,Rajshahi,Mohanpur,24.571,88.661,Government,
Matikata CC 02,Rajshahi,Godagari,24.481,88.351,Government,
Rishikul CC 02,Rajshahi,Godagari,24.441,88.311,Government,
Kolma CC 02,Rajshahi,Tanore,24.631,88.601,Government,
Adamdighi CC 03,Bogura,Adamdighi,24.811,89.041,Government,
Nashratpur CC 03,Bogura,Adamdighi,24.831,89.061,Government,
Dhunat CC 03,Bogura,Dhunat,24.671,89.531,Government,
Bhandarbari CC 03,Bogura,Dhunat,24.691,89.551,Government,
Chamrul CC 03,Bogura,Dhupchanchia,24.871,89.181,Government,
Gabtali CC 03,Bogura,Gabtali,24.881,89.461,Government,
Bir Kedar CC 03,Bogura,Kahaloo,24.831,89.271,Government,
Chaluabari CC 03,Bogura,Sariakandi,24.891,89.581,Government,
Amrool CC 03,Bogura,Shajahanpur,24.791,89.381,Government,
Bihari CC 03,Bogura,Shibganj,24.981,89.321,Government,
Atgharia CC 03,Pabna,Atgharia,24.111,89.251,Government,
Bera CC 03,Pabna,Bera,24.061,89.621,Government,
Chatmohar CC 03,Pabna,Chatmohar,24.221,89.281,Government,
Ishwardi CC 03,Pabna,Ishwardi,24.141,89.061,Government,
Santhia CC 03,Pabna,Santhia,24.051,89.501,Government,
Sujanagar CC 03,Pabna,Sujanagar,23.911,89.431,Government,
Belkuchi CC 03,Sirajganj,Belkuchi,24.291,89.681,Government,
Kazipur CC 03,Sirajganj,Kazipur,24.631,89.651,Government,
Shahjadpur CC 03,Sirajganj,Shahjadpur,24.171,89.591,Government,
Ullahpara CC 03,Sirajganj,Ullahpara,24.311,89.541,Government,
Atrai CC 03,Naogaon,Atrai,24.601,88.961,Government,
Manda CC 03,Naogaon,Manda,24.751,88.711,Government,
Mahadevpur CC 03,Naogaon,Mahadevpur,24.921,88.731,Government,
Patnitala CC 03,Naogaon,Patnitala,25.041,88.831,Government,
Raninagar CC 03,Naogaon,Raninagar,24.711,88.941,Government,
Bagatipara CC 03,Natore,Bagatipara,24.321,88.941,Government,
Baraigram CC 03,Natore,Baraigram,24.291,89.171,Government,
Lalpur CC 03,Natore,Lalpur,24.281,88.971,Government,
Singra CC 03,Natore,Singra,24.501,89.141,Government,
Akkelpur CC 03,Joypurhat,Akkelpur,24.961,89.011,Government,
Panchbibi CC 03,Joypurhat,Panchbibi,25.181,89.011,Government,
Gomastapur CC 03,Chapai Nawabganj,Gomastapur,24.771,88.271,Government,
Shibganj CC 03,Chapai Nawabganj,Shibganj,24.681,88.161,Government,
Boghadi Health Center (Annex),Rajshahi,Paba,24.425,88.605,Government,
Ujanisar Health Sub Center (Specialized),Brahmanbaria,Brahmanbaria Sadar,23.935,91.121,Government,
Puthia Diabetes Center,Rajshahi,Puthia,24.365,88.845,Private,
Bagha Eye Care Center,Rajshahi,Bagha,24.235,88.835,Private,
Charghat Kidney Center,Rajshahi,Charghat,24.285,88.755,Private,
Godagari Surgical Clinic,Rajshahi,Godagari,24.465,88.332,Private,
Tanore Mother care center,Rajshahi,Tanore,24.605,88.575,Private,
Mohanpur Diagnostic Unit,Rajshahi,Mohanpur,24.565,88.655,Private,
Adamdighi specialized lab,Bogura,Adamdighi,24.815,89.045,Private,
Dhunat Pediatric clinic,Bogura,Dhunat,24.675,89.535,Private,
Gabtali Cardiac unit,Bogura,Gabtali,24.885,89.465,Private,
Sherpur Trauma center,Bogura,Sherpur,24.665,89.415,Private,
Shibganj Neuro center,Bogura,Shibganj,24.975,89.315,Private,
Atgharia diabetic clinic,Pabna,Atgharia,24.115,89.255,Private,
Bera surgical unit,Pabna,Bera,24.065,89.625,Private,
Ishwardi Cardiac care,Pabna,Ishwardi,24.145,89.065,Private,
Santhia mother care unit,Pabna,Santhia,24.055,89.505,Private,
Belkuchi Kidney clinic,Sirajganj,Belkuchi,24.295,89.685,Private,
Shahjadpur diagnostic lab,Sirajganj,Shahjadpur,24.175,89.595,Private,
Ullahpara pediatric unit,Sirajganj,Ullahpara,24.315,89.545,Private,
Manda diagnostic complex,Naogaon,Manda,24.755,88.715,Private,
Patnitala specialized lab,Naogaon,Patnitala,25.045,88.835,Private,
Baraigram surgical clinic,Natore,Baraigram,24.295,89.175,Private,
Singra diagnostic unit,Natore,Singra,24.505,89.145,Private,
Joypurhat surgical unit,Joypurhat,Joypurhat Sadar,25.095,89.025,Private,
Panchbibi specialized clinic,Joypurhat,Panchbibi,25.185,89.015,Private,
Shibganj heart clinic,Chapai Nawabganj,Shibganj,24.685,88.165,Private,
Gomastapur pediatric unit,Chapai Nawabganj,Gomastapur,24.775,88.275,Private,
Nachole surgical clinic,Chapai Nawabganj,Nachole,24.715,88.355,Private,
Durgapur diagnostic center,Rajshahi,Durgapur,24.455,88.765,Private,
Bagmara specialized lab,Rajshahi,Bagmara,24.565,88.815,Private,
Paba cardiac center,Rajshahi,Paba,24.425,88.605,Private,
Tanore ent clinic,Rajshahi,Tanore,24.605,88.575,Private,
Bogura specialized unit,Bogura,Bogura Sadar,24.8195,89.3625,Private,
Pabna specialized wing,Pabna,Pabna Sadar,24.0012,89.2385,Private,
Sirajganj specialized center,Sirajganj,Sirajganj Sadar,24.455,89.705,Private,
Naogaon specialized lab,Naogaon,Naogaon Sadar,24.812,88.945,Private,
Natore specialized unit,Natore,Natore Sadar,24.415,88.975,Private,
Joypurhat specialized wing,Joypurhat,Joypurhat Sadar,25.095,89.025,Private,
Chapai Nawabganj specialized unit,Chapai Nawabganj,Chapai Nawabganj Sadar,24.595,88.275,Private,
Rajshahi Medical Hospital (Annex),Rajshahi,Rajshahi Sadar,24.3708,88.5835,Government,
TMSS Medical (Specialized),Bogura,Bogura Sadar,24.891,89.362,Premium,
Barendra Medical (Specialized),Rajshahi,Rajshahi Sadar,24.3755,88.6015,Premium,
Shaheed Ziaur Rahman MCH (Annex),Bogura,Bogura Sadar,24.8195,89.3625,Government,
Pabna General (Specialized unit),Pabna,Pabna Sadar,24.0012,89.2385,Government,
Sirajganj General (Annex),Sirajganj,Sirajganj Sadar,24.455,89.705,Government,
Naogaon General (Specialized unit),Naogaon,Naogaon Sadar,24.812,88.945,Government,
Joypurhat Adhunik (Annex),Joypurhat,Joypurhat Sadar,25.095,89.025,Government,
Natore District (Specialized unit),Natore,Natore Sadar,24.415,88.975,Government,
Chapai Nawabganj District (Annex),Chapai Nawabganj,Chapai Nawabganj Sadar,24.595,88.275,Government,
Laxmipur (Bogura) CC 01,Bogura,Gabtali,24.895,89.475,Government,
Mahishaban CC 01,Bogura,Gabtali,24.875,89.455,Government,
Naruamala CC 01,Bogura,Gabtali,24.865,89.445,Government,
Sonaray CC 01,Bogura,Gabtali,24.925,89.505,Government,
Bir Kedar CC 01,Bogura,Kahaloo,24.835,89.275,Government,
Jamgram CC 01,Bogura,Kahaloo,24.845,89.285,Government,
Murail CC 01,Bogura,Kahaloo,24.815,89.255,Government,
Narhatt CC 01,Bogura,Kahaloo,24.805,89.245,Government,
Paikar CC 01,Bogura,Kahaloo,24.855,89.295,Government,
Bhadra CC 01,Bogura,Nandigram,24.675,89.325,Government,
Bhatgram CC 01,Bogura,Nandigram,24.685,89.335,Government,
Bhatra CC 01,Bogura,Nandigram,24.655,89.305,Government,
Burail CC 01,Bogura,Nandigram,24.645,89.295,Government,
Chaluabari CC 01,Bogura,Sariakandi,24.895,89.585,Government,
Hat Sherpur CC 01,Bogura,Sariakandi,24.905,89.595,Government,
Kamalpur CC 01,Bogura,Sariakandi,24.915,89.605,Government,
Kutubpur CC 01,Bogura,Sariakandi,24.875,89.565,Government,
Narchi CC 01,Bogura,Sariakandi,24.865,89.555,Government,
Rohandaha CC 01,Bogura,Sariakandi,24.925,89.615,Government,
Amrool CC 01,Bogura,Shajahanpur,24.795,89.385,Government,
Ashekpur CC 01,Bogura,Shajahanpur,24.805,89.395,Government,
Gohail CC 01,Bogura,Shajahanpur,24.775,89.365,Government,
Kharna CC 01,Bogura,Shajahanpur,24.765,89.355,Government,
Madla CC 01,Bogura,Shajahanpur,24.815,89.405,Government,
Bhabanipur CC 01,Bogura,Sherpur,24.655,89.395,Government,
Garidaha CC 01,Bogura,Sherpur,24.675,89.425,Government,
Khamarandi CC 01,Bogura,Sherpur,24.645,89.405,Government,
Kusumbi CC 01,Bogura,Sherpur,24.685,89.435,Government,
Mirzapur CC 01,Bogura,Sherpur,24.695,89.445,Government,
Bihari CC 01,Bogura,Shibganj,24.985,89.325,Government,
Buriganj CC 01,Bogura,Shibganj,24.995,89.335,Government,
Deuli CC 01,Bogura,Shibganj,24.965,89.305,Government,
Kicak CC 01,Bogura,Shibganj,24.955,89.295,Government,
Mokamtola CC 01,Bogura,Shibganj,25.005,89.345,Government,
Saidpur CC 01,Bogura,Shibganj,25.015,89.355,Government,
Sonatola CC 03,Bogura,Sonatola,25.048,89.488,Government,
Digdair CC 02,Bogura,Sonatola,25.061,89.501,Government,
Pakulla CC 02,Bogura,Sonatola,25.021,89.461,Government,
Tekani CC 02,Bogura,Sonatola,25.071,89.511,Government,
Atgharia CC 04,Pabna,Atgharia,24.118,89.258,Government,
Debottar CC 01,Pabna,Atgharia,24.125,89.265,Government,
Ekdantha CC 01,Pabna,Atgharia,24.135,89.275,Government,
Lakshmipur CC 01,Pabna,Atgharia,24.145,89.285,Government,
Bera CC 04,Pabna,Bera,24.068,89.628,Government,
Haturia CC 01,Pabna,Bera,24.075,89.635,Government,
Kaitola CC 01,Pabna,Bera,24.085,89.645,Government,
Mashundia CC 01,Pabna,Bera,24.095,89.655,Government,
Bhangura CC 04,Pabna,Bhangura,24.228,89.388,Government,
Dilpashar CC 01,Pabna,Bhangura,24.235,89.395,Government,
Khanmorich CC 01,Pabna,Bhangura,24.245,89.405,Government,
Chatmohar CC 04,Pabna,Chatmohar,24.228,89.288,Government,
Bilchalan CC 01,Pabna,Chatmohar,24.235,89.295,Government,
Dhanghara CC 01,Pabna,Chatmohar,24.245,89.305,Government,
Nimaijdighi CC 01,Pabna,Chatmohar,24.255,89.315,Government,
Faridpur CC 04,Pabna,Faridpur,24.158,89.458,Government,
Banwari Nagar CC 01,Pabna,Faridpur,24.165,89.465,Government,
Hadol CC 01,Pabna,Faridpur,24.175,89.475,Government,
Ishwardi CC 04,Pabna,Ishwardi,24.148,89.068,Government,
Dashuria CC 01,Pabna,Ishwardi,24.155,89.075,Government,
Lakshmikunda CC 01,Pabna,Ishwardi,24.165,89.085,Government,
Paksey CC 01,Pabna,Ishwardi,24.175,89.095,Government,
Sahapur CC 01,Pabna,Ishwardi,24.185,89.105,Government,
Santhia CC 04,Pabna,Santhia,24.058,89.508,Government,
Bhuiyanpur CC 01,Pabna,Santhia,24.065,89.515,Government,
Dhulauri CC 01,Pabna,Santhia,24.075,89.525,Government,
Nariagachha CC 01,Pabna,Santhia,24.085,89.535,Government,
Sujanagar CC 04,Pabna,Sujanagar,23.918,89.438,Government,
Ahmedpur CC 01,Pabna,Sujanagar,23.925,89.445,Government,
Dulai CC 01,Pabna,Sujanagar,23.935,89.455,Government,
Raninagar (Pabna) CC 01,Pabna,Sujanagar,23.945,89.465,Government,
Belkuchi CC 04,Sirajganj,Belkuchi,24.298,89.688,Government,
Bhangabari CC 01,Sirajganj,Belkuchi,24.305,89.695,Government,
Daultpur CC 01,Sirajganj,Belkuchi,24.315,89.705,Government,
Rajapur CC 01,Sirajganj,Belkuchi,24.325,89.715,Government,
Chauhali CC 04,Sirajganj,Chauhali,24.218,89.738,Government,
Enayetpur CC 01,Sirajganj,Chauhali,24.225,89.745,Government,
Sadiya Chandpur CC 01,Sirajganj,Chauhali,24.235,89.755,Government,
Kamarkhanda CC 04,Sirajganj,Kamarkhanda,24.408,89.628,Government,
Jamtail CC 01,Sirajganj,Kamarkhanda,24.415,89.635,Government,
Rayeric CC 01,Sirajganj,Kamarkhanda,24.425,89.645,Government,
Kazipur CC 04,Sirajganj,Kazipur,24.638,89.658,Government,
Chalitabari CC 01,Sirajganj,Kazipur,24.645,89.665,Government,
Ghandail CC 01,Sirajganj,Kazipur,24.655,89.675,Government,
Nisindara CC 01,Sirajganj,Kazipur,24.665,89.685,Government,
Raiganj CC 04,Sirajganj,Raiganj,24.518,89.508,Government,
Brahmapur CC 01,Sirajganj,Raiganj,24.525,89.515,Government,
Dhanghara CC 02,Sirajganj,Raiganj,24.535,89.525,Government,
Nalci CC 01,Sirajganj,Raiganj,24.545,89.535,Government,
Shahjadpur CC 04,Sirajganj,Shahjadpur,24.178,89.598,Government,
Kayempur CC 01,Sirajganj,Shahjadpur,24.185,89.605,Government,
Potajia CC 01,Sirajganj,Shahjadpur,24.195,89.615,Government,
Sonatani CC 01,Sirajganj,Shahjadpur,24.205,89.625,Government,
Tarash CC 04,Sirajganj,Tarash,24.438,89.378,Government,
Magura Binod CC 01,Sirajganj,Tarash,24.445,89.385,Government,
Sagirpur CC 01,Sirajganj,Tarash,24.455,89.395,Government,
Ullahpara CC 04,Sirajganj,Ullahpara,24.318,89.548,Government,
Bangala CC 01,Sirajganj,Ullahpara,24.325,89.555,Government,
Hatkumrul CC 01,Sirajganj,Ullahpara,24.335,89.565,Government,
Panchakoshi CC 01,Sirajganj,Ullahpara,24.345,89.575,Government,
Salanga CC 01,Sirajganj,Ullahpara,24.355,89.585,Government,
Atrai CC 04,Naogaon,Atrai,24.608,88.968,Government,
Bishnupur CC 01,Naogaon,Atrai,24.615,88.975,Government,
Kaligram CC 01,Naogaon,Atrai,24.625,88.985,Government,
Panchupur CC 01,Naogaon,Atrai,24.635,88.995,Government,
Badalgachhi CC 04,Naogaon,Badalgachhi,24.968,88.908,Government,
Adharpur CC 01,Naogaon,Badalgachhi,24.975,88.915,Government,
Bhalubhara CC 01,Naogaon,Badalgachhi,24.985,88.925,Government,
Mathurapur CC 01,Naogaon,Badalgachhi,24.995,88.935,Government,
Dhamoirhat CC 04,Naogaon,Dhamoirhat,25.088,88.858,Government,
Agradigun CC 01,Naogaon,Dhamoirhat,25.095,88.865,Government,
Isabpur CC 01,Naogaon,Dhamoirhat,25.105,88.875,Government,
Manda CC 04,Naogaon,Manda,24.758,88.718,Government,
Bharon CC 01,Naogaon,Manda,24.765,88.725,Government,
Kashimpur CC 01,Naogaon,Manda,24.775,88.735,Government,
Kusumba CC 01,Naogaon,Manda,24.785,88.745,Government,
Mahadevpur CC 04,Naogaon,Mahadevpur,24.928,88.738,Government,
Enayetpur CC 02,Naogaon,Mahadevpur,24.935,88.745,Government,
Raygaon CC 01,Naogaon,Mahadevpur,24.945,88.755,Government,
Safapur CC 01,Naogaon,Mahadevpur,24.955,88.765,Government,
Niamatpur CC 04,Naogaon,Niamatpur,24.858,88.568,Government,
Bhabanipur (Naogaon) CC 01,Naogaon,Niamatpur,24.865,88.575,Government,
Chandanpur CC 01,Naogaon,Niamatpur,24.875,88.585,Government,
Patnitala CC 04,Naogaon,Patnitala,25.048,88.838,Government,
Akbarpur CC 01,Naogaon,Patnitala,25.055,88.845,Government,
Najipur CC 01,Naogaon,Patnitala,25.065,88.855,Government,
Porsha CC 04,Naogaon,Porsha,25.028,88.518,Government,
Ghatnagar CC 01,Naogaon,Porsha,25.035,88.525,Government,
Nitpur CC 01,Naogaon,Porsha,25.045,88.535,Government,
Raninagar CC 04,Naogaon,Raninagar,24.718,88.948,Government,
Ekdala CC 01,Naogaon,Raninagar,24.725,88.955,Government,
Gona CC 01,Naogaon,Raninagar,24.735,88.965,Government,
Sapahar CC 04,Naogaon,Sapahar,25.118,88.578,Government,
Aiyl CC 01,Naogaon,Sapahar,25.125,88.585,Government,
Pathari CC 01,Naogaon,Sapahar,25.135,88.595,Government,
Bagatipara CC 04,Natore,Bagatipara,24.328,88.948,Government,
Jamnagar CC 01,Natore,Bagatipara,24.335,88.955,Government,
Paka CC 01,Natore,Bagatipara,24.345,88.965,Government,
Baraigram CC 04,Natore,Baraigram,24.298,89.178,Government,
Chandai CC 01,Natore,Baraigram,24.305,89.185,Government,
Gopalpur CC 01,Natore,Baraigram,24.315,89.195,Government,
Majhgram CC 01,Natore,Baraigram,24.325,89.205,Government,
Gurudaspur CC 03,Natore,Gurudaspur,24.468,89.238,Government,
Bioghat CC 01,Natore,Gurudaspur,24.475,89.245,Government,
Khariabar CC 01,Natore,Gurudaspur,24.485,89.255,Government,
Lalpur CC 04,Natore,Lalpur,24.288,88.978,Government,
Arbab CC 01,Natore,Lalpur,24.295,88.985,Government,
Bilmaria CC 01,Natore,Lalpur,24.305,88.995,Government,
Chongdhupail CC 01,Natore,Lalpur,24.315,89.005,Government,
Singra CC 04,Natore,Singra,24.508,89.148,Government,
Chutar dighi CC 01,Natore,Singra,24.515,89.155,Government,
Itali CC 01,Natore,Singra,24.525,89.165,Government,
Sukash CC 01,Natore,Singra,24.535,89.175,Government,
Naldanga CC 03,Natore,Naldanga,24.498,88.988,Government,
Brammapur CC 01,Natore,Naldanga,24.505,88.995,Government,
Khajura CC 01,Natore,Naldanga,24.515,89.005,Government,
Akkelpur CC 04,Joypurhat,Akkelpur,24.968,89.018,Government,
Gopinathpur (Joypurhat) CC 01,Joypurhat,Akkelpur,24.975,89.025,Government,
Raika CC 01,Joypurhat,Akkelpur,24.985,89.035,Government,
Kalai CC 03,Joypurhat,Kalai,25.058,89.188,Government,
Matrai CC 01,Joypurhat,Kalai,25.065,89.195,Government,
Zindapur CC 01,Joypurhat,Kalai,25.075,89.205,Government,
Khetlal CC 03,Joypurhat,Khetlal,24.988,89.118,Government,
Mamudpur CC 01,Joypurhat,Khetlal,24.995,89.125,Government,
Tulshiganga CC 01,Joypurhat,Khetlal,25.005,89.135,Government,
Panchbibi CC 04,Joypurhat,Panchbibi,25.188,89.018,Government,
Aatapur CC 01,Joypurhat,Panchbibi,25.195,89.025,Government,
Bagjana CC 01,Joypurhat,Panchbibi,25.205,89.035,Government,
Dharanjee CC 01,Joypurhat,Panchbibi,25.215,89.045,Government,
Bholahat CC 03,Chapai Nawabganj,Bholahat,24.918,88.168,Government,
Daldali CC 01,Chapai Nawabganj,Bholahat,24.925,88.175,Government,
Gomastapur CC 04,Chapai Nawabganj,Gomastapur,24.778,88.278,Government,
Bangabari CC 01,Chapai Nawabganj,Gomastapur,24.785,88.285,Government,
Rohanpur CC 01,Chapai Nawabganj,Gomastapur,24.795,88.295,Government,
Nachole CC 03,Chapai Nawabganj,Nachole,24.718,88.358,Government,
Fatehpur (Chapai) CC 01,Chapai Nawabganj,Nachole,24.725,88.365,Government,
Nizampur CC 01,Chapai Nawabganj,Nachole,24.735,88.375,Government,
Shibganj CC 04,Chapai Nawabganj,Shibganj,24.688,88.168,Government,
Binodpur CC 01,Chapai Nawabganj,Shibganj,24.695,88.175,Government,
Chak Kirti CC 01,Chapai Nawabganj,Shibganj,24.705,88.185,Government,
Daipukuria CC 01,Chapai Nawabganj,Shibganj,24.715,88.195,Government,
Durlovpur CC 01,Chapai Nawabganj,Shibganj,24.725,88.205,Government,
Kansat CC 01,Chapai Nawabganj,Shibganj,24.735,88.215,Government,
Mobarakpur CC 01,Chapai Nawabganj,Shibganj,24.745,88.225,Government,
Shampur (Chapai) CC 01,Chapai Nawabganj,Shibganj,24.755,88.235,Government,
Bogura Metro CC 01,Bogura,Bogura Sadar,24.845,89.37,Government,
Pabna Metro CC 01,Pabna,Pabna Sadar,24.005,89.23,Government,
Sirajganj Metro CC 01,Sirajganj,Sirajganj Sadar,24.45,89.7,Government,
Naogaon Metro CC 01,Naogaon,Naogaon Sadar,24.81,88.94,Government,
Natore Metro CC 01,Natore,Natore Sadar,24.41,88.97,Government,
Joypurhat Metro CC 01,Joypurhat,Joypurhat Sadar,25.09,89.02,Government,
Chapai Metro CC 01,Chapai Nawabganj,Chapai Nawabganj Sadar,24.59,88.27,Government,
Rajshahi Urban Satellite 01,Rajshahi,Boalia,24.37,88.59,Government,
Bogura Urban Satellite 01,Bogura,Bogura Sadar,24.85,89.38,Government,
Pabna Urban Satellite 01,Pabna,Pabna Sadar,24.01,89.24,Government,
Sirajganj Urban Satellite 01,Sirajganj,Sirajganj Sadar,24.46,89.71,Government,
Naogaon Urban Satellite 01,Naogaon,Naogaon Sadar,24.82,88.95,Government,
Natore Urban Satellite 01,Natore,Natore Sadar,24.42,88.98,Government,
Joypurhat Urban Satellite 01,Joypurhat,Joypurhat Sadar,25.1,89.03,Government,
Chapai Urban Satellite 01,Chapai Nawabganj,Chapai Nawabganj Sadar,24.6,88.28,Government,
Rajshahi Specialized Cancer Hospital,Rajshahi,Rajshahi Sadar,24.375,88.605,Private,
Bogra Heart & Kidney Center,Bogura,Bogura Sadar,24.848,89.378,Private,
Pabna Neuro & Trauma Center,Pabna,Pabna Sadar,24.0055,89.2425,Private,
Sirajganj Cardiac Hospital,Sirajganj,Sirajganj Sadar,24.458,89.708,Private,
Naogaon Mother & Child Hospital,Naogaon,Naogaon Sadar,24.816,88.946,Private,
Natore Diabetic & Eye Hospital,Natore,Natore Sadar,24.418,88.978,Private,
Joypurhat Orthopedic Clinic,Joypurhat,Joypurhat Sadar,25.098,89.028,Private,
Chapai Nawabganj General Clinic,Chapai Nawabganj,Chapai Nawabganj Sadar,24.598,88.278,Private,
Rajshahi Fertility Clinic,Rajshahi,Rajshahi Sadar,24.371,88.583,Private,
Bogura Diagnostic Wing (TMSS),Bogura,Bogura Sadar,24.893,89.364,Premium,
Pabna Specialized Dental Clinic,Pabna,Pabna Sadar,24.001,89.236,Private,
Sirajganj Liver & Gastro Clinic,Sirajganj,Sirajganj Sadar,24.453,89.703,Private,
Naogaon Skin & Laser Center,Naogaon,Naogaon Sadar,24.812,88.942,Private,
Natore ENT & Voice Clinic,Natore,Natore Sadar,24.414,88.974,Private,
Joypurhat Chest & Asthma Clinic,Joypurhat,Joypurhat Sadar,25.094,89.024,Private,
Chapai Specialized Pediatric,Chapai Nawabganj,Chapai Nawabganj Sadar,24.594,88.274,Private,
Rajshahi Physiotherapy center,Rajshahi,Rajshahi Sadar,24.368,88.586,Private,
Bogura Mental Health center,Bogura,Bogura Sadar,24.841,89.365,Private,
Bagha CC 03,Rajshahi,Bagha,24.2395,88.8395,Government,
Bagmara CC 03,Rajshahi,Bagmara,24.5695,88.8195,Government,
Charghat CC 03,Rajshahi,Charghat,24.2895,88.7595,Government,
Durgapur CC 03,Rajshahi,Durgapur,24.4595,88.7695,Government,
Godagari CC 03,Rajshahi,Godagari,24.4695,88.3365,Government,
Mohanpur CC 03,Rajshahi,Mohanpur,24.5695,88.6595,Government,
Paba CC 03,Rajshahi,Paba,24.4295,88.6095,Government,
Puthia CC 03,Rajshahi,Puthia,24.3695,88.8495,Government,
Tanore CC 03,Rajshahi,Tanore,24.6095,88.5795,Government,
Pabna Urban Satellite 02,Pabna,Pabna Sadar,24.012,89.242,Government,
Sirajganj Urban Satellite 02,Sirajganj,Sirajganj Sadar,24.462,89.712,Government,
Naogaon Urban Satellite 02,Naogaon,Naogaon Sadar,24.822,88.952,Government,
Natore Urban Satellite 02,Natore,Natore Sadar,24.422,88.982,Government,
Joypurhat Urban Satellite 02,Joypurhat,Joypurhat Sadar,25.102,89.032,Government,
Chapai Urban Satellite 02,Chapai Nawabganj,Chapai Nawabganj Sadar,24.602,88.282,Government,
Adamdighi Satellite Clinic,Bogura,Adamdighi,24.816,89.046,Government,
Dhunat Satellite Clinic,Bogura,Dhunat,24.676,89.536,Government,
Dhupchanchia Satellite Clinic,Bogura,Dhupchanchia,24.866,89.176,Government,
Gabtali Satellite Clinic,Bogura,Gabtali,24.886,89.466,Government,
Kahaloo Satellite Clinic,Bogura,Kahaloo,24.826,89.266,Government,
Nandigram Satellite Clinic,Bogura,Nandigram,24.666,89.316,Government,
Sariakandi Satellite Clinic,Bogura,Sariakandi,24.886,89.576,Government,
Shajahanpur Satellite Clinic,Bogura,Shajahanpur,24.786,89.376,Government,
Sherpur Satellite Clinic,Bogura,Sherpur,24.666,89.416,Government,
Shibganj Satellite Clinic,Bogura,Shibganj,24.976,89.316,Government,
Sonatola Satellite Clinic,Bogura,Sonatola,25.046,89.486,Government,
Atgharia Satellite Clinic,Pabna,Atgharia,24.116,89.256,Government,
Bera Satellite Clinic,Pabna,Bera,24.066,89.626,Government,
Bhangura Satellite Clinic,Pabna,Bhangura,24.226,89.386,Government,
Chatmohar Satellite Clinic,Pabna,Chatmohar,24.226,89.286,Government,
Faridpur Satellite Clinic,Pabna,Faridpur,24.156,89.456,Government,
Ishwardi Satellite Clinic,Pabna,Ishwardi,24.146,89.066,Government,
Santhia Satellite Clinic,Pabna,Santhia,24.056,89.506,Government,
Sujanagar Satellite Clinic,Pabna,Sujanagar,23.916,89.436,Government,
Belkuchi Satellite Clinic,Sirajganj,Belkuchi,24.296,89.686,Government,
Chauhali Satellite Clinic,Sirajganj,Chauhali,24.216,89.736,Government,
Kamarkhanda Satellite Clinic,Sirajganj,Kamarkhanda,24.406,89.626,Government,
Kazipur Satellite Clinic,Sirajganj,Kazipur,24.636,89.656,Government,
Raiganj Satellite Clinic,Sirajganj,Raiganj,24.516,89.506,Government,
Shahjadpur Satellite Clinic,Sirajganj,Shahjadpur,24.176,89.596,Government,
Tarash Satellite Clinic,Sirajganj,Tarash,24.436,89.376,Government,
Ullahpara Satellite Clinic,Sirajganj,Ullahpara,24.316,89.546,Government,
Atrai Satellite Clinic,Naogaon,Atrai,24.606,88.966,Government,
Badalgachhi Satellite Clinic,Naogaon,Badalgachhi,24.966,88.906,Government,
Dhamoirhat Satellite Clinic,Naogaon,Dhamoirhat,25.086,88.856,Government,
Manda Satellite Clinic,Naogaon,Manda,24.756,88.716,Government,
Mahadevpur Satellite Clinic,Naogaon,Mahadevpur,24.926,88.736,Government,
Niamatpur Satellite Clinic,Naogaon,Niamatpur,24.856,88.566,Government,
Patnitala Satellite Clinic,Naogaon,Patnitala,25.046,88.836,Government,
Porsha Satellite Clinic,Naogaon,Porsha,25.026,88.516,Government,
Raninagar Satellite Clinic,Naogaon,Raninagar,24.716,88.946,Government,
Sapahar Satellite Clinic,Naogaon,Sapahar,25.116,88.576,Government,
Bagatipara Satellite Clinic,Natore,Bagatipara,24.326,88.946,Government,
Baraigram Satellite Clinic,Natore,Baraigram,24.296,89.176,Government,
Gurudaspur Satellite Clinic,Natore,Gurudaspur,24.466,89.236,Government,
Lalpur Satellite Clinic,Natore,Lalpur,24.286,88.976,Government,
Singra Satellite Clinic,Natore,Singra,24.506,89.146,Government,
Naldanga Satellite Clinic,Natore,Naldanga,24.496,88.986,Government,
Akkelpur Satellite Clinic,Joypurhat,Akkelpur,24.966,89.016,Government,
Kalai Satellite Clinic,Joypurhat,Kalai,25.056,89.186,Government,
Khetlal Satellite Clinic,Joypurhat,Khetlal,24.986,89.116,Government,
Panchbibi Satellite Clinic,Joypurhat,Panchbibi,25.186,89.016,Government,
Bholahat Satellite Clinic,Chapai Nawabganj,Bholahat,24.916,88.166,Government,
Gomastapur Satellite Clinic,Chapai Nawabganj,Gomastapur,24.776,88.276,Government,
Nachole Satellite Clinic,Chapai Nawabganj,Nachole,24.716,88.356,Government,
Shibganj Satellite Clinic,Chapai Nawabganj,Shibganj,24.686,88.166,Government,
Rajshahi Medical College (Dental Unit),Rajshahi,Rajshahi Sadar,24.3715,88.583,Government,
Bogura Medical College (Dental Unit),Bogura,Bogura Sadar,24.819,89.362,Government,
Pabna Medical College (Dental Unit),Pabna,Pabna Sadar,24.005,89.241,Government,
Sirajganj Medical College (Dental Unit),Sirajganj,Sirajganj Sadar,24.456,89.708,Government,
Naogaon Medical College (Dental Unit),Naogaon,Naogaon Sadar,24.815,88.942,Government,
Joypurhat Medical College (Dental Unit),Joypurhat,Joypurhat Sadar,25.0915,89.0275,Government,
Chapai Nawabganj Medical (Dental Unit),Chapai Nawabganj,Chapai Sadar,24.594,88.274,Government,
Barendra Hospital (Surgical Unit),Rajshahi,Rajshahi Sadar,24.3718,88.5838,Private,
TMSS Hospital (Cancer Wing),Bogura,Bogura Sadar,24.8915,89.3625,Premium,
Islami Bank Hospital (Cardiac unit),Rajshahi,Rajshahi Sadar,24.3728,88.5868,Premium,
Royal Hospital (Orthopedic unit),Rajshahi,Rajshahi Sadar,24.3688,88.5858,Private,
Popular Diagnostic (Pediatric lab),Bogura,Bogura Sadar,24.8468,89.3738,Premium,
Labaid Diagnostic (Hormone unit),Rajshahi,Rajshahi Sadar,24.3712,88.5832,Premium,
Pabna Trauma Center (Annex),Pabna,Pabna Sadar,24.0048,89.2358,Private,
Sirajganj Heart Unit (Private),Sirajganj,Sirajganj Sadar,24.4575,89.7025,Private,
Naogaon Eye Clinic (New),Naogaon,Naogaon Sadar,24.8118,88.9438,Private,
Natore Skin Care Clinic,Natore,Natore Sadar,24.4168,88.9768,Private,
Joypurhat general lab (New),Joypurhat,Joypurhat Sadar,25.0978,89.0278,Private,
Chapai Diabetic Care (Private),Chapai Nawabganj,Chapai Sadar,24.5948,88.2748,Private,
Bagha surgical clinic 02,Rajshahi,Bagha,24.2325,88.8325,Private,
Charghat diagnostic unit 02,Rajshahi,Charghat,24.2825,88.7525,Private,
Puthia specialized lab 02,Rajshahi,Puthia,24.3655,88.8455,Private,
Durgapur mother care 02,Rajshahi,Durgapur,24.4525,88.7625,Private,
Godagari pediatric clinic 02,Rajshahi,Godagari,24.4625,88.3325,Private,
Mohanpur diagnostic lab 02,Rajshahi,Mohanpur,24.5625,88.6525,Private,
Bagmara specialized lab 02,Rajshahi,Bagmara,24.5625,88.8125,Private,
Tanore heart clinic 02,Rajshahi,Tanore,24.6025,88.5725,Private,
Paba specialized unit 02,Rajshahi,Paba,24.4255,88.6055,Private,
Rajshahi specialized Cancer Lab,Rajshahi,Rajshahi Sadar,24.3755,88.6055,Private,
Bogura specialized cardiac lab,Bogura,Bogura Sadar,24.8485,89.3785,Private,
Pabna specialized neuro lab,Pabna,Pabna Sadar,24.0058,89.2428,Private,
Sirajganj specialized kidney lab,Sirajganj,Sirajganj Sadar,24.4585,89.7085,Private,
Naogaon specialized mother lab,Naogaon,Naogaon Sadar,24.8165,88.9465,Private,
Natore specialized diabetic lab,Natore,Natore Sadar,24.4185,88.9785,Private,
Joypurhat specialized ortho lab,Joypurhat,Joypurhat Sadar,25.0985,89.0285,Private,
Chapai specialized pediatric lab,Chapai Nawabganj,Chapai Sadar,24.5945,88.2745,Private,
Bagha Community Clinic 02,Rajshahi,Bagha,24.2385,88.8385,Government,
Bagmara Community Clinic 02,Rajshahi,Bagmara,24.5685,88.8185,Government,
Charghat Community Clinic 02,Rajshahi,Charghat,24.2885,88.7585,Government,
Durgapur Community Clinic 02,Rajshahi,Durgapur,24.4585,88.7685,Government,
Godagari Community Clinic 02,Rajshahi,Godagari,24.4685,88.3355,Government,
Mohanpur Community Clinic 02,Rajshahi,Mohanpur,24.5685,88.6585,Government,
Paba Community Clinic 02,Rajshahi,Paba,24.4285,88.6085,Government,
Puthia Community Clinic 02,Rajshahi,Puthia,24.3685,88.8485,Government,
Tanore Community Clinic 02,Rajshahi,Tanore,24.6085,88.5785,Government,
Adamdighi Community Clinic 04,Bogura,Adamdighi,24.8115,89.0415,Government,
Dhunat Community Clinic 04,Bogura,Dhunat,24.6715,89.5315,Government,
Dhupchanchia Community Clinic 03,Bogura,Dhupchanchia,24.8715,89.1815,Government,
Gabtali Community Clinic 04,Bogura,Gabtali,24.8815,89.4615,Government,
Kahaloo Community Clinic 04,Bogura,Kahaloo,24.8315,89.2715,Government,
Nandigram Community Clinic 04,Bogura,Nandigram,24.6715,89.3215,Government,
Sariakandi Community Clinic 04,Bogura,Sariakandi,24.8915,89.5815,Government,
Shajahanpur Community Clinic 04,Bogura,Shajahanpur,24.7915,89.3815,Government,
Sherpur Community Clinic 04,Bogura,Sherpur,24.6515,89.3915,Government,
Shibganj Community Clinic 04,Bogura,Shibganj,24.9815,89.3215,Government,
Sonatola Community Clinic 04,Bogura,Sonatola,25.0515,89.4915,Government,
Atgharia Community Clinic 05,Pabna,Atgharia,24.1115,89.2515,Government,
Bera Community Clinic 05,Pabna,Bera,24.0615,89.6215,Government,
Bhangura Community Clinic 05,Pabna,Bhangura,24.2215,89.3815,Government,
Chatmohar Community Clinic 05,Pabna,Chatmohar,24.2215,89.2815,Government,
Faridpur Community Clinic 05,Pabna,Faridpur,24.1515,89.4515,Government,
Ishwardi Community Clinic 05,Pabna,Ishwardi,24.1415,89.0615,Government,
Santhia Community Clinic 05,Pabna,Santhia,24.0515,89.5015,Government,
Sujanagar Community Clinic 05,Pabna,Sujanagar,23.9115,89.4315,Government,
Belkuchi Community Clinic 05,Sirajganj,Belkuchi,24.2915,89.6815,Government,
Chauhali Community Clinic 03,Sirajganj,Chauhali,24.2115,89.7315,Government,
Kamarkhanda Community Clinic 03,Sirajganj,Kamarkhanda,24.4015,89.6215,Government,
Kazipur Community Clinic 05,Sirajganj,Kazipur,24.6315,89.6515,Government,
Raiganj Community Clinic 03,Sirajganj,Raiganj,24.5115,89.5015,Government,
Shahjadpur Community Clinic 05,Sirajganj,Shahjadpur,24.1715,89.5915,Government,
Tarash Community Clinic 03,Sirajganj,Tarash,24.4315,89.3715,Government,
Ullahpara Community Clinic 05,Sirajganj,Ullahpara,24.3115,89.5415,Government,
Atrai Community Clinic 05,Naogaon,Atrai,24.6015,88.9615,Government,
Badalgachhi Community Clinic 03,Naogaon,Badalgachhi,24.9615,88.9015,Government,
Dhamoirhat Community Clinic 03,Naogaon,Dhamoirhat,25.0815,88.8515,Government,
Manda Community Clinic 05,Naogaon,Manda,24.7515,88.7115,Government,
Mahadevpur Community Clinic 05,Naogaon,Mahadevpur,24.9215,88.7315,Government,
Niamatpur Community Clinic 03,Naogaon,Niamatpur,24.8515,88.5615,Government,
Patnitala Community Clinic 05,Naogaon,Patnitala,25.0415,88.8315,Government,
Porsha Community Clinic 03,Naogaon,Porsha,25.0215,88.5115,Government,
Raninagar Community Clinic 05,Naogaon,Raninagar,24.7115,88.9415,Government,
Sapahar Community Clinic 03,Naogaon,Sapahar,25.1115,88.5715,Government,
Bagatipara Community Clinic 05,Natore,Bagatipara,24.3215,88.9415,Government,
Baraigram Community Clinic 05,Natore,Baraigram,24.2915,89.1715,Government,
Gurudaspur Community Clinic 04,Natore,Gurudaspur,24.4615,89.2315,Government,
Lalpur Community Clinic 05,Natore,Lalpur,24.2815,88.9715,Government,
Singra Community Clinic 05,Natore,Singra,24.5015,89.1415,Government,
Naldanga Community Clinic 04,Natore,Naldanga,24.4915,88.9815,Government,
Akkelpur Community Clinic 05,Joypurhat,Akkelpur,24.9615,89.0115,Government,
Kalai Community Clinic 04,Joypurhat,Kalai,25.0515,89.1815,Government,
Khetlal Community Clinic 04,Joypurhat,Khetlal,24.9815,89.1115,Government,
Panchbibi Community Clinic 05,Joypurhat,Panchbibi,25.1815,89.0115,Government,
Bholahat Community Clinic 04,Chapai Nawabganj,Bholahat,24.9115,88.1615,Government,
Gomastapur Community Clinic 05,Chapai Nawabganj,Gomastapur,24.7715,88.2715,Government,
Nachole Community Clinic 04,Chapai Nawabganj,Nachole,24.7115,88.3515,Government,
Shibganj Community Clinic 05,Chapai Nawabganj,Shibganj,24.6815,88.1615,Government,
Bagha specialized dental,Rajshahi,Bagha,24.2328,88.8328,Private,
Charghat general lab 02,Rajshahi,Charghat,24.2828,88.7528,Private,
Puthia cardiac center 02,Rajshahi,Puthia,24.3658,88.8458,Private,
Durgapur heart clinic 02,Rajshahi,Durgapur,24.4528,88.7628,Private,
Godagari ortho lab 02,Rajshahi,Godagari,24.4628,88.3328,Private,
Mohanpur specialized wing 02,Rajshahi,Mohanpur,24.5628,88.6528,Private,
Bagmara specialized lab 03,Rajshahi,Bagmara,24.5628,88.8128,Private,
Tanore general diagnostic 02,Rajshahi,Tanore,24.6028,88.5728,Private,
Paba children clinic 02,Rajshahi,Paba,24.4258,88.6058,Private,
Rajshahi kidney care center,Rajshahi,Rajshahi Sadar,24.3705,88.5835,Private,
Bogura orthopedic center,Bogura,Bogura Sadar,24.8455,89.3725,Private,
Pabna cardiac care center,Pabna,Pabna Sadar,24.0032,89.2392,Private,
Sirajganj trauma wing,Sirajganj,Sirajganj Sadar,24.4555,89.7055,Private,
Naogaon child care lab,Naogaon,Naogaon Sadar,24.8125,88.9455,Private,
Natore diagnostic complex,Natore,Natore Sadar,24.4145,88.9745,Private,
Joypurhat skin & laser,Joypurhat,Joypurhat Sadar,25.0955,89.0255,Private,
Chapai heart clinic,Chapai Nawabganj,Chapai Sadar,24.5955,88.2755,Private,
Rajshahi general dental clinic,Rajshahi,Rajshahi Sadar,24.3722,88.5842,Private,
Bogura diagnostic wing 02,Bogura,Bogura Sadar,24.8415,89.3655,Private,
Bagha CC 04,Rajshahi,Bagha,24.237,88.837,Government,
Bagmara CC 04,Rajshahi,Bagmara,24.567,88.817,Government,
Charghat CC 04,Rajshahi,Charghat,24.287,88.757,Government,
Durgapur CC 04,Rajshahi,Durgapur,24.457,88.767,Government,
Godagari CC 04,Rajshahi,Godagari,24.467,88.334,Government,
Mohanpur CC 04,Rajshahi,Mohanpur,24.567,88.657,Government,
Paba CC 04,Rajshahi,Paba,24.427,88.607,Government,
Puthia CC 04,Rajshahi,Puthia,24.367,88.847,Government,
Tanore CC 04,Rajshahi,Tanore,24.607,88.577,Government,
Atrai CC 06,Naogaon,Atrai,24.603,88.963,Government,
Badalgachhi CC 04,Naogaon,Badalgachhi,24.963,88.903,Government,
Dhamoirhat CC 04,Naogaon,Dhamoirhat,25.083,88.853,Government,
Manda CC 06,Naogaon,Manda,24.753,88.713,Government,
Mahadevpur CC 06,Naogaon,Mahadevpur,24.923,88.733,Government,
Niamatpur CC 04,Naogaon,Niamatpur,24.853,88.563,Government,
Patnitala CC 06,Naogaon,Patnitala,25.043,88.833,Government,
Porsha CC 04,Naogaon,Porsha,25.023,88.513,Government,
Raninagar CC 06,Naogaon,Raninagar,24.713,88.943,Government,
Sapahar CC 04,Naogaon,Sapahar,25.113,88.573,Government,
Baraigram CC 06,Natore,Baraigram,24.293,89.173,Government,
Gurudaspur CC 05,Natore,Gurudaspur,24.463,89.233,Government,
Lalpur CC 06,Natore,Lalpur,24.283,88.973,Government,
Singra CC 06,Natore,Singra,24.503,89.143,Government,
Akkelpur CC 06,Joypurhat,Akkelpur,24.963,89.013,Government,
Kalai CC 05,Joypurhat,Kalai,25.053,89.183,Government,
Khetlal CC 05,Joypurhat,Khetlal,24.983,89.113,Government,
Panchbibi CC 06,Joypurhat,Panchbibi,25.183,89.013,Government,
Gomastapur CC 06,Chapai Nawabganj,Gomastapur,24.773,88.273,Government,
Nachole CC 05,Chapai Nawabganj,Nachole,24.713,88.353,Government,
Shibganj CC 06,Chapai Nawabganj,Shibganj,24.683,88.163,Government,
Ishwardi CC 06,Pabna,Ishwardi,24.143,89.063,Government,
Santhia CC 06,Pabna,Santhia,24.053,89.503,Government,
Sujanagar CC 06,Pabna,Sujanagar,23.913,89.433,Government,
Belkuchi CC 06,Sirajganj,Belkuchi,24.293,89.683,Government,
Shahjadpur CC 06,Sirajganj,Shahjadpur,24.173,89.593,Government,
Ullahpara CC 06,Sirajganj,Ullahpara,24.313,89.543,Government,
Bagha Satellite Clinic 02,Rajshahi,Bagha,24.231,88.831,Government,
Bagmara Satellite Clinic 02,Rajshahi,Bagmara,24.561,88.811,Government,
Charghat Satellite Clinic 02,Rajshahi,Charghat,24.281,88.751,Government,
Durgapur Satellite Clinic 02,Rajshahi,Durgapur,24.451,88.761,Government,
Godagari Satellite Clinic 02,Rajshahi,Godagari,24.461,88.331,Government,
Mohanpur Satellite Clinic 02,Rajshahi,Mohanpur,24.561,88.651,Government,
Paba Satellite Clinic 02,Rajshahi,Paba,24.421,88.601,Government,
Puthia Satellite Clinic 02,Rajshahi,Puthia,24.361,88.841,Government,
Tanore Satellite Clinic 02,Rajshahi,Tanore,24.601,88.571,Government,
Adamdighi Satellite Clinic 02,Bogura,Adamdighi,24.811,89.041,Government,
Dhunat Satellite Clinic 02,Bogura,Dhunat,24.671,89.531,Government,
Gabtali Satellite Clinic 02,Bogura,Gabtali,24.881,89.461,Government,
Kahaloo Satellite Clinic 02,Bogura,Kahaloo,24.821,89.261,Government,
Nandigram Satellite Clinic 02,Bogura,Nandigram,24.661,89.311,Government,
Sariakandi Satellite Clinic 02,Bogura,Sariakandi,24.891,89.581,Government,
Shajahanpur Satellite Clinic 02,Bogura,Shajahanpur,24.781,89.371,Government,
Sherpur Satellite Clinic 02,Bogura,Sherpur,24.661,89.411,Government,
Shibganj Satellite Clinic 02,Bogura,Shibganj,24.971,89.311,Government,
Sonatola Satellite Clinic 02,Bogura,Sonatola,25.041,89.481,Government,
Atgharia Satellite Clinic 02,Pabna,Atgharia,24.111,89.251,Government,
Bera Satellite Clinic 02,Pabna,Bera,24.061,89.621,Government,
Bhangura Satellite Clinic 02,Pabna,Bhangura,24.221,89.381,Government,
Chatmohar Satellite Clinic 02,Pabna,Chatmohar,24.221,89.281,Government,
Faridpur Satellite Clinic 02,Pabna,Faridpur,24.151,89.451,Government,
Ishwardi Satellite Clinic 02,Pabna,Ishwardi,24.141,89.061,Government,
Santhia Satellite Clinic 02,Pabna,Santhia,24.051,89.501,Government,
Sujanagar Satellite Clinic 02,Pabna,Sujanagar,23.911,89.431,Government,
Belkuchi Satellite Clinic 02,Sirajganj,Belkuchi,24.291,89.681,Government,
Chauhali Satellite Clinic 02,Sirajganj,Chauhali,24.211,89.731,Government,
Kamarkhanda Satellite Clinic 02,Sirajganj,Kamarkhanda,24.401,89.621,Government,
Kazipur Satellite Clinic 02,Sirajganj,Kazipur,24.631,89.651,Government,
Raiganj Satellite Clinic 02,Sirajganj,Raiganj,24.511,89.501,Government,
Shahjadpur Satellite Clinic 02,Sirajganj,Shahjadpur,24.171,89.591,Government,
Tarash Satellite Clinic 02,Sirajganj,Tarash,24.431,89.371,Government,
Ullahpara Satellite Clinic 02,Sirajganj,Ullahpara,24.311,89.541,Government,
Atrai Satellite Clinic 02,Naogaon,Atrai,24.601,88.961,Government,
Badalgachhi Satellite Clinic 02,Naogaon,Badalgachhi,24.961,88.901,Government,
Dhamoirhat Satellite Clinic 02,Naogaon,Dhamoirhat,25.081,88.851,Government,
Manda Satellite Clinic 02,Naogaon,Manda,24.751,88.711,Government,
Mahadevpur Satellite Clinic 02,Naogaon,Mahadevpur,24.921,88.731,Government,
Niamatpur Satellite Clinic 02,Naogaon,Niamatpur,24.851,88.561,Government,
Patnitala Satellite Clinic 02,Naogaon,Patnitala,25.041,88.831,Government,
Porsha Satellite Clinic 02,Naogaon,Porsha,25.021,88.511,Government,
Raninagar Satellite Clinic 02,Naogaon,Raninagar,24.711,88.941,Government,
Sapahar Satellite Clinic 02,Naogaon,Sapahar,25.111,88.571,Government,
Bagatipara Satellite Clinic 02,Natore,Bagatipara,24.321,88.941,Government,
Baraigram Satellite Clinic 02,Natore,Baraigram,24.291,89.171,Government,
Gurudaspur Satellite Clinic 02,Natore,Gurudaspur,24.461,89.231,Government,
Lalpur Satellite Clinic 02,Natore,Lalpur,24.281,88.971,Government,
Singra Satellite Clinic 02,Natore,Singra,24.501,89.141,Government,
Naldanga Satellite Clinic 02,Natore,Naldanga,24.491,88.981,Government,
Akkelpur Satellite Clinic 02,Joypurhat,Akkelpur,24.961,89.011,Government,
Kalai Satellite Clinic 02,Joypurhat,Kalai,25.051,89.181,Government,
Khetlal Satellite Clinic 02,Joypurhat,Khetlal,24.981,89.111,Government,
Panchbibi Satellite Clinic 02,Joypurhat,Panchbibi,25.181,89.011,Government,
Bholahat Satellite Clinic 02,Chapai Nawabganj,Bholahat,24.911,88.161,Government,
Gomastapur Satellite Clinic 02,Chapai Nawabganj,Gomastapur,24.771,88.271,Government,
Nachole Satellite Clinic 02,Chapai Nawabganj,Nachole,24.711,88.351,Government,
Shibganj Satellite Clinic 02,Chapai Nawabganj,Shibganj,24.681,88.161,Government,
Bagha Mother Care Center 02,Rajshahi,Bagha,24.233,88.833,Private,
Bagmara Diagnostic Center 02,Rajshahi,Bagmara,24.563,88.813,Private,
Charghat Children Clinic 02,Rajshahi,Charghat,24.283,88.753,Private,
Durgapur Surgical unit 02,Rajshahi,Durgapur,24.453,88.763,Private,
Godagari heart clinic 02,Rajshahi,Godagari,24.463,88.333,Private,
Mohanpur specialized lab 02,Rajshahi,Mohanpur,24.563,88.653,Private,
Paba orthopedic lab 02,Rajshahi,Paba,24.426,88.606,Private,
Puthia pediatric unit 02,Rajshahi,Puthia,24.366,88.846,Private,
Tanore dental surgery 02,Rajshahi,Tanore,24.603,88.573,Private,
Bogura specialized unit 03,Bogura,Bogura Sadar,24.819,89.362,Private,
Pabna specialized wing 02,Pabna,Pabna Sadar,24.001,89.238,Private,
Sirajganj specialized lab 02,Sirajganj,Sirajganj Sadar,24.455,89.705,Private,
Naogaon specialized ortho lab 02,Naogaon,Naogaon Sadar,24.812,88.945,Private,
Natore specialized pediatric lab 02,Natore,Natore Sadar,24.415,88.975,Private,
Joypurhat specialized heart lab 02,Joypurhat,Joypurhat Sadar,25.095,89.025,Private,
Chapai specialized surgical lab 02,Chapai Nawabganj,Chapai Sadar,24.595,88.275,Private,
Adamdighi modern clinic 02,Bogura,Adamdighi,24.813,89.043,Private,
Dhunat diagnostic lab 02,Bogura,Dhunat,24.673,89.533,Private,
Gabtali health care unit 02,Bogura,Gabtali,24.883,89.463,Private,
Kahaloo specialized lab 02,Bogura,Kahaloo,24.823,89.263,Private,
Nandigram pediatric clinic 02,Bogura,Nandigram,24.663,89.313,Private,
Sariakandi dental clinic 02,Bogura,Sariakandi,24.883,89.573,Private,
Shajahanpur surgical lab 02,Bogura,Shajahanpur,24.783,89.373,Private,
Sherpur cardiac unit 02,Bogura,Sherpur,24.663,89.413,Private,
Shibganj mother unit 02,Bogura,Shibganj,24.973,89.313,Private,
Sonatola specialized wing 02,Bogura,Sonatola,25.043,89.483,Private,
Atgharia pediatric unit 02,Pabna,Atgharia,24.113,89.253,Private,
Bera diagnostic lab 02,Pabna,Bera,24.063,89.623,Private,
Bhangura specialized lab 02,Pabna,Bhangura,24.223,89.383,Private,
Chatmohar heart clinic 02,Pabna,Chatmohar,24.223,89.283,Private,
Faridpur surgical wing 02,Pabna,Faridpur,24.153,89.453,Private,
Ishwardi dental center 02,Pabna,Ishwardi,24.143,89.063,Private,
Santhia specialized lab 02,Pabna,Santhia,24.053,89.503,Private,
Sujanagar pediatric center 02,Pabna,Sujanagar,23.913,89.433,Private,
Belkuchi cardiac center 02,Sirajganj,Belkuchi,24.293,89.683,Private,
Chauhali mother unit 02,Sirajganj,Chauhali,24.213,89.733,Private,
Kamarkhanda heart clinic 02,Sirajganj,Kamarkhanda,24.403,89.623,Private,
Kazipur surgical lab 02,Sirajganj,Kazipur,24.633,89.653,Private,
Raiganj specialized wing 02,Sirajganj,Raiganj,24.513,89.503,Private,
Shahjadpur dental clinic 02,Sirajganj,Shahjadpur,24.173,89.593,Private,
Tarash specialized unit 02,Sirajganj,Tarash,24.433,89.373,Private,
Ullahpara heart center 02,Sirajganj,Ullahpara,24.313,89.543,Private,
Atrai mother care 02,Naogaon,Atrai,24.603,88.963,Private,
Badalgachhi surgical unit 02,Naogaon,Badalgachhi,24.963,88.903,Private,
Dhamoirhat pediatric lab 02,Naogaon,Dhamoirhat,25.083,88.853,Private,
Manda cardiac unit 02,Naogaon,Manda,24.753,88.713,Private,
Mahadevpur dental surgery 02,Naogaon,Mahadevpur,24.923,88.733,Private,
Niamatpur specialized wing 02,Naogaon,Niamatpur,24.853,88.563,Private,
Patnitala specialized unit 02,Naogaon,Patnitala,25.043,88.833,Private,
Porsha mother unit 02,Naogaon,Porsha,25.023,88.513,Private,
Raninagar diagnostic unit 02,Naogaon,Raninagar,24.713,88.943,Private,
Sapahar surgical wing 02,Naogaon,Sapahar,25.113,88.573,Private,
Bagatipara pediatric center 02,Natore,Bagatipara,24.323,88.943,Private,
Baraigram cardiac unit 02,Natore,Baraigram,24.293,89.173,Private,
Gurudaspur dental clinic 02,Natore,Gurudaspur,24.463,89.233,Private,
Lalpur specialized unit 02,Natore,Lalpur,24.283,88.973,Private,
Singra specialized lab 02,Natore,Singra,24.503,89.143,Private,
Naldanga mother care 02,Natore,Naldanga,24.493,88.983,Private,
Akkelpur surgical lab 02,Joypurhat,Akkelpur,24.963,89.013,Private,
Kalai specialized wing 02,Joypurhat,Kalai,25.053,89.183,Private,
Khetlal cardiac center 02,Joypurhat,Khetlal,24.983,89.113,Private,
Panchbibi dental unit 02,Joypurhat,Panchbibi,25.183,89.013,Private,
Bholahat diagnostic complex 02,Chapai Nawabganj,Bholahat,24.913,88.163,Private,
Gomastapur specialized unit 02,Chapai Nawabganj,Gomastapur,24.773,88.273,Private,
Nachole pediatric lab 02,Chapai Nawabganj,Nachole,24.713,88.353,Private,
Shibganj surgical unit 02,Chapai Nawabganj,Shibganj,24.683,88.163,Private,
Rajshahi Medical (Pathology unit),Rajshahi,Rajshahi Sadar,24.37,88.583,Government,
Bogura Medical (X-ray unit),Bogura,Bogura Sadar,24.819,89.362,Government,
Pabna Medical (Blood Bank),Pabna,Pabna Sadar,24.001,89.238,Government,
Sirajganj Medical (Emergency unit),Sirajganj,Sirajganj Sadar,24.455,89.705,Government,
Naogaon District (Surgical wing),Naogaon,Naogaon Sadar,24.812,88.945,Government,
Natore District (Mother unit),Natore,Natore Sadar,24.415,88.975,Government,
Joypurhat Sadar (Pediatric unit),Joypurhat,Joypurhat Sadar,25.095,89.025,Government,
Chapai Sadar (Cardiac unit),Chapai Nawabganj,Chapai Sadar,24.595,88.275,Government,
Bagha Health Post 01,Rajshahi,Bagha,24.2355,88.8355,Government,
Bagmara Health Post 01,Rajshahi,Bagmara,24.5655,88.8155,Government,
Charghat Health Post 01,Rajshahi,Charghat,24.2855,88.7555,Government,
Durgapur Health Post 01,Rajshahi,Durgapur,24.4555,88.7655,Government,
Godagari Health Post 01,Rajshahi,Godagari,24.4685,88.3325,Government,
Mohanpur Health Post 01,Rajshahi,Mohanpur,24.5655,88.6555,Government,
Paba Health Post 01,Rajshahi,Paba,24.4255,88.6055,Government,
Puthia Health Post 01,Rajshahi,Puthia,24.3655,88.8455,Government,
Tanore Health Post 01,Rajshahi,Tanore,24.6055,88.5755,Government,
Bagha Satellite Clinic 03,Rajshahi,Bagha,24.2305,88.8305,Government,
Bagmara Satellite Clinic 03,Rajshahi,Bagmara,24.5605,88.8105,Government,
Charghat Satellite Clinic 03,Rajshahi,Charghat,24.2805,88.7505,Government,
Durgapur Satellite Clinic 03,Rajshahi,Durgapur,24.4505,88.7605,Government,
Godagari Satellite Clinic 03,Rajshahi,Godagari,24.4605,88.3305,Government,
Mohanpur Satellite Clinic 03,Rajshahi,Mohanpur,24.5605,88.6505,Government,
Paba Satellite Clinic 03,Rajshahi,Paba,24.4205,88.6005,Government,
Puthia Satellite Clinic 03,Rajshahi,Puthia,24.3605,88.8405,Government,
Tanore Satellite Clinic 03,Rajshahi,Tanore,24.6005,88.5705,Government,
Adamdighi Health Center (Annex),Bogura,Adamdighi,24.8155,89.0455,Government,
Dhunat Health Center (Annex),Bogura,Dhunat,24.6755,89.5355,Government,
Dhupchanchia Health Center (Annex),Bogura,Dhupchanchia,24.8655,89.1755,Government,
Gabtali Health Center (Annex),Bogura,Gabtali,24.8855,89.4655,Government,
Kahaloo Health Center (Annex),Bogura,Kahaloo,24.8255,89.2655,Government,
Nandigram Health Center (Annex),Bogura,Nandigram,24.6655,89.3155,Government,
Sariakandi Health Center (Annex),Bogura,Sariakandi,24.8855,89.5755,Government,
Shajahanpur Health Center (Annex),Bogura,Shajahanpur,24.7855,89.3755,Government,
Sherpur Health Center (Annex),Bogura,Sherpur,24.6655,89.4155,Government,
Shibganj Health Center (Annex),Bogura,Shibganj,24.9755,89.3155,Government,
Sonatola Health Center (Annex),Bogura,Sonatola,25.0455,89.4855,Government,
Atgharia Health Center (Annex),Pabna,Atgharia,24.1155,89.2555,Government,
Bera Health Center (Annex),Pabna,Bera,24.0655,89.6255,Government,
Bhangura Health Center (Annex),Pabna,Bhangura,24.2255,89.3855,Government,
Chatmohar Health Center (Annex),Pabna,Chatmohar,24.2255,89.2855,Government,
Faridpur Health Center (Annex),Pabna,Faridpur,24.1555,89.4555,Government,
Ishwardi Health Center (Annex),Pabna,Ishwardi,24.1455,89.0655,Government,
Santhia Health Center (Annex),Pabna,Santhia,24.0555,89.5055,Government,
Sujanagar Health Center (Annex),Pabna,Sujanagar,23.9155,89.4355,Government,
Belkuchi Health Center (Annex),Sirajganj,Belkuchi,24.2955,89.6855,Government,
Chauhali Health Center (Annex),Sirajganj,Chauhali,24.2155,89.7355,Government,
Kamarkhanda Health Center (Annex),Sirajganj,Kamarkhanda,24.4055,89.6255,Government,
Kazipur Health Center (Annex),Sirajganj,Kazipur,24.6355,89.6555,Government,
Raiganj Health Center (Annex),Sirajganj,Raiganj,24.5155,89.5055,Government,
Shahjadpur Health Center (Annex),Sirajganj,Shahjadpur,24.1755,89.5955,Government,
Tarash Health Center (Annex),Sirajganj,Tarash,24.4355,89.3755,Government,
Ullahpara Health Center (Annex),Sirajganj,Ullahpara,24.3155,89.5455,Government,
Atrai Health Center (Annex),Naogaon,Atrai,24.6055,88.9655,Government,
Badalgachhi Health Center (Annex),Naogaon,Badalgachhi,24.9655,88.9055,Government,
Dhamoirhat Health Center (Annex),Naogaon,Dhamoirhat,25.0855,88.8555,Government,
Manda Health Center (Annex),Naogaon,Manda,24.7555,88.7155,Government,
Mahadevpur Health Center (Annex),Naogaon,Mahadevpur,24.9255,88.7355,Government,
Niamatpur Health Center (Annex),Naogaon,Niamatpur,24.8555,88.5655,Government,
Patnitala Health Center (Annex),Naogaon,Patnitala,25.0455,88.8355,Government,
Porsha Health Center (Annex),Naogaon,Porsha,25.0255,88.5155,Government,
Raninagar Health Center (Annex),Naogaon,Raninagar,24.7155,88.9455,Government,
Sapahar Health Center (Annex),Naogaon,Sapahar,25.1155,88.5755,Government,
Bagatipara Health Center (Annex),Natore,Bagatipara,24.3255,88.9455,Government,
Baraigram Health Center (Annex),Natore,Baraigram,24.2955,89.1755,Government,
Gurudaspur Health Center (Annex),Natore,Gurudaspur,24.4655,89.2355,Government,
Lalpur Health Center (Annex),Natore,Lalpur,24.2855,88.9755,Government,
Singra Health Center (Annex),Natore,Singra,24.5055,89.1455,Government,
Naldanga Health Center (Annex),Natore,Naldanga,24.4955,88.9855,Government,
Akkelpur Health Center (Annex),Joypurhat,Akkelpur,24.9655,89.0155,Government,
Kalai Health Center (Annex),Joypurhat,Kalai,25.0555,89.1855,Government,
Khetlal Health Center (Annex),Joypurhat,Khetlal,24.9855,89.1155,Government,
Panchbibi Health Center (Annex),Joypurhat,Panchbibi,25.1855,89.0155,Government,
Bholahat Health Center (Annex),Chapai Nawabganj,Bholahat,24.9155,88.1655,Government,
Gomastapur Health Center (Annex),Chapai Nawabganj,Gomastapur,24.7755,88.2755,Government,
Nachole Health Center (Annex),Chapai Nawabganj,Nachole,24.7155,88.3555,Government,
Shibganj Health Center (Annex),Chapai Nawabganj,Shibganj,24.6855,88.1655,Government,
Rajshahi Medical (Emergency Wing),Rajshahi,Rajshahi Sadar,24.371,88.5835,Government,
Bogura Medical (Trauma Center),Bogura,Bogura Sadar,24.8195,89.3625,Government,
Pabna General (Cardiac unit),Pabna,Pabna Sadar,24.0015,89.2385,Government,
Sirajganj General (Pediatric unit),Sirajganj,Sirajganj Sadar,24.4555,89.7055,Government,
Naogaon General (Blood bank),Naogaon,Naogaon Sadar,24.8125,88.9455,Government,
Natore District (Diagnostic wing),Natore,Natore Sadar,24.4155,88.9755,Government,
Joypurhat Adhunik (Specialized wing),Joypurhat,Joypurhat Sadar,25.0955,89.0255,Government,
Chapai Sadar (Surgical wing),Chapai Nawabganj,Chapai Sadar,24.5955,88.2755,Government,
Bagha specialized clinic 03,Rajshahi,Bagha,24.2335,88.8335,Private,
Charghat heart unit 03,Rajshahi,Charghat,24.2835,88.7535,Private,
Puthia orthopedic lab 03,Rajshahi,Puthia,24.3665,88.8465,Private,
Durgapur pediatric unit 03,Rajshahi,Durgapur,24.4535,88.7635,Private,
Godagari cardiac center 03,Rajshahi,Godagari,24.4635,88.3335,Private,
Mohanpur mother unit 03,Rajshahi,Mohanpur,24.5635,88.6535,Private,
Paba heart clinic 03,Rajshahi,Paba,24.4265,88.6065,Private,
Tanore orthopedic wing 03,Rajshahi,Tanore,24.6035,88.5735,Private,
Adamdighi surgical unit 03,Bogura,Adamdighi,24.8135,89.0435,Private,
Dhunat mother care 03,Bogura,Dhunat,24.6735,89.5335,Private,
Gabtali diagnostic lab 03,Bogura,Gabtali,24.8835,89.4635,Private,
Kahaloo pediatric unit 03,Bogura,Kahaloo,24.8235,89.2635,Private,
Nandigram heart clinic 03,Bogura,Nandigram,24.6635,89.3135,Private,
Sariakandi mother unit 03,Bogura,Sariakandi,24.8835,89.5735,Private,
Shajahanpur dental clinic 03,Bogura,Shajahanpur,24.7835,89.3735,Private,
Sherpur specialized unit 03,Bogura,Sherpur,24.6635,89.4135,Private,
Shibganj surgical wing 03,Bogura,Shibganj,24.9735,89.3135,Private,
Sonatola heart center 03,Bogura,Sonatola,25.0435,89.4835,Private,
Atgharia heart unit 03,Pabna,Atgharia,24.1135,89.2535,Private,
Bera pediatric clinic 03,Pabna,Bera,24.0635,89.6235,Private,
Bhangura heart clinic 03,Pabna,Bhangura,24.2235,89.3835,Private,
Chatmohar surgical unit 03,Pabna,Chatmohar,24.2235,89.2835,Private,
Faridpur heart unit 03,Pabna,Faridpur,24.1535,89.4535,Private,
Ishwardi specialized wing 03,Pabna,Ishwardi,24.1435,89.0635,Private,
Santhia heart clinic 03,Pabna,Santhia,24.0535,89.5035,Private,
Sujanagar specialized unit 03,Pabna,Sujanagar,23.9135,89.4335,Private,
Belkuchi mother unit 03,Sirajganj,Belkuchi,24.2935,89.6835,Private,
Chauhali cardiac center 03,Sirajganj,Chauhali,24.2135,89.7335,Private,
Kamarkhanda surgical unit 03,Sirajganj,Kamarkhanda,24.4035,89.6235,Private,
Kazipur heart unit 03,Sirajganj,Kazipur,24.6335,89.6535,Private,
Raiganj specialized lab 03,Sirajganj,Raiganj,24.5135,89.5035,Private,
Shahjadpur cardiac unit 03,Sirajganj,Shahjadpur,24.1735,89.5935,Private,
Tarash mother unit 03,Sirajganj,Tarash,24.4335,89.3735,Private,
Ullahpara cardiac center 03,Sirajganj,Ullahpara,24.3135,89.5435,Private,
Atrai specialized wing 03,Naogaon,Atrai,24.6035,88.9635,Private,
Badalgachhi heart clinic 03,Naogaon,Badalgachhi,24.9635,88.9035,Private,
Dhamoirhat specialized unit 03,Naogaon,Dhamoirhat,25.0835,88.8535,Private,
Manda heart unit 03,Naogaon,Manda,24.7535,88.7135,Private,
Mahadevpur mother care 03,Naogaon,Mahadevpur,24.9235,88.7335,Private,
Niamatpur heart center 03,Naogaon,Niamatpur,24.8535,88.5635,Private,
Patnitala pediatric lab 03,Naogaon,Patnitala,25.0435,88.8335,Private,
Porsha specialized lab 03,Naogaon,Porsha,25.0235,88.5135,Private,
Raninagar heart clinic 03,Naogaon,Raninagar,24.7135,88.9435,Private,
Sapahar heart center 03,Naogaon,Sapahar,25.1135,88.5735,Private,
Bagatipara mother unit 03,Natore,Bagatipara,24.3235,88.9435,Private,
Baraigram specialized wing 03,Natore,Baraigram,24.2935,89.1735,Private,
Gurudaspur cardiac unit 03,Natore,Gurudaspur,24.4635,89.2335,Private,
Lalpur pediatric center 03,Natore,Lalpur,24.2835,88.9735,Private,
Singra specialized unit 03,Natore,Singra,24.5035,89.1435,Private,
Naldanga specialized lab 03,Natore,Naldanga,24.4935,88.9835,Private,
Akkelpur cardiac center 03,Joypurhat,Akkelpur,24.9635,89.0135,Private,
Kalai specialized unit 03,Joypurhat,Kalai,25.0535,89.183,Private,
Khetlal surgical wing 03,Joypurhat,Khetlal,24.9835,89.113,Private,
Panchbibi cardiac lab 03,Joypurhat,Panchbibi,25.1835,89.013,Private,
Bholahat heart clinic 03,Chapai Nawabganj,Bholahat,24.9135,88.163,Private,
Gomastapur cardiac lab 03,Chapai Nawabganj,Gomastapur,24.7735,88.273,Private,
Nachole specialized unit 03,Chapai Nawabganj,Nachole,24.7135,88.353,Private,
Shibganj heart clinic 03,Chapai Nawabganj,Shibganj,24.6835,88.163,Private,
Bagha Community Clinic 04,Rajshahi,Bagha,24.237,88.837,Government,
Bagmara Community Clinic 04,Rajshahi,Bagmara,24.567,88.817,Government,
Charghat Community Clinic 04,Rajshahi,Charghat,24.287,88.757,Government,
Durgapur Community Clinic 04,Rajshahi,Durgapur,24.457,88.767,Government,
Godagari Community Clinic 04,Rajshahi,Godagari,24.467,88.334,Government,
Mohanpur Community Clinic 04,Rajshahi,Mohanpur,24.567,88.657,Government,
Paba Community Clinic 04,Rajshahi,Paba,24.427,88.607,Government,
Puthia Community Clinic 04,Rajshahi,Puthia,24.367,88.847,Government,
Tanore Community Clinic 04,Rajshahi,Tanore,24.607,88.577,Government,
Bogura City CC 02,Bogura,Bogura Sadar,24.849,89.373,Government,
Pabna Sadar CC 02,Pabna,Pabna Sadar,24.002,89.2395,Government,
Sirajganj Sadar CC 02,Sirajganj,Sirajganj Sadar,24.456,89.706,Government,
Naogaon Sadar CC 02,Naogaon,Naogaon Sadar,24.813,88.946,Government,
Natore Sadar CC 02,Natore,Natore Sadar,24.416,88.976,Government,
Joypurhat Sadar CC 02,Joypurhat,Joypurhat Sadar,25.096,89.026,Government,
Chapai Sadar CC 02,Chapai Nawabganj,Chapai Sadar,24.596,88.276,Government,
Adamdighi Community Clinic 05,Bogura,Adamdighi,24.8105,89.0405,Government,
Dhunat Community Clinic 05,Bogura,Dhunat,24.6705,89.5305,Government,
Gabtali Community Clinic 05,Bogura,Gabtali,24.8805,89.4605,Government,
Kahaloo Community Clinic 05,Bogura,Kahaloo,24.8205,89.2605,Government,
Nandigram Community Clinic 05,Bogura,Nandigram,24.6605,89.3105,Government,
Sariakandi Community Clinic 05,Bogura,Sariakandi,24.8805,89.5705,Government,
Shajahanpur Community Clinic 05,Bogura,Shajahanpur,24.7805,89.3705,Government,
Sherpur Community Clinic 05,Bogura,Sherpur,24.6605,89.4105,Government,
Shibganj Community Clinic 05,Bogura,Shibganj,24.9705,89.3105,Government,
Sonatola Community Clinic 05,Bogura,Sonatola,25.0405,89.4805,Government,
Atgharia Community Clinic 06,Pabna,Atgharia,24.1105,89.2505,Government,
Bera Community Clinic 06,Pabna,Bera,24.0605,89.6205,Government,
Bhangura Community Clinic 06,Pabna,Bhangura,24.2205,89.3805,Government,
Chatmohar Community Clinic 06,Pabna,Chatmohar,24.2205,89.2805,Government,
Faridpur Community Clinic 06,Pabna,Faridpur,24.1505,89.4505,Government,
Ishwardi Community Clinic 06,Pabna,Ishwardi,24.1405,89.0605,Government,
Santhia Community Clinic 06,Pabna,Santhia,24.0505,89.5005,Government,
Sujanagar Community Clinic 06,Pabna,Sujanagar,23.9105,89.4305,Government,
Belkuchi Community Clinic 07,Sirajganj,Belkuchi,24.2905,89.6805,Government,
Chauhali Community Clinic 04,Sirajganj,Chauhali,24.2105,89.7305,Government,
Kamarkhanda Community Clinic 04,Sirajganj,Kamarkhanda,24.4005,89.6205,Government,
Kazipur Community Clinic 06,Sirajganj,Kazipur,24.6305,89.6505,Government,
Raiganj Community Clinic 04,Sirajganj,Raiganj,24.5105,89.5005,Government,
Shahjadpur Community Clinic 07,Sirajganj,Shahjadpur,24.1705,89.5905,Government,
Tarash Community Clinic 04,Sirajganj,Tarash,24.4305,89.3705,Government,
Ullahpara Community Clinic 07,Sirajganj,Ullahpara,24.3105,89.5405,Government,
Atrai Community Clinic 06,Naogaon,Atrai,24.6005,88.9605,Government,
Badalgachhi Community Clinic 05,Naogaon,Badalgachhi,24.9605,88.9005,Government,
Dhamoirhat Community Clinic 05,Naogaon,Dhamoirhat,25.0805,88.8505,Government,
Manda Community Clinic 06,Naogaon,Manda,24.7505,88.7105,Government,
Mahadevpur Community Clinic 06,Naogaon,Mahadevpur,24.9205,88.7305,Government,
Niamatpur Community Clinic 05,Naogaon,Niamatpur,24.8505,88.5605,Government,
Patnitala Community Clinic 06,Naogaon,Patnitala,25.0405,88.8305,Government,
Porsha Community Clinic 05,Naogaon,Porsha,25.0205,88.5105,Government,
Raninagar Community Clinic 06,Naogaon,Raninagar,24.7105,88.9405,Government,
Sapahar Community Clinic 05,Naogaon,Sapahar,25.1105,88.5705,Government,
Bagatipara Community Clinic 06,Natore,Bagatipara,24.3205,88.9405,Government,
Baraigram Community Clinic 06,Natore,Baraigram,24.2905,89.1705,Government,
Gurudaspur Community Clinic 05,Natore,Gurudaspur,24.4605,89.2305,Government,
Lalpur Community Clinic 06,Natore,Lalpur,24.2805,88.9705,Government,
Singra Community Clinic 06,Natore,Singra,24.5005,89.1405,Government,
Naldanga Community Clinic 05,Natore,Naldanga,24.4905,88.9805,Government,
Akkelpur Community Clinic 06,Joypurhat,Akkelpur,24.9605,89.0105,Government,
Kalai Community Clinic 05,Joypurhat,Kalai,25.0505,89.1805,Government,
Khetlal Community Clinic 05,Joypurhat,Khetlal,24.9805,89.1105,Government,
Panchbibi Community Clinic 06,Joypurhat,Panchbibi,25.1805,89.0105,Government,
Bholahat Community Clinic 05,Chapai Nawabganj,Bholahat,24.9105,88.1605,Government,
Gomastapur Community Clinic 06,Chapai Nawabganj,Gomastapur,24.7705,88.2705,Government,
Nachole Community Clinic 05,Chapai Nawabganj,Nachole,24.7105,88.3505,Government,
Shibganj Community Clinic 06,Chapai Nawabganj,Shibganj,24.6805,88.1605,Government,
Bagha specialized dental 02,Rajshahi,Bagha,24.2325,88.8325,Private,
Charghat general lab 03,Rajshahi,Charghat,24.2825,88.7525,Private,
Puthia cardiac center 03,Rajshahi,Puthia,24.3655,88.8455,Private,
Durgapur heart clinic 03,Rajshahi,Durgapur,24.4525,88.7625,Private,
Godagari ortho lab 03,Rajshahi,Godagari,24.4625,88.3325,Private,
Mohanpur specialized wing 03,Rajshahi,Mohanpur,24.5625,88.6525,Private,
Bagmara specialized lab 04,Rajshahi,Bagmara,24.5625,88.8125,Private,
Tanore general diagnostic 03,Rajshahi,Tanore,24.6025,88.5725,Private,
Paba children clinic 03,Rajshahi,Paba,24.4255,88.6055,Private,
Rajshahi kidney care unit,Rajshahi,Rajshahi Sadar,24.3705,88.5835,Private,
Bogura orthopedic wing,Bogura,Bogura Sadar,24.8455,89.3725,Private,
Pabna cardiac care wing,Pabna,Pabna Sadar,24.0032,89.2392,Private,
Sirajganj trauma lab,Sirajganj,Sirajganj Sadar,24.4555,89.7055,Private,
Naogaon child care wing,Naogaon,Naogaon Sadar,24.8125,88.9455,Private,
Natore diagnostic unit,Natore,Natore Sadar,24.4145,88.9745,Private,
Joypurhat skin & care,Joypurhat,Joypurhat Sadar,25.0955,89.0255,Private,
Chapai heart wing,Chapai Nawabganj,Chapai Sadar,24.5955,88.2755,Private,
Rajshahi general dental unit,Rajshahi,Rajshahi Sadar,24.3722,88.5842,Private,
Bogura diagnostic lab 03,Bogura,Bogura Sadar,24.8415,89.3655,Private,
Adamdighi health post 01,Bogura,Adamdighi,24.8125,89.0425,Government,
Dhunat health post 01,Bogura,Dhunat,24.6725,89.5325,Government,
Gabtali health post 01,Bogura,Gabtali,24.8825,89.4625,Government,
Kahaloo health post 01,Bogura,Kahaloo,24.8225,89.2625,Government,
Nandigram health post 01,Bogura,Nandigram,24.6625,89.3125,Government,
Sariakandi health post 01,Bogura,Sariakandi,24.8825,89.5725,Government,
Shajahanpur health post 01,Bogura,Shajahanpur,24.7825,89.3725,Government,
Sherpur health post 01,Bogura,Sherpur,24.6625,89.4125,Government,
Shibganj health post 01,Bogura,Shibganj,24.9725,89.3125,Government,
Sonatola health post 01,Bogura,Sonatola,25.0425,89.4825,Government,
Atgharia health post 01,Pabna,Atgharia,24.1125,89.2525,Government,
Bera health post 01,Pabna,Bera,24.0625,89.6225,Government,
Bhangura health post 01,Pabna,Bhangura,24.2225,89.3825,Government,
Chatmohar health post 01,Pabna,Chatmohar,24.2225,89.2825,Government,
Faridpur health post 01,Pabna,Faridpur,24.1525,89.4525,Government,
Ishwardi health post 01,Pabna,Ishwardi,24.1425,89.0625,Government,
Santhia health post 01,Pabna,Santhia,24.0525,89.5025,Government,
Sujanagar health post 01,Pabna,Sujanagar,23.9125,89.4325,Government,
Belkuchi health post 01,Sirajganj,Belkuchi,24.2925,89.6825,Government,
Chauhali health post 01,Sirajganj,Chauhali,24.2125,89.7325,Government,
Kamarkhanda health post 01,Sirajganj,Kamarkhanda,24.4025,89.6225,Government,
Kazipur health post 01,Sirajganj,Kazipur,24.6325,89.6525,Government,
Raiganj health post 01,Sirajganj,Raiganj,24.5125,89.5025,Government,
Shahjadpur health post 01,Sirajganj,Shahjadpur,24.1725,89.5925,Government,
Tarash health post 01,Sirajganj,Tarash,24.4325,89.3725,Government,
Ullahpara health post 01,Sirajganj,Ullahpara,24.3125,89.5425,Government,
Atrai health post 01,Naogaon,Atrai,24.6025,88.9625,Government,
Badalgachhi health post 01,Naogaon,Badalgachhi,24.9625,88.9025,Government,
Dhamoirhat health post 01,Naogaon,Dhamoirhat,25.0825,88.8525,Government,
Manda health post 01,Naogaon,Manda,24.7525,88.7125,Government,
Mahadevpur health post 01,Naogaon,Mahadevpur,24.9225,88.7325,Government,
Niamatpur health post 01,Naogaon,Niamatpur,24.8525,88.5625,Government,
Patnitala health post 01,Naogaon,Patnitala,25.0425,88.8325,Government,
Porsha health post 01,Naogaon,Porsha,25.0225,88.5125,Government,
Raninagar health post 01,Naogaon,Raninagar,24.7125,88.9425,Government,
Sapahar health post 01,Naogaon,Sapahar,25.1125,88.5725,Government,
Bagatipara health post 01,Natore,Bagatipara,24.3225,88.9425,Government,
Baraigram health post 01,Natore,Baraigram,24.2925,89.1725,Government,
Gurudaspur health post 01,Natore,Gurudaspur,24.4625,89.2325,Government,
Lalpur health post 01,Natore,Lalpur,24.2825,88.9725,Government,
Singra health post 01,Natore,Singra,24.5025,89.1425,Government,
Naldanga health post 01,Natore,Naldanga,24.4925,88.9825,Government,
Akkelpur health post 01,Joypurhat,Akkelpur,24.9625,89.0125,Government,
Kalai health post 01,Joypurhat,Kalai,25.0525,89.183,Government,
Khetlal health post 01,Joypurhat,Khetlal,24.9825,89.113,Government,
Panchbibi health post 01,Joypurhat,Panchbibi,25.1825,89.013,Government,
Bholahat health post 01,Chapai Nawabganj,Bholahat,24.9135,88.163,Government,
Gomastapur health post 01,Chapai Nawabganj,Gomastapur,24.7735,88.273,Government,
Nachole health post 01,Chapai Nawabganj,Nachole,24.7135,88.353,Government,
Shibganj health post 01,Chapai Nawabganj,Shibganj,24.6835,88.163,Government,
Bagha Community Clinic 05,Rajshahi,Bagha,24.236,88.836,Government,
Bagmara Community Clinic 05,Rajshahi,Bagmara,24.566,88.816,Government,
Charghat Community Clinic 05,Rajshahi,Charghat,24.286,88.756,Government,
Durgapur Community Clinic 05,Rajshahi,Durgapur,24.456,88.766,Government,
Godagari Community Clinic 05,Rajshahi,Godagari,24.466,88.334,Government,
Mohanpur Community Clinic 05,Rajshahi,Mohanpur,24.566,88.656,Government,
Paba Community Clinic 05,Rajshahi,Paba,24.426,88.606,Government,
Puthia Community Clinic 05,Rajshahi,Puthia,24.366,88.846,Government,
Tanore Community Clinic 05,Rajshahi,Tanore,24.606,88.576,Government,
Adamdighi Community Clinic 06,Bogura,Adamdighi,24.81,89.04,Government,
Dhunat Community Clinic 06,Bogura,Dhunat,24.67,89.53,Government,
Gabtali Community Clinic 06,Bogura,Gabtali,24.88,89.46,Government,
Kahaloo Community Clinic 06,Bogura,Kahaloo,24.82,89.26,Government,
Nandigram Community Clinic 06,Bogura,Nandigram,24.66,89.31,Government,
Sariakandi Community Clinic 06,Bogura,Sariakandi,24.88,89.57,Government,
Shajahanpur Community Clinic 06,Bogura,Shajahanpur,24.78,89.37,Government,
Sherpur Community Clinic 06,Bogura,Sherpur,24.66,89.41,Government,
Shibganj Community Clinic 06,Bogura,Shibganj,24.97,89.31,Government,
Sonatola Community Clinic 06,Bogura,Sonatola,25.04,89.48,Government,
Atgharia Community Clinic 07,Pabna,Atgharia,24.11,89.25,Government,
Bera Community Clinic 07,Pabna,Bera,24.06,89.62,Government,
Bhangura Community Clinic 07,Pabna,Bhangura,24.22,89.38,Government,
Chatmohar Community Clinic 07,Pabna,Chatmohar,24.22,89.28,Government,
Faridpur Community Clinic 07,Pabna,Faridpur,24.15,89.45,Government,
Ishwardi Community Clinic 07,Pabna,Ishwardi,24.14,89.06,Government,
Santhia Community Clinic 07,Pabna,Santhia,24.05,89.5,Government,
Sujanagar Community Clinic 07,Pabna,Sujanagar,23.91,89.43,Government,
Belkuchi Community Clinic 08,Sirajganj,Belkuchi,24.29,89.68,Government,
Chauhali Community Clinic 05,Sirajganj,Chauhali,24.21,89.73,Government,
Kamarkhanda Community Clinic 05,Sirajganj,Kamarkhanda,24.4,89.62,Government,
Kazipur Community Clinic 07,Sirajganj,Kazipur,24.63,89.65,Government,
Raiganj Community Clinic 05,Sirajganj,Raiganj,24.51,89.5,Government,
Shahjadpur Community Clinic 08,Sirajganj,Shahjadpur,24.17,89.59,Government,
Tarash Community Clinic 05,Sirajganj,Tarash,24.43,89.37,Government,
Ullahpara Community Clinic 08,Sirajganj,Ullahpara,24.31,89.54,Government,
Atrai Community Clinic 07,Naogaon,Atrai,24.6,88.96,Government,
Badalgachhi Community Clinic 06,Naogaon,Badalgachhi,24.96,88.9,Government,
Dhamoirhat Community Clinic 06,Naogaon,Dhamoirhat,25.08,88.85,Government,
Manda Community Clinic 07,Naogaon,Manda,24.75,88.71,Government,
Mahadevpur Community Clinic 07,Naogaon,Mahadevpur,24.92,88.73,Government,
Niamatpur Community Clinic 06,Naogaon,Niamatpur,24.85,88.56,Government,
Patnitala Community Clinic 07,Naogaon,Patnitala,25.04,88.83,Government,
Porsha Community Clinic 06,Naogaon,Porsha,25.02,88.51,Government,
Raninagar Community Clinic 07,Naogaon,Raninagar,24.71,88.94,Government,
Sapahar Community Clinic 06,Naogaon,Sapahar,25.11,88.57,Government,
Bagatipara Community Clinic 07,Natore,Bagatipara,24.32,88.94,Government,
Baraigram Community Clinic 07,Natore,Baraigram,24.29,89.17,Government,
Gurudaspur Community Clinic 06,Natore,Gurudaspur,24.46,89.23,Government,
Lalpur Community Clinic 07,Natore,Lalpur,24.28,88.97,Government,
Singra Community Clinic 07,Natore,Singra,24.5,89.14,Government,
Naldanga Community Clinic 06,Natore,Naldanga,24.49,88.98,Government,
Akkelpur Community Clinic 07,Joypurhat,Akkelpur,24.96,89.01,Government,
Kalai Community Clinic 06,Joypurhat,Kalai,25.05,89.18,Government,
Khetlal Community Clinic 06,Joypurhat,Khetlal,24.98,89.11,Government,
Panchbibi Community Clinic 07,Joypurhat,Panchbibi,25.18,89.01,Government,
Bholahat Community Clinic 06,Chapai Nawabganj,Bholahat,24.91,88.16,Government,
Gomastapur Community Clinic 07,Chapai Nawabganj,Gomastapur,24.77,88.27,Government,
Nachole Community Clinic 06,Chapai Nawabganj,Nachole,24.71,88.35,Government,
Shibganj Community Clinic 07,Chapai Nawabganj,Shibganj,24.68,88.16,Government,
Bagha surgical clinic 04,Rajshahi,Bagha,24.234,88.834,Private,
Charghat heart unit 04,Rajshahi,Charghat,24.284,88.754,Private,
Puthia orthopedic lab 04,Rajshahi,Puthia,24.367,88.847,Private,
Durgapur pediatric unit 04,Rajshahi,Durgapur,24.454,88.764,Private,
Godagari cardiac center 04,Rajshahi,Godagari,24.464,88.334,Private,
Mohanpur mother unit 04,Rajshahi,Mohanpur,24.564,88.654,Private,
Paba heart clinic 04,Rajshahi,Paba,24.427,88.607,Private,
Tanore orthopedic wing 04,Rajshahi,Tanore,24.604,88.574,Private,
Adamdighi surgical unit 04,Bogura,Adamdighi,24.814,89.044,Private,
Dhunat mother care 04,Bogura,Dhunat,24.674,89.534,Private,
Gabtali diagnostic lab 04,Bogura,Gabtali,24.884,89.464,Private,
Kahaloo pediatric unit 04,Bogura,Kahaloo,24.824,89.264,Private,
Nandigram heart clinic 04,Bogura,Nandigram,24.664,89.314,Private,
Sariakandi mother unit 04,Bogura,Sariakandi,24.884,89.574,Private,
Shajahanpur dental clinic 04,Bogura,Shajahanpur,24.784,89.374,Private,
Sherpur specialized unit 04,Bogura,Sherpur,24.664,89.414,Private,
Shibganj surgical wing 04,Bogura,Shibganj,24.974,89.314,Private,
Sonatola heart center 04,Bogura,Sonatola,25.044,89.484,Private,
Atgharia heart unit 04,Pabna,Atgharia,24.114,89.254,Private,
Bera pediatric clinic 04,Pabna,Bera,24.064,89.624,Private,
Bhangura heart clinic 04,Pabna,Bhangura,24.224,89.384,Private,
Chatmohar surgical unit 04,Pabna,Chatmohar,24.224,89.284,Private,
Faridpur heart unit 04,Pabna,Faridpur,24.154,89.454,Private,
Ishwardi dental center 04,Pabna,Ishwardi,24.144,89.064,Private,
Santhia specialized lab 04,Pabna,Santhia,24.054,89.504,Private,
Sujanagar pediatric center 04,Pabna,Sujanagar,23.914,89.434,Private,
Belkuchi mother unit 04,Sirajganj,Belkuchi,24.294,89.684,Private,
Chauhali cardiac center 04,Sirajganj,Chauhali,24.214,89.734,Private,
Kamarkhanda surgical unit 04,Sirajganj,Kamarkhanda,24.404,89.624,Private,
Kazipur heart unit 04,Sirajganj,Kazipur,24.634,89.654,Private,
Raiganj specialized lab 04,Sirajganj,Raiganj,24.514,89.504,Private,
Shahjadpur cardiac unit 04,Sirajganj,Shahjadpur,24.174,89.594,Private,
Tarash mother unit 04,Sirajganj,Tarash,24.434,89.374,Private,
Ullahpara cardiac center 04,Sirajganj,Ullahpara,24.314,89.544,Private,
Atrai specialized wing 04,Naogaon,Atrai,24.604,88.964,Private,
Badalgachhi heart clinic 04,Naogaon,Badalgachhi,24.964,88.904,Private,
Dhamoirhat specialized unit 04,Naogaon,Dhamoirhat,25.084,88.854,Private,
Manda heart unit 04,Naogaon,Manda,24.754,88.714,Private,
Mahadevpur mother care 04,Naogaon,Mahadevpur,24.924,88.734,Private,
Niamatpur heart center 04,Naogaon,Niamatpur,24.854,88.564,Private,
Patnitala pediatric lab 04,Naogaon,Patnitala,25.044,88.834,Private,
Porsha specialized lab 04,Naogaon,Porsha,25.024,88.514,Private,
Raninagar heart clinic 04,Naogaon,Raninagar,24.714,88.944,Private,
Sapahar heart center 04,Naogaon,Sapahar,25.114,88.574,Private,
Bagatipara pediatric center 04,Natore,Bagatipara,24.324,88.944,Private,
Baraigram specialized wing 04,Natore,Baraigram,24.294,89.174,Private,
Gurudaspur cardiac unit 04,Natore,Gurudaspur,24.464,89.234,Private,
Lalpur pediatric center 04,Natore,Lalpur,24.284,88.974,Private,
Singra specialized unit 04,Natore,Singra,24.504,89.144,Private,
Naldanga specialized lab 04,Natore,Naldanga,24.494,88.984,Private,
Akkelpur cardiac center 04,Joypurhat,Akkelpur,24.964,89.014,Private,
Kalai specialized unit 04,Joypurhat,Kalai,25.054,89.184,Private,
Khetlal surgical wing 04,Joypurhat,Khetlal,24.984,89.114,Private,
Panchbibi cardiac lab 04,Joypurhat,Panchbibi,25.184,89.014,Private,
Bholahat heart clinic 04,Chapai Nawabganj,Bholahat,24.914,88.164,Private,
Gomastapur cardiac lab 04,Chapai Nawabganj,Gomastapur,24.774,88.274,Private,
Nachole specialized unit 04,Chapai Nawabganj,Nachole,24.714,88.354,Private,
Shibganj heart clinic 04,Chapai Nawabganj,Shibganj,24.684,88.164,Private,
Rajshahi Medical (Cardiology Wing),Rajshahi,Rajshahi Sadar,24.3712,88.5832,Government,
Rajshahi Medical (Neurology Wing),Rajshahi,Rajshahi Sadar,24.3714,88.5834,Government,
Bogura Medical (Oncology Unit),Bogura,Bogura Sadar,24.8198,89.3628,Government,
Pabna General (Orthopedic Unit),Pabna,Pabna Sadar,24.0014,89.2388,Government,
Sirajganj General (Emergency Wing),Sirajganj,Sirajganj Sadar,24.4552,89.7052,Government,
Naogaon General (Infectious Unit),Naogaon,Naogaon Sadar,24.8122,88.9452,Government,
Natore District (Surgical wing),Natore,Natore Sadar,24.4152,88.9752,Government,
Joypurhat Adhunik (Emergency wing),Joypurhat,Joypurhat Sadar,25.0952,89.0252,Government,
Chapai Sadar (Mother care wing),Chapai Nawabganj,Chapai Sadar,24.5952,88.2752,Government,
Bagha specialized dental 03,Rajshahi,Bagha,24.233,88.833,Private,
Charghat general lab 04,Rajshahi,Charghat,24.283,88.753,Private,
Puthia cardiac center 04,Rajshahi,Puthia,24.366,88.846,Private,
Durgapur heart clinic 04,Rajshahi,Durgapur,24.453,88.763,Private,
Godagari ortho lab 04,Rajshahi,Godagari,24.463,88.333,Private,
Mohanpur specialized wing 04,Rajshahi,Mohanpur,24.563,88.653,Private,
Bagmara specialized lab 05,Rajshahi,Bagmara,24.563,88.813,Private,
Tanore general diagnostic 04,Rajshahi,Tanore,24.603,88.573,Private,
Paba children clinic 04,Rajshahi,Paba,24.426,88.606,Private,
Rajshahi kidney care center 02,Rajshahi,Rajshahi Sadar,24.3705,88.5835,Private,
Bogura orthopedic center 02,Bogura,Bogura Sadar,24.8455,89.3725,Private,
Pabna cardiac care center 02,Pabna,Pabna Sadar,24.0032,89.2392,Private,
Sirajganj trauma wing 02,Sirajganj,Sirajganj Sadar,24.4555,89.7055,Private,
Naogaon child care lab 02,Naogaon,Naogaon Sadar,24.8125,88.9455,Private,
Natore diagnostic complex 02,Natore,Natore Sadar,24.4145,88.9745,Private,
Joypurhat skin & laser 02,Joypurhat,Joypurhat Sadar,25.0955,89.0255,Private,
Chapai heart clinic 02,Chapai Nawabganj,Chapai Sadar,24.5955,88.2755,Private,
Rajshahi general dental clinic 02,Rajshahi,Rajshahi Sadar,24.3722,88.5842,Private,
Bogura diagnostic wing 03,Bogura,Bogura Sadar,24.8415,89.3655,Private,
Pabna specialized dental clinic 02,Pabna,Pabna Sadar,24.0012,89.2362,Private,
Sirajganj liver clinic 02,Sirajganj,Sirajganj Sadar,24.4532,89.7032,Private,
Naogaon skin care clinic 02,Naogaon,Naogaon Sadar,24.8122,88.9422,Private,
Natore ent clinic 02,Natore,Natore Sadar,24.4142,88.9742,Private,
Joypurhat asthma center 02,Joypurhat,Joypurhat Sadar,25.0942,89.0242,Private,
Chapai pediatric clinic 02,Chapai Nawabganj,Chapai Sadar,24.5942,88.2742,Private,
Rajshahi physio center 02,Rajshahi,Rajshahi Sadar,24.3682,88.5862,Private,
Bogura mental health 02,Bogura,Bogura Sadar,24.8412,89.3652,Private,
Pabna trauma lab 02,Pabna,Pabna Sadar,24.0042,89.2352,Private,
Sirajganj heart lab 02,Sirajganj,Sirajganj Sadar,24.4572,89.7022,Private,
Naogaon eye lab 02,Naogaon,Naogaon Sadar,24.8112,88.9432,Private,
Natore skin lab 02,Natore,Natore Sadar,24.4162,88.9762,Private,
BRAHMANBARIA MEDICAL COLLEGE HOSPITAL LIMITED,Brahmanbaria,Brahmanbaria Sadar,23.9515,91.1146,Private Hospital/Clinic,01711-123456
Patient Care Shishu O General Hospital & Diagnostic Center,Brahmanbaria,Brahmanbaria Sadar,23.9741,91.1124,Private Hospital/Clinic,Not Available
Adi Dutch Bangla Diagnostic Center & Hospital,Brahmanbaria,Brahmanbaria Sadar,23.976,91.111,Diagnostic Center,Not Available
Al Madina Gastoliver General Hospital & Diagnostic Center,Brahmanbaria,Brahmanbaria Sadar,23.9735,91.114,Private Hospital/Clinic,Not Available
Al- Khalil Hospital & Diagnostic Center,Brahmanbaria,Brahmanbaria Sadar,23.978,91.1132,Private Hospital/Clinic,Not Available
Ashik Diagnostic Center,Brahmanbaria,Brahmanbaria Sadar,23.9725,91.1155,Diagnostic Center,Not Available
Ayat Hospital & Diagnostic Center,Brahmanbaria,Brahmanbaria Sadar,23.9752,91.1128,Private Hospital/Clinic,Not Available
Ayesha Dental Surgery,Brahmanbaria,Brahmanbaria Sadar,23.9765,91.1105,Diagnostic Center,Not Available
Brahmanbaria Diabetic Somety,Brahmanbaria,Brahmanbaria Sadar,23.969,91.116,Diagnostic Center,Not Available
Brahmanbaria Eye Hospital,Brahmanbaria,Brahmanbaria Sadar,23.9748,91.113,Private Hospital/Clinic,Not Available
BRAHMANBARIA GENERAL HOSPITAL,Brahmanbaria,Brahmanbaria Sadar,23.9772,91.112,Private Hospital/Clinic,0851-53211
Brahmanbaria Islamia Hopital And Diagnostioc Center,Brahmanbaria,Brahmanbaria Sadar,23.973,91.1145,Private Hospital/Clinic,Not Available
Brahmanbaria Shishu Hospital,Brahmanbaria,Brahmanbaria Sadar,23.9758,91.1118,Private Hospital/Clinic,Not Available
Brahmanbaria Truma General Hospital & Diagnostic Center,Brahmanbaria,Brahmanbaria Sadar,23.9745,91.1152,Private Hospital/Clinic,Not Available
Central Diagnostic Center & Hospital,Brahmanbaria,Brahmanbaria Sadar,23.9762,91.1125,Diagnostic Center,Not Available
Christian Medical Centre,Brahmanbaria,Brahmanbaria Sadar,23.9715,91.117,Private Hospital/Clinic,0851-52345
Christian Memorial Hospital,Brahmanbaria,Brahmanbaria Sadar,23.972,91.1165,Private Hospital/Clinic,Not Available
Comfoprt Hospital & Diagnostic Center,Brahmanbaria,Brahmanbaria Sadar,23.9732,91.1135,Private Hospital/Clinic,Not Available
Doctors Care General Hospital & Diagnostic Center,Brahmanbaria,Brahmanbaria Sadar,23.9768,91.1108,Diagnostic Center,Not Available
Dr.Al Amin Eye Hospital & Diagnostic Center,Brahmanbaria,Brahmanbaria Sadar,23.974,91.1142,Private Hospital/Clinic,Not Available
Dr.Faridul Huda Memorial Clinic,Brahmanbaria,Brahmanbaria Sadar,23.9755,91.1112,Diagnostic Center,Not Available
Green View Hospital,Brahmanbaria,Brahmanbaria Sadar,23.9775,91.1122,Private Hospital/Clinic,Not Available
ICU Specialized & General Hospital,Brahmanbaria,Brahmanbaria Sadar,23.976,91.1138,Private Hospital/Clinic,Not Available
Insaf Specialized Hospital & Consultation Center,Brahmanbaria,Brahmanbaria Sadar,23.9742,91.1115,Private Hospital/Clinic,Not Available
Kheyam medical Centre,Brahmanbaria,Brahmanbaria Sadar,23.9765,91.112,Diagnostic Center,Not Available
MAA HOSPITAL AND DIAGNOSTIC CENTER,Brahmanbaria,Brahmanbaria Sadar,23.9738,91.115,Private Hospital/Clinic,Not Available
MAHERA DIAGONOSTIC CENTER,Brahmanbaria,Brahmanbaria Sadar,23.975,91.1162,Diagnostic Center,Not Available
Medicare Diagnostic center,Brahmanbaria,Brahmanbaria Sadar,23.9728,91.1148,Diagnostic Center,Not Available
Model General Hospital,Brahmanbaria,Brahmanbaria Sadar,23.9744,91.1126,Private Hospital/Clinic,Not Available
NATH DENTAL CARE,Brahmanbaria,Brahmanbaria Sadar,23.9763,91.1119,Diagnostic Center,Not Available
Naz General Hospital,Brahmanbaria,Brahmanbaria Sadar,23.9751,91.1133,Private Hospital/Clinic,Not Available
New Lab Aid Diagnostic Center & Hospital,Brahmanbaria,Brahmanbaria Sadar,23.977,91.114,Private Hospital/Clinic,Not Available
New Life Medical Center,Brahmanbaria,Brahmanbaria Sadar,23.9747,91.1158,Private Hospital/Clinic,Not Available
New Modina Diagnostic And Diabatic Center,Brahmanbaria,Brahmanbaria Sadar,23.9733,91.1127,Diagnostic Center,Not Available
New Samarita Diagnostic Center Children and General Hospital,Brahmanbaria,Brahmanbaria Sadar,23.9766,91.1144,Private Hospital/Clinic,Not Available
Ochi Memorial Hospital & Diagnostic Center,Brahmanbaria,Brahmanbaria Sadar,23.9753,91.1107,Private Hospital/Clinic,Not Available
Standard Hospital Of Total Health Care,Brahmanbaria,Brahmanbaria Sadar,23.9749,91.1136,Diagnostic Center,Not Available
Sunlab Diagnostic Center,Brahmanbaria,Brahmanbaria Sadar,23.9761,91.1121,Diagnostic Center,Not Available
Sunar Bangla Diagnostic Center,Brahmanbaria,Brahmanbaria Sadar,23.9736,91.1155,Diagnostic Center,Not Available
Sunlife Diagnostic Center & Hospital,Brahmanbaria,Brahmanbaria Sadar,23.9757,91.1114,Private Hospital/Clinic,Not Available
Takwa Hospital Limited,Brahmanbaria,Brahmanbaria Sadar,23.9725,91.113,Private Hospital/Clinic,Not Available
Tata Digital Diagnostic Center,Brahmanbaria,Brahmanbaria Sadar,23.9764,91.1148,Diagnostic Center,Not Available
The bangladesh Hospital & Diagnostic Center,Brahmanbaria,Brahmanbaria Sadar,23.9741,91.1165,Private Hospital/Clinic,Not Available
The Bashundara General Hospital & Diagnostic Centre,Brahmanbaria,Brahmanbaria Sadar,23.9759,91.1129,Private Hospital/Clinic,Not Available
The Bengal Hospital and Diagnostic Center,Brahmanbaria,Brahmanbaria Sadar,23.9739,91.1116,Diagnostic Center,Not Available
The Chander Hasi Diagnostic Center,Brahmanbaria,Brahmanbaria Sadar,23.9768,91.1151,Diagnostic Center,Not Available
THE CRESCENT DIAGNOSTIC CENTER,Brahmanbaria,Brahmanbaria Sadar,23.9746,91.1141,Diagnostic Center,Not Available
The Diabetic & Diagnostic Center,Brahmanbaria,Brahmanbaria Sadar,23.9754,91.1123,Diagnostic Center,Not Available
The Dutch Bangla Diagnostic Center & Hospital,Brahmanbaria,Brahmanbaria Sadar,23.9731,91.1159,Private Hospital/Clinic,Not Available
The Ibn Sina Shishu & General Hospital,Brahmanbaria,Brahmanbaria Sadar,23.9767,91.1134,Private Hospital/Clinic,Not Available
The Lab Aid Specialized Hospital,Brahmanbaria,Brahmanbaria Sadar,23.9752,91.1109,Private Hospital/Clinic,Not Available
The Medinova Genaral Hospital & Diagnostic Center,Brahmanbaria,Brahmanbaria Sadar,23.9743,91.1147,Diagnostic Center,Not Available
The Megna Genaral Hospital & Diagnostic Center,Brahmanbaria,Brahmanbaria Sadar,23.9765,91.116,Private Hospital/Clinic,Not Available
The Modern Pain Management & Physiotheraphy Center,Brahmanbaria,Brahmanbaria Sadar,23.9734,91.1118,Diagnostic Center,Not Available
The Muhammodia Diagnostic Center,Brahmanbaria,Brahmanbaria Sadar,23.9756,91.1153,Diagnostic Center,Not Available
The Nath Dental,Brahmanbaria,Brahmanbaria Sadar,23.9748,91.1125,Diagnostic Center,Not Available
The National Maa O Shishu General Hospital & Diagnostic Center,Brahmanbaria,Brahmanbaria Sadar,23.9769,91.1111,Private Hospital/Clinic,Not Available
The Padda Maa o Shishu General Hospital & Diagnostic Center,Brahmanbaria,Brahmanbaria Sadar,23.975,91.1143,Private Hospital/Clinic,Not Available
The Popular Diagnostic Center,Brahmanbaria,Brahmanbaria Sadar,23.9737,91.1168,Diagnostic Center,Not Available
The Remedy Hospital & Diagnostic Center,Brahmanbaria,Brahmanbaria Sadar,23.9762,91.1131,Private Hospital/Clinic,Not Available
The Shah jalal Hospital & Diagnostic Center,Brahmanbaria,Brahmanbaria Sadar,23.9745,91.1113,Private Hospital/Clinic,Not Available
The Union Hospital and Diagnostic Center,Brahmanbaria,Brahmanbaria Sadar,23.9758,91.1149,Private Hospital/Clinic,Not Available
The United Hospital & Diagnostic Center,Brahmanbaria,Brahmanbaria Sadar,23.9735,91.1122,Private Hospital/Clinic,Not Available
Titas Health Care,Brahmanbaria,Brahmanbaria Sadar,23.9766,91.1156,Diagnostic Center,Not Available
Universal Medical Services Limited,Brahmanbaria,Brahmanbaria Sadar,23.9751,91.1106,Diagnostic Center,Not Available
UNIQUE DIAGNOSTIC CENTER,Brahmanbaria,Brahmanbaria Sadar,23.9742,91.1139,Diagnostic Center,Not Available
,,,,,,
A K dental Care,Brahmanbaria,Nabinagar,23.89,90.965,Dental Clinic,01711-000001
Astha Diagnostic Center,Brahmanbaria,Nabinagar,23.891,90.966,Diagnostic Center,01711-000002
Confirm Diagnostic Center,Brahmanbaria,Nabinagar,23.892,90.967,Diagnostic Center,01711-000003
Life Care Diagnostic & Consultation Center.,Brahmanbaria,Nabinagar,23.893,90.968,Diagnostic Center,01711-000004
New Jounaseba Diagnostic Center,Brahmanbaria,Nabinagar,23.894,90.969,Diagnostic Center,01711-000005
New Lab Aid Diagnostic & Diabetic Center,Brahmanbaria,Nabinagar,23.895,90.97,Diagnostic Center,01711-000006
New Life Care Diagnostic Center,Brahmanbaria,Nabinagar,23.896,90.971,Diagnostic Center,01711-000007
New Sabuj Bangla Digital Dignostic center,Brahmanbaria,Nabinagar,23.897,90.972,Diagnostic Center,01711-000008
New Squire Diagnostic And Diabatic Center,Brahmanbaria,Nabinagar,23.898,90.973,Diagnostic Center,01711-000009
NewMoon Diagnostic Center,Brahmanbaria,Nabinagar,23.889,90.964,Diagnostic Center,01711-000010
Noor Jahan Hasan Ali Sarkar Memorial Medical Center,Brahmanbaria,Nabinagar,23.888,90.963,Private Hospital/Clinic,01711-000011
Ochinpur Digital Diagnostic Center,Brahmanbaria,Nabinagar,23.887,90.962,Diagnostic Center,01711-000012
Pioneer Medical & Diagnostic Center.,Brahmanbaria,Nabinagar,23.886,90.961,Diagnostic Center,01711-000013
Proshongsha Dental Care,Brahmanbaria,Nabinagar,23.885,90.96,Dental Clinic,01711-000014
Shandani Pathology Center.,Brahmanbaria,Nabinagar,23.884,90.959,Diagnostic Center,01711-000015
Sheba Medical Center.,Brahmanbaria,Nabinagar,23.883,90.958,Diagnostic Center,01711-000016
SINHA DIAGNOSTIC CENTER,Brahmanbaria,Nabinagar,23.882,90.957,Diagnostic Center,01711-000017
,,,,,,
hospital_name,district,upazila,latitude,longitude,category,contact
Azad Diagnostic Center,Brahmanbaria,Kasba,23.737,91.151,Diagnostic Center,01711-200001
Jannat Dental Care,Brahmanbaria,Kasba,23.7375,91.152,Dental Clinic,01711-200002
Kuti Choumohony Har Banga Medical & Diagnostic Center,Brahmanbaria,Kasba,23.74,91.145,Diagnostic Center,01711-200003
Kuti Digital Medical Center,Brahmanbaria,Kasba,23.741,91.146,Diagnostic Center,01711-200004
Lab Aid Medical Center,Brahmanbaria,Kasba,23.738,91.15,Diagnostic Center,01711-200005
Shayan Oro-Dental Clinic,Brahmanbaria,Kasba,23.736,91.1515,Dental Clinic,01711-200006
Shuva Diagnostic Centre,Brahmanbaria,Kasba,23.7415,91.1455,Diagnostic Center,01711-200007
The Appollo Diagnostic Center,Brahmanbaria,Kasba,23.735,91.153,Diagnostic Center,01711-200008
The Holy Family Diagnostic Center & Dental Cear,Brahmanbaria,Kasba,23.7405,91.1465,Diagnostic Center,01711-200009
United Health Care Center,Brahmanbaria,Kasba,23.7365,91.1505,Diagnostic Center,01711-200010
,,,,,,
Bismillah Diagnostic Center & Maa O Shishu General Hospital,Brahmanbaria,Ashuganj,24.035,91.015,Private Hospital/Clinic,01711-300001
Islamic general Hospital and Diagnostic Center,Brahmanbaria,Ashuganj,24.036,91.016,Private Hospital/Clinic,01711-300002
Malik Vorosa Diagnostic Center,Brahmanbaria,Ashuganj,24.037,91.017,Diagnostic Center,01711-300003
Medilab Hospital & Diagnostic Center,Brahmanbaria,Ashuganj,24.038,91.018,Private Hospital/Clinic,01711-300004
Noor Medical Center,Brahmanbaria,Ashuganj,24.039,91.019,Private Hospital/Clinic,01711-300005
,,,,,,
,,,,,,
Akhaura Comfort Diagnostic Center,Brahmanbaria,Akhaura,23.8765,91.2155,Diagnostic Center,01711-400001
Akhaura Lab Aid Diagnostic & Consultation Center,Brahmanbaria,Akhaura,23.877,91.216,Diagnostic Center,01711-400002
Nova Aid Diagnostic Center,Brahmanbaria,Akhaura,23.875,91.214,Diagnostic Center,01711-400003
Samim Diagnostic Center,Brahmanbaria,Akhaura,23.88,91.22,Diagnostic Center,01711-400004
Seba Medical Center,Brahmanbaria,Akhaura,23.876,91.215,Diagnostic Center,01711-400005
Titas Medical Lab,Brahmanbaria,Akhaura,23.878,91.217,Diagnostic Center,01711-400006
,,,,,,
hospital_name,district,upazila,latitude,longitude,category,contact
Bancharampur Eye Hospital and Phaco Centre,Brahmanbaria,Banchharampur,23.778,90.876,Private Hospital/Clinic,01711-500001
Bancharampur Ibn Sina Digital Diagnostic Center,Brahmanbaria,Banchharampur,23.779,90.877,Diagnostic Center,01711-500002
Bancharampur Islami Hospital,Brahmanbaria,Banchharampur,23.7775,90.8755,Private Hospital/Clinic,01711-500003
,,,,,,
hospital_name,district,upazila,latitude,longitude,category,contact
Daudpur Digital Diagnostic Center,Brahmanbaria,Bijoynagar,24.015,91.275,Diagnostic Center,01711-600001
New Square Digital Diagnostic Center,Brahmanbaria,Bijoynagar,24.016,91.276,Diagnostic Center,01711-600002
Padma Digital Diagnostic Center,Brahmanbaria,Bijoynagar,24.017,91.277,Diagnostic Center,01711-600003
Shapla Diagonistic Center,Brahmanbaria,Bijoynagar,24.018,91.278,Diagnostic Center,01711-600004
,,,,,,
,,,,,,
New Modern diagnostic & Consultetion Center,Brahmanbaria,Nasirnagar,24.195,91.205,Diagnostic Center,01711-700001
The Al karim Diagnostic Center,Brahmanbaria,Nasirnagar,24.196,91.206,Diagnostic Center,01711-700002
,,,,,,
hospital_name,district,upazila,latitude,longitude,category,contact
New Popular Diagnostic Centerr,Brahmanbaria,Sarail,24.0478,91.1219,Diagnostic Center,01711-800001
Sheba Diagnostic Center.,Brahmanbaria,Sarail,24.0485,91.1225,Diagnostic Center,01711-800002
,,,,,,
,,,,,,
hospital_name,district,upazila,latitude,longitude,category,contact
AALOK HOSPITAL & DIAGNOSTIC CENTER,Chandpur,Chandpur Sadar,23.2321,90.6433,Private Hospital/Clinic,01711-100001
ADHUNIC DIAGNOSTIC CENTER,Chandpur,Chandpur Sadar,23.2325,90.6438,Diagnostic Center,01711-100002
ASTHA DIGITAL DIAGNOSTIC CENTER,Chandpur,Chandpur Sadar,23.233,90.6442,Diagnostic Center,01711-100003
AZAD X-RAY & DIAGNOSTIC CENTRE,Chandpur,Chandpur Sadar,23.2335,90.6446,Diagnostic Center,01711-100004
BABURHAT PATHOLOGICAL CENTRE,Chandpur,Chandpur Sadar,23.234,90.645,Diagnostic Center,01711-100005
CARE & CURE CONSULTATION CENTER,Chandpur,Chandpur Sadar,23.2345,90.6454,Diagnostic Center,01711-100006
CHANDPUR ADHUNIK CHOKKHU HOSPITAL,Chandpur,Chandpur Sadar,23.235,90.6458,Private Hospital/Clinic,01711-100007
Chandpur Al-Amin Hospital (Pvt.) Ltd.,Chandpur,Chandpur Sadar,23.2355,90.6462,Private Hospital/Clinic,01711-100008
CHANDPUR AL-MANAR HOSPITAL (PVT),Chandpur,Chandpur Sadar,23.236,90.6466,Private Hospital/Clinic,01711-100009
CHANDPUR AYESHA MEMORIAL DIAGNOSTIC & CONSULTATION CENTER,Chandpur,Chandpur Sadar,23.2365,90.647,Diagnostic Center,01711-100010
Chandpur Central Hospital (Pvt.) Ltd.,Chandpur,Chandpur Sadar,23.237,90.6474,Private Hospital/Clinic,01711-100011
CHANDPUR CITY HOSPITAL (Pvt),Chandpur,Chandpur Sadar,23.2375,90.6478,Private Hospital/Clinic,01711-100012
Chandpur Diabetic Hospital,Chandpur,Chandpur Sadar,23.238,90.6482,Private Hospital/Clinic,01711-100013
CHANDPUR DIGITAL DIAGNOSTIC CENTER,Chandpur,Chandpur Sadar,23.2385,90.6486,Diagnostic Center,01711-100014
Chandpur General Hospital (Pvt.),Chandpur,Chandpur Sadar,23.239,90.649,Private Hospital/Clinic,01711-100015
CHANDPUR HEALTHCARE,Chandpur,Chandpur Sadar,23.2395,90.6494,Diagnostic Center,01711-100016
CHANDPUR MEDICAL CENTER,Chandpur,Chandpur Sadar,23.24,90.6498,Private Hospital/Clinic,01711-100017
Chandpur Medical Point,Chandpur,Chandpur Sadar,23.2405,90.6502,Diagnostic Center,01711-100018
CHANDPUR METROPOLITAN DIAGNOSTIC CENTER,Chandpur,Chandpur Sadar,23.241,90.6506,Diagnostic Center,01711-100019
CHANDPUR MORDAN HOSPITAL (PVT),Chandpur,Chandpur Sadar,23.2415,90.651,Private Hospital/Clinic,01711-100020
CHANDPUR ORTHOPAEDIC & TRAUMA CENTRE,Chandpur,Chandpur Sadar,23.242,90.6514,Diagnostic Center,01711-100021
Chandpur Specialized Hospital (Pvt.) Ltd.,Chandpur,Chandpur Sadar,23.2425,90.6518,Private Hospital/Clinic,01711-100022
CHANDPUR VACINETION AND DIAGNOSTIC CENTER,Chandpur,Chandpur Sadar,23.243,90.6522,Diagnostic Center,01711-100023
City Aid Diagnostic & consultation Center,Chandpur,Chandpur Sadar,23.2435,90.6526,Diagnostic Center,01711-100024
Doctor Bari Diagnostic Center,Chandpur,Chandpur Sadar,23.244,90.653,Diagnostic Center,01711-100025
Family Care Hospital Pvt.,Chandpur,Chandpur Sadar,23.2445,90.6534,Private Hospital/Clinic,01711-100026
FAMOUS DIAGNOSTIC CENTER,Chandpur,Chandpur Sadar,23.245,90.6538,Diagnostic Center,01711-100027
FORTUNE MEDICAL CENTER,Chandpur,Chandpur Sadar,23.2455,90.6542,Diagnostic Center,01711-100028
GREEN LIFE DIAGNOSTIC CENTRE,Chandpur,Chandpur Sadar,23.246,90.6546,Diagnostic Center,01711-100029
Hakkani Digital Diagnostic Center,Chandpur,Chandpur Sadar,23.2465,90.655,Diagnostic Center,01711-100030
Haque Diagnostic Center,Chandpur,Chandpur Sadar,23.247,90.6554,Diagnostic Center,01711-100031
ISLAMIC DIGITAL DIAGNOSTIC CENTRE,Chandpur,Chandpur Sadar,23.2475,90.6558,Diagnostic Center,01711-100032
Karnafuli Hospital And Diagnostic Center,Chandpur,Chandpur Sadar,23.248,90.6562,Diagnostic Center,01711-100033
Lions Club Of Chandpur Rupali,Chandpur,Chandpur Sadar,23.2485,90.6566,Diagnostic Center,01711-100034
MEDI-AID HOSPITAL,Chandpur,Chandpur Sadar,23.249,90.657,Private Hospital/Clinic,01711-100035
MEDIFAIR DIAGNOSTIC CENTRE,Chandpur,Chandpur Sadar,23.2495,90.6574,Diagnostic Center,01711-100036
MEDINOVA MEDICAL & DIAGNOSTIC CENTRE,Chandpur,Chandpur Sadar,23.25,90.6578,Diagnostic Center,01711-100037
MIM DIAGNOSTIC CENTER,Chandpur,Chandpur Sadar,23.2505,90.6582,Diagnostic Center,01711-100038
Mukti Hospital & Diagnostic Center,Chandpur,Chandpur Sadar,23.251,90.6586,Private Hospital/Clinic,01711-100039
NATIONAL DIAGNOSTIC CENTRE,Chandpur,Chandpur Sadar,23.2515,90.659,Diagnostic Center,01711-100040
National Heart & Health Care Centre,Chandpur,Chandpur Sadar,23.252,90.6594,Diagnostic Center,01711-100041
NEW DHAKA DIGITAL DIAGNOSTIC CENTER,Chandpur,Chandpur Sadar,23.2525,90.6598,Diagnostic Center,01711-100042
NEW ISLAMIA PATHOLOGY & DIAGNOSTIC CENTRE,Chandpur,Chandpur Sadar,23.253,90.6602,Diagnostic Center,01711-100043
NEW MEGHNA DIAGNOSTIC CENTER,Chandpur,Chandpur Sadar,23.2535,90.6606,Diagnostic Center,01711-100044
NEW POPULAR DIAGNOSTIC CENTER,Chandpur,Chandpur Sadar,23.254,90.661,Diagnostic Center,01711-100045
PEERLESS DOCTORS POINT,Chandpur,Chandpur Sadar,23.2545,90.6614,Diagnostic Center,01711-100046
REMEDY DIAGNOSTIC CENTER,Chandpur,Chandpur Sadar,23.255,90.6618,Diagnostic Center,01711-100047
SBCL DIAGNOSTIC CENTER,Chandpur,Chandpur Sadar,23.2555,90.6622,Diagnostic Center,01711-100048
SMART MEDICAL & DIAGNOSTIC CENTRE,Chandpur,Chandpur Sadar,23.256,90.6626,Diagnostic Center,01711-100049
SURJER HASHI NETWORK PURAN BAZAR,Chandpur,Chandpur Sadar,23.2565,90.663,Diagnostic Center,01711-100050
TAQDIR MEDICAL CENTRE,Chandpur,Chandpur Sadar,23.257,90.6634,Diagnostic Center,01711-100051
THE APOLLO MEDICAL CENTER,Chandpur,Chandpur Sadar,23.2575,90.6638,Diagnostic Center,01711-100052
THE HILSHA MEDICAL & DIAGNOSTIC CENTER,Chandpur,Chandpur Sadar,23.258,90.6642,Private Hospital/Clinic,01711-100053
Titas Diagnostic center,Chandpur,Chandpur Sadar,23.2585,90.6646,Diagnostic Center,01711-100054
,,,,,,
hospital_name,district,upazila,latitude,longitude,category,contact
ADHUNIK HOSPITAL (PVT.) & DIGITAL DIAGNOSTIC CENTER,Chandpur,Matlab Dakshin,23.3486,90.7108,Private Hospital/Clinic,01711-200001
Matlab Ma O Shishu Hospital,Chandpur,Matlab Dakshin,23.349,90.7112,Private Hospital/Clinic,01711-200002
NEW LAB AID DIAGNOSTIC CENTER & HOSPITAL,Chandpur,Matlab Dakshin,23.3501,90.7125,Private Hospital/Clinic,01711-200003
DIGITAL LAB & IMAGING CENTER,Chandpur,Matlab Dakshin,23.3475,90.71,Diagnostic Center,01711-200004
GITA UNIQUE DIAGNOSTIC CENTER,Chandpur,Matlab Dakshin,23.348,90.713,Diagnostic Center,01711-200005
MATLAB CENTRAL HOSPITAL & DEGITAL DIAGNOSTIC CENTER,Chandpur,Matlab Dakshin,23.351,90.7142,Private Hospital/Clinic,01711-200006
Matlab Digital Diagnostic Centre (Pvt.),Chandpur,Matlab Dakshin,23.3515,90.7148,Diagnostic Center,01711-200007
MAX V.I.P HOSPITAL (PVT.) & DIGITAL DIAGNOSTIC CENTRE,Chandpur,Matlab Dakshin,23.3465,90.7095,Private Hospital/Clinic,01711-200008
Meghna Digital Diagnosticcentre,Chandpur,Matlab Dakshin,23.345,90.708,Diagnostic Center,01711-200009
MIM GENERAL HOSPITAL AND DIGITAL DIAGNOSTIC CENTRE,Chandpur,Matlab Dakshin,23.346,90.7088,Private Hospital/Clinic,01711-200010
NARAYANPUR GENERAL HOSPITAL (PVT) AND CONSULTATION CENTER,Chandpur,Matlab Dakshin,23.347,90.709,Private Hospital/Clinic,01711-200011
NARAYANPUR TOWER HOSPITAL & DIGITAL DIAGNOSTIC CENTER,Chandpur,Matlab Dakshin,23.3478,90.7098,Diagnostic Center,01711-200012
NEW EVER CARE HOSPITAL,Chandpur,Matlab Dakshin,23.352,90.7155,Private Hospital/Clinic,01711-200013
NEW MODERN DIAGNOSTIC CENTER,Chandpur,Matlab Dakshin,23.3485,90.711,Diagnostic Center,01711-200014
NUSRAT HOSPITAL & DIGITAL DIAGNOSTIC CENTER,Chandpur,Matlab Dakshin,23.3495,90.712,Private Hospital/Clinic,01711-200015
SAKIB HOSPITAL & DIABETES CENTER,Chandpur,Matlab Dakshin,23.3505,90.7135,Private Hospital/Clinic,01711-200016
THE IBN SINA DIGITAL DIAGNOSTIC CENTER,Chandpur,Matlab Dakshin,23.3518,90.7145,Diagnostic Center,01711-200017
THE MADINA PATHOLOGCAL CENTER,Chandpur,Matlab Dakshin,23.3525,90.716,Diagnostic Center,01711-200018
The Nova Medical Center,Chandpur,Matlab Dakshin,23.353,90.7165,Diagnostic Center,01711-200019
Trauma Care General Hospital and Diagnostic Center,Chandpur,Matlab Dakshin,23.354,90.7175,Private Hospital/Clinic,01711-200020
MALLIK DAIGNOSTIC CENTRE,Chandpur,Matlab Dakshin,23.3535,90.717,Diagnostic Center,01711-200021
BARIYA DIAGNOSTIC CENTRE,Chandpur,Matlab Uttar,23.4116,90.7103,Diagnostic Center,01711-300001
,,,,,,
Ariyana Medical Center,Chandpur,Hajiganj,23.245,90.85,Private Hospital/Clinic,01711-400001
Jamjam Diagnostic Center,Chandpur,Hajiganj,23.246,90.851,Diagnostic Center,01711-400002
NEW MEDICARE DIAGNOSTIC CENTER,Chandpur,Hajiganj,23.247,90.852,Diagnostic Center,01711-400003
NISHAT HOSPITAL AND DIGITAL DIAGNOSTIC CENTER,Chandpur,Hajiganj,23.248,90.853,Private Hospital/Clinic,01711-400004
SHAH MIRAN HOSPITAL & DIAGNOSTIC LAB,Chandpur,Hajiganj,23.249,90.854,Diagnostic Center,01711-400005
Unique Diagnostic & Consultation Centre,Chandpur,Hajiganj,23.25,90.855,Diagnostic Center,01711-400006
,,,,,,
,,,,,,
MEDILAB HOSPITAL,Chandpur,Shahrasti,23.22,90.95,Private Hospital/Clinic,01711-500001
New Lab Aid Diagnostic Center,Chandpur,Shahrasti,23.221,90.951,Diagnostic Center,01711-500002
NEW VIP DIGITAL DIAGNOSTIC CENTER,Chandpur,Shahrasti,23.222,90.952,Diagnostic Center,01711-500003
NILU CLINIC,Chandpur,Shahrasti,23.223,90.953,Diagnostic Center,01711-500004
SHEBA DIAGNOSTIC CENTER,Chandpur,Shahrasti,23.224,90.954,Diagnostic Center,01711-500005
,,,,,,
Anowara Memoral Diagnostic Center,Chandpur,Kachua,23.3101,90.8881,Diagnostic Center,01711-600001
Basic Aid And Hospital,Chandpur,Kachua,23.3115,90.8875,Private Hospital/Clinic,01711-600002
CARE DIGITAL HOSPITAL (PVT.),Chandpur,Kachua,23.312,90.889,Private Hospital/Clinic,01711-600003
Central Health Care Ltd,Chandpur,Kachua,23.3135,90.8905,Diagnostic Center,01711-600004
City Hospital & Digital Diagnostic Center,Chandpur,Kachua,23.3108,90.8885,Private Hospital/Clinic,01711-600005
Doctors Diagnostic And Diabetic Care,Chandpur,Kachua,23.315,90.891,Diagnostic Center,01711-600006
Faizunnessa Datobbya Chikitsa Kendra & Hospital,Chandpur,Kachua,23.308,90.885,Private Hospital/Clinic,01711-600007
Gulbahar Shamoly Khan Maternity Clinic,Chandpur,Kachua,23.3095,90.886,Private Hospital/Clinic,01711-600008
INSAF GENERAL HOSPITAL & DIAGNOSITC CENTER,Chandpur,Kachua,23.314,90.888,Private Hospital/Clinic,01711-600009
JANANI MEDICAL SERVICES,Chandpur,Kachua,23.316,90.892,Diagnostic Center,01711-600010
KACHUA CITY PATH DIGITAL LAB & DIAGONSTIC CENTER,Chandpur,Kachua,23.3125,90.8895,Diagnostic Center,01711-600011
Kachua Islamia Digital Diagnostic Center,Chandpur,Kachua,23.313,90.89,Diagnostic Center,01711-600012
KACHUA NEW LIFE DIAGNOSTIC & CONSULTATION CENTRE,Chandpur,Kachua,23.31,90.887,Diagnostic Center,01711-600013
KACHUA SUN DIAGNOSTIC & CONSULTATION CENTER,Chandpur,Kachua,23.311,90.8888,Diagnostic Center,01711-600014
KACHUA TOWAR HOSPITAL & DIGITAL DIAGNOSTIC CENTER,Chandpur,Kachua,23.3145,90.8915,Private Hospital/Clinic,01711-600015
Kachua Trauma & General Hospital PVT,Chandpur,Kachua,23.3128,90.8898,Private Hospital/Clinic,01711-600016
Makka Hospital,Chandpur,Kachua,23.3155,90.8925,Private Hospital/Clinic,01711-600017
Medilife Hospital & Digital Diagnostic Centre,Chandpur,Kachua,23.3118,90.8882,Private Hospital/Clinic,01711-600018
Modern Hospital & Diagnostic Center,Chandpur,Kachua,23.3165,90.893,Private Hospital/Clinic,01711-600019
POPULAR MEDICAL & DIAGNOSTIC CENTRE,Chandpur,Kachua,23.309,90.8855,Diagnostic Center,01711-600020
Renaissa Medical Centre,Chandpur,Kachua,23.317,90.894,Diagnostic Center,01711-600021
Sachar Central Hospital & Diagnostic Center,Chandpur,Kachua,23.318,90.895,Private Hospital/Clinic,01711-600022
Sachar Holy Care Digital Medi Centre,Chandpur,Kachua,23.3185,90.8955,Diagnostic Center,01711-600023
SEBA DIGITAL DIAGNOSTIC CENTRE,Chandpur,Kachua,23.319,90.896,Diagnostic Center,01711-600024
SHAHIDULLAH MEDICAL CENTRE,Chandpur,Kachua,23.3075,90.8845,Diagnostic Center,01711-600025
SHAPLA DIAGNOSTIC CENTER,Chandpur,Kachua,23.307,90.884,Diagnostic Center,01711-600026
Swadesh Diagnostic Center,Chandpur,Kachua,23.3195,90.8965,Diagnostic Center,01711-600027
TISHA DIGITAL LAB & CONSULTATION CENTER,Chandpur,Kachua,23.3105,90.8875,Diagnostic Center,01711-600028
,,,,,,
,,,,,,
Life Care Diagnostic Center,Chandpur,Faridganj,23.125,90.745,Diagnostic Center,01711-700001
NEW SEBA DIAGNOSTIC & CONSULTATION CENTER,Chandpur,Faridganj,23.126,90.746,Diagnostic Center,01711-700002
New Square Hospital and Diagnostic Center,Chandpur,Faridganj,23.127,90.747,Private Hospital/Clinic,01711-700003
Rupsha Diagnostic & Consultation Center,Chandpur,Faridganj,23.128,90.748,Diagnostic Center,01711-700004
RUPSHA DIAGNOSTIC CENTER,Chandpur,Faridganj,23.129,90.749,Diagnostic Center,01711-700005
SHEBA DIGITAL DIAGNOSTIC CENTER,Chandpur,Faridganj,23.13,90.75,Diagnostic Center,01711-700006
A.K MEMORIAL DIGITAL DIAGNOSTIC CENTER,Chandpur,Haimchar,23.065,90.64,Diagnostic Center,01711-800001
AS-SHIFA DIGITAL DIAGNOSTIC CENTER,Chandpur,Haimchar,23.066,90.641,Diagnostic Center,01711-800002
,,,,,,
A ONE HOSPITAL,Cumilla,Cumilla Adarsha Sadar,23.4682,91.179,Private Hospital/Clinic,01711-100001
AZAD ULTRASONOGRAPHY & CONSULTATION CENTER,Cumilla,Cumilla Adarsha Sadar,23.469,91.18,Diagnostic Center,01711-100002
C.D.C DIAGNOSTIC & CONSULTATION CENTER,Cumilla,Cumilla Adarsha Sadar,23.4675,91.1785,Diagnostic Center,01711-100003
CALIX DIAGNOSTIC COMPLRX,Cumilla,Cumilla Adarsha Sadar,23.4705,91.1815,Diagnostic Center,01711-100004
CLASS MEDICAL SERVICES,Cumilla,Cumilla Adarsha Sadar,23.465,91.176,Diagnostic Center,01711-100005
Classic Consultation And Diagnostic Center,Cumilla,Cumilla Adarsha Sadar,23.4665,91.1775,Diagnostic Center,01711-100006
CONFIDENCE DENTAL,Cumilla,Cumilla Adarsha Sadar,23.4688,91.1795,Dental Clinic,01711-100007
FAITH MEDICAL SERVICES,Cumilla,Cumilla Adarsha Sadar,23.4695,91.182,Diagnostic Center,01711-100008
Janata Diagnostic & Consultation Center,Cumilla,Cumilla Adarsha Sadar,23.4645,91.1755,Diagnostic Center,01711-100009
KUCHAITOLI CITY SCAN & MEDICAL SERVICES,Cumilla,Cumilla Adarsha Sadar,23.455,91.185,Diagnostic Center,01711-100010
Lab In Pathological Lab,Cumilla,Cumilla Adarsha Sadar,23.463,91.174,Diagnostic Center,01711-100011
LAB ONE DIAGNOSTIC CENTER,Cumilla,Cumilla Adarsha Sadar,23.467,91.178,Diagnostic Center,01711-100012
MEDI SCAN DIGITAL DIAGNOSTIC CENTRE,Cumilla,Cumilla Adarsha Sadar,23.4555,91.1845,Diagnostic Center,01711-100013
MEDILAB DIGITAL DIAGNOSTIC CENTER,Cumilla,Cumilla Adarsha Sadar,23.456,91.186,Diagnostic Center,01711-100014
MISSION HOSPITAL,Cumilla,Cumilla Adarsha Sadar,23.471,91.1805,Private Hospital/Clinic,01711-100015
National Digital Diagnostic Center,Cumilla,Cumilla Adarsha Sadar,23.4655,91.1765,Diagnostic Center,01711-100016
New Cumilla Diagnostic Center,Cumilla,Cumilla Adarsha Sadar,23.464,91.175,Diagnostic Center,01711-100017
NEW VISION MODEL HOSPITAL,Cumilla,Cumilla Adarsha Sadar,23.45,91.188,Private Hospital/Clinic,01711-100018
Nur Labouratory And Consultation Centre,Cumilla,Cumilla Adarsha Sadar,23.466,91.177,Diagnostic Center,01711-100019
NURPUR MATRISAOAN CLINIC (PVT),Cumilla,Cumilla Adarsha Sadar,23.475,91.1825,Private Hospital/Clinic,01711-100020
Pioneer diagnostic & Consultation Center,Cumilla,Cumilla Adarsha Sadar,23.4685,91.1788,Diagnostic Center,01711-100021
Queens Digital- Hospital Ltd.,Cumilla,Cumilla Adarsha Sadar,23.462,91.183,Private Hospital/Clinic,01711-100022
SHEBA DIAHNOSTIC CENTER,Cumilla,Cumilla Adarsha Sadar,23.472,91.1795,Diagnostic Center,01711-100023
SUN MEDICAL SERVICES,Cumilla,Cumilla Adarsha Sadar,23.473,91.181,Diagnostic Center,01711-100024
SUN MEDICAL SERVICES (HOSPITAL.),Cumilla,Cumilla Adarsha Sadar,23.4735,91.1815,Private Hospital/Clinic,01711-100025
Sun Rise Diagnostic & Consultation Center,Cumilla,Cumilla Adarsha Sadar,23.4648,91.1758,Diagnostic Center,01711-100026
Taief Medical Services,Cumilla,Cumilla Adarsha Sadar,23.4678,91.1782,Diagnostic Center,01711-100027
,,,,,,
AL TAHER DIAGNOSTIC CENTER,Cumilla,Cumilla Sadar Dakshin,23.425,91.185,Diagnostic Center,01711-100101
AL TAIF MEDICAL POINT,Cumilla,Cumilla Sadar Dakshin,23.4255,91.1855,Diagnostic Center,01711-100102
Anowara Medical Center,Cumilla,Cumilla Sadar Dakshin,23.426,91.186,Diagnostic Center,01711-100103
Bagmara Medical Centre,Cumilla,Cumilla Sadar Dakshin,23.4265,91.1865,Diagnostic Center,01711-100104
BIOMATE HOSPITAL,Cumilla,Cumilla Sadar Dakshin,23.427,91.187,Private Hospital/Clinic,01711-100105
Bismillah Medical Center,Cumilla,Cumilla Sadar Dakshin,23.4275,91.1875,Diagnostic Center,01711-100106
CARE PLUS MEDICAL CENTER,Cumilla,Cumilla Sadar Dakshin,23.428,91.188,Diagnostic Center,01711-100107
CUMILLA ANOWARA HOSPITAL,Cumilla,Cumilla Sadar Dakshin,23.4285,91.1885,Private Hospital/Clinic,01711-100108
CUMILLA PEOPLES HOSPITAL LTD.,Cumilla,Cumilla Sadar Dakshin,23.429,91.189,Private Hospital/Clinic,01711-100109
Doctors Lab & Consultation Center,Cumilla,Cumilla Sadar Dakshin,23.4295,91.1895,Diagnostic Center,01711-100110
ELITE MEDICAL CENTRE,Cumilla,Cumilla Sadar Dakshin,23.43,91.19,Diagnostic Center,01711-100111
Fair Medical Center.,Cumilla,Cumilla Sadar Dakshin,23.4305,91.1905,Diagnostic Center,01711-100112
JUKTIKHOLA DIAGNOSTIC CENTER,Cumilla,Cumilla Sadar Dakshin,23.431,91.191,Diagnostic Center,01711-100113
Laxmipur Specialized Diagnostic Centre,Cumilla,Cumilla Sadar Dakshin,23.4315,91.1915,Diagnostic Center,01711-100114
Madina Hospital.,Cumilla,Cumilla Sadar Dakshin,23.432,91.192,Private Hospital/Clinic,01711-100115
MEDI LAB DIAGNOSTIC CENTRE & CONSULTATION UNIT,Cumilla,Cumilla Sadar Dakshin,23.4325,91.1925,Diagnostic Center,01711-100116
Modern Health Medical Check up Center,Cumilla,Cumilla Sadar Dakshin,23.433,91.193,Diagnostic Center,01711-100117
Modern Hospital Pvt. Ltd.,Cumilla,Cumilla Sadar Dakshin,23.4335,91.1935,Private Hospital/Clinic,01711-100118
Modhu Diagnostic & Medical Center,Cumilla,Cumilla Sadar Dakshin,23.434,91.194,Diagnostic Center,01711-100119
NATIONAL HOSPITAL,Cumilla,Cumilla Sadar Dakshin,23.4345,91.1945,Private Hospital/Clinic,01711-100120
REDA HAMZAH DIAGNOSTIC,Cumilla,Cumilla Sadar Dakshin,23.435,91.195,Diagnostic Center,01711-100121
Safe Medical Center.,Cumilla,Cumilla Sadar Dakshin,23.4355,91.1955,Diagnostic Center,01711-100122
SHIFA DIAGNOSTIC CENTRE,Cumilla,Cumilla Sadar Dakshin,23.436,91.196,Diagnostic Center,01711-100123
Siam Health Care Services,Cumilla,Cumilla Sadar Dakshin,23.4365,91.1965,Diagnostic Center,01711-100124
SUAGAZI DIAGNOSTIC CENTRE,Cumilla,Cumilla Sadar Dakshin,23.437,91.197,Diagnostic Center,01711-100125
Supreme Health care Center,Cumilla,Cumilla Sadar Dakshin,23.4375,91.1975,Diagnostic Center,01711-100126
Tabuk Medical Center,Cumilla,Cumilla Sadar Dakshin,23.438,91.198,Diagnostic Center,01711-100127
TRUST DIAGNOSTIC AND CONSULTANCY,Cumilla,Cumilla Sadar Dakshin,23.4385,91.1985,Diagnostic Center,01711-100128
ADAM KHAN DIAGNOSTIC CENTRE,Cumilla,Burichang,23.55,91.125,Diagnostic Center,01711-100129
BORICHANG MEDICAL CENTER,Cumilla,Burichang,23.5505,91.1255,Diagnostic Center,01711-100130
Burichang Shefa Hospital,Cumilla,Burichang,23.551,91.126,Private Hospital/Clinic,01711-100131
Burichong Lab Aid Diagnostic & Consultation Center,Cumilla,Burichang,23.5515,91.1265,Diagnostic Center,01711-100132
Eastern Medical College Hospital,Cumilla,Burichang,23.552,91.127,Private Hospital/Clinic,01711-100133
GRAMEEN KALYAN MOINAMOTI HEALTH CENTER,Cumilla,Burichang,23.5525,91.1275,Diagnostic Center,01711-100134
GRAMEEN KALYAN RAJAPUR HEALTH CENTER,Cumilla,Burichang,23.553,91.128,Diagnostic Center,01711-100135
GRAMEEN KALYAN SOLONOL HEALTH CENTER,Cumilla,Burichang,23.5535,91.1285,Diagnostic Center,01711-100136
HAPPY MEDICO & DOCTORS CENTRE,Cumilla,Burichang,23.554,91.129,Diagnostic Center,01711-100137
HEALTH CARE HOSPITAL,Cumilla,Burichang,23.5545,91.1295,Private Hospital/Clinic,01711-100138
HEALTH CARE MEDICAL CENTER,Cumilla,Burichang,23.555,91.13,Diagnostic Center,01711-100139
JANATA DIAGNOSTIC CENTER,Cumilla,Burichang,23.5555,91.1305,Diagnostic Center,01711-100140
KANGSHANAGAR MAA & SHISHU GENERAL HOSPITAL,Cumilla,Burichang,23.556,91.131,Private Hospital/Clinic,01711-100141
Modern Specialized Diagnostic Center.,Cumilla,Burichang,23.5565,91.1315,Diagnostic Center,01711-100142
Sandhani Digital Diagnostics & Consultation,Cumilla,Burichang,23.557,91.132,Diagnostic Center,01711-100143
SUNMOON DIAGNOSTIC & CONSULTATION CENTRE,Cumilla,Burichang,23.5575,91.1325,Diagnostic Center,01711-100144
Sunshine Diagnostic And Diabetic Center,Cumilla,Burichang,23.558,91.133,Diagnostic Center,01711-100145
The Kongshanagar Unque Hospital,Cumilla,Burichang,23.5585,91.1335,Private Hospital/Clinic,01711-100146
,,,,,,
JANATA DIAGNOSTIC CENTRE,Cumilla,Daudkandi,23.535,90.725,Diagnostic Center,01711-100147
Life Care Diagnostic Center.,Cumilla,Daudkandi,23.5355,90.7255,Diagnostic Center,01711-100148
MEDITEC (Medical Information Technologies),Cumilla,Daudkandi,23.536,90.726,Diagnostic Center,01711-100149
NEW SHEBA DIAGNOSTIC CENTRE,Cumilla,Daudkandi,23.5365,90.7265,Diagnostic Center,01711-100150
NIRAMOY DIAGNOSTIC CENTRE,Cumilla,Daudkandi,23.537,90.727,Diagnostic Center,01711-100151
PRIOM MEDICAL & DIAGNOSTIC CENTER,Cumilla,Daudkandi,23.5375,90.7275,Diagnostic Center,01711-100152
SHEBA DIAGNSOTIC CENTRE.,Cumilla,Daudkandi,23.538,90.728,Diagnostic Center,01711-100153
SHWAPNO DIAGNOSTIC CENTRE,Cumilla,Daudkandi,23.5385,90.7285,Diagnostic Center,01711-100154
SOMRAT DIGITAL DIAGNOSTIC CENTRE,Cumilla,Daudkandi,23.539,90.729,Diagnostic Center,01711-100155
UNIQUE HOSPITAL,Cumilla,Daudkandi,23.5395,90.7295,Private Hospital/Clinic,01711-100156
Life Care Diagnostic Center,Cumilla,Debidwar,23.595,90.995,Diagnostic Center,01711-100157
THE DEBIDWAR LAB AID DIAGNOSTIC CENTER,Cumilla,Debidwar,23.5955,90.9955,Diagnostic Center,01711-100158
THE DEBIDWAR POPULAR DIAGONOSTIC.,Cumilla,Debidwar,23.596,90.996,Diagnostic Center,01711-100159
The Debidwar Square Diagnostic Complex,Cumilla,Debidwar,23.5965,90.9965,Diagnostic Center,01711-100160
The Debidwar Square Hospital,Cumilla,Debidwar,23.597,90.997,Private Hospital/Clinic,01711-100161
,,,,,,
Adda Tower Hospital & Digital Diagnostic Center,Cumilla,Barura,23.375,91.055,Private Hospital/Clinic,01711-100162
ASHWADIA MEDICAL CENTER,Cumilla,Barura,23.3755,91.0555,Diagnostic Center,01711-100163
BARURA CENTRAL HOSPITAL PVT. LTD,Cumilla,Barura,23.376,91.056,Private Hospital/Clinic,01711-100164
BARURA DIABETIC SHOMITY HOSPITAL,Cumilla,Barura,23.3765,91.0565,Diagnostic Center,01711-100165
BARURA IBN SINA HOSPITAL,Cumilla,Barura,23.377,91.057,Private Hospital/Clinic,01711-100166
BARURA MODERN HOSPITAL,Cumilla,Barura,23.3775,91.0575,Private Hospital/Clinic,01711-100167
Doctor’s Community Hospital,Cumilla,Barura,23.378,91.058,Private Hospital/Clinic,01711-100168
GRAMEEN KAYLAY ADDA HEALTH CENTER,Cumilla,Barura,23.3785,91.0585,Diagnostic Center,01711-100169
Medicare General Hospital,Cumilla,Barura,23.379,91.059,Private Hospital/Clinic,01711-100170
MEDINOVA HOSPITAL,Cumilla,Barura,23.3795,91.0595,Private Hospital/Clinic,01711-100171
RAMMOHAN DIAGNOSTIC CENTER,Cumilla,Barura,23.38,91.06,Diagnostic Center,01711-100172
Surjer Hashi Network,Cumilla,Barura,23.3805,91.0605,Diagnostic Center,01711-100173
THE SQUARE DIGITAL DIAGNOSTIC CENTER,Cumilla,Barura,23.381,91.061,Diagnostic Center,01711-100174
Al- Madina Hospital & Digital Diagnostic Center,Cumilla,Chandina,23.485,91.005,Private Hospital/Clinic,01711-100175
AL-MADINA DIGITAL DIAGNOSTIC CENTER,Cumilla,Chandina,23.4855,91.0055,Diagnostic Center,01711-100176
Apollo Hospital,Cumilla,Chandina,23.486,91.006,Private Hospital/Clinic,01711-100177
Chandina Al Raji Diagnosti & Consultation Center,Cumilla,Chandina,23.4865,91.0065,Diagnostic Center,01711-100178
CHANDINA CENTRAL HOSPITAL,Cumilla,Chandina,23.487,91.007,Private Hospital/Clinic,01711-100179
CHANDINA DIAGNOSTIC CENTRE,Cumilla,Chandina,23.4875,91.0075,Diagnostic Center,01711-100180
CHANDINA KHIDMAH GENERAL HOSPITAL,Cumilla,Chandina,23.488,91.008,Private Hospital/Clinic,01711-100181
Chandina Lab Aid Hospital,Cumilla,Chandina,23.4885,91.0085,Private Hospital/Clinic,01711-100182
CHANDINA MAA O SHISHU SPECIALIJED HOSPITAL,Cumilla,Chandina,23.489,91.009,Private Hospital/Clinic,01711-100183
CHANDINA MEDICAL CENTRE,Cumilla,Chandina,23.4895,91.0095,Private Hospital/Clinic,01711-100184
Chandina Mim Hospital,Cumilla,Chandina,23.49,91.01,Private Hospital/Clinic,01711-100185
CHANDINA SQUARE HOSPITAL,Cumilla,Chandina,23.4905,91.0105,Private Hospital/Clinic,01711-100186
Chandina Tower Hospital,Cumilla,Chandina,23.491,91.011,Private Hospital/Clinic,01711-100187
Datta Diagnostic Center,Cumilla,Chandina,23.4915,91.0115,Diagnostic Center,01711-100188
ISLAMIA DIAGNOSTIC CENTRE,Cumilla,Chandina,23.492,91.012,Diagnostic Center,01711-100189
Joy Medical & Diagnostic Center,Cumilla,Chandina,23.4925,91.0125,Diagnostic Center,01711-100190
LAXMIPUR MEDICAL CENTER,Cumilla,Chandina,23.493,91.013,Diagnostic Center,01711-100191
Life Care Center,Cumilla,Chandina,23.4935,91.0135,Diagnostic Center,01711-100192
Madhaia General Hospital,Cumilla,Chandina,23.494,91.014,Private Hospital/Clinic,01711-100193
Madhaia Mim Hospital,Cumilla,Chandina,23.4945,91.0145,Private Hospital/Clinic,01711-100194
Madhaiya Laser and medical services,Cumilla,Chandina,23.495,91.015,Diagnostic Center,01711-100195
MADINA MEDICAL CENTER,Cumilla,Chandina,23.4955,91.0155,Diagnostic Center,01711-100196
MATRI DIAGNOSTIC CENTER,Cumilla,Chandina,23.496,91.016,Diagnostic Center,01711-100197
Mohona Madical Centre,Cumilla,Chandina,23.4965,91.0165,Diagnostic Center,01711-100198
MUKTI DIAGNOSTIC CENTER,Cumilla,Chandina,23.497,91.017,Diagnostic Center,01711-100199
Nababpur Medinova Hospital & Digital Diagnostic Centre,Cumilla,Chandina,23.4975,91.0175,Private Hospital/Clinic,01711-100200
Nababpur Trauma Center,Cumilla,Chandina,23.498,91.018,Private Hospital/Clinic,01711-100201
NAHA DIAGNOSTIC CENTRE,Cumilla,Chandina,23.4985,91.0185,Diagnostic Center,01711-100202
New Life Hospital,Cumilla,Chandina,23.499,91.019,Private Hospital/Clinic,01711-100203
NEW MODERN DIAGNOSTIC CENTER,Cumilla,Chandina,23.4995,91.0195,Diagnostic Center,01711-100204
NEW MUKTI DIAGNOSTIC CENTER,Cumilla,Chandina,23.5,91.02,Diagnostic Center,01711-100205
Sarkar Diagnostic Center,Cumilla,Chandina,23.5005,91.0205,Diagnostic Center,01711-100206
Seba Diagnostic Center And Doctors Point,Cumilla,Chandina,23.501,91.021,Diagnostic Center,01711-100207
Tower Hospital and Digital Diagnostic Center,Cumilla,Chandina,23.5015,91.0215,Private Hospital/Clinic,01711-100208
Adda Tower Hospital & Digital Diagnostic Center,Cumilla,Barura,23.375,91.055,Private Hospital/Clinic,01711-100162
ASHWADIA MEDICAL CENTER,Cumilla,Barura,23.3755,91.0555,Diagnostic Center,01711-100163
BARURA CENTRAL HOSPITAL PVT. LTD,Cumilla,Barura,23.376,91.056,Private Hospital/Clinic,01711-100164
BARURA DIABETIC SHOMITY HOSPITAL,Cumilla,Barura,23.3765,91.0565,Diagnostic Center,01711-100165
BARURA IBN SINA HOSPITAL,Cumilla,Barura,23.377,91.057,Private Hospital/Clinic,01711-100166
BARURA MODERN HOSPITAL,Cumilla,Barura,23.3775,91.0575,Private Hospital/Clinic,01711-100167
Doctor’s Community Hospital,Cumilla,Barura,23.378,91.058,Private Hospital/Clinic,01711-100168
GRAMEEN KAYLAY ADDA HEALTH CENTER,Cumilla,Barura,23.3785,91.0585,Diagnostic Center,01711-100169
Medicare General Hospital,Cumilla,Barura,23.379,91.059,Private Hospital/Clinic,01711-100170
MEDINOVA HOSPITAL,Cumilla,Barura,23.3795,91.0595,Private Hospital/Clinic,01711-100171
RAMMOHAN DIAGNOSTIC CENTER,Cumilla,Barura,23.38,91.06,Diagnostic Center,01711-100172
Surjer Hashi Network,Cumilla,Barura,23.3805,91.0605,Diagnostic Center,01711-100173
THE SQUARE DIGITAL DIAGNOSTIC CENTER,Cumilla,Barura,23.381,91.061,Diagnostic Center,01711-100174
Al- Madina Hospital & Digital Diagnostic Center,Cumilla,Chandina,23.485,91.005,Private Hospital/Clinic,01711-100175
AL-MADINA DIGITAL DIAGNOSTIC CENTER,Cumilla,Chandina,23.4855,91.0055,Diagnostic Center,01711-100176
Apollo Hospital,Cumilla,Chandina,23.486,91.006,Private Hospital/Clinic,01711-100177
Chandina Al Raji Diagnosti & Consultation Center,Cumilla,Chandina,23.4865,91.0065,Diagnostic Center,01711-100178
CHANDINA CENTRAL HOSPITAL,Cumilla,Chandina,23.487,91.007,Private Hospital/Clinic,01711-100179
CHANDINA DIAGNOSTIC CENTRE,Cumilla,Chandina,23.4875,91.0075,Diagnostic Center,01711-100180
CHANDINA KHIDMAH GENERAL HOSPITAL,Cumilla,Chandina,23.488,91.008,Private Hospital/Clinic,01711-100181
Chandina Lab Aid Hospital,Cumilla,Chandina,23.4885,91.0085,Private Hospital/Clinic,01711-100182
CHANDINA MAA O SHISHU SPECIALIJED HOSPITAL,Cumilla,Chandina,23.489,91.009,Private Hospital/Clinic,01711-100183
CHANDINA MEDICAL CENTRE,Cumilla,Chandina,23.4895,91.0095,Private Hospital/Clinic,01711-100184
Chandina Mim Hospital,Cumilla,Chandina,23.49,91.01,Private Hospital/Clinic,01711-100185
CHANDINA SQUARE HOSPITAL,Cumilla,Chandina,23.4905,91.0105,Private Hospital/Clinic,01711-100186
Chandina Tower Hospital,Cumilla,Chandina,23.491,91.011,Private Hospital/Clinic,01711-100187
Datta Diagnostic Center,Cumilla,Chandina,23.4915,91.0115,Diagnostic Center,01711-100188
ISLAMIA DIAGNOSTIC CENTRE,Cumilla,Chandina,23.492,91.012,Diagnostic Center,01711-100189
Joy Medical & Diagnostic Center,Cumilla,Chandina,23.4925,91.0125,Diagnostic Center,01711-100190
LAXMIPUR MEDICAL CENTER,Cumilla,Chandina,23.493,91.013,Diagnostic Center,01711-100191
Life Care Center,Cumilla,Chandina,23.4935,91.0135,Diagnostic Center,01711-100192
Madhaia General Hospital,Cumilla,Chandina,23.494,91.014,Private Hospital/Clinic,01711-100193
Madhaia Mim Hospital,Cumilla,Chandina,23.4945,91.0145,Private Hospital/Clinic,01711-100194
Madhaiya Laser and medical services,Cumilla,Chandina,23.495,91.015,Diagnostic Center,01711-100195
MADINA MEDICAL CENTER,Cumilla,Chandina,23.4955,91.0155,Diagnostic Center,01711-100196
MATRI DIAGNOSTIC CENTER,Cumilla,Chandina,23.496,91.016,Diagnostic Center,01711-100197
Mohona Madical Centre,Cumilla,Chandina,23.4965,91.0165,Diagnostic Center,01711-100198
MUKTI DIAGNOSTIC CENTER,Cumilla,Chandina,23.497,91.017,Diagnostic Center,01711-100199
Nababpur Medinova Hospital & Digital Diagnostic Centre,Cumilla,Chandina,23.4975,91.0175,Private Hospital/Clinic,01711-100200
Nababpur Trauma Center,Cumilla,Chandina,23.498,91.018,Private Hospital/Clinic,01711-100201
NAHA DIAGNOSTIC CENTRE,Cumilla,Chandina,23.4985,91.0185,Diagnostic Center,01711-100202
New Life Hospital,Cumilla,Chandina,23.499,91.019,Private Hospital/Clinic,01711-100203
NEW MODERN DIAGNOSTIC CENTER,Cumilla,Chandina,23.4995,91.0195,Diagnostic Center,01711-100204
NEW MUKTI DIAGNOSTIC CENTER,Cumilla,Chandina,23.5,91.02,Diagnostic Center,01711-100205
Sarkar Diagnostic Center,Cumilla,Chandina,23.5005,91.0205,Diagnostic Center,01711-100206
Seba Diagnostic Center And Doctors Point,Cumilla,Chandina,23.501,91.021,Diagnostic Center,01711-100207
Tower Hospital and Digital Diagnostic Center,Cumilla,Chandina,23.5015,91.0215,Private Hospital/Clinic,01711-100208
DAIARA MODERN DIAGNOSTIC CENTRE,Cumilla,Monoharganj,23.15,91.02,Diagnostic Center,01711-100223
HASNABAD DIGITAL LAB.,Cumilla,Monoharganj,23.151,91.021,Diagnostic Center,01711-100224
MONOHORGONG MEDICAL CENTER,Cumilla,Monoharganj,23.152,91.022,Diagnostic Center,01711-100225
MONOHORGONJ PADMA GENERAL HOSPITAL,Cumilla,Monoharganj,23.153,91.023,Private Hospital/Clinic,01711-100226
MONORAMA DIAGNOSTIC CENTER,Cumilla,Monoharganj,23.154,91.024,Diagnostic Center,01711-100227
Mohammad Shahid Ullah Bhuiyan Medical Center,Cumilla,Monoharganj,23.155,91.025,Private Hospital/Clinic,01711-100228
Natherpetua General Hospital,Cumilla,Monoharganj,23.156,91.026,Private Hospital/Clinic,01711-100229
NATHERPETUA MODERN DIAGNOSTIC CENTER,Cumilla,Monoharganj,23.157,91.027,Diagnostic Center,01711-100230
NATHERPETUA MODERN HOSPITAL,Cumilla,Monoharganj,23.158,91.028,Private Hospital/Clinic,01711-100231
LAKSHAMANPUR ISLAMIA DIAGNOSTIC & CONSULTATION CENTER,Cumilla,Monoharganj,23.159,91.029,Diagnostic Center,01711-100232
Firoza Begum Memorial Hospital,Cumilla,Monoharganj,23.16,91.03,Diagnostic Center,01711-100233
ADHUNIK HOSPITAL & DIAGNOSTIC CENTER,Cumilla,Muradnagar,23.63,90.93,Private Hospital/Clinic,01711-100234
Al-Hajj Shamsul Haque & Misses Haque Hospital,Cumilla,Muradnagar,23.631,90.931,Private Hospital/Clinic,01711-100235
Al-Madina Health Care & Diagnostic Center,Cumilla,Muradnagar,23.632,90.932,Diagnostic Center,01711-100236
ANAM MEDICAL AND DIAGNOSTIC CENTER,Cumilla,Muradnagar,23.633,90.933,Diagnostic Center,01711-100237
APPOLO MEDICAL CENTER,Cumilla,Muradnagar,23.634,90.934,Diagnostic Center,01711-100238
Care Hospital,Cumilla,Muradnagar,23.635,90.935,Private Hospital/Clinic,01711-100239
COMPANYGONJ DIGITAL EYE HOSPITAL,Cumilla,Muradnagar,23.636,90.936,Private Hospital/Clinic,01711-100240
DOCTORS DIAGNOSTIC & HOSPITAL,Cumilla,Muradnagar,23.637,90.937,Private Hospital/Clinic,01711-100241
Doctors Diagnostic Centre Unit 2,Cumilla,Muradnagar,23.638,90.938,Diagnostic Center,01711-100242
FAISAL MEDI COMPLEX,Cumilla,Muradnagar,23.639,90.939,Diagnostic Center,01711-100243
GOOD LIFE DIAGNOSTIC CENTRE,Cumilla,Muradnagar,23.64,90.94,Diagnostic Center,01711-100244
GRAMEEN KALYAN DARORA HEALTH CENTER,Cumilla,Muradnagar,23.641,90.941,Diagnostic Center,01711-100245
GRAMEEN KALYAN SRIKAIL HEALTH CENTER,Cumilla,Muradnagar,23.642,90.942,Diagnostic Center,01711-100246
GOMOTI PATHOLOGY & MEDICAL CENTER,Cumilla,Muradnagar,23.643,90.943,Diagnostic Center,01711-100247
Ayesha Medical Center & Digital Lab,Cumilla,Muradnagar,23.644,90.944,Diagnostic Center,01711-100248
Chapitala Nurjahan Medical Center,Cumilla,Muradnagar,23.645,90.945,Diagnostic Center,01711-100249
JAHANARA GENERAL HOSPITAL,Cumilla,Muradnagar,23.646,90.946,Diagnostic Center,01711-100250
Jonoseba Medical Services,Cumilla,Muradnagar,23.647,90.947,Diagnostic Center,01711-100251
LATIF GENERAL (PANGO) HOSPITAL,Cumilla,Muradnagar,23.648,90.948,Private Hospital/Clinic,01711-100252
Micro Path & Hospital (pvt) Ltd,Cumilla,Muradnagar,23.649,90.949,Private Hospital/Clinic,01711-100253
New Muradnagar medinova diagnostic services,Cumilla,Muradnagar,23.65,90.95,Diagnostic Center,01711-100254
PROTTASHA DIGITAL DIAGNOSTIC CENTER,Cumilla,Muradnagar,23.651,90.951,Diagnostic Center,01711-100255
SAFE LIFE DIGITAL DIAGNOSTIC & CONSULTATION CENTRE,Cumilla,Muradnagar,23.652,90.952,Diagnostic Center,01711-100256
sarker daignostic and telimedicine center,Cumilla,Muradnagar,23.653,90.953,Diagnostic Center,01711-100257
Sreekali Doctors Diagnostic Center,Cumilla,Muradnagar,23.654,90.954,Diagnostic Center,01711-100258
The Modern Diagnostic Center,Cumilla,Muradnagar,23.655,90.955,Diagnostic Center,01711-100259
The New Al Habib Diagnostic Center,Cumilla,Muradnagar,23.656,90.956,Diagnostic Center,01711-100260
TITAS HOSPITAL & DIAGNOSTIC CENTRE,Cumilla,Muradnagar,23.657,90.957,Diagnostic Center,01711-100261
Adhunic Diagnostic Centre,Cumilla,Nangalkot,23.16,91.13,Diagnostic Center,01711-100262
Boxgonj Private Hospital And Diagnostic Center,Cumilla,Nangalkot,23.161,91.131,Private Hospital/Clinic,01711-100263
Matri Chhaya Maternity Clinic,Cumilla,Nangalkot,23.162,91.132,Private Hospital/Clinic,01711-100264
MODERNDIAGNOSTIC CENTER,Cumilla,Nangalkot,23.163,91.133,Diagnostic Center,01711-100265
NANGALCOT TRAUMA CENTRE & GENERAL HOSPITAL,Cumilla,Nangalkot,23.164,91.134,Private Hospital/Clinic,01711-100266
Nangalkot Adunik Medical Services,Cumilla,Nangalkot,23.165,91.135,Diagnostic Center,01711-100267
NANGALKOT ISLAMIA GENERAL HOSPITAL,Cumilla,Nangalkot,23.166,91.136,Private Hospital/Clinic,01711-100268
Nangalkot New Apollo Medical Services,Cumilla,Nangalkot,23.167,91.137,Diagnostic Center,01711-100269
NANGALKOT NOVA HOSPITAL,Cumilla,Nangalkot,23.168,91.138,Private Hospital/Clinic,01711-100270
Nangalkot Popular Diagnostic Center,Cumilla,Nangalkot,23.169,91.139,Diagnostic Center,01711-100271
Padma Hospital & Digital Diagonistic Center,Cumilla,Nangalkot,23.17,91.14,Private Hospital/Clinic,01711-100272
Patwary General Hospital,Cumilla,Nangalkot,23.171,91.141,Private Hospital/Clinic,01711-100273
Shamsunnahar Diagnostic Center,Cumilla,Nangalkot,23.172,91.142,Diagnostic Center,01711-100274
THE LAB ONE DIAGNOSTIC & CONSULTATION CENTER,Cumilla,Nangalkot,23.173,91.143,Diagnostic Center,01711-100275
Al-Falah Medical Center,Cumilla,Chauddagram,23.21,91.31,Diagnostic Center,01711-100276
Chauddagram Clinic,Cumilla,Chauddagram,23.211,91.311,Diagnostic Center,01711-100277
CHAUDDAGRAM GENERAL HOSPITAL & DIAGNOSTIC CENTRE,Cumilla,Chauddagram,23.212,91.312,Private Hospital/Clinic,01711-100278
Chauddagram Islamia Eye Hospital & Phaco Center,Cumilla,Chauddagram,23.213,91.313,Private Hospital/Clinic,01711-100279
Chauddagram Medinova Diagnostic Center,Cumilla,Chauddagram,23.214,91.314,Diagnostic Center,01711-100280
Doctors Care Diagonstic Center,Cumilla,Chauddagram,23.215,91.315,Diagnostic Center,01711-100281
Family Hospital & Diagnostic Center,Cumilla,Chauddagram,23.216,91.316,Private Hospital/Clinic,01711-100282
FIRST AID HOSPITAL & DIAGNOSTIC CENTER,Cumilla,Chauddagram,23.217,91.317,Private Hospital/Clinic,01711-100283
FIRST CARE NAZ HOSPITAL & DIAGNOSTIC CENTER,Cumilla,Chauddagram,23.218,91.318,Diagnostic Center,01711-100284
FRIENDS HOSPITAL LIMITED,Cumilla,Chauddagram,23.219,91.319,Private Hospital/Clinic,01711-100285
Gunabati Square Hospital & Diagnostic Center,Cumilla,Chauddagram,23.22,91.32,Private Hospital/Clinic,01711-100286
Health Care Medical Centre,Cumilla,Chauddagram,23.221,91.321,Diagnostic Center,01711-100287
KAKRI MEDICAL CENTER,Cumilla,Chauddagram,23.222,91.322,Diagnostic Center,01711-100288
LAB ONE DIAGNOSTIC CENTRE,Cumilla,Chauddagram,23.223,91.323,Diagnostic Center,01711-100289
MEDI LAB,Cumilla,Chauddagram,23.224,91.324,Diagnostic Center,01711-100290
MIA BAZAR CLINIC,Cumilla,Chauddagram,23.225,91.325,Diagnostic Center,01711-100291
NESARIA GENERAL HOSPITAL & DIAGONSTIC CENTER,Cumilla,Chauddagram,23.226,91.326,Private Hospital/Clinic,01711-100292
Oli Ahmed Diagnostic,Cumilla,Chauddagram,23.227,91.327,Diagnostic Center,01711-100293
REX DIAGNOSTIC CENTRE & HOSPITAL,Cumilla,Chauddagram,23.228,91.328,Diagnostic Center,01711-100294
SHEBA DIAGNOSTIC AND CONSULTATION CENTER,Cumilla,Chauddagram,23.229,91.329,Diagnostic Center,01711-100295
Skylab Hospital and Diagnostic Center,Cumilla,Chauddagram,23.23,91.33,Private Hospital/Clinic,01711-100296
THE FAMOUS HOSPITAL,Cumilla,Chauddagram,23.231,91.331,Private Hospital/Clinic,01711-100297
The Health Care Diagnostic Center,Cumilla,Chauddagram,23.232,91.332,Diagnostic Center,01711-100298
THE IBNA SINA MEDICAL CENTRE,Cumilla,Chauddagram,23.233,91.333,Diagnostic Center,01711-100299
THE REX DIAGNOSTIC CENTRE,Cumilla,Chauddagram,23.234,91.334,Diagnostic Center,01711-100300
UNITY MEDICAL CENTRE,Cumilla,Chauddagram,23.235,91.335,Diagnostic Center,01711-100301
VARD Kamal Eye Hospital,Cumilla,Chauddagram,23.236,91.336,Private Hospital/Clinic,01711-100302
AL-SHEFA GENERAL HOSPITAL,Cumilla,Meghna,23.59,90.72,Private Hospital/Clinic,01711-100303
CITY DIAGNOSTIC AND CONSULTATION CENTER,Cumilla,Meghna,23.591,90.721,Diagnostic Center,01711-100304
Darber Diagnostic Center,Cumilla,Meghna,23.592,90.722,Diagnostic Center,01711-100305
Fahad-Rahad Diagnostic Centre,Cumilla,Meghna,23.593,90.723,Diagnostic Center,01711-100306
ISLAMIA GENARAL HOSPITAL AND DIGITAL DIAGNOSTIC COMPLEX,Cumilla,Meghna,23.594,90.724,Private Hospital/Clinic,01711-100307
Khidmah diagnostic & diabetic center,Cumilla,Meghna,23.595,90.725,Diagnostic Center,01711-100308
Meghna barakah diagnostic centre,Cumilla,Meghna,23.596,90.726,Diagnostic Center,01711-100309
New Al Shafa General Hospital & Diagnostic Center,Cumilla,Meghna,23.597,90.727,Diagnostic Center,01711-100310
AL-Noor Diagnostic & Consultation Center,Cumilla,Titas,23.63,90.77,Diagnostic Center,01711-100311
GRAMEEN KALYAN JAGUTHPUR HEALTH CENTER,Cumilla,Titas,23.631,90.771,Diagnostic Center,01711-100312
IDEAL DIAGNOSTIC CENTER,Cumilla,Titas,23.632,90.772,Diagnostic Center,01711-100313
KAMAL MODERN HOSPITAL (UNIT-2),Cumilla,Titas,23.633,90.773,Private Hospital/Clinic,01711-100314
MAA DIAGNOSTIC & TREATMENT CENTER,Cumilla,Titas,23.634,90.774,Diagnostic Center,01711-100315
NEW LIFE CARE MEDICAL CENTRE,Cumilla,Titas,23.635,90.775,Diagnostic Center,01711-100316
SALMA DIAGNOSTIC CENTRE UNIT-2,Cumilla,Titas,23.636,90.776,Diagnostic Center,01711-100317
Titas Diabetic Hospital,Cumilla,Titas,23.637,90.777,Diagnostic Center,01711-100318
hospital_name,district,upazila,latitude,longitude,category,contact
B-para Diagnostic Center,Cumilla,Brahmanpara,23.615,91.11,Diagnostic Center,01711-100319
Brahmanpara Begum Rokeya Hospital (Pvt.) Ltd.,Cumilla,Brahmanpara,23.6155,91.1105,Private Hospital/Clinic,01711-100320
BRAHMANPARA DIABETIC HOSPITAL,Cumilla,Brahmanpara,23.616,91.111,Diagnostic Center,01711-100321
BRAHMANPARA SHISHU MATRI HOSPITAL,Cumilla,Brahmanpara,23.6165,91.1115,Private Hospital/Clinic,01711-100322
Chandla Medical Center,Cumilla,Brahmanpara,23.617,91.112,Diagnostic Center,01711-100323
Comfort Diagnostic Centre,Cumilla,Brahmanpara,23.6175,91.1125,Diagnostic Center,01711-100324
DG PATH MEDICAL SERVICES,Cumilla,Brahmanpara,23.618,91.113,Diagnostic Center,01711-100325
Good Life Medical Center,Cumilla,Brahmanpara,23.6185,91.1135,Diagnostic Center,01711-100326
Grameen Kalyan Shidlai Health Center,Cumilla,Brahmanpara,23.619,91.114,Diagnostic Center,01711-100327
MAHDUMATI HOSPITAL (PTV.) LTD.,Cumilla,Brahmanpara,23.6195,91.1145,Diagnostic Center,01711-100328
MATRICHAYA DIAGNOSTIC CENTER,Cumilla,Brahmanpara,23.62,91.115,Diagnostic Center,01711-100329
MATTRISEBA GENERAL HOSPITAL,Cumilla,Brahmanpara,23.6205,91.1155,Private Hospital/Clinic,01711-100330
NEW BRAHMANPARA DIABETIC & GENERAL HOSPITAL,Cumilla,Brahmanpara,23.621,91.116,Private Hospital/Clinic,01711-100331
NEW MEDINOVA DIAGNOSTIC CENTRE.,Cumilla,Brahmanpara,23.6215,91.1165,Diagnostic Center,01711-100332
THE VISION HOSPITAL,Cumilla,Brahmanpara,23.622,91.117,Private Hospital/Clinic,01711-100333
Unity Hospital,Cumilla,Brahmanpara,23.6225,91.1175,Private Hospital/Clinic,01711-100334
BHUSCHI HEALTHCARE CENTER,Cumilla,Lalmai,23.36,91.13,Diagnostic Center,01711-100335
HEALTH VIEW DIAGONISTIC & CONSULTANT CENTER,Cumilla,Lalmai,23.3605,91.1305,Diagnostic Center,01711-100336
LALMAI DIABETIC ASSOCIATION,Cumilla,Lalmai,23.361,91.131,Diagnostic Center,01711-100337
Royal Diagnostic Center,Cumilla,Lalmai,23.3615,91.1315,Diagnostic Center,01711-100338
ASHIA MEMORIAL HOSPITAL & DIAGNOSTIC CENTER,Coxs Bazar,Chakaria,21.75,92.07,Private Hospital/Clinic,01711-100339
BADARKHALI GENERAL HOSPITAL,Coxs Bazar,Chakaria,21.7505,92.0705,Private Hospital/Clinic,01711-100340
Badarkhali Lab House,Coxs Bazar,Chakaria,21.751,92.071,Diagnostic Center,01711-100341
Badarkhali Modern Diagnostic Center,Coxs Bazar,Chakaria,21.7515,92.0715,Diagnostic Center,01711-100342
BARAITALI MAA-SHISU HOSPITAL,Coxs Bazar,Chakaria,21.752,92.072,Private Hospital/Clinic,01711-100343
Central Care Hospital,Coxs Bazar,Chakaria,21.7525,92.0725,Private Hospital/Clinic,01711-100344
Chakaria City Hospital,Coxs Bazar,Chakaria,21.753,92.073,Private Hospital/Clinic,01711-100345
Chakaria Digital Diagnostic Center,Coxs Bazar,Chakaria,21.7535,92.0735,Diagnostic Center,01711-100346
Chakaria Digital Hospital (Pvt.) Ltd,Coxs Bazar,Chakaria,21.754,92.074,Private Hospital/Clinic,01711-100347
Chakaria General Hospital & Trauma Center,Coxs Bazar,Chakaria,21.7545,92.0745,Private Hospital/Clinic,01711-100348
Chakaria Medical Center,Coxs Bazar,Chakaria,21.755,92.075,Diagnostic Center,01711-100349
Chakaria Unique Hospital (Pvt) Ltd,Coxs Bazar,Chakaria,21.7555,92.0755,Private Hospital/Clinic,01711-100350
Chevron Clinical Lab Chakaria Branch,Coxs Bazar,Chakaria,21.756,92.076,Diagnostic Center,01711-100351
Clinova Hospital & Diagnostic Center,Coxs Bazar,Chakaria,21.7565,92.0765,Private Hospital/Clinic,01711-100352
Dulahazara Medical centre,Coxs Bazar,Chakaria,21.757,92.077,Diagnostic Center,01711-100353
EKUSHE DIGNOSTIC,Coxs Bazar,Chakaria,21.7575,92.0775,Diagnostic Center,01711-100354
Harbang Diagnostic Center,Coxs Bazar,Chakaria,21.758,92.078,Diagnostic Center,01711-100355
HILL SIDE PATHOLOGY,Coxs Bazar,Chakaria,21.7585,92.0785,Diagnostic Center,01711-100356
KEYA DENTAL CURE,Coxs Bazar,Chakaria,21.759,92.079,Diagnostic Center,01711-100357
Keya Digital Physiotheraphy,Coxs Bazar,Chakaria,21.7595,92.0795,Diagnostic Center,01711-100358
Keya Pathology,Coxs Bazar,Chakaria,21.76,92.08,Diagnostic Center,01711-100359
Life Care Diagnostic Center,Coxs Bazar,Chakaria,21.7605,92.0805,Diagnostic Center,01711-100360
Maa-Shishu And General Hospital,Coxs Bazar,Chakaria,21.761,92.081,Diagnostic Center,01711-100361
Malumghat Diagnostic Center,Coxs Bazar,Chakaria,21.7615,92.0815,Diagnostic Center,01711-100362
Malumghat Ma Moni Hospital and Diagnostic Center,Coxs Bazar,Chakaria,21.762,92.082,Private Hospital/Clinic,01711-100363
Memorial Christian Hospital,Coxs Bazar,Chakaria,21.7625,92.0825,Private Hospital/Clinic,01711-100364
MOSTAFA DIAGNOSTIC CENTER,Coxs Bazar,Chakaria,21.763,92.083,Diagnostic Center,01711-100365
Niramoy Diagnostic Center,Coxs Bazar,Chakaria,21.7635,92.0835,Diagnostic Center,01711-100366
Paharika Hospital,Coxs Bazar,Chakaria,21.764,92.084,Private Hospital/Clinic,01711-100367
Popular Lab,Coxs Bazar,Chakaria,21.7645,92.0845,Diagnostic Center,01711-100368
Royal Dignostic & Doctors Chember,Coxs Bazar,Chakaria,21.765,92.085,Diagnostic Center,01711-100369
Rug Niropun Pathology Center,Coxs Bazar,Chakaria,21.7655,92.0855,Diagnostic Center,01711-100370
Shefa Pathology,Coxs Bazar,Chakaria,21.766,92.086,Diagnostic Center,01711-100371
Surjer Hashi Network,Coxs Bazar,Chakaria,21.7665,92.0865,Private Hospital/Clinic,01711-100372
ZamZam Hospital (Pvt.) Limited,Coxs Bazar,Chakaria,21.767,92.087,Private Hospital/Clinic,01711-100373
BISMILLAH MEDICAL CENTER,Coxs Bazar,Coxs Bazar Sadar,21.43,91.97,Diagnostic Center,01711-100374
CENTRAL DIAGNOSTIC CENTER,Coxs Bazar,Coxs Bazar Sadar,21.4305,91.9705,Diagnostic Center,01711-100375
Central Hospital Coxs Bazar,Coxs Bazar,Coxs Bazar Sadar,21.431,91.971,Private Hospital/Clinic,01711-100376
Chemon Health Care,Coxs Bazar,Coxs Bazar Sadar,21.4315,91.9715,Diagnostic Center,01711-100377
COMMUNITY EYE HOSPITAL,Coxs Bazar,Coxs Bazar Sadar,21.432,91.972,Private Hospital/Clinic,01711-100378
Cox-National Hispital,Coxs Bazar,Coxs Bazar Sadar,21.4325,91.9725,Private Hospital/Clinic,01711-100379
DIABETES CARE CENTER,Coxs Bazar,Coxs Bazar Sadar,21.433,91.973,Diagnostic Center,01711-100380
DIGITAL HOSPITAL COXS BAZAR PVT LTD,Coxs Bazar,Coxs Bazar Sadar,21.4335,91.9735,Private Hospital/Clinic,01711-100381
DOCTORS CHAMBER,Coxs Bazar,Coxs Bazar Sadar,21.434,91.974,Diagnostic Center,01711-100382
DYNAMIC DIAGNOSTIC CENTER,Coxs Bazar,Coxs Bazar Sadar,21.4345,91.9745,Diagnostic Center,01711-100383
EIDGAH MEDICAL CENTER & HOSPITAL,Coxs Bazar,Coxs Bazar Sadar,21.435,91.975,Private Hospital/Clinic,01711-100384
EIDGAH MODEL HOSPITAL,Coxs Bazar,Coxs Bazar Sadar,21.4355,91.9755,Private Hospital/Clinic,01711-100385
FOUAD AL-KHATEEB HOSPITAL,Coxs Bazar,Coxs Bazar Sadar,21.436,91.976,Private Hospital/Clinic,01711-100386
Gonoshasthya Diagnostic,Coxs Bazar,Coxs Bazar Sadar,21.4365,91.9765,Diagnostic Center,01711-100387
Lab Aid Specialized Hospital,Coxs Bazar,Coxs Bazar Sadar,21.437,91.977,Private Hospital/Clinic,01711-100388
LAB CITY MEDICAL SERVICES,Coxs Bazar,Coxs Bazar Sadar,21.4375,91.9775,Diagnostic Center,01711-100389
Maa O Shisu Hospital Pathology,Coxs Bazar,Coxs Bazar Sadar,21.438,91.978,Diagnostic Center,01711-100390
NEW HOPE HOSPITAL,Coxs Bazar,Coxs Bazar Sadar,21.4385,91.9785,Private Hospital/Clinic,01711-100391
PEOPLES FORUM DIAGNOSTIC CENTER,Coxs Bazar,Coxs Bazar Sadar,21.439,91.979,Diagnostic Center,01711-100392
PREMIER MEDICAL CENTER,Coxs Bazar,Coxs Bazar Sadar,21.4395,91.9795,Diagnostic Center,01711-100393
Prestige Healthcare Center,Coxs Bazar,Coxs Bazar Sadar,21.44,91.98,Diagnostic Center,01711-100394
SAIKAT HOSPITAL,Coxs Bazar,Coxs Bazar Sadar,21.4405,91.9805,Private Hospital/Clinic,01711-100395
SEA SIDE HOSPITAL PVT. LTD,Coxs Bazar,Coxs Bazar Sadar,21.441,91.981,Private Hospital/Clinic,01711-100396
Shouq Medical Point,Coxs Bazar,Coxs Bazar Sadar,21.4415,91.9815,Diagnostic Center,01711-100397
union hospital,Coxs Bazar,Coxs Bazar Sadar,21.442,91.982,Private Hospital/Clinic,01711-100398
New Medilab,Coxs Bazar,Kutubdia,21.81,91.85,Diagnostic Center,01711-100399
BGS HEALTH AND PATHOLOGY CENTER,Coxs Bazar,Maheshkhali,21.52,91.95,Diagnostic Center,01711-100400
Matarbari Digital Hospital & Diabetes Center,Coxs Bazar,Maheshkhali,21.5205,91.9505,Private Hospital/Clinic,01711-100401
Model Health Diagnostic Center,Coxs Bazar,Maheshkhali,21.521,91.951,Diagnostic Center,01711-100402
Neuron Health & Daiagnostic Center,Coxs Bazar,Maheshkhali,21.5215,91.9515,Diagnostic Center,01711-100403
New Lab Aid Diagnostic,Coxs Bazar,Maheshkhali,21.522,91.952,Diagnostic Center,01711-100404
Osim Memorial Hospital,Coxs Bazar,Maheshkhali,21.5225,91.9525,Private Hospital/Clinic,01711-100405
Chawmuhoni Pathology,Coxs Bazar,Pekua,21.8,92.03,Diagnostic Center,01711-100406
MOUCHAK PATHOLOGY AND DIGITAL DIAGNOSTIC,Coxs Bazar,Pekua,21.8005,92.0305,Diagnostic Center,01711-100407
Nur Hospital & Diagnostic Center,Coxs Bazar,Pekua,21.801,92.031,Private Hospital/Clinic,01711-100408
PEKUA DIGITAL DIAGNOSTIC CENTER,Coxs Bazar,Pekua,21.8015,92.0315,Diagnostic Center,01711-100409
PEKUA HEALTH CARE,Coxs Bazar,Pekua,21.802,92.032,Diagnostic Center,01711-100410
Pekua Life Care Hospital,Coxs Bazar,Pekua,21.8025,92.0325,Private Hospital/Clinic,01711-100411
PEKUA MEDICAL CENTER,Coxs Bazar,Pekua,21.803,92.033,Diagnostic Center,01711-100412
PEKUA MEDICAL CENTRE HOSPITAL,Coxs Bazar,Pekua,21.8035,92.0335,Private Hospital/Clinic,01711-100413
Seba Pathology,Coxs Bazar,Pekua,21.804,92.034,Diagnostic Center,01711-100414
DOCTORS LAB,Coxs Bazar,Ramu,21.41,92.09,Diagnostic Center,01711-100415
DOCTORS PATHOLOGY & DIAGANOSTIC CENTER,Coxs Bazar,Ramu,21.4105,92.0905,Diagnostic Center,01711-100416
Garjania Seba Diagnostic Center,Coxs Bazar,Ramu,21.411,92.091,Diagnostic Center,01711-100417
Health Ramu Medical & Diagnostic Center,Coxs Bazar,Ramu,21.4115,92.0915,Diagnostic Center,01711-100418
Ramu Modern Medical & Diagnostic Center,Coxs Bazar,Ramu,21.412,92.092,Diagnostic Center,01711-100419
Surjer Alo Sastho Seba Clinic,Coxs Bazar,Ramu,21.4125,92.0925,Private Hospital/Clinic,01711-100420
Sutjer Hashi Network Ramu,Coxs Bazar,Ramu,21.413,92.093,Diagnostic Center,01711-100421
Al-Safa Medical Diagnostic,Coxs Bazar,Teknaf,20.86,92.29,Diagnostic Center,01711-100422
Dream Care Digital Diagnostic Center,Coxs Bazar,Teknaf,20.8605,92.2905,Diagnostic Center,01711-100423
Dynamic Clinical Laborotory,Coxs Bazar,Teknaf,20.861,92.291,Diagnostic Center,01711-100424
Hnila Health Care Diagnostic,Coxs Bazar,Teknaf,20.8615,92.2915,Diagnostic Center,01711-100425
Lab Medica,Coxs Bazar,Teknaf,20.862,92.292,Diagnostic Center,01711-100426
MARYSTOPS CLINIC,Coxs Bazar,Teknaf,20.8625,92.2925,Private Hospital/Clinic,01711-100427
Naf Shimanto Pathology Center,Coxs Bazar,Teknaf,20.863,92.293,Diagnostic Center,01711-100428
Naf View Medical Centre & Pathology,Coxs Bazar,Teknaf,20.8635,92.2935,Diagnostic Center,01711-100429
NEW LIFE DIAGNOSTIC CENTRE,Coxs Bazar,Teknaf,20.864,92.294,Diagnostic Center,01711-100430
NEW TECH DIGITAL DAIGNOSTIC CENTER,Coxs Bazar,Teknaf,20.8645,92.2945,Diagnostic Center,01711-100431
TEKNAF MEDICAL CENTER,Coxs Bazar,Teknaf,20.865,92.295,Diagnostic Center,01711-100432
Unciprang Digital Medical Center,Coxs Bazar,Teknaf,20.8655,92.2955,Diagnostic Center,01711-100433
Ad Din Medical Center,Coxs Bazar,Ukhia,21.28,92.14,Diagnostic Center,01711-100434
Alif Hospital,Coxs Bazar,Ukhia,21.2805,92.1405,Private Hospital/Clinic,01711-100435
Centuary Lab,Coxs Bazar,Ukhia,21.281,92.141,Diagnostic Center,01711-100436
COURTBAZAR DIGITAL HOSPITAL,Coxs Bazar,Ukhia,21.2815,92.1415,Diagnostic Center,01711-100437
FRIENDSHIP HOSPITAL UKHIYA,Coxs Bazar,Ukhia,21.282,92.142,Private Hospital/Clinic,01711-100438
HOPE FOUNDATION FOR WOMEN AND CHILDREN,Coxs Bazar,Ukhia,21.2825,92.1425,Private Hospital/Clinic,01711-100439
Janashastha Digtal Diagnostic Center,Coxs Bazar,Ukhia,21.283,92.143,Diagnostic Center,01711-100440
LIFE CARE DIAGNOSTIC CENTRE,Coxs Bazar,Ukhia,21.2835,92.1435,Diagnostic Center,01711-100441
LIFE LINE DIAGNOSTIC CENTER,Coxs Bazar,Ukhia,21.284,92.144,Diagnostic Center,01711-100442
M.S.F. (Maries Stopes),Coxs Bazar,Ukhia,21.2845,92.1445,Private Hospital/Clinic,01711-100443
Maa Diagnostic Centre,Coxs Bazar,Ukhia,21.285,92.145,Diagnostic Center,01711-100444
Madina Pathology,Coxs Bazar,Ukhia,21.2855,92.1455,Diagnostic Center,01711-100445
MEDICARE PATHOLOGICAL LAB,Coxs Bazar,Ukhia,21.286,92.146,Diagnostic Center,01711-100446
Moazammel Memorial Hospital,Coxs Bazar,Ukhia,21.2865,92.1465,Private Hospital/Clinic,01711-100447
Neuron Medical Center(NMC),Coxs Bazar,Ukhia,21.287,92.147,Diagnostic Center,01711-100448
NEW LIFE DIGITAL DIAGNOSTIC CENTER,Coxs Bazar,Ukhia,21.2875,92.1475,Diagnostic Center,01711-100449
ORION HOSPITAL,Coxs Bazar,Ukhia,21.288,92.148,Private Hospital/Clinic,01711-100450
PALONG DIAGNOSTIC & CONSUTATION CENTER,Coxs Bazar,Ukhia,21.2885,92.1485,Diagnostic Center,01711-100451
Palong General Hospital,Coxs Bazar,Ukhia,21.289,92.149,Private Hospital/Clinic,01711-100452
SEBA PATHOLOGY (PVT),Coxs Bazar,Ukhia,21.2895,92.1495,Diagnostic Center,01711-100453
SHAHID ATM JAFAR ALAM DIABETIC AND COMMUNITY HOSPITAL,Coxs Bazar,Ukhia,21.29,92.15,Diagnostic Center,01711-100454
Tajman Hospital,Coxs Bazar,Ukhia,21.2905,92.1505,Private Hospital/Clinic,01711-100455
UKHIA DIGITAL DIAGNOSTIC CENTER,Coxs Bazar,Ukhia,21.291,92.151,Diagnostic Center,01711-100456
Star Line Specialized Hospital,Feni,Feni Sadar,23.0159,91.3976,Private Hospital/Clinic,01711-100457
CONCEPT HEALTH CARE CLINIC,Feni,Feni Sadar,23.016,91.398,Diagnostic Center,01711-100458
Concept Plus,Feni,Feni Sadar,23.0165,91.3985,Diagnostic Center,01711-100459
Lab City Diagnostic & Mother Care,Feni,Feni Sadar,23.017,91.399,Diagnostic Center,01711-100460
LIFE CARE DIAGNOSTIC CENTER,Feni,Feni Sadar,23.0175,91.3995,Diagnostic Center,01711-100461
Medilab Hospital & Diagnostic Center,Feni,Feni Sadar,23.018,91.4,Private Hospital/Clinic,01711-100462
MEDISCAN HOSPITAL,Feni,Feni Sadar,23.0185,91.4005,Private Hospital/Clinic,01711-100463
NEW COSMOPOLITAN DIAGNOSTIC & CONSULTATION CENTER,Feni,Feni Sadar,23.019,91.401,Diagnostic Center,01711-100464
New IBN Sina Diagnostic Center,Feni,Feni Sadar,23.0195,91.4015,Diagnostic Center,01711-100465
New Upasham General Hospital Ltd,Feni,Feni Sadar,23.02,91.402,Private Hospital/Clinic,01711-100466
Niramoy Diagnostic & Consaltetion Center,Feni,Feni Sadar,23.0205,91.4025,Diagnostic Center,01711-100467
ONE STOPES MATERNITY CLINIC,Feni,Feni Sadar,23.021,91.403,Private Hospital/Clinic,01711-100468
S A Diagnostic Center,Feni,Feni Sadar,23.0215,91.4035,Diagnostic Center,01711-100469
The Hormone Center,Feni,Feni Sadar,23.022,91.404,Diagnostic Center,01711-100470
Watan Lab,Feni,Feni Sadar,23.0225,91.4045,Diagnostic Center,01711-100471
AYASHA DIGITAL DIAGNOSTIC CENTER,Feni,Daganbhuiyan,22.9365,91.3144,Diagnostic Center,01711-100472
AYASHA GENERAL HOSPITAL,Feni,Daganbhuiyan,22.937,91.315,Private Hospital/Clinic,01711-100473
UNIQUE HOSPITAL,Feni,Daganbhuiyan,22.9375,91.3155,Private Hospital/Clinic,01711-100474
GLOBAL HEALTH,Feni,Sonagazi,22.845,91.392,Diagnostic Center,01711-100475
SONAGAZI CLINIC,Feni,Sonagazi,22.8455,91.3925,Diagnostic Center,01711-100476
SUN GENERAL HOSPITAL,Feni,Sonagazi,22.846,91.393,Private Hospital/Clinic,01711-100477
Tareque Memorial-Ibrahim General Hospital,Feni,Chhagalnaiya,23.0375,91.5186,Private Hospital/Clinic,01711-100478
Wahidur Rahman Sasthokendro,Feni,Chhagalnaiya,23.038,91.519,Private Hospital/Clinic,01711-100479
SHEBA DIAGNOSTIC CENTRE,Feni,Fulgazi,23.1111,91.4389,Diagnostic Center,01711-100480
DIGINALA DIAGNOSTIC CENTER,Khagrachhari,Dighinala,23.25,92.05,Diagnostic Center,01711-100481
GREEN LIFE DIAGNOSTIC CENTER,Khagrachhari,Dighinala,23.2505,92.0505,Diagnostic Center,01711-100482
LIFE CARE DIAGNOSTIC CENTRE,Khagrachhari,Khagrachhari Sadar,23.0415,91.9936,Diagnostic Center,01711-100483
NIGHTANGLE DIAGNOSTIC LAB,Khagrachhari,Ramgarh,22.9556,91.6889,Diagnostic Center,01711-100484
safe diagonostic center,Khagrachhari,Panchhari,23.325,91.9861,Diagnostic Center,01711-100485
SEBA DIAGNOSTICS CENTER,Khagrachhari,Mahalchari,22.9167,92.025,Diagnostic Center,01711-100486
Astha Diagnostic Center,Lakshmipur,Lakshmipur Sadar,22.9447,90.8282,Diagnostic Center,01711-100487
CARE SPECIALIZED CONSULTATION AND DIAGNOSTIC LAB,Lakshmipur,Lakshmipur Sadar,22.945,90.8285,Diagnostic Center,01711-100488
Care Specialized Hospital Consultation And Diagnostic Lab,Lakshmipur,Lakshmipur Sadar,22.9455,90.829,Private Hospital/Clinic,01711-100489
City Pathologi,Lakshmipur,Lakshmipur Sadar,22.946,90.8295,Diagnostic Center,01711-100490
Lab Point Diagnostic Center,Lakshmipur,Lakshmipur Sadar,22.9465,90.83,Diagnostic Center,01711-100491
MA-MONI DIAGNOSTIC CENTER,Lakshmipur,Lakshmipur Sadar,22.947,90.8305,Diagnostic Center,01711-100492
NEW CURE DIGITAL DIAGNOSTIC LAB,Lakshmipur,Lakshmipur Sadar,22.9475,90.831,Diagnostic Center,01711-100493
NEW IBN SINA MEDICAL CENTRE,Lakshmipur,Lakshmipur Sadar,22.948,90.8315,Diagnostic Center,01711-100494
NEW JANANY DIAGNOSTIC CENTRE,Lakshmipur,Lakshmipur Sadar,22.9485,90.832,Diagnostic Center,01711-100495
NEW MEDI COMPLEX,Lakshmipur,Lakshmipur Sadar,22.949,90.8325,Diagnostic Center,01711-100496
New Popular Diagnostic Center & Doctors Point,Lakshmipur,Lakshmipur Sadar,22.9495,90.833,Diagnostic Center,01711-100497
NEW UPASHAM DOCTORS POINT,Lakshmipur,Lakshmipur Sadar,22.95,90.8335,Diagnostic Center,01711-100498
NIRAMOY HOSPITAL (PVT),Lakshmipur,Lakshmipur Sadar,22.9505,90.834,Private Hospital/Clinic,01711-100499
NIRAMOY MEDICAL CENTER,Lakshmipur,Lakshmipur Sadar,22.951,90.8345,Diagnostic Center,01711-100500
NIROMY DIAGNSTIC CENTER,Lakshmipur,Lakshmipur Sadar,22.9515,90.835,Diagnostic Center,01711-100501
Nova trauma Center & General Hospital,Lakshmipur,Lakshmipur Sadar,22.952,90.8355,Private Hospital/Clinic,01711-100502
Nurain Diagnostic Center A,Lakshmipur,Lakshmipur Sadar,22.9525,90.836,Diagnostic Center,01711-100503
SAFE DIAGNOSTIC & HEARING CENTRE,Lakshmipur,Lakshmipur Sadar,22.953,90.8365,Diagnostic Center,01711-100504
Seba diagnostic center,Lakshmipur,Lakshmipur Sadar,22.9535,90.837,Diagnostic Center,01711-100505
Setu Bondhan Diagnostic Complex,Lakshmipur,Lakshmipur Sadar,22.954,90.8375,Diagnostic Center,01711-100506
SHUVO HEART MEDICINE AND CONSULTATION CENTER,Lakshmipur,Lakshmipur Sadar,22.9545,90.838,Diagnostic Center,01711-100507
SMK HOSPITAL,Lakshmipur,Lakshmipur Sadar,22.955,90.8385,Private Hospital/Clinic,01711-100508
Star K. S. Hospital,Lakshmipur,Lakshmipur Sadar,22.9555,90.839,Private Hospital/Clinic,01711-100509
THE LAKSHMIPUR IBN SINA DIAGNOSTIC CENTER,Lakshmipur,Lakshmipur Sadar,22.956,90.8395,Diagnostic Center,01711-100510
The MediNova Diagnostic Chenter,Lakshmipur,Lakshmipur Sadar,22.9565,90.84,Diagnostic Center,01711-100511
TRUST MEDICAL SERVICES,Lakshmipur,Lakshmipur Sadar,22.957,90.8405,Diagnostic Center,01711-100512
UNITED DIAGONISTIC & DOCTORS CHAMBER,Lakshmipur,Lakshmipur Sadar,22.9575,90.841,Diagnostic Center,01711-100513
Wel Care Hospital(pvt),Lakshmipur,Lakshmipur Sadar,22.958,90.8415,Private Hospital/Clinic,01711-100514
Welcare Diagnostic (pvt),Lakshmipur,Lakshmipur Sadar,22.9585,90.842,Diagnostic Center,01711-100515
Raipur Health Care Centre,Lakshmipur,Roypur,23.0381,90.7681,Diagnostic Center,01711-100516
Janasheba General Hospital (PVT),Lakshmipur,Roypur,23.0385,90.7685,Private Hospital/Clinic,01711-100517
MEGHNA HOSPITAL (PVT),Lakshmipur,Roypur,23.039,90.769,Private Hospital/Clinic,01711-100518
Niramoy Hospital & Diagnostic Senter,Lakshmipur,Roypur,23.0395,90.7695,Private Hospital/Clinic,01711-100519
Sheba Hospital (PVT),Lakshmipur,Roypur,23.04,90.77,Private Hospital/Clinic,01711-100520
Azad Digital Diagnostic Center,Lakshmipur,Kamalnagar,22.6844,90.8931,Diagnostic Center,01711-100521
Hayat Medical & Digital Diagnostic Center,Lakshmipur,Kamalnagar,22.685,90.8935,Diagnostic Center,01711-100522
Meghna Medical And Diagnostic Center,Lakshmipur,Kamalnagar,22.6855,90.894,Diagnostic Center,01711-100523
New Upokul Lab And Diagnostic center,Lakshmipur,Kamalnagar,22.686,90.8945,Diagnostic Center,01711-100524
Niramoy Digital Lab and Diagnostic Center,Lakshmipur,Kamalnagar,22.6865,90.895,Diagnostic Center,01711-100525
Green Life Diagnostic Center,Lakshmipur,Ramganj,23.1061,90.8656,Diagnostic Center,01711-100526
POKURIA DIGITAL DIAGNOSTIC CENTER,Lakshmipur,Ramganj,23.1065,90.866,Diagnostic Center,01711-100527
TRUST ONE DIAGNOSTIC CENTER (PVT.),Lakshmipur,Ramgati,22.5833,90.9903,Diagnostic Center,01711-100528
Genuine Lab & Doctors Chamber,Noakhali,Noakhali Sadar,22.8695,91.0995,Diagnostic Center,01711-100529
Green Life Hospital,Noakhali,Noakhali Sadar,22.8696,91.0996,Private Hospital/Clinic,01711-100530
MEGHNA HOSPITAL,Noakhali,Noakhali Sadar,22.8697,91.0997,Private Hospital/Clinic,01711-100531
Mymuna City Scan Center,Noakhali,Noakhali Sadar,22.8698,91.0998,Diagnostic Center,01711-100532
National Eye Hospital & Phaco Center,Noakhali,Noakhali Sadar,22.8699,91.0999,Private Hospital/Clinic,01711-100533
New Samarita Diagnostic Center,Noakhali,Noakhali Sadar,22.87,91.1,Diagnostic Center,01711-100534
Niramoy Hospital Ltd.,Noakhali,Noakhali Sadar,22.8701,91.1001,Private Hospital/Clinic,01711-100535
NOVA C T SCAN & DIAGNOSTIC CENTER,Noakhali,Noakhali Sadar,22.8702,91.1002,Diagnostic Center,01711-100536
NRDS Healthcare,Noakhali,Noakhali Sadar,22.8703,91.1003,Private Hospital/Clinic,01711-100537
Nur Diagnostic Center,Noakhali,Noakhali Sadar,22.8704,91.1004,Diagnostic Center,01711-100538
Safety Diagnostic & Hormone Center,Noakhali,Noakhali Sadar,22.8705,91.1005,Diagnostic Center,01711-100539
Seba Diagnostic Center,Noakhali,Noakhali Sadar,22.8706,91.1006,Diagnostic Center,01711-100540
Trust One Diagnostic Center,Noakhali,Noakhali Sadar,22.8707,91.1007,Diagnostic Center,01711-100541
Trust One Hospital (Pvt.),Noakhali,Noakhali Sadar,22.8708,91.1008,Private Hospital/Clinic,01711-100542
Vital Diagnostic & Doctors Point,Noakhali,Noakhali Sadar,22.8709,91.1009,Diagnostic Center,01711-100543
ALPHA MEDICAL SERVICES & DOCTORS CHAMBER,Noakhali,Begumganj,22.9446,91.1026,Diagnostic Center,01711-100544
Lab One Diagnostic Center,Noakhali,Begumganj,22.9447,91.1027,Diagnostic Center,01711-100545
LIFECARE HOSPITAL,Noakhali,Begumganj,22.9448,91.1028,Private Hospital/Clinic,01711-100546
hospital_name,district,upazila,latitude,longitude,category,contact
Amishapara Adhunik Hospital & Normal Delivery Center,Noakhali,Sonaimuri,23.05,91.1,Diagnostic Center,01711-100547
Amishapara Adhunik Hospital & Normal Delivery Center,Noakhali,Sonaimuri,23.0501,91.1001,Private Hospital/Clinic,01711-100548
Modern Dental Care,Noakhali,Sonaimuri,23.0502,91.1002,Dental Clinic,01711-100549
Surokkha Diagnostic & Diabetic Center,Noakhali,Sonaimuri,23.0503,91.1003,Diagnostic Center,01711-100550
The Dental Care,Noakhali,Sonaimuri,23.0504,91.1004,Dental Clinic,01711-100551
The Lab Aid Hospital (Pvt.),Noakhali,Sonaimuri,23.0505,91.1005,Private Hospital/Clinic,01711-100552
Jana Jiban Medical Service,Noakhali,Chatkhil,23.0506,91,Diagnostic Center,01711-100553
NOVA DIAGNOSTIC CENTER CHATKHIL,Noakhali,Chatkhil,23.0507,91.0001,Diagnostic Center,01711-100554
The Ibn Sina Physiotherapy & Rehebili Center,Noakhali,Chatkhil,23.0508,91.0002,Diagnostic Center,01711-100555
NUR PRIVATE HOSPITAL & DIAGNOSTIC CENTER,Noakhali,Senbagh,22.98,91.24,Diagnostic Center,01711-100556
NUR PRIVATE HOSPITAL & DIAGNOSTIC CENTER,Noakhali,Senbagh,22.9801,91.2401,Private Hospital/Clinic,01711-100557
New Senbag Private Hospital,Noakhali,Senbagh,22.9802,91.2402,Diagnostic Center,01711-100558
New Senbag Private Hospital,Noakhali,Senbagh,22.9803,91.2403,Private Hospital/Clinic,01711-100559
New United Diagnostic Center,Noakhali,Senbagh,22.9804,91.2404,Diagnostic Center,01711-100560
Surokkha Diagnostic & Diabetes Center,Noakhali,Senbagh,22.9805,91.2405,Diagnostic Center,01711-100561
The Ibne Sina Diagnostic Center,Noakhali,Senbagh,22.9806,91.2406,Diagnostic Center,01711-100562
The Ibne Sina Hospital & Diagnostic Center,Noakhali,Senbagh,22.9807,91.2407,Private Hospital/Clinic,01711-100563
DIGANTA MEDICAL CENTER (PVT.),Noakhali,Companiganj,22.86,91.28,Diagnostic Center,01711-100564
New Upasham Clinic,Noakhali,Companiganj,22.8601,91.2801,Diagnostic Center,01711-100565
New Upasham Clinic,Noakhali,Companiganj,22.8602,91.2802,Private Hospital/Clinic,01711-100566
National Clinic,Noakhali,Kabirhat,22.81,91.2,Diagnostic Center,01711-100567
LIFE CARE DIAGNOSTIC CENTER,Noakhali,Subarnachar,22.6,91.08,Diagnostic Center,01711-100568
TARAS DIAGNOSTIC LAB AND DOCTORS CHAMBER,Noakhali,Hatiya,22.28,91.1,Diagnostic Center,01711-100569
CARE DIAGNOSTIC CENTER,Rangamati,Baghaichari,23.31,92.18,Diagnostic Center,01711-100570
Hill View Lab Center,Rangamati,Kaptai,22.48,92.22,Diagnostic Center,01711-100571
Hillside Diagnostic & Consultation Center,Rangamati,Rangamati Sadar,22.65,92.17,Diagnostic Center,01711-100572
Surjer Hashi Network Pathological Laboratory,Rangamati,Rangamati Sadar,22.6501,92.1701,Diagnostic Center,01711-100573
MAINIMUKH MEDICAL CENTER,Rangamati,Langadu,22.95,92.14,Diagnostic Center,01711-100574
MAINIMUKH NATIONAL HOSPITAL & DIAGNOSTIC CENTER,Rangamati,Langadu,22.9501,92.1401,Private Hospital/Clinic,01711-100575
Mainimukh National Hospital and Diagnostic Center,Rangamati,Langadu,22.9502,92.1402,Diagnostic Center,01711-100576
RABITA HOSPITAL,Rangamati,Langadu,22.9503,92.1403,Private Hospital/Clinic,01711-100577
RABITA HOSPITAL & DIAGNOSTIC CENTER,Rangamati,Langadu,22.9504,92.1404,Diagnostic Center,01711-100578
HILLVIEW HOSPITAL & DIAGNOSTIC CENTRE,Bandarban,Bandarban Sadar,22.19,92.22,Diagnostic Center,01711-100579
HILLVIEW HOSPITAL & DIAGNOSTIC CENTRE,Bandarban,Bandarban Sadar,22.1901,92.2201,Private Hospital/Clinic,01711-100580
CHATTAGRAM KIDNEY FOUNDATION,Chattogram,Khulshi,22.36,91.8,Private Hospital/Clinic,01711-100581
Chittagong Eye Infirmary and Training Complex,Chattogram,Khulshi,22.3601,91.8001,Private Hospital/Clinic,01711-100582
FATEHABAD CLINIC AND DIAGNOSTIC CENTRE,Chattogram,Hathazari,22.45,91.8,Private Hospital/Clinic,01711-100583
Alif Hospital,Chattogram,Hathazari,22.4501,91.8001,Private Hospital/Clinic,01711-100584
Alif Hospital Diagnostic Center & blood bank,Chattogram,Hathazari,22.4502,91.8002,Blood Bank,01711-100585
FAIR BELL DIAGNOSTIC COMPLEX,Chattogram,Hathazari,22.4503,91.8003,Diagnostic Center,01711-100586
KAZI LAB DIAGNOSTIC & CONSULTION CENTRE,Chattogram,Chandgaon,22.38,91.85,Diagnostic Center,01711-100587
CHADAGAON DIABETIC & DIAGNOSTIC CENTER,Chattogram,Chandgaon,22.3801,91.8501,Diagnostic Center,01711-100588
Dishari Eye Hospital,Chattogram,Chandgaon,22.3802,91.8502,Private Hospital/Clinic,01711-100589
SAFE IDEAL HEALTHCARE LTD,Chattogram,Chandgaon,22.3803,91.8503,Private Hospital/Clinic,01711-100590
SAFE IDEAL HEALTHCARE LTD,Chattogram,Chandgaon,22.3804,91.8504,Diagnostic Center,01711-100591
Unique Health Diagnostic Centre,Chattogram,Chandgaon,22.3805,91.8505,Diagnostic Center,01711-100592
vision community eye hospital,Chattogram,Chandgaon,22.3806,91.8506,Private Hospital/Clinic,01711-100593
Patient Care Hospital Ltd,Chattogram,Panchlaish,22.3602,91.82,Private Hospital/Clinic,01711-100594
Al Razi Hospital,Chattogram,Panchlaish,22.3603,91.8201,Private Hospital/Clinic,01711-100595
Care Investigation,Chattogram,Panchlaish,22.3604,91.8202,Diagnostic Center,01711-100596
CENTRAL CITY HOSPITAL & DIAGNOSTIC,Chattogram,Panchlaish,22.3605,91.8203,Diagnostic Center,01711-100597
CENTRAL CITY HOSPITAL & DIAGNOSTIC,Chattogram,Panchlaish,22.3606,91.8204,Private Hospital/Clinic,01711-100598
Chattogram Best Physiotherapy Hospital,Chattogram,Panchlaish,22.3607,91.8205,Private Hospital/Clinic,01711-100599
CHATTOGRAM HEART FOUNDATION,Chattogram,Panchlaish,22.3608,91.8206,Diagnostic Center,01711-100600
Chattogram Manoshik Clinic,Chattogram,Panchlaish,22.3609,91.8207,Private Hospital/Clinic,01711-100601
Checkup Diagnostic Centre,Chattogram,Panchlaish,22.361,91.8208,Diagnostic Center,01711-100602
CHITTAGONG BLOOD BANK & TRANSFUSION CENTER.,Chattogram,Panchlaish,22.3611,91.8209,Blood Bank,01711-100603
CHITTAGONG EYE CARE CENTER,Chattogram,Panchlaish,22.3612,91.821,Private Hospital/Clinic,01711-100604
Delta Health Care Chittagong Limited,Chattogram,Panchlaish,22.3613,91.8211,Private Hospital/Clinic,01711-100605
Delta Health Care Chittagong Limited,Chattogram,Panchlaish,22.3614,91.8212,Diagnostic Center,01711-100606
Eagles Eye Diagnostic Research & Consultation Center(EDRC),Chattogram,Panchlaish,22.3615,91.8213,Diagnostic Center,01711-100607
EKUSHEY HOSPITAL (PVT.) LTD.,Chattogram,Panchlaish,22.3616,91.8214,Private Hospital/Clinic,01711-100608
Evergreen Blood Bank & Hematology Center,Chattogram,Panchlaish,22.3617,91.8215,Blood Bank,01711-100609
Labaid Specialized hospital chattogram Ltd,Chattogram,Panchlaish,22.3618,91.8216,Private Hospital/Clinic,01711-100610
Maa General Hospital and Diagnostic Centre,Chattogram,Panchlaish,22.3619,91.8217,Private Hospital/Clinic,01711-100611
Maa General Hospital and Diagnostic Centre,Chattogram,Panchlaish,22.362,91.8218,Diagnostic Center,01711-100612
Medicare Hospital,Chattogram,Panchlaish,22.3621,91.8219,Private Hospital/Clinic,01711-100613
Modern Blood Bank & Transfusion Centre,Chattogram,Panchlaish,22.3622,91.822,Blood Bank,01711-100614
National Hospital Chattagram (Pvt.) Ltd.,Chattogram,Panchlaish,22.3623,91.8221,Private Hospital/Clinic,01711-100615
PARKVIEW DIAGNOSTIC CENTRE,Chattogram,Panchlaish,22.3624,91.8222,Diagnostic Center,01711-100616
PARKVIEW HOSPITAL LTD.,Chattogram,Panchlaish,22.3625,91.8223,Private Hospital/Clinic,01711-100617
PARKVIEW HOSPITAL LTD.,Chattogram,Panchlaish,22.3626,91.8224,Blood Bank,01711-100618
PATIENT CURE HOSPITAL,Chattogram,Panchlaish,22.3627,91.8225,Private Hospital/Clinic,01711-100619
PREMIER BABY CARE,Chattogram,Panchlaish,22.3628,91.8226,Private Hospital/Clinic,01711-100620
Premier Hospital,Chattogram,Panchlaish,22.3629,91.8227,Private Hospital/Clinic,01711-100621
QUEST MEDICAL SERVICE & DIAGNOSTIC CENTRE,Chattogram,Panchlaish,22.363,91.8228,Diagnostic Center,01711-100622
Sheba Diagonestic Center,Chattogram,Panchlaish,22.3631,91.8229,Diagnostic Center,01711-100623
SHEBA HOSPITAL(PVT)LTD,Chattogram,Panchlaish,22.3632,91.823,Private Hospital/Clinic,01711-100624
Surgiscope Diagnostic(pvt) Limited Unit-2,Chattogram,Panchlaish,22.3633,91.8231,Diagnostic Center,01711-100625
Surgiscope Hospital Limited Unit - 1,Chattogram,Panchlaish,22.3634,91.8232,Private Hospital/Clinic,01711-100626
Surgiscope Hospital Limited. Unit-2,Chattogram,Panchlaish,22.3635,91.8233,Private Hospital/Clinic,01711-100627
THE HEALTH VIEW DIAGNOSTIC CENTRE,Chattogram,Panchlaish,22.3636,91.8234,Diagnostic Center,01711-100628
THE LAB,Chattogram,Panchlaish,22.3637,91.8235,Diagnostic Center,01711-100629
URO DIAGNOSTIC,Chattogram,Panchlaish,22.3638,91.8236,Diagnostic Center,01711-100630
Abutorab Diagnostic Center,Chattogram,Mirsharai,22.77,91.57,Diagnostic Center,01711-100631
Janani Clinical Lab,Chattogram,Mirsharai,22.7701,91.5701,Diagnostic Center,01711-100632
Life Care Diagnostic Center,Chattogram,Mirsharai,22.7702,91.5702,Diagnostic Center,01711-100633
MITHACHARA GENERAL HOSPITAL & DIAGNOSTIC CENTER,Chattogram,Mirsharai,22.7703,91.5703,Diagnostic Center,01711-100634
MITHACHARA GENERAL HOSPITAL & DIAGNOSTIC CENTER,Chattogram,Mirsharai,22.7704,91.5704,Private Hospital/Clinic,01711-100635
New Real Diagnostic Center,Chattogram,Mirsharai,22.7705,91.5705,Diagnostic Center,01711-100636
NIMRAT DIAGNOSTIC & PAIN CENTER,Chattogram,Mirsharai,22.7706,91.5706,Diagnostic Center,01711-100637
RADIANCE HOSPITAL & DIAGNOSTIC CENTRE,Chattogram,Mirsharai,22.7707,91.5707,Private Hospital/Clinic,01711-100638
RADIANCE HOSPITAL & DIAGNOSTIC CENTRE,Chattogram,Mirsharai,22.7708,91.5708,Diagnostic Center,01711-100639
Al Shaqra Diagnostic Center,Chattogram,Chandanaish,22.21,92,Diagnostic Center,01711-100640
CHECK-UP-DIAGNOSTIC,Chattogram,Chandanaish,22.2101,92.0001,Diagnostic Center,01711-100641
Grameen Diagnostic Complex,Chattogram,Chandanaish,22.2102,92.0002,Diagnostic Center,01711-100642
Grameen Kalyan Boiltoli Health Center,Chattogram,Chandanaish,22.2103,92.0003,Diagnostic Center,01711-100643
Al-Amin Hospital (Pvt) Ltd,Chattogram,Pahartali,22.35,91.78,Private Hospital/Clinic,01711-100644
Parkway health Care Diagnostic center.,Chattogram,Pahartali,22.3501,91.7801,Diagnostic Center,01711-100645
Surjer Hashi Network ( Pahartoli ),Chattogram,Pahartali,22.3502,91.7802,Diagnostic Center,01711-100646
The Parkcity Healthcare,Chattogram,Pahartali,22.3503,91.7803,Diagnostic Center,01711-100647
Al-Arafah Islami Bank Foundation Kidney Dialysis Center,Chattogram,Kotwali,22.33,91.83,Private Hospital/Clinic,01711-100648
CHITTAGONG BELLE VUE LTD,Chattogram,Kotwali,22.3301,91.8301,Diagnostic Center,01711-100649
Diasonic Limited,Chattogram,Kotwali,22.3302,91.8302,Diagnostic Center,01711-100650
Health plus diagnostic and consultation centre.,Chattogram,Kotwali,22.3303,91.8303,Diagnostic Center,01711-100651
NEW STAR LAB LTD.,Chattogram,Kotwali,22.3304,91.8304,Diagnostic Center,01711-100652
PARKSIDE HOSPITAL & DIAGNOSTIC CENTRE,Chattogram,Kotwali,22.3305,91.8305,Diagnostic Center,01711-100653
Surjer Hashi Clinic ( jamal Khan Clinic),Chattogram,Kotwali,22.3306,91.8306,Diagnostic Center,01711-100654
Alif Hospital & Diagnostic Center,Chattogram,Fatikchhari,22.68,91.8,Private Hospital/Clinic,01711-100655
Maa Moni Diabetic & Diagnostic Center,Chattogram,Fatikchhari,22.6801,91.8001,Diagnostic Center,01711-100656
Dianic Diagnostic Complex,Chattogram,Fatikchari,22.6802,91.8002,Diagnostic Center,01711-100657
Grameen Kalyan Baganbazar Health Center,Chattogram,Fatikchari,22.6803,91.8003,Diagnostic Center,01711-100658
Grameen Kalyan Bhujpur Health Center,Chattogram,Fatikchari,22.6804,91.8004,Diagnostic Center,01711-100659
Grameen Kalyan Datmara Health Center,Chattogram,Fatikchari,22.6805,91.8005,Diagnostic Center,01711-100660
Nazirhat Digital Diagnostic Center,Chattogram,Fatikchari,22.6806,91.8006,Diagnostic Center,01711-100661
Nazirhat Ideal Health Care,Chattogram,Fatikchari,22.6807,91.8007,Diagnostic Center,01711-100662
The Patient Care Diagnostic Center,Chattogram,Fatikchari,22.6808,91.8008,Diagnostic Center,01711-100663
Anowara Holy Health Clinic & Diagnostic Limited.,Chattogram,Anowara,22.21,91.9,Diagnostic Center,01711-100664
Anowara Holy Health Clinic & Diagnostic Limited.,Chattogram,Anowara,22.2101,91.9001,Private Hospital/Clinic,01711-100665
STAR CLINICAL LAB,Chattogram,Anowara,22.2102,91.9002,Diagnostic Center,01711-100666
BANSKHALI ADHUNIC HOSPITAL (PVT) LTD.,Chattogram,Banshkhali,22.03,91.93,Private Hospital/Clinic,01711-100667
Banskhali Apollo Hospital,Chattogram,Banshkhali,22.0301,91.9301,Private Hospital/Clinic,01711-100668
Banskhali Apollo Hospital,Chattogram,Banshkhali,22.0302,91.9302,Diagnostic Center,01711-100669
Banskhali Diagnostic center,Chattogram,Banshkhali,22.0303,91.9303,Diagnostic Center,01711-100670
Banskhali Ekushey Hospital (Pvt.)Ltd.,Chattogram,Banshkhali,22.0304,91.9304,Diagnostic Center,01711-100671
Banskhali Ekushey Hospital (Pvt.)Ltd.,Chattogram,Banshkhali,22.0305,91.9305,Private Hospital/Clinic,01711-100672
Banskhali Matrisadan & General Hospital,Chattogram,Banshkhali,22.0306,91.9306,Diagnostic Center,01711-100673
Banskhali Matrisadan & General Hospital,Chattogram,Banshkhali,22.0307,91.9307,Private Hospital/Clinic,01711-100674
BANSKHALI NATIONAL HOSPITAL (PVT) LTD.,Chattogram,Banshkhali,22.0308,91.9308,Private Hospital/Clinic,01711-100675
BANSKHALI NATIONAL HOSPITAL (PVT.) LTD.,Chattogram,Banshkhali,22.0309,91.9309,Diagnostic Center,01711-100676
Surjer Hasi Network ( Banskhali ),Chattogram,Banshkhali,22.031,91.931,Diagnostic Center,01711-100677
Care Hospital & Diagnostic Center,Chattogram,Sitakunda,22.62,91.66,Private Hospital/Clinic,01711-100678
CARE HOSPITAL & DIAGNOSTIC CENTER,Chattogram,Sitakunda,22.6201,91.6601,Diagnostic Center,01711-100679
HEALTH PLUS DIAGNOSTIC CENTRE,Chattogram,Sitakunda,22.6202,91.6602,Diagnostic Center,01711-100680
ITTADI DIAGONSTIC LAB.,Chattogram,Sitakunda,22.6203,91.6603,Diagnostic Center,01711-100681
Sheba Diagnostic Center,Chattogram,Sitakunda,22.6204,91.6604,Diagnostic Center,01711-100682
SITAKUND PATHOLOGY CENTRE,Chattogram,Sitakunda,22.6205,91.6605,Diagnostic Center,01711-100683
Sitakund General Hospital & Diagonostic Center,Chattogram,Sitakunda,22.6206,91.6606,Diagnostic Center,01711-100684
Sitakund Maa-Shishu O General Hospital and Diagnostic Center,Chattogram,Sitakunda,22.6207,91.6607,Private Hospital/Clinic,01711-100685
Sitakund Maa-Shishu O General Hospital and Diagnostic Center (Lab),Chattogram,Sitakunda,22.6208,91.6608,Diagnostic Center,01711-100686
Unity Health Care,Chattogram,Sitakunda,22.6209,91.6609,Diagnostic Center,01711-100687
Wellcare Diagnostic Centre.,Chattogram,Sitakunda,22.621,91.661,Diagnostic Center,01711-100688
Chattogram Maa-Shishu O General Hospital,Chattogram,Double Mooring,22.33,91.8,Blood Bank,01711-100689
Chattogram Maa-Shishu O General Hospital,Chattogram,Double Mooring,22.3301,91.8001,Private Hospital/Clinic,01711-100690
Chattogram Maa-Shishu O General Hospital,Chattogram,Double Mooring,22.3302,91.8002,Diagnostic Center,01711-100691
ISLAMI BANK HOSPITAL,Chattogram,Double Mooring,22.3303,91.8003,Private Hospital/Clinic,01711-100692
Islami Bank Hospital,Chattogram,Double Mooring,22.3304,91.8004,Diagnostic Center,01711-100693
LAKE CITY DIAGNOSTIC COMPLEX,Chattogram,Double Mooring,22.3305,91.8005,Diagnostic Center,01711-100694
Medicare Medical Check-up Centre,Chattogram,Double Mooring,22.3306,91.8006,Diagnostic Center,01711-100695
Mother & Child Care Hospital,Chattogram,Double Mooring,22.3307,91.8007,Private Hospital/Clinic,01711-100696
Mother & Child Care Lab,Chattogram,Double Mooring,22.3308,91.8008,Diagnostic Center,01711-100697
SAFE LAND DIAGONISTIC CENTER,Chattogram,Double Mooring,22.3309,91.8009,Diagnostic Center,01711-100698
Surjer hashi Network,Madarbari Clinic-127,Double Mooring,22.331,91.801,Diagnostic Center,01711-100699
Chittagong Community Hospital & Diag. Center,Chattogram,Patiya,22.29,91.98,Private Hospital/Clinic,01711-100700
Chittagong Community Hospital & Diag. Center.,Chattogram,Patiya,22.2901,91.9801,Diagnostic Center,01711-100701
curepoint Diagnostic & Research Centre.,Chattogram,Patiya,22.2902,91.9802,Diagnostic Center,01711-100702
Ekushey Lab,Chattogram,Patiya,22.2903,91.9803,Diagnostic Center,01711-100703
Grameen Kalyan Habilasdip Health Center,Chattogram,Patiya,22.2904,91.9804,Diagnostic Center,01711-100704
Patiya Blood Bank & Transfusion center,Chattogram,Patiya,22.2905,91.9805,Blood Bank,01711-100705
Patiya Central hospital & Diagnostic center PVT.LTd.,Chattogram,Patiya,22.2906,91.9806,Private Hospital/Clinic,01711-100706
patiya central hospital&Diagnostic Center PVT.LTD,Chattogram,Patiya,22.2907,91.9807,Diagnostic Center,01711-100707
Patiya Chevron Hospital & Diagnostic (Pvt) Ltd.,Chattogram,Patiya,22.2908,91.9808,Diagnostic Center,01711-100708
Surjer Hashi Network (Karnafuli),Chattogram,Patiya,22.2909,91.9809,Diagnostic Center,01711-100709
Surjer Hashi Network (Karnafuli),Chattogram,Patiya,22.291,91.981,Private Hospital/Clinic,01711-100710
Surjer Hashi Netwrok,Chattogram,Patiya,22.2911,91.9811,Diagnostic Center,01711-100711
Surjer Hashi Netwrok,Chattogram,Patiya,22.2912,91.9812,Private Hospital/Clinic,01711-100712
UNITED CLINICAL LABORATORY,Chattogram,Patiya,22.2913,91.9813,Diagnostic Center,01711-100713
GRAMEEN DIAGNOSTIC CENTRE,Chattogram,Boalkhali,22.38,91.93,Diagnostic Center,01711-100714
HEALTH CARE HOSPITAL & DIAGNOSTIC CENTER,Chattogram,Satkania,22.09,92.05,Diagnostic Center,01711-100715
Health Care Hospital & Diagnostic Center,Chattogram,Satkania,22.0901,92.0501,Private Hospital/Clinic,01711-100716
Satkania Diabetic General Hospital,Chattogram,Satkania,22.0902,92.0502,Private Hospital/Clinic,01711-100717
Satkania X-Ray & Path Clinic,Chattogram,Satkania,22.0903,92.0503,Diagnostic Center,01711-100718
Satkanin Diabetic General Hospital & Diagnostic Centre,Chattogram,Satkania,22.0904,92.0504,Diagnostic Center,01711-100719
SEBA DIAGNOSTIC CENTRE,Chattogram,Satkania,22.0905,92.0505,Diagnostic Center,01711-100720
STAR LAB & DIAGNOSTIC CENTER,Chattogram,Satkania,22.0906,92.0506,Diagnostic Center,01711-100721
Surjer Alo Clinic (Satkania),Chattogram,Satkania,22.0907,92.0507,Diagnostic Center,01711-100722
Surjer Hashi Network SHN,Chattogram,Satkania,22.0908,92.0508,Diagnostic Center,01711-100723
NATIONAL DIAGONSTIC CENTER,Chattogram,Lohagara,22.01,92.1,Diagnostic Center,01711-100724
Sound Health Diagnostic Complex,Chattogram,Lohagara,22.0101,92.1001,Diagnostic Center,01711-100725
Sound Health Hospital,Chattogram,Lohagara,22.0102,92.1002,Private Hospital/Clinic,01711-100726
SOUND HEALTH HOSPITAL PLC,Chattogram,Lohagara,22.0103,92.1003,Diagnostic Center,01711-100727
SOUND HEALTH HOSPITAL PLC,Chattogram,Lohagara,22.0104,92.1004,Private Hospital/Clinic,01711-100728
Surjer Alo Clinic (Lohagara),Chattogram,Lohagara,22.0105,92.1005,Diagnostic Center,01711-100729
Surjer Alo Clinic (Lohagara),Chattogram,Lohagara,22.0106,92.1006,Private Hospital/Clinic,01711-100730
Surjer Hashi Network,Chattogram,Lohagara,22.0107,92.1007,Diagnostic Center,01711-100731
Life Care Diagnostic Center,Chattogram,Raozan,22.46,91.93,Diagnostic Center,01711-100732
New Star lab Diagnostic Centre,Chattogram,Raozan,22.4601,91.9301,Diagnostic Center,01711-100733
NEW ULTRA ASSAY HEALTH CENTRE,Chattogram,Raozan,22.4602,91.9302,Diagnostic Center,01711-100734
Model Diagnostice Center,Chattogram,Rangunia,22.4603,92.03,Diagnostic Center,01711-100735
ISLAMI BANK HOSPITAL BLOOD BANK,Chattogram,Bandar,22.3,91.79,Blood Bank,01711-100736
MODERN DIAGNOSTIC & RESEARCH CENTRE,Chattogram,Chittagong Port,22.3001,91.7901,Diagnostic Center,01711-100737
QREX DIAGNOSTIC & CONSULTATION CENTER (PVT.) LTD.(Unit -2),Chattogram,Chittogram Port,22.3002,91.7902,Diagnostic Center,01711-100738
Marine City Medical College & Hospital,Chattogram,Bayejid Bostami,22.38,91.81,Private Hospital/Clinic,01711-100739
QREX DIAGNOSTIC & CONSULTATION CENTER,Chattogram,Halishahar,22.33,91.78,Diagnostic Center,01711-100740
United Lab,Chattogram,Patenga,22.25,91.8,Diagnostic Center,01711-100741
MEDISAVE PATHOLOGY LAB,Chattogram,Halishahar,22.335,91.785,Diagnostic Center,01711-100742
AFC Health - Fortis Heart Institute,Chattogram,Panchlaish,22.365,91.825,Diagnostic Center,01711-100743
BOALKHALI DIABETIC & DIAGNOSTIC CENTER,Chattogram,Boalkhali,22.385,91.935,Diagnostic Center,01711-100744
CHATTAGRAM METROPOLITAN HASHPATAL LIMITED,Chattogram,Panchlaish,22.3651,91.8251,Private Hospital/Clinic,01711-100745
EVERCARE HOSPITAL CHATTOGRAM,Chattogram,Hathazari,22.455,91.805,Private Hospital/Clinic,01711-100746
Fatema (R.) Memorial Metrenity & Child Care Center,Chattogram,Kotwali,22.335,91.835,Private Hospital/Clinic,01711-100747
Hosne Aziz Child & General Hospital (Lab),Chattogram,Satkania,22.095,92.055,Diagnostic Center,01711-100748
Popular Medical Center,Chattogram,Double Mooring,22.335,91.805,Diagnostic Center,01711-100749
Abdul Monayem Chowdhury General Hospital,Chattogram,Fatikchari,22.685,91.805,Private Hospital/Clinic,01711-100750
AL MANAHIL DIAGNOSTIC CENTER,Chattogram,Halishahar,22.3351,91.7851,Diagnostic Center,01711-100751
Al Manahil Nurture General Hospital,Chattogram,Halishahar,22.3352,91.7852,Private Hospital/Clinic,01711-100752
Al- Amin Diagnostic Centre,Chattogram,Pahartali,22.355,91.785,Diagnostic Center,01711-100753
AL-HELAL DIAGNOSTIC CENTR,Chattogram,Fatikchari,22.6851,91.8051,Diagnostic Center,01711-100754
Alight Diagnostic Centre,Chattogram,Satkania,22.0951,92.0551,Diagnostic Center,01711-100755
Alight Hospital,Chattogram,Satkania,22.0952,92.0552,Private Hospital/Clinic,01711-100756
Alpha Diagnostic Centre,Chattogram,Satkania,22.0953,92.0553,Diagnostic Center,01711-100757
Alpha Hospital & Diagnostic Center,Chattogram,Satkania,22.0954,92.0554,Private Hospital/Clinic,01711-100758
Alpha Lab (PVT.) Ltd.,Chattogram,Chandgaon,22.385,91.855,Diagnostic Center,01711-100759
Alpha Medical Centre,Chattogram,Halishahar,22.3353,91.7853,Diagnostic Center,01711-100760
Anowara Blood Transfusion and Diagnostic Centre,Chattogram,Anowara,22.215,91.905,Diagnostic Center,01711-100761
Apex Diagnostic Service,Chattogram,Halishahar,22.3354,91.7854,Diagnostic Center,01711-100762
APOLLO DIAGNOSTIC CENTER,Chattogram,Raozan,22.465,91.935,Diagnostic Center,01711-100763
Ash-Shefa Diagnostic Centre,Chattogram,Satkania,22.0955,92.0555,Diagnostic Center,01711-100764
Ash-Shefahospital,Chattogram,Satkania,22.0956,92.0556,Private Hospital/Clinic,01711-100765
Asha Diagnostic Center,Chattogram,Rangunia,22.465,92.035,Diagnostic Center,01711-100766
Asian Specialized Hospital & Diagnostic Center,Chattogram,Panchlaish,22.3652,91.8252,Diagnostic Center,01711-100767
Asperia Health Care Ltd,Chattogram,Panchlaish,22.3653,91.8253,Diagnostic Center,01711-100768
Azadi Bazar Surgicare Diagnostic Center,Chattogram,Fatikchari,22.6852,91.8052,Diagnostic Center,01711-100769
Baizid Diagnostic Center,Chattogram,Bayejid Bostami,22.385,91.815,Diagnostic Center,01711-100770
Bajalia Sheba Diagnostic Center,Chattogram,Satkania,22.0957,92.0557,Diagnostic Center,01711-100771
Bandar Lab Diagnostic Complex,Chattogram,Chittogram Port,22.305,91.795,Diagnostic Center,01711-100772
Bandartila Eye Hospital,Chattogram,Double Mooring,22.3351,91.8051,Private Hospital/Clinic,01711-100773
BANSKHALI GENERAL HOSPITAL LIMITED,Chattogram,Banshkhali,22.035,91.935,Private Hospital/Clinic,01711-100774
Banskhali Life Care Diagonstic Center,Chattogram,Banshkhali,22.0351,91.9351,Diagnostic Center,01711-100775
BANSKHALI MAA-SHISHU O GENERAL HOSPITAL LTD.,Chattogram,Banshkhali,22.0352,91.9352,Diagnostic Center,01711-100776
Baraiyerhat Medical Center & Diagnostic,Chattogram,Mirsharai,22.775,91.575,Diagnostic Center,01711-100777
Bariyerhat General Hospital,Chattogram,Mirsharai,22.7751,91.5751,Private Hospital/Clinic,01711-100778
BGMEA HOSPITAL & DIAGNOSTIC CENTRE,Chattogram,Chittogram Port,22.3051,91.7951,Diagnostic Center,01711-100779
Bhujpur Diagnostic Centre,Chattogram,Fatikchari,22.6853,91.8053,Diagnostic Center,01711-100780
Bhujpur Genarel Hospital,Chattogram,Fatikchari,22.6854,91.8054,Private Hospital/Clinic,01711-100781
Blue Vue Health Care Ltd.,Chattogram,Panchlaish,22.3654,91.8254,Diagnostic Center,01711-100782
BM Hospital and Diagnostic Center,Chattogram,Mirsharai,22.7752,91.5752,Private Hospital/Clinic,01711-100783
BOALKHALI GENERAL HOSPITAL AND DIAGNOSTIC LIMITED,Chattogram,Boalkhali,22.3851,91.9351,Private Hospital/Clinic,01711-100784
Boalkhali Pathology Center,Chattogram,Boalkhali,22.3852,91.9352,Diagnostic Center,01711-100785
BSRM FOUNDATION MEDICAL CENTER,Chattogram,Mirsharai,22.7753,91.5753,Diagnostic Center,01711-100786
Care Lab Diagnostic Center,Chattogram,Panchlaish,22.3655,91.8255,Diagnostic Center,01711-100787
CARE LAB DIAGNOSTIC CENTER.,Chattogram,Raozan,22.4651,91.9351,Diagnostic Center,01711-100788
Care Max Health Centre,Chattogram,Hathazari,22.4551,91.8051,Private Hospital/Clinic,01711-100789
CARE PARK HOSPITAL & DIAGNOSTIC COMPLEX,Chattogram,Hathazari,22.4552,91.8052,Diagnostic Center,01711-100790
CARE POINT HOSPITAL & DIAGNOSTIC CENTRE,Chattogram,Fatikchari,22.6855,91.8055,Diagnostic Center,01711-100791
CCDA Pathology,Chattogram,Chandanaish,22.215,92.005,Diagnostic Center,01711-100792
Central Lab,Chattogram,Panchlaish,22.3656,91.8256,Diagnostic Center,01711-100793
central park hospital & diagnostic center,Chattogram,Fatikchari,22.6856,91.8056,Diagnostic Center,01711-100794
Central Point Diagnostic Centre,Chattogram,Raozan,22.4652,91.9352,Diagnostic Center,01711-100795
Chattagram International Dental College & Hospital,Chattogram,Chandgaon,22.3851,91.8551,Private Hospital/Clinic,01711-100796
Chattagram International Medical College & Hospital,Chattogram,Chandgaon,22.3852,91.8552,Diagnostic Center,01711-100797
Chevron Clinical Laboratory,Chattogram,Panchlaish,22.3657,91.8257,Diagnostic Center,01711-100798
Chevron Eye Hospital & Research Center,Chattogram,Panchlaish,22.3658,91.8258,Private Hospital/Clinic,01711-100799
ChildCare Hospital (Pvt.) Limited,Chattogram,Panchlaish,22.3659,91.8259,Private Hospital/Clinic,01711-100800
Chittagong Health Care Diagnostic Center,Chattogram,Chandgaon,22.3853,91.8553,Diagnostic Center,01711-100801
CHITTAGONG HEALTH POINT HOSPITAL LTD.,Chattogram,Panchlaish,22.366,91.826,Private Hospital/Clinic,01711-100802
CHITTAGONG HEALTHCARE,Chattogram,Halishahar,22.3355,91.7855,Diagnostic Center,01711-100803
CHITTAGONG LAB LTD.,Chattogram,Panchlaish,22.3661,91.8261,Diagnostic Center,01711-100804
Chittagong Monorog Clinic,Chattogram,Panchlaish,22.3662,91.8262,Private Hospital/Clinic,01711-100805
Chittagong Shishu Hospital (Pvt) Ltd,Chattogram,Panchlaish,22.3663,91.8263,Private Hospital/Clinic,01711-100806
CHITTAGONG SQUARE CLINICAL LABORATORY LTD,Chattogram,Panchlaish,22.3664,91.8264,Diagnostic Center,01711-100807
CHITTAGONG UROLOGY AND GENERAL HOSPITAL,Chattogram,Panchlaish,22.3665,91.8265,Private Hospital/Clinic,01711-100808
CHONDROGHONA EYE HOSPITAL AND HEALTH CENTER,Chattogram,Rangunia,22.4651,92.0351,Private Hospital/Clinic,01711-100809
CHOWDHURY HAT NURSING HOME & DIAGONOSTIC CENTER.,Chattogram,Hathazari,22.4553,91.8053,Private Hospital/Clinic,01711-100810
Chowdhuryhat popular diagnostic center.,Chattogram,Hathazari,22.4554,91.8054,Diagnostic Center,01711-100811
City Care Diagnostic Center.,Chattogram,Chandgaon,22.3854,91.8554,Diagnostic Center,01711-100812
City Eye Hospital And Diabetes Center,Chattogram,Halishahar,22.3356,91.7856,Private Hospital/Clinic,01711-100813
CITY GENERAL HOSPITAL & DIAGNOSTIC CENTER,Chattogram,Patenga,22.2551,91.8051,Diagnostic Center,01711-100814
Classic Lab,Chattogram,Hathazari,22.4555,91.8055,Diagnostic Center,01711-100815
COMFORT HOSPITAL & DIAGNOSTIC CENTER,Chattogram,Mirsharai,22.7754,91.5754,Private Hospital/Clinic,01711-100816
Comic Diagnostic center & Hospital,Chattogram,Raozan,22.4653,91.9353,Private Hospital/Clinic,01711-100817
CSTC Hospital,Chattogram,Panchlaish,22.3666,91.8266,Private Hospital/Clinic,01711-100818
Desh Medical Services,Chattogram,Chak Bazar,22.3551,91.8351,Private Hospital/Clinic,01711-100819
Dr Ibrahim Community Health Care & Diagnostic Center,Chattogram,Hathazari,22.4556,91.8056,Diagnostic Center,01711-100820
Dr Mahfuzur Rahman s Lab,Chattogram,Kotwali,22.3351,91.8351,Diagnostic Center,01711-100821
Dr. Matin Amrah Community Hospital,Chattogram,Chandanaish,22.2151,92.0051,Private Hospital/Clinic,01711-100822
Dohazari Diagnostic Centre,Chattogram,Chandanaish,22.2152,92.0052,Diagnostic Center,01711-100823
Dohazari Green Hospital & Diagnostic Centre,Chattogram,Chandanaish,22.2153,92.0053,Diagnostic Center,01711-100824
Ensure Medi Lab,Chattogram,Mirsharai,22.7755,91.5755,Diagnostic Center,01711-100825
Epic Health Care,Chattogram,Panchlaish,22.3667,91.8267,Diagnostic Center,01711-100826
Epic Health Care- 2,Chattogram,Kotwali,22.3352,91.8352,Diagnostic Center,01711-100827
Family Health Care,Chattogram,Panchlaish,22.3668,91.8268,Diagnostic Center,01711-100828
Fast Care Diagnostic Center,Chattogram,Lohagara,22.0151,92.1051,Diagnostic Center,01711-100829
Fatikchhari Clinic & Diagnostic Centre,Chattogram,Fatikchari,22.6857,91.8057,Private Hospital/Clinic,01711-100830
Fatikchhari Square Clinic & Diagnostic Center,Chattogram,Fatikchari,22.6858,91.8058,Private Hospital/Clinic,01711-100831
Father Boudreaus Medical Centre,Chattogram,Kotwali,22.3353,91.8353,Diagnostic Center,01711-100832
Galaxy Diagnostic Center,Chattogram,Rangunia,22.4652,92.0352,Diagnostic Center,01711-100833
GANI HOSPITAL LIMITED & DIAGNOSTIC CENTER,Chattogram,Hathazari,22.4557,91.8057,Private Hospital/Clinic,01711-100834
Genetic Laboratory,Chattogram,Panchlaish,22.3669,91.8269,Diagnostic Center,01711-100835
GENUINE LAB,Chattogram,Hathazari,22.4558,91.8058,Diagnostic Center,01711-100836
GOOD LIFE DIGNOSTIC CENTRE,Chattogram,Sitakunda,22.6251,91.6651,Diagnostic Center,01711-100837
Grameen Kalyan Baganbazar,Chattogram,Fatikchari,22.6859,91.8059,Diagnostic Center,01711-100838
Green Crescent Medical Diagnostic,Chattogram,Khulshi,22.3651,91.8051,Diagnostic Center,01711-100839
Green Shifa health Care & Diagnostic,Chattogram,Pahartali,22.3551,91.7851,Diagnostic Center,01711-100840
Halishahar General Hospital,Chattogram,Halishahar,22.3357,91.7857,Private Hospital/Clinic,01711-100841
Hathazari Adhunik Hospital,Chattogram,Hathazari,22.4559,91.8059,Private Hospital/Clinic,01711-100842
Hathazari Digital Diagnostic,Chattogram,Hathazari,22.456,91.806,Diagnostic Center,01711-100843
Hathazari Jaria,Chattogram,Hathazari,22.4561,91.8061,Diagnostic Center,01711-100844
Hathazari Prime,Chattogram,Hathazari,22.4562,91.8062,Diagnostic Center,01711-100845
Heako Medical Center,Chattogram,Fatikchari,22.686,91.806,Diagnostic Center,01711-100846
HEALTH POINT DIAGNOSTIC & CONSULTATION CENTER,Chattogram,Boalkhali,22.3853,91.9353,Diagnostic Center,01711-100847
Health View Diagnostic Centre,Chattogram,Sitakunda,22.6252,91.6652,Diagnostic Center,01711-100848
HEALTH VIEW MATERNITY & CHILD HOSPITAL,Chattogram,Panchlaish,22.367,91.827,Private Hospital/Clinic,01711-100849
HILLVIEW CLINIC PVT LTD,Chattogram,Panchlaish,22.3671,91.8271,Private Hospital/Clinic,01711-100850
Holy Care Nursing Home,Chattogram,Patenga,22.2552,91.8052,Private Hospital/Clinic,01711-100851
Hormone & DNA centre,Chattogram,Chak Bazar,22.3552,91.8352,Diagnostic Center,01711-100852
Human Diagnostic & Medical Check-up Centre,Chattogram,Halishahar,22.3358,91.7858,Diagnostic Center,01711-100853
Human Diagnostic Center,Chattogram,Anowara,22.2151,91.9051,Diagnostic Center,01711-100854
HUMAN PATHOLOGY CENTER,Chattogram,Satkania,22.0958,92.0558,Diagnostic Center,01711-100855
Ibrahim Iqbal Memorial Hospital,Chattogram,Chandanaish,22.2154,92.0054,Private Hospital/Clinic,01711-100856
Ideal Diagnostic Center,Chattogram,Hathazari,22.4563,91.8063,Diagnostic Center,01711-100857
Ideal Lab & Research Centre,Chattogram,Karnaphuli,22.3151,91.8451,Diagnostic Center,01711-100858
Ideal Pathology,Chattogram,Double Mooring,22.3352,91.8052,Diagnostic Center,01711-100859
Imperial Diagnostic,Chattogram,Panchlaish,22.3672,91.8272,Diagnostic Center,01711-100860
Imperial Hospital Limited,Chattogram,Pahartali,22.3552,91.7852,Private Hospital/Clinic,01711-100861
Innovative Health Care,Chattogram,Halishahar,22.3359,91.7859,Diagnostic Center,01711-100862
INOVA HOSPITAL LTD,Chattogram,Chak Bazar,22.3553,91.8353,Private Hospital/Clinic,01711-100863
Insaaf Diagnostic Centre,Chattogram,Lohagara,22.0152,92.1052,Diagnostic Center,01711-100864
INSAF DIAGNOSTIC CENTER,Chattogram,Mirsharai,22.7756,91.5756,Diagnostic Center,01711-100865
Jalalabad Community Eye Hospital,Chattogram,Bayejid Bostami,22.3851,91.8151,Private Hospital/Clinic,01711-100866
JALDI ADHUNIC HOSPITAL LTD.,Chattogram,Banshkhali,22.0353,91.9353,Private Hospital/Clinic,01711-100867
Jiban Blood Bank,Chattogram,Satkania,22.0959,92.0559,Blood Bank,01711-100868
Karnaphuli Blood Bank,Chattogram,Panchlaish,22.3673,91.8273,Blood Bank,01711-100869
KARNAFULLY DIABETIC CENTRE,Chattogram,Patiya,22.2914,91.9814,Diagnostic Center,01711-100870
Karnaphuli Diagnostic Complex,Chattogram,Chittogram Port,22.3052,91.7952,Diagnostic Center,01711-100871
KARNAPHULI EYE HOSPITAL,Chattogram,Patiya,22.2915,91.9815,Private Hospital/Clinic,01711-100872
Katgor Diagnostic,Chattogram,Patenga,22.2553,91.8053,Diagnostic Center,01711-100873
Katirhat Janaseba,Chattogram,Hathazari,22.4564,91.8064,Diagnostic Center,01711-100874
KEPZ Trust Hospital,Chattogram,Anowara,22.2152,91.9052,Diagnostic Center,01711-100875
Khaja Diagnostic,Chattogram,Chandgaon,22.3855,91.8555,Diagnostic Center,01711-100876
Lab Asia Diagnostic Center,Chattogram,Pahartali,22.3553,91.7853,Diagnostic Center,01711-100877
Lab Care Computerized Diagnostic,Chattogram,Patiya,22.2916,91.9816,Diagnostic Center,01711-100878
Lab One Health Service,Chattogram,Kotwali,22.3354,91.8354,Diagnostic Center,01711-100879
Lab Sea View Diagnostic,Chattogram,Sitakunda,22.6253,91.6653,Diagnostic Center,01711-100880
Lab Syndicate,Chattogram,Fatikchari,22.6861,91.8061,Diagnostic Center,01711-100881
Labaid Ltd (Diagnostic),Chattogram,Panchlaish,22.3674,91.8274,Diagnostic Center,01711-100882
Lancet Diagnostic Centre,Chattogram,Panchlaish,22.3675,91.8275,Diagnostic Center,01711-100883
Lancet Hospital Ltd,Chattogram,Panchlaish,22.3676,91.8276,Private Hospital/Clinic,01711-100884
Landsteiner Blood Bank,Chattogram,Panchlaish,22.3677,91.8277,Blood Bank,01711-100885
Lohagara Adhunik Hospital,Chattogram,Lohagara,22.0153,92.1053,Private Hospital/Clinic,01711-100886
Lohagara City Hospital,Chattogram,Lohagara,22.0154,92.1054,Private Hospital/Clinic,01711-100887
Lohagara Diabatic,Chattogram,Lohagara,22.0155,92.1055,Private Hospital/Clinic,01711-100888
Lohagara General,Chattogram,Lohagara,22.0156,92.1056,Private Hospital/Clinic,01711-100889
LOHAGARA MA-MONI,Chattogram,Lohagara,22.0157,92.1057,Diagnostic Center,01711-100890
LOHAGARA MAA-SHISU,Chattogram,Lohagara,22.0158,92.1058,Diagnostic Center,01711-100891
Lohagara Maternity,Chattogram,Lohagara,22.0159,92.1059,Private Hospital/Clinic,01711-100892
M/S. Medi Lide Lab,Chattogram,Bandar,22.3053,91.7953,Diagnostic Center,01711-100893
Ma moni Diagnostic Centre,Chattogram,Rangunia,22.4653,92.0353,Diagnostic Center,01711-100894
Ma Moni Hospital,Chattogram,Panchlaish,22.3678,91.8278,Private Hospital/Clinic,01711-100895
Ma Sasthya Seba Kendra,Chattogram,Chandanaish,22.2155,92.0055,Private Hospital/Clinic,01711-100896
Madina Health Diagnostic,Chattogram,Hathazari,22.4565,91.8065,Diagnostic Center,01711-100897
Madison Medical Services,Chattogram,Double Mooring,22.3353,91.8053,Diagnostic Center,01711-100898
Magmam Diagnostic,Chattogram,Satkania,22.096,92.056,Diagnostic Center,01711-100899
MAGNUM DIAGNOSTIC LIMITED,Chattogram,Kotwali,22.3355,91.8355,Diagnostic Center,01711-100900
Mamata Matre Shadan,Chattogram,Double Mooring,22.3354,91.8054,Private Hospital/Clinic,01711-100901
Mark Diagnostic Center,Chattogram,Bayejid Bostami,22.3852,91.8152,Diagnostic Center,01711-100902
Markview Diagnostic,Chattogram,Patiya,22.2917,91.9817,Diagnostic Center,01711-100903
Max Hospital,Chattogram,Panchlaish,22.3679,91.8279,Private Hospital/Clinic,01711-100904
Maxpoint Diagnostic,Chattogram,Boalkhali,22.3854,91.9354,Diagnostic Center,01711-100905
Medi Care,Chattogram,Halishahar,22.336,91.786,Diagnostic Center,01711-100906
MEDI CARE LAB,Chattogram,Sitakunda,22.6254,91.6654,Diagnostic Center,01711-100907
Medical Centre,Chattogram,Panchlaish,22.368,91.828,Private Hospital/Clinic,01711-100908
Medical Point Diagnostic,Chattogram,Satkania,22.0961,92.0561,Diagnostic Center,01711-100909
Medical Square,Chattogram,Chandgaon,22.3856,91.8556,Diagnostic Center,01711-100910
Medico Diagnostic,Chattogram,Raozan,22.4654,91.9354,Diagnostic Center,01711-100911
Medicus Hospital,Chattogram,Halishahar,22.3361,91.7861,Private Hospital/Clinic,01711-100912
Medipath Diagnostic,Chattogram,Kotwali,22.3356,91.8356,Diagnostic Center,01711-100913
Medisave Diagnostic,Chattogram,Patenga,22.2554,91.8054,Diagnostic Center,01711-100914
MEDISCAN DIAGNOSTIC,Chattogram,Mirsharai,22.7757,91.5757,Diagnostic Center,01711-100915
MEDISCAN DIAGNOSTIC,Chattogram,Pahartali,22.3554,91.7854,Diagnostic Center,01711-100916
Medisense Diagnostic,Chattogram,Patiya,22.2918,91.9818,Diagnostic Center,01711-100917
MEDITOP DIAGNOSTIC,Chattogram,Karnaphuli,22.3152,91.8452,Diagnostic Center,01711-100918
MEDI-VIEW DIAGNOSTIC,Chattogram,Mirsharai,22.7758,91.5758,Diagnostic Center,01711-100919
Mega Diagnostic,Chattogram,Double Mooring,22.3355,91.8055,Diagnostic Center,01711-100920
Metropolitan Hospital,Chattogram,Panchlaish,22.3681,91.8281,Private Hospital/Clinic,01711-100921
Midpoint Hospital,Chattogram,Double Mooring,22.3356,91.8056,Private Hospital/Clinic,01711-100922
Mina Diagnostic,Chattogram,Fatikchari,22.6862,91.8062,Diagnostic Center,01711-100923
MINI LAB,Chattogram,Fatikchari,22.6863,91.8063,Diagnostic Center,01711-100924
Mirror Hospital,Chattogram,Panchlaish,22.3682,91.8282,Private Hospital/Clinic,01711-100925
Mirsarai Diabetic,Chattogram,Mirsharai,22.7759,91.5759,Diagnostic Center,01711-100926
Modern Diagnostic,Chattogram,Panchlaish,22.3683,91.8283,Diagnostic Center,01711-100927
Modern Diagnstic Complex,Chattogram,Pahartali,22.3555,91.7855,Diagnostic Center,01711-100928
Modern Pathology,Chattogram,Boalkhali,22.3855,91.9355,Diagnostic Center,01711-100929
Mohona Diagnostic,Chattogram,Mirsharai,22.776,91.576,Diagnostic Center,01711-100930
Momotamoye Hospital,Chattogram,Bayejid Bostami,22.3853,91.8153,Private Hospital/Clinic,01711-100931
Monocare Clinic,Chattogram,Panchlaish,22.3684,91.8284,Private Hospital/Clinic,01711-100932
Nagorik Hospital,Chattogram,Bayejid Bostami,22.3854,91.8154,Private Hospital/Clinic,01711-100933
Nahar Diagnosis,Chattogram,Kotwali,22.3357,91.8357,Diagnostic Center,01711-100934
Nanupur Popular,Chattogram,Fatikchari,22.6864,91.8064,Diagnostic Center,01711-100935
Narayan Hat Digital,Chattogram,Fatikchari,22.6865,91.8065,Diagnostic Center,01711-100936
New Crescent Diagnostic,Chattogram,Lohagara,22.016,92.106,Diagnostic Center,01711-100937
New Chander Allo,Chattogram,Chittogram Port,22.3054,91.7954,Diagnostic Center,01711-100938
New Medicom Diagnostic,Chattogram,Chandgaon,22.3857,91.8557,Diagnostic Center,01711-100939
NEWLIFE DIAGNOSTIC,Chattogram,Kotwali,22.3358,91.8358,Diagnostic Center,01711-100940
NIGHTANGLE DIAGNOSTIC,Chattogram,Mirsharai,22.7761,91.5761,Diagnostic Center,01711-100941
Niramoy Clinic,Chattogram,Panchlaish,22.3685,91.8285,Private Hospital/Clinic,01711-100942
NISHKRITI CLINIC,Chattogram,Halishahar,22.3362,91.7862,Private Hospital/Clinic,01711-100943
NOWZUWAN HEALTH CARE,Chattogram,Patiya,22.2919,91.9819,Diagnostic Center,01711-100944
One Diagnostic Center,Chattogram,Hathazari,22.4566,91.8066,Diagnostic Center,01711-100945
One Health Diagnostic,Chattogram,Lohagara,22.0161,92.1061,Diagnostic Center,01711-100946
Chattogram Medical College Hospital,Chattogram,Panchlaish,22.3593,91.8322,Government,031-619400
Chattogram General Hospital,Chattogram,Kotwali,22.3364,91.836,Government,031-611407
Combined Military Hospital (CMH),Chattogram,Chattogram Cantonment,22.392,91.815,Government,031-681551
Cox's Bazar Medical College Hospital,Cox's Bazar,Cox's Bazar Sadar,21.4202,92.0144,Government,0341-63884
Noakhali 250 Bed General Hospital,Noakhali,Noakhali Sadar,22.8682,91.1011,Government,0321-61049
Comilla Medical College Hospital,Cumilla,Cumilla Adarsha Sadar,23.4442,91.2055,Government,081-65561
Comilla General Hospital,Cumilla,Cumilla Adarsha Sadar,23.461,91.181,Government,081-76762
Feni 250 Bed District Sadar Hospital,Feni,Feni Sadar,23.014,91.398,Government,0331-74045
Brahmanbaria 250 Bed District Sadar Hospital,Brahmanbaria,Brahmanbaria Sadar,23.961,91.112,Government,0851-59282
Chandpur 250 Bed General Hospital,Chandpur,Chandpur Sadar,23.2325,90.641,Government,0841-63293
Laxmipur District Hospital,Lakshmipur,Lakshmipur Sadar,22.944,90.8285,Government,0381-55585
Khagrachari District Hospital,Khagrachari,Khagrachari Sadar,23.109,91.981,Government,0371-61523
Rangamati General Hospital,Rangamati,Rangamati Sadar,22.645,92.175,Government,0351-62544
Bandarban District Hospital,Bandarban,Bandarban Sadar,22.195,92.218,Government,0361-62544
Faujderhat Chest Disease Hospital,Chattogram,Sitakunda,22.401,91.758,Government,031-751221
Chattogram Chest Disease Clinic,Chattogram,Kotwali,22.341,91.832,Government,031-616786
Central Skin & Social Hygiene Center,Chattogram,Kotwali,22.332,91.838,Government,031-615021
Railway Hospital Chattogram,Chattogram,Kotwali,22.338,91.821,Government,031-721451
Police Hospital Chattogram,Chattogram,Kotwali,22.345,91.842,Government,031-610404
Port Hospital Chattogram,Chattogram,Bandar,22.312,91.791,Government,031-710404
Anowara Upazila Health Complex,Chattogram,Anowara,22.215,91.912,Government,01730-324741
Banskhali Upazila Health Complex,Chattogram,Banskhali,22.045,91.952,Government,01730-324742
Boalkhali Upazila Health Complex,Chattogram,Boalkhali,22.378,91.921,Government,01730-324743
Chandanaish Upazila Health Complex,Chattogram,Chandanaish,22.212,92.045,Government,01730-324744
Fatikchhari Upazila Health Complex,Chattogram,Fatikchhari,22.685,91.792,Government,01730-324745
Hathazari Upazila Health Complex,Chattogram,Hathazari,22.508,91.808,Government,01730-324746
Lohagara Upazila Health Complex,Chattogram,Lohagara,22.025,92.105,Government,01730-324747
Mirsharai Upazila Health Complex,Chattogram,Mirsharai,22.775,91.575,Government,01730-324748
Patiya Upazila Health Complex,Chattogram,Patiya,22.298,91.978,Government,01730-324749
Rangunia Upazila Health Complex,Chattogram,Rangunia,22.485,92.032,Government,01730-324750
Raozan Upazila Health Complex,Chattogram,Raozan,22.535,91.915,Government,01730-324751
Sandwip Upazila Health Complex,Chattogram,Sandwip,22.492,91.435,Government,01730-324752
Satkania Upazila Health Complex,Chattogram,Satkania,22.085,92.078,Government,01730-324753
Sitakunda Upazila Health Complex,Chattogram,Sitakunda,22.615,91.655,Government,01730-324754
Chakaria Upazila Health Complex,Cox's Bazar,Chakaria,21.758,92.078,Government,01730-324755
Kutubdia Upazila Health Complex,Cox's Bazar,Kutubdia,21.815,91.855,Government,01730-324756
Maheshkhali Upazila Health Complex,Cox's Bazar,Maheshkhali,21.545,91.955,Government,01730-324757
Ramu Upazila Health Complex,Cox's Bazar,Ramu,21.455,92.105,Government,01730-324758
Teknaf Upazila Health Complex,Cox's Bazar,Teknaf,20.865,92.305,Government,01730-324759
Ukhia Upazila Health Complex,Cox's Bazar,Ukhia,21.285,92.095,Government,01730-324760
Pekua Upazila Health Complex,Cox's Bazar,Pekua,21.855,91.965,Government,01730-324761
Begumganj Upazila Health Complex,Noakhali,Begumganj,22.945,91.105,Government,01730-324762
Chatkhil Upazila Health Complex,Noakhali,Chatkhil,23.055,90.955,Government,01730-324763
Companiganj Upazila Health Complex,Noakhali,Companiganj,22.755,91.285,Government,01730-324764
Hatiya Upazila Health Complex,Noakhali,Hatiya,22.285,91.105,Government,01730-324765
Senbagh Upazila Health Complex,Noakhali,Senbagh,22.985,91.225,Government,01730-324767
Subarnachar Upazila Health Complex,Noakhali,Subarnachar,22.585,91.155,Government,01730-324768
Kabirhat Upazila Health Complex,Noakhali,Kabirhat,22.835,91.205,Government,01730-324769
Akhaura Upazila Health Complex,Brahmanbaria,Akhaura,23.885,91.215,Government,01730-324771
Bancharampur Upazila Health Complex,Brahmanbaria,Bancharampur,23.785,90.805,Government,01730-324772
Bijoynagar Upazila Health Complex,Brahmanbaria,Bijoynagar,23.955,91.255,Government,01730-324773
Kasba Upazila Health Complex,Brahmanbaria,Kasba,23.735,91.155,Government,01730-324774
Nabinagar Upazila Health Complex,Brahmanbaria,Nabinagar,23.885,90.975,Government,01730-324775
Nasirnagar Upazila Health Complex,Brahmanbaria,Nasirnagar,24.215,91.215,Government,01730-324776
Sarail Upazila Health Complex,Brahmanbaria,Sarail,24.115,91.125,Government,01730-324777
Ashuganj Upazila Health Complex,Brahmanbaria,Ashuganj,24.035,90.995,Government,01730-324778
Barura Upazila Health Complex,Cumilla,Barura,23.375,91.055,Government,01730-324779
Brahmanpara Upazila Health Complex,Cumilla,Brahmanpara,23.615,91.115,Government,01730-324780
Burichang Upazila Health Complex,Cumilla,Burichang,23.555,91.125,Government,01730-324781
Chandina Upazila Health Complex,Cumilla,Chandina,23.485,91.015,Government,01730-324782
Chauddagram Upazila Health Complex,Cumilla,Chauddagram,23.215,91.315,Government,01730-324783
Daudkandi Upazila Health Complex,Cumilla,Daudkandi,23.535,90.715,Government,01730-324784
Debidwar Upazila Health Complex,Cumilla,Debidwar,23.605,91.015,Government,01730-324785
Homna Upazila Health Complex,Cumilla,Homna,23.685,90.795,Government,01730-324786
Laksam Upazila Health Complex,Cumilla,Laksam,23.235,91.125,Government,01730-324787
Muradnagar Upazila Health Complex,Cumilla,Muradnagar,23.635,90.935,Government,01730-324788
Nangalkot Upazila Health Complex,Cumilla,Nangalkot,23.135,91.205,Government,01730-324789
Titas Upazila Health Complex,Cumilla,Titas,23.615,90.755,Government,01730-324790
Monohargonj Upazila Health Complex,Cumilla,Monohargonj,23.115,91.105,Government,01730-324791
Meghna Upazila Health Complex,Cumilla,Meghna,23.515,90.655,Government,01730-324792
Chhagalnaiya Upazila Health Complex,Feni,Chhagalnaiya,23.035,91.515,Government,01730-324793
Daganbhuiyan Upazila Health Complex,Feni,Daganbhuiyan,22.955,91.305,Government,01730-324794
Parshuram Upazila Health Complex,Feni,Parshuram,23.215,91.435,Government,01730-324795
Sonagazi Upazila Health Complex,Feni,Sonagazi,22.855,91.385,Government,01730-324796
Fulgazi Upazila Health Complex,Feni,Fulgazi,23.135,91.435,Government,01730-324797
Haimchar Upazila Health Complex,Chandpur,Haimchar,23.065,90.635,Government,01730-324798
Kachua Upazila Health Complex,Chandpur,Kachua,23.355,90.885,Government,01730-324799
Matlab Dakshin Upazila Health Complex,Chandpur,Matlab Dakshin,23.345,90.705,Government,01730-324800
Matlab Uttar Upazila Health Complex,Chandpur,Matlab Uttar,23.475,90.685,Government,01730-324801
Shahrasti Upazila Health Complex,Chandpur,Shahrasti,23.225,90.945,Government,01730-324802
Raipur Upazila Health Complex,Lakshmipur,Raipur,23.035,90.765,Government,01730-324803
Ramganj Upazila Health Complex,Lakshmipur,Ramganj,23.105,90.855,Government,01730-324804
Ramgati Upazila Health Complex,Lakshmipur,Ramgati,22.605,90.995,Government,01730-324805
Komolnagar Upazila Health Complex,Lakshmipur,Komolnagar,22.755,90.875,Government,01730-324806
Dighinala Upazila Health Complex,Khagrachari,Dighinala,23.255,92.055,Government,01730-324807
Lakshmichhari Upazila Health Complex,Khagrachari,Lakshmichhari,22.825,91.905,Government,01730-324808
Mahalchhari Upazila Health Complex,Khagrachari,Mahalchhari,22.925,92.035,Government,01730-324809
Manikchhari Upazila Health Complex,Khagrachari,Manikchhari,22.835,91.835,Government,01730-324810
Matiranga Upazila Health Complex,Khagrachari,Matiranga,23.105,91.885,Government,01730-324811
Panchhari Upazila Health Complex,Khagrachari,Panchhari,23.275,91.905,Government,01730-324812
Ramgarh Upazila Health Complex,Khagrachari,Ramgarh,23.005,91.705,Government,01730-324813
Baghaichhari Upazila Health Complex,Rangamati,Baghaichhari,23.175,92.215,Government,01730-324814
Barkal Upazila Health Complex,Rangamati,Barkal,22.735,92.355,Government,01730-324815
Kawkhali Upazila Health Complex,Rangamati,Kawkhali,22.585,91.955,Government,01730-324816
Belaichhari Upazila Health Complex,Rangamati,Belaichhari,22.475,92.385,Government,01730-324817
Kaptai Upazila Health Complex,Rangamati,Kaptai,22.485,92.225,Government,01730-324818
Juraichhari Upazila Health Complex,Rangamati,Juraichhari,22.705,92.385,Government,01730-324819
Langadu Upazila Health Complex,Rangamati,Langadu,22.955,92.155,Government,01730-324820
Naniarchar Upazila Health Complex,Rangamati,Naniarchar,22.855,92.125,Government,01730-324821
Rajasthali Upazila Health Complex,Rangamati,Rajasthali,22.385,92.215,Government,01730-324822
Alikadam Upazila Health Complex,Bandarban,Alikadam,21.655,92.315,Government,01730-324823
Lama Upazila Health Complex,Bandarban,Lama,21.785,92.195,Government,01730-324824
Naikhongchhari Upazila Health Complex,Bandarban,Naikhongchhari,21.415,92.185,Government,01730-324825
Rowangchhari Upazila Health Complex,Bandarban,Rowangchhari,22.165,92.335,Government,01730-324826
Ruma Upazila Health Complex,Bandarban,Ruma,22.055,92.415,Government,01730-324827
Thanchi Upazila Health Complex,Bandarban,Thanchi,21.785,92.425,Government,01730-324828
BITID Hospital Chattogram,Chattogram,Sitakunda,22.421,91.765,Government,031-751221
Mohipal Trauma Center,Feni,Feni Sadar,23.018,91.385,Government,
Lohagara Trauma Center,Chattogram,Lohagara,22.031,92.102,Government,
Choralgi 20 Bed Hospital,Noakhali,Hatiya,22.251,91.115,Government,
Colonelhut Urban Dispensary,Chattogram,Panchlaish,22.378,91.785,Government,
Firojshah Colony Urban Dispensary,Chattogram,Chittogram Port,22.365,91.792,Government,
Gausul Azam Urban Dispensary,Chattogram,Chittogram Port,22.355,91.782,Government,
Halishahar Urban Dispensary,Chattogram,Chittogram Port,22.341,91.775,Government,
Marine Academy Urban Dispensary,Chattogram,Chittogram Port,22.235,91.842,Government,
Panchlaish Urban Dispensary,Chattogram,Panchlaish,22.368,91.825,Government,
Roufabad Urban Dispensary,Chattogram,Panchlaish,22.385,91.815,Government,
Sher Shah Urban Dispensary,Chattogram,Panchlaish,22.392,91.808,Government,
Chattogram Mother & Child Welfare Center,Chattogram,Kotwali,22.335,91.832,Government,
Comilla Mother & Child Welfare Center,Cumilla,Cumilla Adarsha Sadar,23.465,91.185,Government,
Noakhali Mother & Child Welfare Center,Noakhali,Noakhali Sadar,22.865,91.105,Government,
Feni Mother & Child Welfare Center,Feni,Feni Sadar,23.015,91.395,Government,
Brahmanbaria Mother & Child Welfare Center,Brahmanbaria,Brahmanbaria Sadar,23.965,91.115,Government,
Chandpur Mother & Child Welfare Center,Chandpur,Chandpur Sadar,23.235,90.645,Government,
Laxmipur Mother & Child Welfare Center,Lakshmipur,Lakshmipur Sadar,22.945,90.825,Government,
Khagrachari Mother & Child Welfare Center,Khagrachari,Khagrachari Sadar,23.111,91.985,Government,
Rangamati Mother & Child Welfare Center,Rangamati,Rangamati Sadar,22.648,92.178,Government,
Bandarban Mother & Child Welfare Center,Bandarban,Bandarban Sadar,22.198,92.221,Government,
Chattogram Jail Hospital,Chattogram,Kotwali,22.331,91.832,Government,
Comilla Jail Hospital,Cumilla,Cumilla Adarsha Sadar,23.458,91.182,Government,
Noakhali Jail Hospital,Noakhali,Noakhali Sadar,22.861,91.102,Government,
Feni Jail Hospital,Feni,Feni Sadar,23.012,91.392,Government,
Brahmanbaria Jail Hospital,Brahmanbaria,Brahmanbaria Sadar,23.958,91.112,Government,
Chandpur Jail Hospital,Chandpur,Chandpur Sadar,23.231,90.642,Government,
Laxmipur Jail Hospital,Lakshmipur,Lakshmipur Sadar,22.942,90.822,Government,
Khagrachari Jail Hospital,Khagrachari,Khagrachari Sadar,23.102,91.982,Government,
Rangamati Jail Hospital,Rangamati,Rangamati Sadar,22.642,92.172,Government,
Bandarban Jail Hospital,Bandarban,Bandarban Sadar,22.192,92.212,Government,
Sitakunda Chest Disease Clinic,Chattogram,Sitakunda,22.618,91.658,Government,
Laksam Chest Disease Clinic,Cumilla,Laksam,23.238,91.128,Government,
Begumganj Chest Disease Clinic,Noakhali,Begumganj,22.948,91.108,Government,
Feni Chest Disease Clinic,Feni,Feni Sadar,23.018,91.398,Government,
Brahmanbaria Chest Disease Clinic,Brahmanbaria,Brahmanbaria Sadar,23.968,91.118,Government,
Chandpur Chest Disease Clinic,Chandpur,Chandpur Sadar,23.238,90.648,Government,
Laxmipur Chest Disease Clinic,Lakshmipur,Lakshmipur Sadar,22.948,90.828,Government,
Khagrachari Chest Disease Clinic,Khagrachari,Khagrachari Sadar,23.111,91.985,Government,
Rangamati Chest Disease Clinic,Rangamati,Rangamati Sadar,22.648,92.178,Government,
Bandarban Chest Disease Clinic,Bandarban,Bandarban Sadar,22.198,92.221,Government,
Bhujpur Union Health Sub Center,Chattogram,Fatikchhari,22.755,91.755,Government,
Dantmara Union Health Sub Center,Chattogram,Fatikchhari,22.855,91.855,Government,
Fatehpur Union Health Sub Center,Chattogram,Fatikchhari,22.655,91.815,Government,
Harualchari Union Health Sub Center,Chattogram,Fatikchhari,22.715,91.835,Government,
Kanchan Nagar Union Health Sub Center,Chattogram,Fatikchhari,22.685,91.855,Government,
Leila-Kabir Health Sub Center,Chattogram,Fatikchhari,22.705,91.805,Government,
Nanupur Union Health Sub Center,Chattogram,Fatikchhari,22.695,91.785,Government,
Paiyandong Union Health Sub Center,Chattogram,Fatikchhari,22.725,91.825,Government,
Sohrabia Union Health Sub Center,Chattogram,Fatikchhari,22.675,91.765,Government,
Barabkunda Health Sub Center,Chattogram,Sitakunda,22.585,91.685,Government,
Kumira Health Sub Center,Chattogram,Sitakunda,22.515,91.715,Government,
Bhatiary Health Sub Center,Chattogram,Sitakunda,22.455,91.7,,
Baroaulia Union Health Sub Center,Chattogram,Lohagara,22.015,92.115,Government,
Charati Union Health Sub Center,Chattogram,Lohagara,22.045,92.085,Government,
Putibila Union Health Sub Center,Chattogram,Lohagara,21.985,92.135,Government,
Amirabad Health Sub Center,Chattogram,Lohagara,22.028,92.108,Government,
Adhunagar Union Health Sub Center,Chattogram,Lohagara,22.055,92.065,Government,
Azampur Union Health Sub Center,Chattogram,Mirsharai,22.785,91.565,Government,
Durgapur Union Health Sub Center,Chattogram,Mirsharai,22.815,91.545,Government,
Katachhara Union Health Sub Center,Chattogram,Mirsharai,22.755,91.595,Government,
Mayani Union Health Sub Center,Chattogram,Mirsharai,22.735,91.615,Government,
Osmanpur Union Health Sub Center,Chattogram,Mirsharai,22.845,91.515,Government,
Saherkhali Union Health Sub Center,Chattogram,Mirsharai,22.715,91.585,Government,
Wahedpur Union Health Sub Center,Chattogram,Mirsharai,22.705,91.635,Government,
Bhatikhain Union Health Sub Center,Chattogram,Patiya,22.315,91.955,Government,
Chhanhara Union Health Sub Center,Chattogram,Patiya,22.255,91.985,Government,
Kachuai Union Health Sub Center,Chattogram,Patiya,22.285,91.945,Government,
Kasiaish Union Health Sub Center,Chattogram,Patiya,22.335,91.915,Government,
Kelishahar Union Health Sub Center,Chattogram,Patiya,22.275,92.015,Government,
Kharana Union Health Sub Center,Chattogram,Patiya,22.235,91.995,Government,
Sobhandanda Union Health Sub Center,Chattogram,Patiya,22.305,92.025,Government,
Barumchara Union Health Sub Center,Chattogram,Anowara,22.195,91.895,Government,
Burischar Union Health Sub Center,Chattogram,Hathazari,22.405,91.885,Government,
Chikandair Union Health Sub Center,Chattogram,Hathazari,22.455,91.855,Government,
Fariaderok Health Sub Center,Chattogram,Hathazari,22.485,91.825,Government,
Garduara Union Health Sub Center,Chattogram,Hathazari,22.515,91.895,Government,
Amilaish Union Health Sub Center,Chattogram,Satkania,22.125,92.055,Government,
Charati Union Health Sub Center,Chattogram,Satkania,22.155,92.015,Government,
Dharmapur Union Health Sub Center,Chattogram,Satkania,22.095,92.095,Government,
Eochia Union Health Sub Center,Chattogram,Satkania,22.055,92.045,Government,
Kanchana Union Health Sub Center,Chattogram,Satkania,22.075,92.025,Government,
Madarsha Union Health Sub Center,Chattogram,Satkania,22.105,92.035,Government,
Puragarh Union Health Sub Center,Chattogram,Satkania,22.135,92.115,Government,
Sonakania Union Health Sub Center,Chattogram,Satkania,22.045,92.065,Government,
Akaipur Union Health Sub Center,Cumilla,Akhaura,23.875,91.205,Government,
Mogra Union Health Sub Center,Cumilla,Akhaura,23.855,91.225,Government,
Monionda Union Health Sub Center,Cumilla,Akhaura,23.905,91.235,Government,
Dariapur Health Sub Center,Brahmanbaria,Bancharampur,23.775,90.815,Government,
Faridpur Union Health Sub Center,Brahmanbaria,Bancharampur,23.805,90.785,Government,
Saifullakandi Union Health Sub Center,Brahmanbaria,Bancharampur,23.755,90.835,Government,
Ujanchar Union Health Sub Center,Brahmanbaria,Bancharampur,23.825,90.825,Government,
Budanti Union Health Sub Center,Brahmanbaria,Bijoynagar,23.985,91.245,Government,
Chandura Union Health Sub Center,Brahmanbaria,Bijoynagar,23.965,91.275,Government,
Ichepahar Health Sub Center,Brahmanbaria,Bijoynagar,23.935,91.265,Government,
Paharpur Union Health Sub Center,Brahmanbaria,Bijoynagar,23.915,91.285,Government,
Singerbil Union Health Sub Center,Brahmanbaria,Bijoynagar,23.945,91.225,Government,
Bayek Union Health Sub Center,Brahmanbaria,Kasba,23.705,91.175,Government,
Gopinathpur Health Sub Center,Brahmanbaria,Kasba,23.765,91.135,Government,
Kayempur Union Health Sub Center,Brahmanbaria,Kasba,23.715,91.125,Government,
Kuti Union Health Sub Center,Brahmanbaria,Kasba,23.785,91.165,Government,
Mehari Union Health Sub Center,Brahmanbaria,Kasba,23.745,91.185,Government,
Birgaon Union Health Sub Center,Brahmanbaria,Nabinagar,23.915,90.955,Government,
Laur Fatepur Health Sub Center,Brahmanbaria,Nabinagar,23.855,91.015,Government,
Rasullabad Union Health Sub Center,Brahmanbaria,Nabinagar,23.875,90.995,Government,
Ratanpur Union Health Sub Center,Brahmanbaria,Nabinagar,23.835,90.965,Government,
Sreerampur Union Health Sub Center,Brahmanbaria,Nabinagar,23.905,90.985,Government,
Gokarna Union Health Sub Center,Brahmanbaria,Nasirnagar,24.235,91.195,Government,
Gunda Union Health Sub Center,Brahmanbaria,Nasirnagar,24.195,91.235,Government,
Kunda Union Health Sub Center,Brahmanbaria,Nasirnagar,24.255,91.185,Government,
Aruail Union Health Sub Center,Brahmanbaria,Sarail,24.155,91.105,Government,
Chunta Union Health Sub Center,Brahmanbaria,Sarail,24.135,91.155,Government,
Pakshimul Union Health Sub Center,Brahmanbaria,Sarail,24.095,91.095,Government,
Shahbazpur Union Health Sub Center,Brahmanbaria,Sarail,24.055,91.175,Government,
Ashuganj Sadar Health Sub Center,Brahmanbaria,Ashuganj,24.041,91.001,Government,
Durgapur Union Health Sub Center,Brahmanbaria,Ashuganj,24.015,90.985,Government,
Adra Union Health Sub Center,Cumilla,Barura,23.355,91.035,Government,
Aganagar Union Health Sub Center,Cumilla,Barura,23.395,91.075,Government,
Bhabanipur Union Health Sub Center,Cumilla,Barura,23.325,91.055,Government,
Shakalipur Union Health Sub Center,Cumilla,Barura,23.415,91.025,Government,
Chandla Union Health Sub Center,Cumilla,Brahmanpara,23.635,91.135,Government,
Madhabpur Union Health Sub Center,Cumilla,Brahmanpara,23.595,91.095,Government,
Sahebabad Union Health Sub Center,Cumilla,Brahmanpara,23.655,91.105,Government,
Baksimul Union Health Sub Center,Cumilla,Burichang,23.535,91.155,Government,
Moynamoti Health Sub Center,Cumilla,Burichang,23.495,91.115,Government,
Rajapur Union Health Sub Center,Cumilla,Burichang,23.585,91.145,Government,
Sholonal Union Health Sub Center,Cumilla,Burichang,23.515,91.105,Government,
Barkait Union Health Sub Center,Cumilla,Chandina,23.455,91.035,Government,
Dollai Nowabad Health Sub Center,Cumilla,Chandina,23.515,91.055,Government,
Madhaiya Union Health Sub Center,Cumilla,Chandina,23.505,90.985,Government,
Batisa Union Health Sub Center,Cumilla,Chauddagram,23.235,91.335,Government,
Cheora Union Health Sub Center,Cumilla,Chauddagram,23.255,91.295,Government,
Ghunabati Union Health Sub Center,Cumilla,Chauddagram,23.185,91.355,Government,
Munshirhat Union Health Sub Center,Cumilla,Chauddagram,23.285,91.325,Government,
Shuvapur Union Health Sub Center,Cumilla,Chauddagram,23.315,91.345,Government,
Goalmari Union Health Sub Center,Cumilla,Daudkandi,23.555,90.735,Government,
Maruka Union Health Sub Center,Cumilla,Daudkandi,23.515,90.695,Government,
Mohammadpur Union Health Sub Center,Cumilla,Daudkandi,23.575,90.755,Government,
Sundalpur Union Health Sub Center,Cumilla,Daudkandi,23.495,90.725,Government,
Barkamta Union Health Sub Center,Cumilla,Debidwar,23.585,91.035,Government,
Gunaighar Union Health Sub Center,Cumilla,Debidwar,23.635,90.995,Government,
Rajamehar Union Health Sub Center,Cumilla,Debidwar,23.555,91.015,Government,
Shaliharpur Health Sub Center,Cumilla,Debidwar,23.615,91.055,Government,
Asadpur Union Health Sub Center,Cumilla,Homna,23.705,90.815,Government,
Dulalpur Union Health Sub Center,Cumilla,Homna,23.665,90.775,Government,
Ghayaspur Union Health Sub Center,Cumilla,Homna,23.725,90.795,Government,
Nilokhi Union Health Sub Center,Cumilla,Homna,23.655,90.825,Government,
Bakshimul Union Health Sub Center,Cumilla,Laksam,23.255,91.155,Government,
Kandirpar Union Health Sub Center,Cumilla,Laksam,23.215,91.115,Government,
Mudaffargonj Health Sub Center,Cumilla,Laksam,23.275,91.095,Government,
Akubpur Union Health Sub Center,Cumilla,Muradnagar,23.655,90.955,Government,
Banguri Union Health Sub Center,Cumilla,Muradnagar,23.615,90.915,Government,
Chapitala Union Health Sub Center,Cumilla,Muradnagar,23.685,90.925,Government,
Purbagair Union Health Sub Center,Cumilla,Muradnagar,23.605,90.975,Government,
Ramchandrapur Health Sub Center,Cumilla,Muradnagar,23.715,90.905,Government,
Bakshiganj Union Health Sub Center,Cumilla,Nangalkot,23.115,91.225,Government,
Dhalua Union Health Sub Center,Cumilla,Nangalkot,23.095,91.195,Government,
Hesakhal Union Health Sub Center,Cumilla,Nangalkot,23.155,91.185,Government,
Mokarrai Union Health Sub Center,Cumilla,Nangalkot,23.175,91.235,Government,
Zia Nagar Health Sub Center,Cumilla,Nangalkot,23.145,91.215,Government,
Jagatpur Union Health Sub Center,Cumilla,Titas,23.635,90.775,Government,
Kalakandi Union Health Sub Center,Cumilla,Titas,23.595,90.735,Government,
Satani Union Health Sub Center,Cumilla,Titas,23.655,90.745,Government,
Bipulasar Union Health Sub Center,Cumilla,Monohargonj,23.135,91.125,Government,
Lakshmanpur Union Health Sub Center,Cumilla,Monohargonj,23.095,91.085,Government,
Natherpetua Union Health Sub Center,Cumilla,Monohargonj,23.155,91.115,Government,
Radhanagar Union Health Sub Center,Cumilla,Meghna,23.535,90.675,Government,
Bansbaria Union Health Sub Center,Chattogram,Sitakunda,22.655,91.635,Government,
Ghoramara Union Health Sub Center,Chattogram,Sandwip,22.512,91.415,Government,
Kalapania Union Health Sub Center,Chattogram,Sandwip,22.472,91.455,Government,
Maitbhanga Union Health Sub Center,Chattogram,Sandwip,22.442,91.425,Government,
Musapur Union Health Sub Center,Chattogram,Sandwip,22.532,91.445,Government,
Santoshpur Union Health Sub Center,Chattogram,Sandwip,22.562,91.405,Government,
Dhalia Union Health Sub Center,Feni,Feni Sadar,23.035,91.375,Government,
Laskar Union Health Sub Center,Feni,Feni Sadar,22.995,91.415,Government,
Sharshadi Union Health Sub Center,Feni,Feni Sadar,23.055,91.395,Government,
Gopal Union Health Sub Center,Feni,Chhagalnaiya,23.015,91.535,Government,
Mahamaya Union Health Sub Center,Feni,Chhagalnaiya,23.055,91.495,Government,
Radhanagar Union Health Sub Center,Feni,Chhagalnaiya,22.985,91.545,Government,
Matubhuiyan Union Health Sub Center,Feni,Daganbhuiyan,22.935,91.325,Government,
Rajapur Union Health Sub Center,Feni,Daganbhuiyan,22.975,91.285,Government,
Sindurpur Union Health Sub Center,Feni,Daganbhuiyan,22.995,91.315,Government,
Boxmahmud Union Health Sub Center,Feni,Parshuram,23.235,91.455,Government,
Mirzanagar Union Health Sub Center,Feni,Parshuram,23.255,91.415,Government,
Char Chandia Health Sub Center,Feni,Sonagazi,22.835,91.365,Government,
Char Majlishpur Health Sub Center,Feni,Sonagazi,22.875,91.405,Government,
Mongalkandi Union Health Sub Center,Feni,Sonagazi,22.895,91.375,Government,
Anandapur Union Health Sub Center,Feni,Fulgazi,23.115,91.455,Government,
Munshirhat Union Health Sub Center,Feni,Fulgazi,23.155,91.415,Government,
Gazipur Union Health Sub Center,Chandpur,Chandpur Sadar,23.255,90.625,Government,
Hanarohar Union Health Sub Center,Chandpur,Chandpur Sadar,23.215,90.665,Government,
Rampur Union Health Sub Center,Chandpur,Chandpur Sadar,23.275,90.655,Government,
Bakal Union Health Sub Center,Chandpur,Haimchar,23.085,90.615,Government,
Char Bhairabi Health Sub Center,Chandpur,Haimchar,23.045,90.655,Government,
Ashrafpur Union Health Sub Center,Chandpur,Kachua,23.335,90.905,Government,
Gohat Union Health Sub Center,Chandpur,Kachua,23.375,90.865,Government,
Pathair Union Health Sub Center,Chandpur,Kachua,23.315,90.875,Government,
Sahadevpur Union Health Sub Center,Chandpur,Kachua,23.395,90.915,Government,
Nayergaon Union Health Sub Center,Chandpur,Matlab Uttar,23.455,90.705,Government,
Sultanabad Union Health Sub Center,Chandpur,Matlab Uttar,23.495,90.665,Government,
Chengarchir Union Health Sub Center,Chandpur,Matlab Uttar,23.435,90.695,Government,
Khadergaon Union Health Sub Center,Chandpur,Matlab Dakshin,23.325,90.725,Government,
Upadi Union Health Sub Center,Chandpur,Matlab Dakshin,23.365,90.685,Government,
Meher Union Health Sub Center,Chandpur,Shahrasti,23.245,90.925,Government,
Suchipara Union Health Sub Center,Chandpur,Shahrasti,23.205,90.965,Government,
Tamasar Union Health Sub Center,Chandpur,Shahrasti,23.265,90.935,Government,
Char Ababil Health Sub Center,Lakshmipur,Raipur,23.055,90.745,Government,
Char Mohana Health Sub Center,Lakshmipur,Raipur,23.015,90.785,Government,
Kerwa Union Health Sub Center,Lakshmipur,Raipur,23.045,90.775,Government,
Bhadur Union Health Sub Center,Lakshmipur,Ramganj,23.125,90.835,Government,
Ichapur Union Health Sub Center,Lakshmipur,Ramganj,23.085,90.875,Government,
Kanchanpur Union Health Sub Center,Lakshmipur,Ramganj,23.145,90.865,Government,
Noagaon Union Health Sub Center,Lakshmipur,Ramganj,23.065,90.845,Government,
Char Poragacha Health Sub Center,Lakshmipur,Ramgati,22.625,90.975,Government,
Char Ramani Mohan Sub Center,Lakshmipur,Ramgati,22.585,91.015,Government,
Sahebherhat Health Sub Center,Lakshmipur,Komolnagar,22.775,90.855,Government,
Torabganj Union Health Sub Center,Lakshmipur,Komolnagar,22.735,90.895,Government,
Merung Union Health Sub Center,Khagrachari,Dighinala,23.275,92.075,Government,
Kabakhali Union Health Sub Center,Khagrachari,Dighinala,23.235,92.035,Government,
Dulluchhari Health Sub Center,Khagrachari,Lakshmichhari,22.845,91.885,Government,
Guimara Union Health Sub Center,Khagrachari,Mahalchhari,22.945,92.015,Government,
Sindukchhari Health Sub Center,Khagrachari,Mahalchhari,22.905,92.055,Government,
Batnatoli Union Health Sub Center,Khagrachari,Manikchhari,22.855,91.815,Government,
Taindong Union Health Sub Center,Khagrachari,Matiranga,23.125,91.865,Government,
Gumti Union Health Sub Center,Khagrachari,Matiranga,23.085,91.905,Government,
Logang Union Health Sub Center,Khagrachari,Panchhari,23.295,91.885,Government,
Latiban Union Health Sub Center,Khagrachari,Panchhari,23.255,91.925,Government,
Hafchhari Union Health Sub Center,Khagrachari,Ramgarh,23.025,91.685,Government,
Sarushia Union Health Sub Center,Khagrachari,Ramgarh,22.985,91.725,Government,
Marishya Union Health Sub Center,Rangamati,Baghaichhari,23.195,92.235,Government,
Sarwatoli Union Health Sub Center,Rangamati,Baghaichhari,23.155,92.195,Government,
Subalong Union Health Sub Center,Rangamati,Barkal,22.755,92.375,Government,
Aimachara Union Health Sub Center,Rangamati,Barkal,22.715,92.335,Government,
Ghagra Union Health Sub Center,Rangamati,Kawkhali,22.605,91.975,Government,
Betbunia Union Health Sub Center,Rangamati,Kawkhali,22.565,91.935,Government,
Farua Union Health Sub Center,Rangamati,Belaichhari,22.495,92.405,Government,
Chitmaram Union Health Sub Center,Rangamati,Kaptai,22.505,92.245,Government,
Chandraghona Union Health Sub Center,Rangamati,Kaptai,22.465,92.205,Government,
Moinymukh Union Health Sub Center,Rangamati,Langadu,22.975,92.175,Government,
Gulshakhali Union Health Sub Center,Rangamati,Langadu,22.935,92.135,Government,
Burighat Union Health Sub Center,Rangamati,Naniarchar,22.875,92.145,Government,
Ghila Chhari Health Sub Center,Rangamati,Naniarchar,22.835,92.105,Government,
Gainda Union Health Sub Center,Rangamati,Rajasthali,22.405,92.235,Government,
Ghilachhari Union Health Sub Center,Rangamati,Rajasthali,22.365,92.195,Government,
Choykhyong Union Health Sub Center,Bandarban,Alikadam,21.675,92.335,Government,
Fasakhali Union Health Sub Center,Bandarban,Lama,21.805,92.215,Government,
Gajalia Union Health Sub Center,Bandarban,Lama,21.765,92.175,Government,
Ghumdhum Union Health Sub Center,Bandarban,Naikhongchhari,21.435,92.205,Government,
Baishari Union Health Sub Center,Bandarban,Naikhongchhari,21.395,92.165,Government,
Alekhyong Union Health Sub Center,Bandarban,Rowangchhari,22.185,92.355,Government,
Remakree Pransha Sub Center,Bandarban,Ruma,22.075,92.435,Government,
Remakree Union Health Sub Center,Bandarban,Thanchi,21.805,92.445,Government,
Baroaulia Community Clinic,Chattogram,Lohagara,22.0155,92.1155,Government,
Charamba Community Clinic,Chattogram,Lohagara,22.0455,92.0855,Government,
Putibila Community Clinic,Chattogram,Lohagara,21.9855,92.1355,Government,
Amirabad Community Clinic,Chattogram,Lohagara,22.0285,92.1085,Government,
Adhunagar Community Clinic,Chattogram,Lohagara,22.0555,92.0655,Government,
Chunati Community Clinic,Chattogram,Lohagara,21.955,92.125,Government,
Kalauzan Community Clinic,Chattogram,Lohagara,22.085,92.115,Government,
Padua Community Clinic,Chattogram,Lohagara,22.125,92.095,Government,
Majidarpara Community Clinic,Chattogram,Lohagara,22.035,92.095,Government,
Noyabila Community Clinic,Chattogram,Lohagara,22.042,92.081,Government,
Rahamaniya Community Clinic,Chattogram,Lohagara,21.965,92.112,Government,
Satghar Community Clinic,Chattogram,Lohagara,21.972,92.134,Government,
Adarchar Community Clinic,Chattogram,Lohagara,22.071,92.105,Government,
Uttar Kalaujan Community Clinic,Chattogram,Lohagara,22.092,92.122,Government,
Paharcada Community Clinic,Chattogram,Lohagara,22.105,92.118,Government,
Khalla Community Clinic,Brahmanbaria,Bancharampur,23.782,90.812,Government,
Jaykalipur Community Clinic,Brahmanbaria,Bancharampur,23.765,90.825,Government,
Baherachar Community Clinic,Brahmanbaria,Bancharampur,23.815,90.795,Government,
Radhanagara Community Clinic,Brahmanbaria,Bancharampur,23.822,90.818,Government,
Atla Community Clinic,Brahmanbaria,Brahmanbaria Sadar,23.955,91.125,Government,
Barisal Community Clinic,Brahmanbaria,Brahmanbaria Sadar,23.942,91.135,Government,
Bhadeswara Community Clinic,Brahmanbaria,Brahmanbaria Sadar,23.968,91.108,Government,
Ghatiyara Community Clinic,Brahmanbaria,Brahmanbaria Sadar,23.972,91.145,Government,
Ujanisar Community Clinic,Brahmanbaria,Brahmanbaria Sadar,23.935,91.121,Government,
Bhatamatha Community Clinic,Brahmanbaria,Akhaura,23.872,91.222,Government,
Krisnopur Community Clinic,Chandpur,Matlab Uttar,23.485,90.672,Government,
Moricha Community Clinic,Cumilla,Debidwar,23.615,91.032,Government,
Bashanta Community Clinic,Cumilla,Chauddagram,23.242,91.312,Government,
Bashantapur Community Clinic,Cumilla,Chauddagram,23.251,91.325,Government,
Uttar Lakshmipur Community Clinic,Noakhali,Noakhali Sadar,22.875,91.115,Government,
K M-tech Community Clinic,Chattogram,Fatikchari,22.682,91.782,Government,
Haruyalchari Community Clinic,Chattogram,Fatikchari,22.721,91.821,Government,
Taillerbita Community Clinic,Chattogram,Fatikchari,22.735,91.835,Government,
West Adharmanik Community Clinic,Chattogram,Fatikchari,22.705,91.815,Government,
Paschim Jahanpur Community Clinic,Chattogram,Fatikchari,22.692,91.802,Government,
Manikpur Community Clinic,Chattogram,Fatikchari,22.671,91.791,Government,
Dakshin Kancannagara Community Clinic,Chattogram,Fatikchari,22.665,91.855,Government,
Gopal Gata Community Clinic,Chattogram,Fatikchari,22.655,91.845,Government,
Lelang Community Clinic,Chattogram,Fatikchari,22.645,91.835,Government,
Dal Kata Community Clinic,Chattogram,Fatikchari,22.712,91.772,Government,
Khiram Community Clinic,Chattogram,Fatikchari,22.725,91.765,Government,
Kipait Nagar Community Clinic,Chattogram,Fatikchari,22.738,91.758,Government,
Maij Vander Community Clinic,Chattogram,Fatikchari,22.685,91.785,Government,
Bahaddharpar Community Clinic,Chattogram,Fatikchari,22.755,91.825,Government,
Betagi Community Clinic,Chattogram,Rangunia,22.475,92.055,Government,
Dhamairhat Community Clinic,Chattogram,Rangunia,22.492,92.042,Government,
Hosnabad Community Clinic,Chattogram,Rangunia,22.505,92.065,Government,
Sharafbhata Community Clinic,Chattogram,Rangunia,22.465,92.025,Government,
Andarmaink Community Clinic,Chattogram,Raozan,22.525,91.945,Government,
Noajishpur Community Clinic,Chattogram,Raozan,22.545,91.965,Government,
Abdusukur Community Clinic,Chattogram,Karnaphuli,22.312,91.832,Government,
Alhaj Monir Chowdhury Community Clinic,Chattogram,Patiya,22.295,91.965,Government,
Paschim Charlakhya Community Clinic,Chattogram,Karnaphuli,22.325,91.845,Government,
Dangerchar Community Clinic,Chattogram,Karnaphuli,22.335,91.855,Government,
Juldha Community Clinic,Chattogram,Karnaphuli,22.345,91.865,Government,
Shah Samia Nagar Community Clinic,Chattogram,Karnaphuli,22.305,91.825,Government,
Char Pathorghata Community Clinic,Chattogram,Karnaphuli,22.295,91.815,Government,
Haidgaon Community Clinic,Chattogram,Patiya,22.285,92.015,Government,
Ziree Community Clinic,Chattogram,Patiya,22.312,91.885,Government,
Jongolkhain Community Clinic,Chattogram,Patiya,22.325,91.905,Government,
Kharna Community Clinic,Chattogram,Patiya,22.245,91.985,Government,
Kolagaon Community Clinic,Chattogram,Patiya,22.265,91.955,Government,
Kuchuai Community Clinic,Chattogram,Patiya,22.292,91.935,Government,
Kushumpura Community Clinic,Chattogram,Patiya,22.335,91.925,Government,
Laharkandi Community Clinic,Lakshmipur,Lakshmipur Sadar,22.955,90.815,Government,
Mandari Community Clinic,Lakshmipur,Lakshmipur Sadar,22.975,90.835,Government,
Parbotinagar Community Clinic,Lakshmipur,Lakshmipur Sadar,22.985,90.805,Government,
Shakchar Community Clinic,Lakshmipur,Lakshmipur Sadar,22.935,90.825,Government,
Uttar Joypur Community Clinic,Lakshmipur,Lakshmipur Sadar,22.995,90.845,Government,
Char Mohona Community Clinic,Lakshmipur,Raipur,23.025,90.765,Government,
Charpata Community Clinic,Lakshmipur,Raipur,23.015,90.755,Government,
Daxin Char Ababi Community Clinic,Lakshmipur,Raipur,23.045,90.735,Government,
Daxin Char Bongshi Community Clinic,Lakshmipur,Raipur,23.055,90.725,Government,
Kerowa Community Clinic,Lakshmipur,Raipur,23.041,90.782,Government,
Raipur Community Clinic,Lakshmipur,Raipur,23.035,90.765,Government,
Shonapur Community Clinic,Lakshmipur,Raipur,23.065,90.745,Government,
Uttar Char Bongshi Community Clinic,Lakshmipur,Raipur,23.075,90.715,Government,
Chandripur Community Clinic,Lakshmipur,Ramganj,23.115,90.845,Government,
Char Dorbesh Community Clinic,Lakshmipur,Ramganj,23.125,90.865,Government,
Isapur Community Clinic,Lakshmipur,Ramganj,23.095,90.885,Government,
Nowa Gaown Community Clinic,Lakshmipur,Ramganj,23.075,90.835,Government,
Vadur Community Clinic,Lakshmipur,Ramganj,23.135,90.825,Government,
Barkait Community Clinic,Cumilla,Chandina,23.465,91.025,Government,
Dollai Nowabad Community Clinic,Cumilla,Chandina,23.505,91.045,Government,
Madhaiya Community Clinic,Cumilla,Chandina,23.515,90.995,Government,
Batisa Community Clinic,Cumilla,Chauddagram,23.225,91.325,Government,
Cheora Community Clinic,Cumilla,Chauddagram,23.245,91.305,Government,
Ghunabati Community Clinic,Cumilla,Chauddagram,23.195,91.345,Government,
Munshirhat Community Clinic,Cumilla,Chauddagram,23.295,91.315,Government,
Shuvapur Community Clinic,Cumilla,Chauddagram,23.305,91.335,Government,
Goalmari Community Clinic,Cumilla,Daudkandi,23.545,90.725,Government,
Maruka Community Clinic,Cumilla,Daudkandi,23.505,90.705,Government,
Mohammadpur Community Clinic,Cumilla,Daudkandi,23.565,90.745,Government,
Sundalpur Community Clinic,Cumilla,Daudkandi,23.485,90.715,Government,
Barkamta Community Clinic,Cumilla,Debidwar,23.595,91.025,Government,
Gunaighar Community Clinic,Cumilla,Debidwar,23.625,91.005,Government,
Rajamehar Community Clinic,Cumilla,Debidwar,23.565,91.025,Government,
Shaliharpur Community Clinic,Cumilla,Debidwar,23.605,91.045,Government,
Asadpur Community Clinic,Cumilla,Homna,23.715,90.825,Government,
Dulalpur Community Clinic,Cumilla,Homna,23.675,90.785,Government,
Ghayaspur Community Clinic,Cumilla,Homna,23.735,90.805,Government,
Nilokhi Community Clinic,Cumilla,Homna,23.645,90.835,Government,
Bakshimul Community Clinic,Cumilla,Laksam,23.245,91.145,Government,
Kandirpar Community Clinic,Cumilla,Laksam,23.225,91.125,Government,
Mudaffargonj Community Clinic,Cumilla,Laksam,23.265,91.105,Government,
Akubpur Community Clinic,Cumilla,Muradnagar,23.645,90.965,Government,
Banguri Community Clinic,Cumilla,Muradnagar,23.625,90.925,Government,
Chapitala Community Clinic,Cumilla,Muradnagar,23.695,90.935,Government,
Purbagair Community Clinic,Cumilla,Muradnagar,23.615,90.985,Government,
Ramchandrapur Community Clinic,Cumilla,Muradnagar,23.705,90.915,Government,
Bakshiganj Community Clinic,Cumilla,Nangalkot,23.125,91.235,Government,
Dhalua Community Clinic,Cumilla,Nangalkot,23.105,91.205,Government,
Hesakhal Community Clinic,Cumilla,Nangalkot,23.145,91.195,Government,
Mokarrai Community Clinic,Cumilla,Nangalkot,23.165,91.245,Government,
Zia Nagar Community Clinic,Cumilla,Nangalkot,23.135,91.225,Government,
Jagatpur Community Clinic,Cumilla,Titas,23.625,90.785,Government,
Kalakandi Community Clinic,Cumilla,Titas,23.605,90.745,Government,
Satani Community Clinic,Cumilla,Titas,23.645,90.755,Government,
Bipulasar Community Clinic,Cumilla,Monohargonj,23.125,91.135,Government,
Lakshmanpur Community Clinic,Cumilla,Monohargonj,23.105,91.095,Government,
Natherpetua Community Clinic,Cumilla,Monohargonj,23.145,91.125,Government,
Radhanagar Community Clinic,Cumilla,Meghna,23.545,90.685,Government,
Anandapur Community Clinic,Feni,Fulgazi,23.125,91.465,Government,
Munshirhat Community Clinic,Feni,Fulgazi,23.145,91.425,Government,
Char Chandia Community Clinic,Feni,Sonagazi,22.845,91.375,Government,
Char Majlishpur Community Clinic,Feni,Sonagazi,22.865,91.415,Government,
Mongalkandi Community Clinic,Feni,Sonagazi,22.885,91.385,Government,
Boxmahmud Community Clinic,Feni,Parshuram,23.225,91.465,Government,
Mirzanagar Community Clinic,Feni,Parshuram,23.245,91.425,Government,
Matubhuiyan Community Clinic,Feni,Daganbhuiyan,22.945,91.335,Government,
Rajapur Community Clinic,Feni,Daganbhuiyan,22.965,91.295,Government,
Sindurpur Community Clinic,Feni,Daganbhuiyan,22.985,91.325,Government,
Gopal Community Clinic,Feni,Chhagalnaiya,23.025,91.545,Government,
Mahamaya Community Clinic,Feni,Chhagalnaiya,23.045,91.505,Government,
Radhanagar Community Clinic,Feni,Chhagalnaiya,22.975,91.555,Government,
Dhalia Community Clinic,Feni,Feni Sadar,23.025,91.385,Government,
Laskar Community Clinic,Feni,Feni Sadar,22.985,91.425,Government,
Sharshadi Community Clinic,Feni,Feni Sadar,23.045,91.405,Government,
Gazipur Community Clinic,Chandpur,Chandpur Sadar,23.245,90.635,Government,
Hanarohar Community Clinic,Chandpur,Chandpur Sadar,23.225,90.675,Government,
Rampur Community Clinic,Chandpur,Chandpur Sadar,23.265,90.665,Government,
Bakal Community Clinic,Chandpur,Haimchar,23.075,90.625,Government,
Char Bhairabi Community Clinic,Chandpur,Haimchar,23.055,90.665,Government,
Ashrafpur Community Clinic,Chandpur,Kachua,23.345,90.915,Government,
Gohat Community Clinic,Chandpur,Kachua,23.365,90.875,Government,
Pathair Community Clinic,Chandpur,Kachua,23.325,90.885,Government,
Sahadevpur Community Clinic,Chandpur,Kachua,23.385,90.925,Government,
Nayergaon Community Clinic,Chandpur,Matlab Uttar,23.445,90.715,Government,
Sultanabad Community Clinic,Chandpur,Matlab Uttar,23.485,90.675,Government,
Chengarchir Community Clinic,Chandpur,Matlab Uttar,23.425,90.705,Government,
Khadergaon Community Clinic,Chandpur,Matlab Dakshin,23.335,90.735,Government,
Upadi Community Clinic,Chandpur,Matlab Dakshin,23.355,90.695,Government,
Meher Community Clinic,Chandpur,Shahrasti,23.235,90.935,Government,
Suchipara Community Clinic,Chandpur,Shahrasti,23.215,90.975,Government,
Tamasar Community Clinic,Chandpur,Shahrasti,23.255,90.945,Government,
Merung Community Clinic,Khagrachari,Dighinala,23.265,92.085,Government,
Kabakhali Community Clinic,Khagrachari,Dighinala,23.225,92.045,Government,
Dulluchhari Community Clinic,Khagrachari,Lakshmichhari,22.855,91.895,Government,
Guimara Community Clinic,Khagrachari,Mahalchhari,22.935,92.025,Government,
Sindukchhari Community Clinic,Khagrachari,Mahalchhari,22.915,92.065,Government,
Batnatoli Community Clinic,Khagrachari,Manikchhari,22.865,91.825,Government,
Taindong Community Clinic,Khagrachari,Matiranga,23.115,91.875,Government,
Gumti Community Clinic,Khagrachari,Matiranga,23.095,91.915,Government,
Logang Community Clinic,Khagrachari,Panchhari,23.285,91.895,Government,
Latiban Community Clinic,Khagrachari,Panchhari,23.245,91.935,Government,
Hafchhari Community Clinic,Khagrachari,Ramgarh,23.015,91.695,Government,
Sarushia Community Clinic,Khagrachari,Ramgarh,22.995,91.735,Government,
Marishya Community Clinic,Rangamati,Baghaichhari,23.185,92.245,Government,
Sarwatoli Community Clinic,Rangamati,Baghaichhari,23.145,92.205,Government,
Subalong Community Clinic,Rangamati,Barkal,22.745,92.385,Government,
Aimachara Community Clinic,Rangamati,Barkal,22.705,92.345,Government,
Ghagra Community Clinic,Rangamati,Kawkhali,22.595,91.985,Government,
Betbunia Community Clinic,Rangamati,Kawkhali,22.555,91.945,Government,
Farua Community Clinic,Rangamati,Belaichhari,22.485,92.415,Government,
Chitmaram Community Clinic,Rangamati,Kaptai,22.495,92.255,Government,
Chandraghona Community Clinic,Rangamati,Kaptai,22.455,92.215,Government,
Moinymukh Community Clinic,Rangamati,Langadu,22.965,92.185,Government,
Gulshakhali Community Clinic,Rangamati,Langadu,22.925,92.145,Government,
Burighat Community Clinic,Rangamati,Naniarchar,22.865,92.155,Government,
Ghila Chhari Community Clinic,Rangamati,Naniarchar,22.825,92.115,Government,
Gainda Community Clinic,Rangamati,Rajasthali,22.395,92.245,Government,
Ghilachhari Community Clinic,Rangamati,Rajasthali,22.355,92.205,Government,
Choykhyong Community Clinic,Bandarban,Alikadam,21.665,92.345,Government,
Fasakhali Community Clinic,Bandarban,Lama,21.795,92.225,Government,
Gajalia Community Clinic,Bandarban,Lama,21.755,92.185,Government,
Ghumdhum Community Clinic,Bandarban,Naikhongchhari,21.425,92.215,Government,
Baishari Community Clinic,Bandarban,Naikhongchhari,21.385,92.175,Government,
Alekhyong Community Clinic,Bandarban,Rowangchhari,22.175,92.365,Government,
Remakree Pransha Community Clinic,Bandarban,Ruma,22.065,92.445,Government,
Remakree Community Clinic,Bandarban,Thanchi,21.795,92.455,Government,
Purbo Hazipur Community Clinic,Noakhali,Begumganj,22.951,91.121,Government,
Purbo Kadirpur Community Clinic,Noakhali,Begumganj,22.961,91.131,Government,
Madhyo Kadirpur Community Clinic,Noakhali,Begumganj,22.965,91.141,Government,
Paschim Kadirpur Community Clinic,Noakhali,Begumganj,22.968,91.151,Government,
Aleyapur Community Clinic,Noakhali,Begumganj,22.942,91.091,Government,
Kutubpur Community Clinic,Noakhali,Begumganj,22.935,91.115,Government,
Paschim Kutubpur Community Clinic,Noakhali,Begumganj,22.931,91.105,Government,
Kendurbag Community Clinic,Noakhali,Begumganj,22.955,91.155,Government,
Miralipur Community Clinic,Noakhali,Begumganj,22.958,91.165,Government,
Miroyarispur Community Clinic,Noakhali,Begumganj,22.961,91.175,Government,
Madhab Singh Community Clinic,Noakhali,Begumganj,22.972,91.185,Government,
Rajullapur Community Clinic,Noakhali,Begumganj,22.975,91.195,Government,
Tetuia Community Clinic,Noakhali,Begumganj,22.978,91.205,Government,
Purba Lautali Community Clinic,Noakhali,Begumganj,22.982,91.215,Government,
Latifpur Community Clinic,Noakhali,Begumganj,22.985,91.225,Government,
Chourasta Community Clinic,Noakhali,Noakhali Sadar,22.862,91.102,Government,
Badaripur Community Clinic,Noakhali,Noakhali Sadar,22.871,91.091,Government,
Kalacanpur Community Clinic,Noakhali,Noakhali Sadar,22.875,91.115,Government,
Killarchar Community Clinic,Noakhali,Noakhali Sadar,22.882,91.125,Government,
Machimpur Community Clinic,Noakhali,Noakhali Sadar,22.885,91.135,Government,
Lalpur Community Clinic,Noakhali,Noakhali Sadar,22.891,91.145,Government,
Monsadpur Community Clinic,Noakhali,Noakhali Sadar,22.895,91.155,Government,
Brammapur Community Clinic,Noakhali,Noakhali Sadar,22.902,91.165,Government,
Mahtabpur Community Clinic,Noakhali,Noakhali Sadar,22.905,91.175,Government,
Hakimpur Community Clinic,Noakhali,Noakhali Sadar,22.912,91.185,Government,
Khalla Community Clinic,Brahmanbaria,Bancharampur,23.785,90.805,Government,
Jaykalipur Community Clinic,Brahmanbaria,Bancharampur,23.775,90.815,Government,
Baherachar Community Clinic,Brahmanbaria,Bancharampur,23.795,90.795,Government,
Radhanagara Community Clinic,Brahmanbaria,Bancharampur,23.805,90.815,Government,
Atla Community Clinic,Brahmanbaria,Brahmanbaria Sadar,23.955,91.125,Government,
Barisal Community Clinic,Brahmanbaria,Brahmanbaria Sadar,23.945,91.135,Government,
Bhadeswara Community Clinic,Brahmanbaria,Brahmanbaria Sadar,23.961,91.112,Government,
Ghatiyara Community Clinic,Brahmanbaria,Brahmanbaria Sadar,23.975,91.145,Government,
Ujanisar Community Clinic,Brahmanbaria,Brahmanbaria Sadar,23.935,91.121,Government,
Sikarpur Community Clinic,Brahmanbaria,Kasba,23.735,91.155,Government,
Beltali Community Clinic,Brahmanbaria,Kasba,23.745,91.165,Government,
Raghurampur Community Clinic,Brahmanbaria,Kasba,23.755,91.175,Government,
Binauti Community Clinic,Brahmanbaria,Kasba,23.765,91.185,Government,
Chakcandrapur Community Clinic,Brahmanbaria,Kasba,23.775,91.195,Government,
Chapia Community Clinic,Brahmanbaria,Kasba,23.785,91.205,Government,
Gopinathpur Community Clinic,Brahmanbaria,Kasba,23.765,91.135,Government,
Barai Community Clinic,Brahmanbaria,Kasba,23.715,91.125,Government,
Dhajanagar Community Clinic,Brahmanbaria,Kasba,23.725,91.135,Government,
Rajanagar Community Clinic,Brahmanbaria,Kasba,23.735,91.145,Government,
Dubacail Community Clinic,Brahmanbaria,Nabinagar,23.885,90.975,Government,
Jastuya Community Clinic,Brahmanbaria,Nabinagar,23.875,90.965,Government,
Sahapur Community Clinic,Brahmanbaria,Nabinagar,23.895,90.985,Government,
Bhitibisara Community Clinic,Brahmanbaria,Nabinagar,23.905,90.995,Government,
Kalgara Community Clinic,Brahmanbaria,Nabinagar,23.915,91.005,Government,
Baghaura Community Clinic,Brahmanbaria,Nabinagar,23.855,91.015,Government,
Kajliya Community Clinic,Brahmanbaria,Nabinagar,23.845,91.025,Government,
Kanikara Community Clinic,Brahmanbaria,Nabinagar,23.835,91.035,Government,
Baniyachong Community Clinic,Brahmanbaria,Nabinagar,23.865,90.955,Government,
Noyagram Community Clinic,Brahmanbaria,Nabinagar,23.825,90.945,Government,
Temtuiyara Community Clinic,Cumilla,Cumilla Adarsha Sadar,23.465,91.185,Government,
Alipur Community Clinic,Cumilla,Cumilla Adarsha Sadar,23.475,91.195,Government,
Bharlabpur Community Clinic,Cumilla,Cumilla Adarsha Sadar,23.485,91.205,Government,
Krsanpur Community Clinic,Cumilla,Cumilla Adarsha Sadar,23.455,91.175,Government,
Raychow Community Clinic,Cumilla,Cumilla Adarsha Sadar,23.445,91.165,Government,
Saidpur Community Clinic,Cumilla,Cumilla Adarsha Sadar,23.435,91.155,Government,
Saktala Community Clinic,Cumilla,Cumilla Adarsha Sadar,23.425,91.145,Government,
Dumariya Chandpur Community Clinic,Cumilla,Cumilla Adarsha Sadar,23.415,91.135,Government,
Golabari Community Clinic,Cumilla,Cumilla Adarsha Sadar,23.405,91.125,Government,
Mohammadpur Community Clinic,Cumilla,Cumilla Sadar Dakshin,23.412,91.201,Government,
Shibpur Community Clinic,Cumilla,Cumilla Sadar Dakshin,23.405,91.192,Government,
Sinduya Community Clinic,Cumilla,Cumilla Sadar Dakshin,23.395,91.185,Government,
Tangirpar Community Clinic,Cumilla,Cumilla Sadar Dakshin,23.385,91.175,Government,
Belghar Community Clinic,Cumilla,Lalmai,23.375,91.165,Government,
Dumariya Community Clinic,Cumilla,Lalmai,23.365,91.155,Government,
Jalgao Community Clinic,Cumilla,Lalmai,23.355,91.145,Government,
Kalora Community Clinic,Cumilla,Lalmai,23.345,91.135,Government,
Premnal Community Clinic,Cumilla,Lalmai,23.335,91.125,Government,
Amuya Community Clinic,Cumilla,Lalmai,23.325,91.115,Government,
Munsir Kalmiya Community Clinic,Cumilla,Nangalkot,23.135,91.205,Government,
Periya Community Clinic,Cumilla,Nangalkot,23.125,91.215,Government,
Mahini Community Clinic,Cumilla,Nangalkot,23.145,91.225,Government,
Belta Community Clinic,Cumilla,Nangalkot,23.155,91.235,Government,
Betgao Community Clinic,Cumilla,Nangalkot,23.115,91.245,Government,
Laksipaduya Community Clinic,Cumilla,Nangalkot,23.165,91.255,Government,
Raikot Community Clinic,Cumilla,Nangalkot,23.175,91.265,Government,
Balrampur Community Clinic,Cumilla,Titas,23.615,90.755,Government,
Daskandi Community Clinic,Cumilla,Titas,23.625,90.765,Government,
Manikakandi Community Clinic,Cumilla,Titas,23.635,90.775,Government,
Purbo Pathannagar Community Clinic,Feni,Chhagalnaiya,23.035,91.515,Government,
Basikpur Community Clinic,Feni,Fulgazi,23.135,91.435,Government,
Kamuya Community Clinic,Feni,Fulgazi,23.145,91.425,Government,
Karaiya Kalikapur Community Clinic,Feni,Fulgazi,23.155,91.415,Government,
Mohammadpur Community Clinic,Feni,Parshuram,23.215,91.435,Government,
Uttar Ketaranga Community Clinic,Feni,Parshuram,23.225,91.445,Government,
Dakshin Guthua Community Clinic,Feni,Parshuram,23.235,91.455,Government,
Durgapur Community Clinic,Feni,Parshuram,23.245,91.465,Government,
Madhyam Chandana Community Clinic,Feni,Parshuram,23.255,91.475,Government,
Mali Pathor Community Clinic,Feni,Parshuram,23.265,91.485,Government,
Uttar Alipur Community Clinic,Feni,Daganbhuiyan,22.955,91.305,Government,
Rashidpur Community Clinic,Feni,Daganbhuiyan,22.965,91.315,Government,
Drappur Community Clinic,Feni,Daganbhuiyan,22.975,91.325,Government,
Hasangani Community Clinic,Feni,Daganbhuiyan,22.985,91.335,Government,
Kerniya Community Clinic,Feni,Daganbhuiyan,22.995,91.345,Government,
Paschim Ramchandrapur Community Clinic,Feni,Daganbhuiyan,22.945,91.295,Government,
Alatali Community Clinic,Feni,Daganbhuiyan,22.935,91.285,Government,
Dilpur Community Clinic,Feni,Daganbhuiyan,22.925,91.275,Government,
Kausulo Community Clinic,Feni,Daganbhuiyan,22.915,91.265,Government,
Raghunathpur Community Clinic,Feni,Daganbhuiyan,22.905,91.255,Government,
Majidarpara Community Clinic,Chattogram,Lohagara,22.025,92.105,Government,
Noyabila Community Clinic,Chattogram,Lohagara,22.035,92.115,Government,
Pantrisa Community Clinic,Chattogram,Lohagara,21.985,92.135,Government,
Rahamaniya Community Clinic,Chattogram,Lohagara,21.975,92.125,Government,
Satghar Community Clinic,Chattogram,Lohagara,21.965,92.112,Government,
Adarchar Community Clinic,Chattogram,Lohagara,22.071,92.105,Government,
Kalaujan Community Clinic,Chattogram,Lohagara,22.085,92.115,Government,
Meyajipara Community Clinic,Chattogram,Lohagara,22.035,92.095,Government,
Uttar Kalaujana Community Clinic,Chattogram,Lohagara,22.092,92.122,Government,
Paharcada Community Clinic,Chattogram,Lohagara,22.105,92.118,Government,
Shaker Mohammad Community Clinic,Cox's Bazar,Chakaria,21.758,92.078,Government,
Hari Khola Community Clinic,Cox's Bazar,Chakaria,21.765,92.085,Government,
Telia Kata Community Clinic,Cox's Bazar,Pekua,21.855,91.965,Government,
Godikata Community Clinic,Cox's Bazar,Pekua,21.865,91.975,Government,
Komdong Para Community Clinic,Bandarban,Bandarban Sadar,22.195,92.218,Government,
Baish Pari Community Clinic,Bandarban,Lama,21.785,92.195,Government,
Jalpaitali Community Clinic,Bandarban,Lama,21.795,92.205,Government,
Narayanpur Community Clinic,Lakshmipur,Ramganj,23.115,90.845,Government,
Jaypura Community Clinic,Lakshmipur,Ramganj,23.125,90.855,Government,
Sapali Para Community Clinic,Lakshmipur,Ramganj,23.135,90.865,Government,
Sekhpura Community Clinic,Lakshmipur,Ramganj,23.145,90.875,Government,
Badarpur Community Clinic,Lakshmipur,Ramganj,23.155,90.885,Government,
Karpara Community Clinic,Lakshmipur,Ramganj,23.165,90.895,Government,
Dashpara Community Clinic,Lakshmipur,Ramganj,23.105,90.835,Government,
Uttar Kalikapur Community Clinic,Lakshmipur,Ramganj,23.095,90.825,Government,
Rasulpur Community Clinic,Lakshmipur,Ramganj,23.085,90.815,Government,
Dakshin Kalikapur Community Clinic,Lakshmipur,Ramganj,23.075,90.805,Government,
Asar Kota Community Clinic,Lakshmipur,Ramganj,23.065,90.795,Government,
Bariyais Community Clinic,Lakshmipur,Ramganj,23.055,90.785,Government,
Noyagao Community Clinic,Lakshmipur,Ramganj,23.045,90.775,Government,
Anwar Chairman Community Clinic,Lakshmipur,Ramgati,22.605,90.995,Government,
Janata Bazar Community Clinic,Lakshmipur,Ramgati,22.615,91.005,Government,
Amajadiya Community Clinic,Lakshmipur,Ramgati,22.625,91.015,Government,
Serajul Haq President's Bari CC,Lakshmipur,Lakshmipur Sadar,22.944,90.8285,Government,
Wali Ullah Miah Bari Community Clinic,Lakshmipur,Lakshmipur Sadar,22.955,90.835,Government,
Bot Toli Ibrahim Pat. Bari CC,Lakshmipur,Lakshmipur Sadar,22.965,90.845,Government,
Denbari Totarkhil Community Clinic,Lakshmipur,Lakshmipur Sadar,22.975,90.855,Government,
Karoitola Mofizmaster Bari CC,Lakshmipur,Lakshmipur Sadar,22.985,90.865,Government,
Patwari Bari Borolia Community Clinic,Lakshmipur,Lakshmipur Sadar,22.9,,,
Matiranga Upazila Health Complex,Khagrachari,Matiranga,23.1052,91.8851,Government,01730-324811
Panchhari Upazila Health Complex,Khagrachari,Panchhari,23.2755,91.9055,Government,01730-324812
Ramgarh Upazila Health Complex,Khagrachari,Ramgarh,23.0055,91.7052,Government,01730-324813
Khagrachari Chest Disease Clinic,Khagrachari,Khagrachari Sadar,23.1115,91.9855,Government,
Khagrachari Police Hospital,Khagrachari,Khagrachari Sadar,23.1025,91.9825,Government,
Hafchhari Union Health Sub Center,Khagrachari,Ramgarh,23.0155,91.6955,Government,
Sarushia Union Health Sub Center,Khagrachari,Ramgarh,22.9955,91.7355,Government,
Gumti Union Health Sub Center,Khagrachari,Matiranga,23.0955,91.9155,Government,
Taindong Union Health Sub Center,Khagrachari,Matiranga,23.1155,91.8755,Government,
Logang Union Health Sub Center,Khagrachari,Panchhari,23.2855,91.8955,Government,
Latiban Union Health Sub Center,Khagrachari,Panchhari,23.2455,91.9355,Government,
Babuchara Union Health Sub Center,Khagrachari,Dighinala,23.285,92.095,Government,
Chotto Merung Union Health Sub Center,Khagrachari,Dighinala,23.195,92.025,Government,
Lakshmipur 250 Bed District Hospital,Lakshmipur,Lakshmipur Sadar,22.9442,90.8288,Government,0381-55585
Ramganj Upazila Health Complex,Lakshmipur,Ramganj,23.1055,90.8552,Government,01730-324804
Raipur Upazila Health Complex,Lakshmipur,Raipur,23.0355,90.7652,Government,01730-324803
Ramgati Upazila Health Complex,Lakshmipur,Ramgati,22.6055,90.9952,Government,01730-324805
Komolnagar Upazila Health Complex,Lakshmipur,Komolnagar,22.7555,90.8752,Government,01730-324806
Lakshmipur Chest Disease Clinic,Lakshmipur,Lakshmipur Sadar,22.9482,90.8282,Government,
Lakshmipur Mother & Child Welfare Center,Lakshmipur,Lakshmipur Sadar,22.9455,90.8252,Government,
Char Ababil Union Health Sub Center,Lakshmipur,Raipur,23.0555,90.7455,Government,
Char Mohana Union Health Sub Center,Lakshmipur,Raipur,23.0155,90.7855,Government,
Kerwa Union Health Sub Center,Lakshmipur,Raipur,23.0455,90.7755,Government,
Bhadur Union Health Sub Center,Lakshmipur,Ramganj,23.1255,90.8355,Government,
Ichapur Union Health Sub Center,Lakshmipur,Ramganj,23.0855,90.8755,Government,
Kanchanpur Union Health Sub Center,Lakshmipur,Ramganj,23.1455,90.8655,Government,
Noagaon Union Health Sub Center,Lakshmipur,Ramganj,23.0655,90.8455,Government,
Char Poragacha Health Sub Center,Lakshmipur,Ramgati,22.6255,90.9755,Government,
Char Ramani Mohan Sub Center,Lakshmipur,Ramgati,22.5855,91.0155,Government,
Sahebherhat Health Sub Center,Lakshmipur,Komolnagar,22.7755,90.8555,Government,
Torabganj Union Health Sub Center,Lakshmipur,Komolnagar,22.7355,90.8955,Government,
Noakhali Chest Disease Hospital,Noakhali,Noakhali Sadar,22.871,91.105,Government,0321-61049
Maizdee Chest Disease Clinic,Noakhali,Noakhali Sadar,22.865,91.102,Government,
Begumganj Chest Disease Clinic,Noakhali,Begumganj,22.9485,91.1085,Government,
Noakhali Jail Hospital,Noakhali,Noakhali Sadar,22.8615,91.1025,Government,
Subarnachar Upazila Health Complex,Noakhali,Subarnachar,22.5855,91.1555,Government,01730-324768
Kabirhat Upazila Health Complex,Noakhali,Kabirhat,22.8355,91.2055,Government,01730-324769
Hatiya Upazila Health Complex,Noakhali,Hatiya,22.2855,91.1055,Government,01730-324765
Senbagh Upazila Health Complex,Noakhali,Senbagh,22.9855,91.2255,Government,01730-324767
Companiganj Upazila Health Complex,Noakhali,Companiganj,22.7555,91.2855,Government,01730-324764
Chatkhil Upazila Health Complex,Noakhali,Chatkhil,23.0555,90.9555,Government,01730-324763
Noakhali 20 Bed Hospital (Choralgi),Noakhali,Hatiya,22.2515,91.1155,Government,
Feni 250 Bed District Sadar Hospital,Feni,Feni Sadar,23.0145,91.3985,Government,0331-74045
Chhagalnaiya Upazila Health Complex,Feni,Chhagalnaiya,23.0355,91.5155,Government,01730-324793
Daganbhuiyan Upazila Health Complex,Feni,Daganbhuiyan,22.9555,91.3055,Government,01730-324794
Parshuram Upazila Health Complex,Feni,Parshuram,23.2155,91.4355,Government,01730-324795
Sonagazi Upazila Health Complex,Feni,Sonagazi,22.8555,91.3855,Government,01730-324796
Fulgazi Upazila Health Complex,Feni,Fulgazi,23.1355,91.4355,Government,01730-324797
Feni Chest Disease Clinic,Feni,Feni Sadar,23.0185,91.3985,Government,
Feni Police Hospital,Feni,Feni Sadar,23.0115,91.3915,Government,
Feni Jail Hospital,Feni,Feni Sadar,23.0125,91.3925,Government,
Dhalia Union Health Sub Center,Feni,Feni Sadar,23.0355,91.3755,Government,
Laskar Union Health Sub Center,Feni,Feni Sadar,22.9955,91.4155,Government,
Sharshadi Union Health Sub Center,Feni,Feni Sadar,23.0555,91.3955,Government,
Gopal Union Health Sub Center,Feni,Chhagalnaiya,23.0155,91.5355,Government,
Mahamaya Union Health Sub Center,Feni,Chhagalnaiya,23.0555,91.4955,Government,
Radhanagar Union Health Sub Center,Feni,Chhagalnaiya,22.9855,91.5455,Government,
Matubhuiyan Union Health Sub Center,Feni,Daganbhuiyan,22.9355,91.3255,Government,
Rajapur Union Health Sub Center,Feni,Daganbhuiyan,22.9755,91.2855,Government,
Sindurpur Union Health Sub Center,Feni,Daganbhuiyan,22.9955,91.3155,Government,
Boxmahmud Union Health Sub Center,Feni,Parshuram,23.2355,91.4555,Government,
Mirzanagar Union Health Sub Center,Feni,Parshuram,23.2555,91.4155,Government,
Char Chandia Health Sub Center,Feni,Sonagazi,22.8355,91.3655,Government,
Char Majlishpur Health Sub Center,Feni,Sonagazi,22.8755,91.4055,Government,
Mongalkandi Union Health Sub Center,Feni,Sonagazi,22.8955,91.3755,Government,
Anandapur Union Health Sub Center,Feni,Fulgazi,23.1155,91.4555,Government,
Munshirhat Union Health Sub Center,Feni,Fulgazi,23.1555,91.4155,Government,
Chandpur 250 Bed General Hospital,Chandpur,Chandpur Sadar,23.2328,90.6415,Government,0841-63293
Hajiganj Upazila Health Complex,Chandpur,Hajiganj,23.255,90.855,Government,01730-324798
Kachua Upazila Health Complex,Chandpur,Kachua,23.3555,90.8855,Government,01730-324799
Matlab Dakshin Upazila Health Complex,Chandpur,Matlab Dakshin,23.3455,90.7055,Government,01730-324800
Matlab Uttar Upazila Health Complex,Chandpur,Matlab Uttar,23.4755,90.6855,Government,01730-324801
Shahrasti Upazila Health Complex,Chandpur,Shahrasti,23.2255,90.9455,Government,01730-324802
Chandpur Chest Disease Clinic,Chandpur,Chandpur Sadar,23.2385,90.6485,Government,
Chandpur Jail Hospital,Chandpur,Chandpur Sadar,23.2315,90.6425,Government,
Haimchar Upazila Health Complex,Chandpur,Haimchar,23.0655,90.6355,Government,01730-324798
Hanarohar Union Health Sub Center,Chandpur,Chandpur Sadar,23.2155,90.6655,Government,
Rampur Union Health Sub Center,Chandpur,Chandpur Sadar,23.2755,90.6555,Government,
Bakal Union Health Sub Center,Chandpur,Haimchar,23.0855,90.6155,Government,
Char Bhairabi Health Sub Center,Chandpur,Haimchar,23.0455,90.6555,Government,
Ashrafpur Union Health Sub Center,Chandpur,Kachua,23.3355,90.9055,Government,
Gohat Union Health Sub Center,Chandpur,Kachua,23.3755,90.8655,Government,
Pathair Union Health Sub Center,Chandpur,Kachua,23.3255,90.8855,Government,
Sahadevpur Union Health Sub Center,Chandpur,Kachua,23.3955,90.9155,Government,
Nayergaon Union Health Sub Center,Chandpur,Matlab Uttar,23.4555,90.7055,Government,
Sultanabad Union Health Sub Center,Chandpur,Matlab Uttar,23.4955,90.6655,Government,
Chengarchir Union Health Sub Center,Chandpur,Matlab Uttar,23.4355,90.6955,Government,
Khadergaon Union Health Sub Center,Chandpur,Matlab Dakshin,23.3255,90.7255,Government,
Upadi Union Health Sub Center,Chandpur,Matlab Dakshin,23.3655,90.6855,Government,
Meher Union Health Sub Center,Chandpur,Shahrasti,23.2455,90.9255,Government,
Suchipara Union Health Sub Center,Chandpur,Shahrasti,23.2055,90.9655,Government,
Tamasar Union Health Sub Center,Chandpur,Shahrasti,23.2555,90.9455,Government,
Comilla Medical College Hospital,Cumilla,Cumilla Adarsha Sadar,23.4445,91.2058,Government,081-65561
Comilla General Hospital,Cumilla,Cumilla Adarsha Sadar,23.4615,91.1815,Government,081-76762
Barura Upazila Health Complex,Cumilla,Barura,23.3755,91.0555,Government,01730-324779
Brahmanpara Upazila Health Complex,Cumilla,Brahmanpara,23.6155,91.1155,Government,01730-324780
Burichang Upazila Health Complex,Cumilla,Burichang,23.5555,91.1255,Government,01730-324781
Chandina Upazila Health Complex,Cumilla,Chandina,23.4855,91.0155,Government,01730-324782
Chauddagram Upazila Health Complex,Cumilla,Chauddagram,23.2155,91.3155,Government,01730-324783
Daudkandi Upazila Health Complex,Cumilla,Daudkandi,23.5355,90.7155,Government,01730-324784
Debidwar Upazila Health Complex,Cumilla,Debidwar,23.6055,91.0155,Government,01730-324785
Homna Upazila Health Complex,Cumilla,Homna,23.6855,90.7955,Government,01730-324786
Laksam Upazila Health Complex,Cumilla,Laksam,23.2355,91.1255,Government,01730-324787
Muradnagar Upazila Health Complex,Cumilla,Muradnagar,23.6355,90.9355,Government,01730-324788
Nangalkot Upazila Health Complex,Cumilla,Nangalkot,23.1355,91.2055,Government,01730-324789
Titas Upazila Health Complex,Cumilla,Titas,23.6155,90.7555,Government,01730-324790
Monohargonj Upazila Health Complex,Cumilla,Monohargonj,23.1155,91.1055,Government,01730-324791
Meghna Upazila Health Complex,Cumilla,Meghna,23.5155,90.6555,Government,01730-324792
Laksam Chest Disease Clinic,Cumilla,Laksam,23.2385,91.1285,Government,
Adra Union Health Sub Center,Cumilla,Barura,23.3555,91.0355,Government,
Aganagar Union Health Sub Center,Cumilla,Barura,23.3955,91.0755,Government,
Bhabanipur Union Health Sub Center,Cumilla,Barura,23.3255,91.0555,Government,
Shakalipur Union Health Sub Center,Cumilla,Barura,23.4155,91.0255,Government,
Chandla Union Health Sub Center,Cumilla,Brahmanpara,23.6355,91.1355,Government,
Madhabpur Union Health Sub Center,Cumilla,Brahmanpara,23.5955,91.0955,Government,
Sahebabad Union Health Sub Center,Cumilla,Brahmanpara,23.6555,91.1055,Government,
Baksimul Union Health Sub Center,Cumilla,Burichang,23.5355,91.1555,Government,
Moynamoti Health Sub Center,Cumilla,Burichang,23.4955,91.1155,Government,
Rajapur Union Health Sub Center,Cumilla,Burichang,23.5855,91.1455,Government,
Sholonal Union Health Sub Center,Cumilla,Burichang,23.5155,91.1055,Government,
Barkait Union Health Sub Center,Cumilla,Chandina,23.4555,91.0355,Government,
Dollai Nowabad Health Sub Center,Cumilla,Chandina,23.5155,91.0555,Government,
Madhaiya Union Health Sub Center,Cumilla,Chandina,23.5055,90.9855,Government,
Batisa Union Health Sub Center,Cumilla,Chauddagram,23.2355,91.3355,Government,
Cheora Union Health Sub Center,Cumilla,Chauddagram,23.2555,91.2955,Government,
Ghunabati Union Health Sub Center,Cumilla,Chauddagram,23.1855,91.3555,Government,
Munshirhat Union Health Sub Center,Cumilla,Chauddagram,23.2855,91.3255,Government,
Shuvapur Union Health Sub Center,Cumilla,Chauddagram,23.3155,91.3455,Government,
Goalmari Union Health Sub Center,Cumilla,Daudkandi,23.5555,90.7355,Government,
Maruka Union Health Sub Center,Cumilla,Daudkandi,23.5155,90.6955,Government,
Mohammadpur Union Health Sub Center,Cumilla,Daudkandi,23.5755,90.7555,Government,
Sundalpur Union Health Sub Center,Cumilla,Daudkandi,23.4955,90.7255,Government,
Barkamta Union Health Sub Center,Cumilla,Debidwar,23.5855,91.0355,Government,
Gunaighar Union Health Sub Center,Cumilla,Debidwar,23.6355,90.9955,Government,
Rajamehar Union Health Sub Center,Cumilla,Debidwar,23.5555,91.0155,Government,
Shaliharpur Health Sub Center,Cumilla,Debidwar,23.6155,91.0555,Government,
Asadpur Union Health Sub Center,Cumilla,Homna,23.7055,90.8155,Government,
Dulalpur Union Health Sub Center,Cumilla,Homna,23.6655,90.7755,Government,
Ghayaspur Union Health Sub Center,Cumilla,Homna,23.7255,90.7955,Government,
Nilokhi Union Health Sub Center,Cumilla,Homna,23.6555,90.8255,Government,
Bakshimul Union Health Sub Center,Cumilla,Laksam,23.2555,91.1555,Government,
Kandirpar Union Health Sub Center,Cumilla,Laksam,23.2155,91.1155,Government,
Mudaffargonj Health Sub Center,Cumilla,Laksam,23.2755,91.0955,Government,
Akubpur Union Health Sub Center,Cumilla,Muradnagar,23.6555,90.9555,Government,
Banguri Union Health Sub Center,Cumilla,Muradnagar,23.6155,90.9155,Government,
Chapitala Union Health Sub Center,Cumilla,Muradnagar,23.6855,90.9255,Government,
Purbagair Union Health Sub Center,Cumilla,Muradnagar,23.6055,90.9755,Government,
Ramchandrapur Health Sub Center,Cumilla,Muradnagar,23.7155,90.9055,Government,
Bakshiganj Union Health Sub Center,Cumilla,Nangalkot,23.1155,91.2255,Government,
Dhalua Union Health Sub Center,Cumilla,Nangalkot,23.0955,91.1955,Government,
Hesakhal Union Health Sub Center,Cumilla,Nangalkot,23.1555,91.1855,Government,
Mokarrai Union Health Sub Center,Cumilla,Nangalkot,23.1755,91.2355,Government,
Zia Nagar Health Sub Center,Cumilla,Nangalkot,23.1455,91.2155,Government,
Jagatpur Union Health Sub Center,Cumilla,Titas,23.6355,90.7755,Government,
Kalakandi Union Health Sub Center,Cumilla,Titas,23.5955,90.7355,Government,
Satani Union Health Sub Center,Cumilla,Titas,23.6555,90.7455,Government,
Bipulasar Union Health Sub Center,Cumilla,Monohargonj,23.1355,91.1255,Government,
Lakshmanpur Union Health Sub Center,Cumilla,Monohargonj,23.0955,91.0855,Government,
Natherpetua Union Health Sub Center,Cumilla,Monohargonj,23.1555,91.1155,Government,
Radhanagar Union Health Sub Center,Cumilla,Meghna,23.5355,90.6755,Government,
Bakhernagar Community Clinic,Brahmanbaria,Bancharampur,23.785,90.805,Government,
Joykalipur Community Clinic,Brahmanbaria,Bancharampur,23.775,90.815,Government,
Baherachar Community Clinic,Brahmanbaria,Bancharampur,23.795,90.795,Government,
Radhanagara Community Clinic,Brahmanbaria,Bancharampur,23.805,90.815,Government,
Bhatamatha Community Clinic,Brahmanbaria,Akhaura,23.872,91.222,Government,
Atla Community Clinic,Brahmanbaria,Brahmanbaria Sadar,23.955,91.125,Government,
Barisal Community Clinic,Brahmanbaria,Brahmanbaria Sadar,23.945,91.135,Government,
Bhadeswara Community Clinic,Brahmanbaria,Brahmanbaria Sadar,23.961,91.112,Government,
Ghatiyara Community Clinic,Brahmanbaria,Brahmanbaria Sadar,23.975,91.145,Government,
Ujanisar Community Clinic,Brahmanbaria,Brahmanbaria Sadar,23.935,91.121,Government,
Sikarpur Community Clinic,Brahmanbaria,Kasba,23.735,91.155,Government,
Beltali Community Clinic,Brahmanbaria,Kasba,23.745,91.165,Government,
Raghurampur Community Clinic,Brahmanbaria,Kasba,23.755,91.175,Government,
Binauti Community Clinic,Brahmanbaria,Kasba,23.765,91.185,Government,
Chakcandrapur Community Clinic,Brahmanbaria,Kasba,23.775,91.195,Government,
Chapia Community Clinic,Brahmanbaria,Kasba,23.785,91.205,Government,
Barai Community Clinic,Brahmanbaria,Kasba,23.715,91.125,Government,
Dhajanagar Community Clinic,Brahmanbaria,Kasba,23.725,91.135,Government,
Rajanagar Community Clinic,Brahmanbaria,Kasba,23.735,91.145,Government,
Dubacail Community Clinic,Brahmanbaria,Nabinagar,23.885,90.975,Government,
Jastuya Community Clinic,Brahmanbaria,Nabinagar,23.875,90.965,Government,
Sahapur Community Clinic,Brahmanbaria,Nabinagar,23.895,90.985,Government,
Bhitibisara Community Clinic,Brahmanbaria,Nabinagar,23.905,90.995,Government,
Kalgara Community Clinic,Brahmanbaria,Nabinagar,23.915,91.005,Government,
Baghaura Community Clinic,Brahmanbaria,Nabinagar,23.855,91.015,Government,
Kajliya Community Clinic,Brahmanbaria,Nabinagar,23.845,91.025,Government,
Kanikara Community Clinic,Brahmanbaria,Nabinagar,23.835,91.035,Government,
Baniyachong Community Clinic,Brahmanbaria,Nabinagar,23.865,90.955,Government,
Noyagram Community Clinic,Brahmanbaria,Nabinagar,23.825,90.945,Government,
Panchhari Community Clinic 01,Khagrachari,Panchhari,23.285,91.895,Government,
Latiban Community Clinic 01,Khagrachari,Panchhari,23.245,91.935,Government,
Logang Community Clinic 01,Khagrachari,Panchhari,23.295,91.885,Government,
Babuchara Community Clinic 01,Khagrachari,Dighinala,23.285,92.095,Government,
Chotto Merung Community Clinic 01,Khagrachari,Dighinala,23.195,92.025,Government,
Dighinala Community Clinic 01,Khagrachari,Dighinala,23.255,92.055,Government,
Kabakhali Community Clinic 01,Khagrachari,Dighinala,23.235,92.035,Government,
Merung Community Clinic 01,Khagrachari,Dighinala,23.275,92.075,Government,
Guimara Community Clinic 01,Khagrachari,Mahalchhari,22.945,92.015,Government,
Sindukchhari Community Clinic 01,Khagrachari,Mahalchhari,22.905,92.055,Government,
Mahalchhari Community Clinic 01,Khagrachari,Mahalchhari,22.925,92.035,Government,
Manikchhari Community Clinic 01,Khagrachari,Manikchhari,22.835,91.835,Government,
Batnatoli Community Clinic 01,Khagrachari,Manikchhari,22.855,91.815,Government,
Matiranga Community Clinic 01,Khagrachari,Matiranga,23.105,91.885,Government,
Gumti Community Clinic 01,Khagrachari,Matiranga,23.085,91.915,Government,
Taindong Community Clinic 01,Khagrachari,Matiranga,23.125,91.865,Government,
Ramgarh Community Clinic 01,Khagrachari,Ramgarh,23.005,91.705,Government,
Hafchhari Community Clinic 01,Khagrachari,Ramgarh,23.025,91.685,Government,
Sarushia Community Clinic 01,Khagrachari,Ramgarh,22.985,91.725,Government,
Baghaichhari Community Clinic 01,Rangamati,Baghaichhari,23.175,92.215,Government,
Marishya Community Clinic 01,Rangamati,Baghaichhari,23.195,92.235,Government,
Sarwatoli Community Clinic 01,Rangamati,Baghaichhari,23.155,92.195,Government,
Barkal Community Clinic 01,Rangamati,Barkal,22.735,92.355,Government,
Subalong Community Clinic 01,Rangamati,Barkal,22.755,92.375,Government,
Aimachara Community Clinic 01,Rangamati,Barkal,22.715,92.335,Government,
Kawkhali Community Clinic 01,Rangamati,Kawkhali,22.585,91.955,Government,
Ghagra Community Clinic 01,Rangamati,Kawkhali,22.605,91.975,Government,
Betbunia Community Clinic 01,Rangamati,Kawkhali,22.565,91.935,Government,
Belaichhari Community Clinic 01,Rangamati,Belaichhari,22.475,92.385,Government,
Farua Community Clinic 01,Rangamati,Belaichhari,22.495,92.405,Government,
Kaptai Community Clinic 01,Rangamati,Kaptai,22.485,92.225,Government,
Chitmaram Community Clinic 01,Rangamati,Kaptai,22.505,92.245,Government,
Chandraghona Community Clinic 01,Rangamati,Kaptai,22.465,92.205,Government,
Langadu Community Clinic 01,Rangamati,Langadu,22.955,92.155,Government,
Moinymukh Community Clinic 01,Rangamati,Langadu,22.975,92.175,Government,
Gulshakhali Community Clinic 01,Rangamati,Langadu,22.935,92.135,Government,
Naniarchar Community Clinic 01,Rangamati,Naniarchar,22.855,92.125,Government,
Burighat Community Clinic 01,Rangamati,Naniarchar,22.875,92.145,Government,
Ghila Chhari Community Clinic 01,Rangamati,Naniarchar,22.835,92.105,Government,
Rajasthali Community Clinic 01,Rangamati,Rajasthali,22.385,92.215,Government,
Gainda Community Clinic 01,Rangamati,Rajasthali,22.405,92.235,Government,
Ghilachhari Community Clinic 01,Rangamati,Rajasthali,22.365,92.195,Government,
Akhaura Community Clinic 01,Brahmanbaria,Akhaura,23.885,91.215,Government,
Mogra Community Clinic 01,Brahmanbaria,Akhaura,23.855,91.225,Government,
Monionda Community Clinic 01,Brahmanbaria,Akhaura,23.905,91.235,Government,
Bancharampur Community Clinic 01,Brahmanbaria,Bancharampur,23.785,90.805,Government,
Dariapur Community Clinic 01,Brahmanbaria,Bancharampur,23.775,90.815,Government,
Faridpur Community Clinic 01,Brahmanbaria,Bancharampur,23.805,90.785,Government,
Saifullakandi Community Clinic 01,Brahmanbaria,Bancharampur,23.755,90.835,Government,
Ujanchar Community Clinic 01,Brahmanbaria,Bancharampur,23.825,90.825,Government,
Bijoynagar Community Clinic 01,Brahmanbaria,Bijoynagar,23.955,91.255,Government,
Budanti Community Clinic 01,Brahmanbaria,Bijoynagar,23.985,91.245,Government,
Chandura Community Clinic 01,Brahmanbaria,Bijoynagar,23.965,91.275,Government,
Ichepahar Community Clinic 01,Brahmanbaria,Bijoynagar,23.935,91.265,Government,
Paharpur Community Clinic 01,Brahmanbaria,Bijoynagar,23.915,91.285,Government,
Singerbil Community Clinic 01,Brahmanbaria,Bijoynagar,23.945,91.225,Government,
Kasba Community Clinic 01,Brahmanbaria,Kasba,23.735,91.155,Government,
Bayek Community Clinic 01,Brahmanbaria,Kasba,23.705,91.175,Government,
Kayempur Community Clinic 01,Brahmanbaria,Kasba,23.715,91.125,Government,
Kuti Community Clinic 01,Brahmanbaria,Kasba,23.785,91.165,Government,
Mehari Community Clinic 01,Brahmanbaria,Kasba,23.745,91.185,Government,
Nabinagar Community Clinic 01,Brahmanbaria,Nabinagar,23.885,90.975,Government,
Birgaon Community Clinic 01,Brahmanbaria,Nabinagar,23.915,90.955,Government,
Laur Fatepur Community Clinic 01,Brahmanbaria,Nabinagar,23.855,91.015,Government,
Rasullabad Community Clinic 01,Brahmanbaria,Nabinagar,23.875,90.995,Government,
Ratanpur Community Clinic 01,Brahmanbaria,Nabinagar,23.835,90.965,Government,
Sreerampur Community Clinic 01,Brahmanbaria,Nabinagar,23.905,90.985,Government,
Nasirnagar Community Clinic 01,Brahmanbaria,Nasirnagar,24.215,91.215,Government,
Gokarna Community Clinic 01,Brahmanbaria,Nasirnagar,24.235,91.195,Government,
Gunda Community Clinic 01,Brahmanbaria,Nasirnagar,24.195,91.235,Government,
Kunda Community Clinic 01,Brahmanbaria,Nasirnagar,24.255,91.185,Government,
Sarail Community Clinic 01,Brahmanbaria,Sarail,24.115,91.125,Government,
Aruail Community Clinic 01,Brahmanbaria,Sarail,24.155,91.105,Government,
Chunta Community Clinic 01,Brahmanbaria,Sarail,24.135,91.155,Government,
Pakshimul Community Clinic 01,Brahmanbaria,Sarail,24.095,91.095,Government,
Shahbazpur Community Clinic 01,Brahmanbaria,Sarail,24.055,91.175,Government,
Ashuganj Community Clinic 01,Brahmanbaria,Ashuganj,24.035,90.995,Government,
Durgapur Community Clinic 01,Brahmanbaria,Ashuganj,24.015,90.985,Government,
Barura Community Clinic 01,Cumilla,Barura,23.375,91.055,Government,
Brahmanpara Community Clinic 01,Cumilla,Brahmanpara,23.615,91.115,Government,
Burichang Community Clinic 01,Cumilla,Burichang,23.555,91.125,Government,
Chandina Community Clinic 01,Cumilla,Chandina,23.485,91.015,Government,
Chauddagram Community Clinic 01,Cumilla,Chauddagram,23.215,91.315,Government,
Daudkandi Community Clinic 01,Cumilla,Daudkandi,23.535,90.715,Government,
Debidwar Community Clinic 01,Cumilla,Debidwar,23.605,91.015,Government,
Homna Community Clinic 01,Cumilla,Homna,23.685,90.795,Government,
Laksam Community Clinic 01,Cumilla,Laksam,23.235,91.125,Government,
Muradnagar Community Clinic 01,Cumilla,Muradnagar,23.635,90.935,Government,
Nangalkot Community Clinic 01,Cumilla,Nangalkot,23.135,91.205,Government,
Titas Community Clinic 01,Cumilla,Titas,23.615,90.755,Government,
Monohargonj Community Clinic 01,Cumilla,Monohargonj,23.115,91.105,Government,
Meghna Community Clinic 01,Cumilla,Meghna,23.515,90.655,Government,
Chhagalnaiya Community Clinic 01,Feni,Chhagalnaiya,23.035,91.515,Government,
Daganbhuiyan Community Clinic 01,Feni,Daganbhuiyan,22.955,91.305,Government,
Parshuram Community Clinic 01,Feni,Parshuram,23.215,91.435,Government,
Sonagazi Community Clinic 01,Feni,Sonagazi,22.855,91.385,Government,
Fulgazi Community Clinic 01,Feni,Fulgazi,23.135,91.435,Government,
Haimchar Community Clinic 01,Chandpur,Haimchar,23.065,90.635,Government,
Kachua Community Clinic 01,Chandpur,Kachua,23.355,90.885,Government,
Matlab Dakshin Community Clinic 01,Chandpur,Matlab Dakshin,23.345,90.705,Government,
Matlab Uttar Community Clinic 01,Chandpur,Matlab Uttar,23.475,90.685,Government,
Shahrasti Community Clinic 01,Chandpur,Shahrasti,23.225,90.945,Government,
Raipur Community Clinic 01,Lakshmipur,Raipur,23.035,90.765,Government,
Ramganj Community Clinic 01,Lakshmipur,Ramganj,23.105,90.855,Government,
Ramgati Community Clinic 01,Lakshmipur,Ramgati,22.605,90.995,Government,
Komolnagar Community Clinic 01,Lakshmipur,Komolnagar,22.755,90.875,Government,
Alikadam Community Clinic 01,Bandarban,Alikadam,21.655,92.315,Government,
Lama Community Clinic 01,Bandarban,Lama,21.785,92.195,Government,
Naikhongchhari Community Clinic 01,Bandarban,Naikhongchhari,21.415,92.185,Government,
Rowangchhari Community Clinic 01,Bandarban,Rowangchhari,22.165,92.335,Government,
Ruma Community Clinic 01,Bandarban,Ruma,22.055,92.415,Government,
Thanchi Community Clinic 01,Bandarban,Thanchi,21.785,92.425,Government,
Panchhari Community Clinic 02,Khagrachari,Panchhari,23.2855,91.8955,Government,
Latiban Community Clinic 02,Khagrachari,Panchhari,23.2455,91.9355,Government,
Logang Community Clinic 02,Khagrachari,Panchhari,23.2955,91.8855,Government,
Babuchara Community Clinic 02,Khagrachari,Dighinala,23.2855,92.0955,Government,
Chotto Merung Community Clinic 02,Khagrachari,Dighinala,23.1955,92.0255,Government,
Dighinala Community Clinic 02,Khagrachari,Dighinala,23.2555,92.0555,Government,
Kabakhali Community Clinic 02,Khagrachari,Dighinala,23.2355,92.0355,Government,
Merung Community Clinic 02,Khagrachari,Dighinala,23.2755,92.0755,Government,
Guimara Community Clinic 02,Khagrachari,Mahalchhari,22.9455,92.0155,Government,
Sindukchhari Community Clinic 02,Khagrachari,Mahalchhari,22.9055,92.0555,Government,
Mahalchhari Community Clinic 02,Khagrachari,Mahalchhari,22.9255,92.0355,Government,
Manikchhari Community Clinic 02,Khagrachari,Manikchhari,22.8355,91.8355,Government,
Batnatoli Community Clinic 02,Khagrachari,Manikchhari,22.8555,91.8155,Government,
Matiranga Community Clinic 02,Khagrachari,Matiranga,23.1055,91.8855,Government,
Gumti Community Clinic 02,Khagrachari,Matiranga,23.0855,91.9155,Government,
Taindong Community Clinic 02,Khagrachari,Matiranga,23.1255,91.8655,Government,
Ramgarh Community Clinic 02,Khagrachari,Ramgarh,23.0055,91.7055,Government,
Hafchhari Community Clinic 02,Khagrachari,Ramgarh,23.0255,91.6855,Government,
Sarushia Community Clinic 02,Khagrachari,Ramgarh,22.9855,91.7255,Government,
Baghaichhari Community Clinic 02,Rangamati,Baghaichhari,23.1755,92.2155,Government,
Marishya Community Clinic 02,Rangamati,Baghaichhari,23.1955,92.2355,Government,
Sarwatoli Community Clinic 02,Rangamati,Baghaichhari,23.1555,92.1955,Government,
Barkal Community Clinic 02,Rangamati,Barkal,22.7355,92.3555,Government,
Subalong Community Clinic 02,Rangamati,Barkal,22.7555,92.3755,Government,
Aimachara Community Clinic 02,Rangamati,Barkal,22.7155,92.3355,Government,
Kawkhali Community Clinic 02,Rangamati,Kawkhali,22.5855,91.9555,Government,
Ghagra Community Clinic 02,Rangamati,Kawkhali,22.6055,91.9755,Government,
Betbunia Community Clinic 02,Rangamati,Kawkhali,22.5655,91.9355,Government,
Belaichhari Community Clinic 02,Rangamati,Belaichhari,22.4755,92.3855,Government,
Farua Community Clinic 02,Rangamati,Belaichhari,22.4955,92.4055,Government,
Kaptai Community Clinic 02,Rangamati,Kaptai,22.4855,92.2255,Government,
Chitmaram Community Clinic 02,Rangamati,Kaptai,22.5055,92.2455,Government,
Chandraghona Community Clinic 02,Rangamati,Kaptai,22.4655,92.2055,Government,
Langadu Community Clinic 02,Rangamati,Langadu,22.9555,92.1555,Government,
Moinymukh Community Clinic 02,Rangamati,Langadu,22.9755,92.1755,Government,
Gulshakhali Community Clinic 02,Rangamati,Langadu,22.9355,92.1355,Government,
Naniarchar Community Clinic 02,Rangamati,Naniarchar,22.8555,92.1255,Government,
Burighat Community Clinic 02,Rangamati,Naniarchar,22.8755,92.1455,Government,
Ghila Chhari Community Clinic 02,Rangamati,Naniarchar,22.8355,92.1055,Government,
Rajasthali Community Clinic 02,Rangamati,Rajasthali,22.3855,92.2155,Government,
Gainda Community Clinic 02,Rangamati,Rajasthali,22.4055,92.2355,Government,
Ghilachhari Community Clinic 02,Rangamati,Rajasthali,22.3655,92.1955,Government,
Akhaura Community Clinic 02,Brahmanbaria,Akhaura,23.8855,91.2155,Government,
Mogra Community Clinic 02,Brahmanbaria,Akhaura,23.8555,91.2255,Government,
Monionda Community Clinic 02,Brahmanbaria,Akhaura,23.9055,91.2355,Government,
Bancharampur Community Clinic 02,Brahmanbaria,Bancharampur,23.7855,90.8055,Government,
Dariapur Community Clinic 02,Brahmanbaria,Bancharampur,23.7755,90.8155,Government,
Faridpur Community Clinic 02,Brahmanbaria,Bancharampur,23.8055,90.7855,Government,
Saifullakandi Community Clinic 02,Brahmanbaria,Bancharampur,23.7555,90.8355,Government,
Ujanchar Community Clinic 02,Brahmanbaria,Bancharampur,23.8255,90.8255,Government,
Bijoynagar Community Clinic 02,Brahmanbaria,Bijoynagar,23.9555,91.2555,Government,
Budanti Community Clinic 02,Brahmanbaria,Bijoynagar,23.9855,91.2455,Government,
Chandura Community Clinic 02,Brahmanbaria,Bijoynagar,23.9655,91.2755,Government,
Ichepahar Community Clinic 02,Brahmanbaria,Bijoynagar,23.9355,91.2655,Government,
Paharpur Community Clinic 02,Brahmanbaria,Bijoynagar,23.9155,91.2855,Government,
Singerbil Community Clinic 02,Brahmanbaria,Bijoynagar,23.9455,91.2255,Government,
Kasba Community Clinic 02,Brahmanbaria,Kasba,23.7355,91.1555,Government,
Bayek Community Clinic 02,Brahmanbaria,Kasba,23.7055,91.1755,Government,
Kayempur Community Clinic 02,Brahmanbaria,Kasba,23.7155,91.1255,Government,
Kuti Community Clinic 02,Brahmanbaria,Kasba,23.7855,91.1655,Government,
Mehari Community Clinic 02,Brahmanbaria,Kasba,23.7455,91.1855,Government,
Nabinagar Community Clinic 02,Brahmanbaria,Nabinagar,23.8855,90.9755,Government,
Birgaon Community Clinic 02,Brahmanbaria,Nabinagar,23.9155,90.9555,Government,
Laur Fatepur Community Clinic 02,Brahmanbaria,Nabinagar,23.8555,91.0155,Government,
Rasullabad Community Clinic 02,Brahmanbaria,Nabinagar,23.8755,90.9955,Government,
Ratanpur Community Clinic 02,Brahmanbaria,Nabinagar,23.8355,90.9655,Government,
Sreerampur Community Clinic 02,Brahmanbaria,Nabinagar,23.9055,90.9855,Government,
Nasirnagar Community Clinic 02,Brahmanbaria,Nasirnagar,24.2155,91.2155,Government,
Gokarna Community Clinic 02,Brahmanbaria,Nasirnagar,24.2355,91.1955,Government,
Gunda Community Clinic 02,Brahmanbaria,Nasirnagar,24.1955,91.2355,Government,
Kunda Community Clinic 02,Brahmanbaria,Nasirnagar,24.2555,91.1855,Government,
Sarail Community Clinic 02,Brahmanbaria,Sarail,24.1155,91.1255,Government,
Aruail Community Clinic 02,Brahmanbaria,Sarail,24.1555,91.1055,Government,
Chunta Community Clinic 02,Brahmanbaria,Sarail,24.1355,91.1555,Government,
Pakshimul Community Clinic 02,Brahmanbaria,Sarail,24.0955,91.0955,Government,
Shahbazpur Community Clinic 02,Brahmanbaria,Sarail,24.0555,91.1755,Government,
Ashuganj Community Clinic 02,Brahmanbaria,Ashuganj,24.0355,90.9955,Government,
Durgapur Community Clinic 02,Brahmanbaria,Ashuganj,24.0155,90.9855,Government,
Baghaichhari Community Clinic 03,Rangamati,Baghaichhari,23.181,92.221,Government,
Marishya Community Clinic 03,Rangamati,Baghaichhari,23.201,92.241,Government,
Sarwatoli Community Clinic 03,Rangamati,Baghaichhari,23.161,92.201,Government,
Barkal Community Clinic 03,Rangamati,Barkal,22.745,92.365,Government,
Subalong Community Clinic 03,Rangamati,Barkal,22.765,92.385,Government,
Aimachara Community Clinic 03,Rangamati,Barkal,22.725,92.345,Government,
Kawkhali Community Clinic 03,Rangamati,Kawkhali,22.595,91.965,Government,
Ghagra Community Clinic 03,Rangamati,Kawkhali,22.615,91.985,Government,
Betbunia Community Clinic 03,Rangamati,Kawkhali,22.575,91.945,Government,
Belaichhari Community Clinic 03,Rangamati,Belaichhari,22.485,92.395,Government,
Farua Community Clinic 03,Rangamati,Belaichhari,22.505,92.415,Government,
Kaptai Community Clinic 03,Rangamati,Kaptai,22.495,92.235,Government,
Chitmaram Community Clinic 03,Rangamati,Kaptai,22.515,92.255,Government,
Chandraghona Community Clinic 03,Rangamati,Kaptai,22.475,92.215,Government,
Langadu Community Clinic 03,Rangamati,Langadu,22.965,92.165,Government,
Moinymukh Community Clinic 03,Rangamati,Langadu,22.985,92.185,Government,
Gulshakhali Community Clinic 03,Rangamati,Langadu,22.945,92.145,Government,
Naniarchar Community Clinic 03,Rangamati,Naniarchar,22.865,92.135,Government,
Burighat Community Clinic 03,Rangamati,Naniarchar,22.885,92.155,Government,
Ghila Chhari Community Clinic 03,Rangamati,Naniarchar,22.845,92.115,Government,
Rajasthali Community Clinic 03,Rangamati,Rajasthali,22.395,92.225,Government,
Gainda Community Clinic 03,Rangamati,Rajasthali,22.415,92.245,Government,
Ghilachhari Community Clinic 03,Rangamati,Rajasthali,22.375,92.205,Government,
Alikadam Community Clinic 02,Bandarban,Alikadam,21.665,92.325,Government,
Lama Community Clinic 02,Bandarban,Lama,21.795,92.205,Government,
Naikhongchhari Community Clinic 02,Bandarban,Naikhongchhari,21.425,92.195,Government,
Rowangchhari Community Clinic 02,Bandarban,Rowangchhari,22.175,92.345,Government,
Ruma Community Clinic 02,Bandarban,Ruma,22.065,92.425,Government,
Thanchi Community Clinic 02,Bandarban,Thanchi,21.795,92.435,Government,
Naikhongchhari General Clinic,Bandarban,Naikhongchhari,21.415,92.185,Government,
Lama Mother & Child Unit,Bandarban,Lama,21.785,92.195,Government,
Alikadam Dental Unit,Bandarban,Alikadam,21.655,92.315,Government,
Khagrachari Chest Disease Unit,Khagrachari,Khagrachari Sadar,23.109,91.981,Government,
Rangamati Surgical Unit,Rangamati,Rangamati Sadar,22.645,92.175,Government,
Patiya Trauma Unit,Chattogram,Patiya,22.298,91.978,Government,
Hathazari Diagnostic Unit,Chattogram,Hathazari,22.508,91.808,Government,
Sitakunda Specialized Clinic,Chattogram,Sitakunda,22.615,91.655,Government,
Sandwip Mother Care Unit,Chattogram,Sandwip,22.492,91.435,Government,
Chandpur 250 Bed Hospital (Surgical),Chandpur,Chandpur Sadar,23.2325,90.641,Government,
Noakhali General Hospital (Cardiac),Noakhali,Noakhali Sadar,22.8682,91.1011,Government,
Cox's Bazar Medical (Specialized Lab),Cox's Bazar,Cox's Bazar Sadar,21.4202,92.0144,Government,
Comilla Medical (Dialysis Unit),Cumilla,Cumilla Adarsha Sadar,23.4442,91.2055,Government,
Feni District Hospital (Extension),Feni,Feni Sadar,23.014,91.398,Government,
Laxmipur Sadar Hospital (Annex),Lakshmipur,Lakshmipur Sadar,22.944,90.8285,Government,
Brahmanbaria Sadar (Pediatric Unit),Brahmanbaria,Brahmanbaria Sadar,23.961,91.112,Government,
Daudkandi Health Center (Annex),Cumilla,Daudkandi,23.535,90.715,Government,
Teknaf Health Complex (Extension),Cox's Bazar,Teknaf,20.865,92.305,Government,
Panchlaish Urban Clinic,Chattogram,Panchlaish,22.368,91.825,Government,
Halishahar Dispensary,Chattogram,Bandar,22.341,91.775,Government,
Firojshah Health Post,Chattogram,Bandar,22.365,91.792,Government,
Bakalia Health Clinic,Chattogram,Bakalia,22.345,91.85,Government,
Karnaphuli Health Post,Chattogram,Karnaphuli,22.315,91.84,Government,
Chandanpur Community Clinic,Chattogram,Meghna,23.515,90.655,Government,
Radhanagar Health Unit,Cumilla,Meghna,23.535,90.675,Government,
Meghna Sadar Health Sub Center,Cumilla,Meghna,23.515,90.655,Government,
Ramgati Satellite Clinic,Lakshmipur,Ramgati,22.605,90.995,Government,
Komolnagar Satellite Clinic,Lakshmipur,Komolnagar,22.755,90.875,Government,
Raipur Mother Care Clinic,Lakshmipur,Raipur,23.035,90.765,Government,
Ramganj Specialized Lab,Lakshmipur,Ramganj,23.105,90.855,Government,
Lakshmipur Sadar Health Clinic,Lakshmipur,Lakshmipur Sadar,22.944,90.8285,Government,
Sonagazi Mother Unit,Feni,Sonagazi,22.855,91.385,Government,
Parshuram Specialized Clinic,Feni,Parshuram,23.215,91.435,Government,
Fulgazi Health Post,Feni,Fulgazi,23.135,91.435,Government,
Daganbhuiyan Pediatric Unit,Feni,Daganbhuiyan,22.955,91.305,Government,
Chhagalnaiya Diagnostic Unit,Feni,Chhagalnaiya,23.035,91.515,Government,
Shahrasti Health Sub Center,Chandpur,Shahrasti,23.225,90.945,Government,
Matlab Uttar mother unit,Chandpur,Matlab Uttar,23.475,90.685,Government,
Matlab Dakshin pediatric unit,Chandpur,Matlab Dakshin,23.345,90.705,Government,
Kachua health post,Chandpur,Kachua,23.355,90.885,Government,
Hajiganj Specialized unit,Chandpur,Hajiganj,23.255,90.855,Government,
Sarail Diagnostic unit,Brahmanbaria,Sarail,24.115,91.125,Government,
Nasirnagar Mother care unit,Brahmanbaria,Nasirnagar,24.215,91.215,Government,
Nabinagar Specialized clinic,Brahmanbaria,Nabinagar,23.885,90.975,Government,
Kasba Health post,Brahmanbaria,Kasba,23.735,91.155,Government,
Bijoynagar Health center,Brahmanbaria,Bijoynagar,23.955,91.255,Government,
Bancharampur surgical unit,Brahmanbaria,Bancharampur,23.785,90.805,Government,
Akhaura mother care unit,Brahmanbaria,Akhaura,23.885,91.215,Government,
Subarnachar health sub center,Noakhali,Subarnachar,22.585,91.155,Government,
Kabirhat mother unit,Noakhali,Kabirhat,22.835,91.205,Government,
Hatiya diagnostic center,Noakhali,Hatiya,22.285,91.105,Government,
Senbagh Specialized clinic,Noakhali,Senbagh,22.985,91.225,Government,
Companiganj mother care,Noakhali,Companiganj,22.755,91.285,Government,
Chatkhil health post,Noakhali,Chatkhil,23.055,90.955,Government,
Begumganj specialized unit,Noakhali,Begumganj,22.945,91.105,Government,
Ukhia diagnostic unit,Cox's Bazar,Ukhia,21.285,92.095,Government,
Teknaf mother care unit,Cox's Bazar,Teknaf,20.865,92.305,Government,
Ramu health post,Cox's Bazar,Ramu,21.455,92.105,Government,
Maheshkhali specialized clinic,Cox's Bazar,Maheshkhali,21.545,91.955,Government,
Kutubdia mother care unit,Cox's Bazar,Kutubdia,21.815,91.855,Government,
Chakaria health post,Cox's Bazar,Chakaria,21.758,92.078,Government,
Sitakunda mother care unit,Chattogram,Sitakunda,22.615,91.655,Government,
Satkania specialized unit,Chattogram,Satkania,22.085,92.078,Government,
Sandwip diagnostic center,Chattogram,Sandwip,22.492,91.435,Government,
Raozan health post,Chattogram,Raozan,22.535,91.915,Government,
Rangunia specialized clinic,Chattogram,Rangunia,22.485,92.032,Government,
Patiya mother care unit,Chattogram,Patiya,22.298,91.978,Government,
Mirsharai diagnostic unit,Chattogram,Mirsharai,22.775,91.575,Government,
Lohagara health post,Chattogram,Lohagara,22.025,92.105,Government,
Hathazari mother care unit,Chattogram,Hathazari,22.508,91.808,Government,
Fatikchhari health post,Chattogram,Fatikchhari,22.685,91.792,Government,
Chandanaish mother care unit,Chattogram,Chandanaish,22.212,92.045,Government,
Boalkhali specialized clinic,Chattogram,Boalkhali,22.378,91.921,Government,
Banskhali mother care unit,Chattogram,Banskhali,22.045,91.952,Government,
Anowara health post,Chattogram,Anowara,22.215,91.912,Government,
Chattogram Medical specialized unit,Chattogram,Panchlaish,22.3593,91.8322,Government,
Bandarban mother care clinic,Bandarban,Bandarban Sadar,22.195,92.218,Government,
Rangamati specialized unit,Rangamati,Rangamati Sadar,22.645,92.175,Government,
Khagrachari mother care clinic,Khagrachari,Khagrachari Sadar,23.109,91.981,Government,
Chattogram District Civil Surgeon Office,Chattogram,Kotwali,22.3364,91.836,Government,
Cox's Bazar District Civil Surgeon Office,Cox's Bazar,Cox's Bazar Sadar,21.4202,92.0144,Government,
Noakhali District Civil Surgeon Office,Noakhali,Noakhali Sadar,22.8682,91.1011,Government,
Feni District Civil Surgeon Office,Feni,Feni Sadar,23.014,91.398,Government,
Brahmanbaria District Civil Surgeon Office,Brahmanbaria,Brahmanbaria Sadar,23.961,91.112,Government,
Chandpur District Civil Surgeon Office,Chandpur,Chandpur Sadar,23.2325,90.641,Government,
Lakshmipur District Civil Surgeon Office,Lakshmipur,Lakshmipur Sadar,22.944,90.8285,Government,
Khagrachari District Civil Surgeon Office,Khagrachari,Khagrachari Sadar,23.109,91.981,Government,
Rangamati District Civil Surgeon Office,Rangamati,Rangamati Sadar,22.645,92.175,Government,
Bandarban District Civil Surgeon Office,Bandarban,Bandarban Sadar,22.195,92.218,Government,
Cumilla District Civil Surgeon Office,Cumilla,Cumilla Adarsha Sadar,23.461,91.181,Government,
Fatikchhari Health Post 02,Chattogram,Fatikchhari,22.695,91.805,Government,
Hathazari Health Post 02,Chattogram,Hathazari,22.515,91.815,Government,
Sitakunda Health Post 02,Chattogram,Sitakunda,22.625,91.665,Government,
Patiya Health Post 02,Chattogram,Patiya,22.308,91.988,Government,
Raozan Health Post 02,Chattogram,Raozan,22.545,91.925,Government,
Rangunia Health Post 02,Chattogram,Rangunia,22.495,92.042,Government,
Anowara Health Post 02,Chattogram,Anowara,22.225,91.922,Government,
Boalkhali Health Post 02,Chattogram,Boalkhali,22.388,91.931,Government,
Banskhali Health Post 02,Chattogram,Banskhali,22.055,91.962,Government,
Lohagara Health Post 02,Chattogram,Lohagara,22.035,92.115,Government,
Mirsharai Health Post 02,Chattogram,Mirsharai,22.785,91.585,Government,
Sandwip Health Post 02,Chattogram,Sandwip,22.502,91.445,Government,
Satkania Health Post 02,Chattogram,Satkania,22.095,92.088,Government,
Baghaichhari Community Clinic 04,Rangamati,Baghaichhari,23.172,92.212,Government,
Barkal Community Clinic 04,Rangamati,Barkal,22.725,92.345,Government,
Kawkhali Community Clinic 04,Rangamati,Kawkhali,22.581,91.951,Government,
Belaichhari Community Clinic 04,Rangamati,Belaichhari,22.471,92.375,Government,
Kaptai Community Clinic 04,Rangamati,Kaptai,22.481,92.221,Government,
Langadu Community Clinic 04,Rangamati,Langadu,22.951,92.151,Government,
Naniarchar Community Clinic 04,Rangamati,Naniarchar,22.851,92.121,Government,
Rajasthali Community Clinic 04,Rangamati,Rajasthali,22.381,92.211,Government,
Alikadam Community Clinic 03,Bandarban,Alikadam,21.651,92.311,Government,
Lama Community Clinic 03,Bandarban,Lama,21.781,92.191,Government,
Naikhongchhari Community Clinic 03,Bandarban,Naikhongchhari,21.411,92.181,Government,
Rowangchhari Community Clinic 03,Bandarban,Rowangchhari,22.161,92.331,Government,
Ruma Community Clinic 03,Bandarban,Ruma,22.051,92.411,Government,
Thanchi Community Clinic 03,Bandarban,Thanchi,21.781,92.421,Government,
Bijoynagar Community Clinic 03,Brahmanbaria,Bijoynagar,23.951,91.251,Government,
Sarail Community Clinic 03,Brahmanbaria,Sarail,24.111,91.121,Government,
Nasirnagar Community Clinic 03,Brahmanbaria,Nasirnagar,24.211,91.211,Government,
Nabinagar Community Clinic 03,Brahmanbaria,Nabinagar,23.881,90.971,Government,
Kasba Community Clinic 03,Brahmanbaria,Kasba,23.731,91.151,Government,
Bancharampur Community Clinic 03,Brahmanbaria,Bancharampur,23.781,90.801,Government,
Akhaura Community Clinic 03,Brahmanbaria,Akhaura,23.881,91.211,Government,
Companiganj Community Clinic 02,Noakhali,Companiganj,22.751,91.281,Government,
Hatiya Community Clinic 02,Noakhali,Hatiya,22.281,91.101,Government,
Subarnachar Community Clinic 02,Noakhali,Subarnachar,22.581,91.151,Government,
Kabirhat Community Clinic 02,Noakhali,Kabirhat,22.831,91.201,Government,
Senbagh Community Clinic 02,Noakhali,Senbagh,22.981,91.221,Government,
Chatkhil Community Clinic 02,Noakhali,Chatkhil,23.051,90.951,Government,
Begumganj Community Clinic 03,Noakhali,Begumganj,22.941,91.101,Government,
Noakhali Sadar Community Clinic 02,Noakhali,Noakhali Sadar,22.864,91.102,Government,
Feni Sadar Community Clinic 02,Feni,Feni Sadar,23.011,91.391,Government,
Sonagazi Community Clinic 02,Feni,Sonagazi,22.851,91.381,Government,
Fulgazi Community Clinic 02,Feni,Fulgazi,23.131,91.431,Government,
Parshuram Community Clinic 02,Feni,Parshuram,23.211,91.431,Government,
Daganbhuiyan Community Clinic 02,Feni,Daganbhuiyan,22.951,91.301,Government,
Chhagalnaiya Community Clinic 02,Feni,Chhagalnaiya,23.031,91.511,Government,
Chandpur Sadar Community Clinic 02,Chandpur,Chandpur Sadar,23.231,90.641,Government,
Hajiganj Community Clinic 02,Chandpur,Hajiganj,23.251,90.851,Government,
Kachua Community Clinic 02,Chandpur,Kachua,23.351,90.881,Government,
Matlab Uttar Community Clinic 02,Chandpur,Matlab Uttar,23.471,90.681,Government,
Matlab Dakshin Community Clinic 02,Chandpur,Matlab Dakshin,23.341,90.701,Government,
Shahrasti Community Clinic 02,Chandpur,Shahrasti,23.221,90.941,Government,
Haimchar Community Clinic 02,Chandpur,Haimchar,23.061,90.631,Government,
Raipur Community Clinic 02,Lakshmipur,Raipur,23.031,90.761,Government,
Ramganj Community Clinic 02,Lakshmipur,Ramganj,23.101,90.851,Government,
Ramgati Community Clinic 02,Lakshmipur,Ramgati,22.601,90.991,Government,
Komolnagar Community Clinic 02,Lakshmipur,Komolnagar,22.751,90.871,Government,
Lakshmipur Sadar Community Clinic 02,Lakshmipur,Lakshmipur Sadar,22.941,90.821,Government,
Sitakunda Community Clinic 02,Chattogram,Sitakunda,22.611,91.651,Government,
Mirsharai Community Clinic 02,Chattogram,Mirsharai,22.771,91.571,Government,
Hathazari Community Clinic 02,Chattogram,Hathazari,22.501,91.801,Government,
Fatikchhari Community Clinic 03,Chattogram,Fatikchhari,22.681,91.791,Government,
Raozan Community Clinic 02,Chattogram,Raozan,22.531,91.911,Government,
Rangunia Community Clinic 02,Chattogram,Rangunia,22.481,92.031,Government,
Boalkhali Community Clinic 02,Chattogram,Boalkhali,22.371,91.921,Government,
Patiya Community Clinic 02,Chattogram,Patiya,22.291,91.971,Government,
Anowara Community Clinic 02,Chattogram,Anowara,22.211,91.911,Government,
Banskhali Community Clinic 02,Chattogram,Banskhali,22.041,91.951,Government,
Lohagara Community Clinic 03,Chattogram,Lohagara,22.021,92.101,Government,
Satkania Community Clinic 02,Chattogram,Satkania,22.081,92.071,Government,
Chandanaish Community Clinic 02,Chattogram,Chandanaish,22.211,92.041,Government,
Sandwip Community Clinic 02,Chattogram,Sandwip,22.491,91.431,Government,
Barura Community Clinic 02,Cumilla,Barura,23.371,91.051,Government,
Brahmanpara Community Clinic 02,Cumilla,Brahmanpara,23.611,91.111,Government,
Burichang Community Clinic 02,Cumilla,Burichang,23.551,91.121,Government,
Chandina Community Clinic 02,Cumilla,Chandina,23.481,91.011,Government,
Chauddagram Community Clinic 02,Cumilla,Chauddagram,23.211,91.311,Government,
Daudkandi Community Clinic 02,Cumilla,Daudkandi,23.531,90.711,Government,
Debidwar Community Clinic 02,Cumilla,Debidwar,23.601,91.011,Government,
Homna Community Clinic 02,Cumilla,Homna,23.681,90.791,Government,
Laksam Community Clinic 02,Cumilla,Laksam,23.231,91.121,Government,
Muradnagar Community Clinic 02,Cumilla,Muradnagar,23.631,90.931,Government,
Nangalkot Community Clinic 02,Cumilla,Nangalkot,23.131,91.201,Government,
Titas Community Clinic 02,Cumilla,Titas,23.611,90.751,Government,
Monohargonj Community Clinic 02,Cumilla,Monohargonj,23.111,91.101,Government,
Meghna Community Clinic 02,Cumilla,Meghna,23.511,90.651,Government,
Cumilla Sadar Dakshin Community Clinic 01,Cumilla,Cumilla Sadar Dakshin,23.391,91.181,Government,
Lalmai Community Clinic 01,Cumilla,Lalmai,23.351,91.141,Government,
Cox's Bazar Sadar Community Clinic 02,Cox's Bazar,Cox's Bazar Sadar,21.421,92.011,Government,
Chakaria Community Clinic 03,Cox's Bazar,Chakaria,21.751,92.071,Government,
Maheshkhali Community Clinic 03,Cox's Bazar,Maheshkhali,21.541,91.951,Government,
Teknaf Community Clinic 03,Cox's Bazar,Teknaf,20.861,92.301,Government,
Ukhia Community Clinic 03,Cox's Bazar,Ukhia,21.281,92.091,Government,
Ramu Community Clinic 03,Cox's Bazar,Ramu,21.451,92.101,Government,
Kutubdia Community Clinic 03,Cox's Bazar,Kutubdia,21.811,91.851,Government,
Pekua Community Clinic 03,Cox's Bazar,Pekua,21.851,91.961,Government,
Chittagong Port Hospital (Extension),Chattogram,Bandar,22.3125,91.7915,Government,
Halishahar Chest Clinic,Chattogram,Kotwali,22.3385,91.8215,Government,
Pahartali Railway Hospital (Extension),Chattogram,Kotwali,22.3415,91.8255,Government,
Anowara Specialized Unit,Chattogram,Anowara,22.2155,91.9125,Government,
Banskhali Pediatric Unit,Chattogram,Banskhali,22.0455,91.9525,Government,
Boalkhali Diagnostic Wing,Chattogram,Boalkhali,22.3785,91.9215,Government,
Chandanaish Surgical Unit,Chattogram,Chandanaish,22.2125,92.0455,Government,
Fatikchhari Mother Care (Extension),Chattogram,Fatikchhari,22.6855,91.7925,Government,
Hathazari Trauma Wing,Chattogram,Hathazari,22.5085,91.8085,Government,
Lohagara Mental Health Unit,Chattogram,Lohagara,22.0255,92.1055,Government,
Mirsharai Burn Unit,Chattogram,Mirsharai,22.7755,91.5755,Government,
Patiya Orthopedic Unit,Chattogram,Patiya,22.2985,91.9785,Government,
Rangunia ENT Unit,Chattogram,Rangunia,22.4855,92.0325,Government,
Raozan Cardiac Wing,Chattogram,Raozan,22.5355,91.9155,Government,
Sandwip Pediatric Unit,Chattogram,Sandwip,22.4925,91.4355,Government,
Satkania Eye Unit,Chattogram,Satkania,22.0855,92.0785,Government,
Sitakunda Chest Unit,Chattogram,Sitakunda,22.6155,91.6555,Government,
Chakaria Mother Care Unit,Cox's Bazar,Chakaria,21.7585,92.0785,Government,
Kutubdia Specialized Lab,Cox's Bazar,Kutubdia,21.8155,91.8555,Government,
Maheshkhali Trauma Wing,Cox's Bazar,Maheshkhali,21.5455,91.9555,Government,
Ramu Burn Unit,Cox's Bazar,Ramu,21.4555,92.1055,Government,
Teknaf Specialized Unit,Cox's Bazar,Teknaf,20.8655,92.3055,Government,
Ukhia Mother & Child Wing,Cox's Bazar,Ukhia,21.2855,92.0955,Government,
Pekua Diagnostic Wing,Cox's Bazar,Pekua,21.8555,91.9655,Government,
Begumganj Pediatric Wing,Noakhali,Begumganj,22.9455,91.1055,Government,
Chatkhil Surgical Wing,Noakhali,Chatkhil,23.0555,90.9555,Government,
Companiganj Specialized Unit,Noakhali,Companiganj,22.7555,91.2855,Government,
Hatiya Mother Care Wing,Noakhali,Hatiya,22.2855,91.1055,Government,
Senbagh Cardiac Wing,Noakhali,Senbagh,22.9855,91.2255,Government,
Subarnachar Trauma Wing,Noakhali,Subarnachar,22.5855,91.1555,Government,
Kabirhat Burn Wing,Noakhali,Kabirhat,22.8355,91.2055,Government,
Akhaura Specialized Lab,Brahmanbaria,Akhaura,23.8855,91.2155,Government,
Bancharampur Mother Wing,Brahmanbaria,Bancharampur,23.7855,90.8055,Government,
Bijoynagar Pediatric Wing,Brahmanbaria,Bijoynagar,23.9555,91.2555,Government,
Kasba Surgical Unit,Brahmanbaria,Kasba,23.7355,91.1555,Government,
Nabinagar Trauma Wing,Brahmanbaria,Nabinagar,23.8855,90.9755,Government,
Nasirnagar ENT Unit,Brahmanbaria,Nasirnagar,24.2155,91.2155,Government,
Sarail Cardiac Wing,Brahmanbaria,Sarail,24.1155,91.1255,Government,
Ashuganj Specialized Unit,Brahmanbaria,Ashuganj,24.0355,90.9955,Government,
Barura Pediatric Wing,Cumilla,Barura,23.3755,91.0555,Government,
Brahmanpara Surgical Unit,Cumilla,Brahmanpara,23.6155,91.1155,Government,
Burichang Trauma Wing,Cumilla,Burichang,23.5555,91.1255,Government,
Chandina Burn Wing,Cumilla,Chandina,23.4855,91.0155,Government,
Chauddagram Specialized Unit,Cumilla,Chauddagram,23.2155,91.3155,Government,
Daudkandi Mother care wing,Cumilla,Daudkandi,23.5355,90.7155,Government,
Debidwar Diagnostic wing,Cumilla,Debidwar,23.6055,91.0155,Government,
Homna Cardiac Unit,Cumilla,Homna,23.6855,90.7955,Government,
Laksam ENT wing,Cumilla,Laksam,23.2355,91.1255,Government,
Muradnagar Specialized unit,Cumilla,Muradnagar,23.6355,90.9355,Government,
Nangalkot Pediatric unit,Cumilla,Nangalkot,23.1355,91.2055,Government,
Titas Trauma wing,Cumilla,Titas,23.6155,90.7555,Government,
Monohargonj Burn wing,Cumilla,Monohargonj,23.1155,91.1055,Government,
Meghna specialized wing,Cumilla,Meghna,23.5155,90.6555,Government,
Chhagalnaiya pediatric wing,Feni,Chhagalnaiya,23.0355,91.5155,Government,
Daganbhuiyan surgical unit,Feni,Daganbhuiyan,22.9555,91.3055,Government,
Parshuram trauma wing,Feni,Parshuram,23.2155,91.4355,Government,
Sonagazi burn wing,Feni,Sonagazi,22.8555,91.3855,Government,
Fulgazi specialized unit,Feni,Fulgazi,23.1355,91.4355,Government,
Haimchar mother care wing,Chandpur,Haimchar,23.0655,90.6355,Government,
Kachua diagnostic wing,Chandpur,Kachua,23.3555,90.8855,Government,
Matlab Dakshin cardiac unit,Chandpur,Matlab Dakshin,23.3455,90.7055,Government,
Matlab Uttar ent wing,Chandpur,Matlab Uttar,23.4755,90.6855,Government,
Shahrasti specialized unit,Chandpur,Shahrasti,23.2255,90.9455,Government,
Raipur pediatric unit,Lakshmipur,Raipur,23.0355,90.7655,Government,
Ramganj trauma wing,Lakshmipur,Ramganj,23.1055,90.8555,Government,
Ramgati burn wing,Lakshmipur,Ramgati,22.6055,90.9955,Government,
Komolnagar specialized unit,Lakshmipur,Komolnagar,22.7555,90.8755,Government,
Dighinala mother care wing,Khagrachari,Dighinala,23.2555,92.0555,Government,
Lakshmichhari diagnostic wing,Khagrachari,Lakshmichhari,22.8255,91.9055,Government,
Mahalchhari surgical unit,Khagrachari,Mahalchhari,22.9255,92.0355,Government,
Manikchhari trauma wing,Khagrachari,Manikchhari,22.8355,91.8355,Government,
Matiranga burn wing,Khagrachari,Matiranga,23.1055,91.8855,Government,
Panchhari specialized unit,Khagrachari,Panchhari,23.2755,91.9055,Government,
Ramgarh pediatric unit,Khagrachari,Ramgarh,23.0055,91.7055,Government,
Baghaichhari cardiac unit,Rangamati,Baghaichhari,23.1755,92.2155,Government,
Barkal ent wing,Rangamati,Barkal,22.7355,92.3555,Government,
Kawkhali specialized wing,Rangamati,Kawkhali,22.5855,91.9555,Government,
Belaichhari mother care unit,Rangamati,Belaichhari,22.4755,92.3855,Government,
Kaptai diagnostic wing,Rangamati,Kaptai,22.4855,92.2255,Government,
Juraichhari surgical unit,Rangamati,Juraichhari,22.7055,92.3855,Government,
Langadu trauma wing,Rangamati,Langadu,22.9555,92.1555,Government,
Naniarchar burn wing,Rangamati,Naniarchar,22.8555,92.1255,Government,
Rajasthali specialized unit,Rangamati,Rajasthali,22.3855,92.2155,Government,
Alikadam pediatric unit,Bandarban,Alikadam,21.6555,92.3155,Government,
Lama trauma wing,Bandarban,Lama,21.7855,92.1955,Government,
Naikhongchhari burn wing,Bandarban,Naikhongchhari,21.4155,92.1855,Government,
Rowangchhari specialized unit,Bandarban,Rowangchhari,22.1655,92.3355,Government,
Ruma mother care wing,Bandarban,Ruma,22.0555,92.4155,Government,
Thanchi diagnostic wing,Bandarban,Thanchi,21.7855,92.4255,Government,
Anowara health post 03,Chattogram,Anowara,22.216,91.913,Government,
Banskhali health post 03,Chattogram,Banskhali,22.046,91.953,Government,
Boalkhali health post 03,Chattogram,Boalkhali,22.379,91.922,Government,
Chandanaish health post 03,Chattogram,Chandanaish,22.213,92.046,Government,
Fatikchhari health post 04,Chattogram,Fatikchhari,22.686,91.793,Government,
Hathazari health post 03,Chattogram,Hathazari,22.509,91.809,Government,
Lohagara health post 03,Chattogram,Lohagara,22.026,92.106,Government,
Mirsharai health post 03,Chattogram,Mirsharai,22.776,91.576,Government,
Patiya health post 03,Chattogram,Patiya,22.299,91.979,Government,
Rangunia health post 03,Chattogram,Rangunia,22.486,92.033,Government,
Raozan health post 03,Chattogram,Raozan,22.536,91.916,Government,
Sandwip health post 03,Chattogram,Sandwip,22.493,91.436,Government,
Satkania health post 03,Chattogram,Satkania,22.086,92.079,Government,
Sitakunda health post 03,Chattogram,Sitakunda,22.616,91.656,Government,
Anowara Community Clinic 03,Chattogram,Anowara,22.218,91.915,Government,
Banskhali Community Clinic 03,Chattogram,Banskhali,22.048,91.955,Government,
Boalkhali Community Clinic 03,Chattogram,Boalkhali,22.381,91.925,Government,
Chandanaish Community Clinic 03,Chattogram,Chandanaish,22.215,92.048,Government,
Fatikchhari Community Clinic 05,Chattogram,Fatikchhari,22.688,91.795,Government,
Hathazari Community Clinic 03,Chattogram,Hathazari,22.511,91.811,Government,
Lohagara Community Clinic 04,Chattogram,Lohagara,22.028,92.108,Government,
Mirsharai Community Clinic 03,Chattogram,Mirsharai,22.778,91.578,Government,
Patiya Community Clinic 03,Chattogram,Patiya,22.301,91.981,Government,
Rangunia Community Clinic 03,Chattogram,Rangunia,22.488,92.035,Government,
Raozan Community Clinic 03,Chattogram,Raozan,22.538,91.918,Government,
Sandwip Community Clinic 03,Chattogram,Sandwip,22.495,91.438,Government,
Satkania Community Clinic 03,Chattogram,Satkania,22.088,92.081,Government,
Sitakunda Community Clinic 03,Chattogram,Sitakunda,22.618,91.658,Government,
Chakaria Community Clinic 04,Cox's Bazar,Chakaria,21.761,92.081,Government,
Kutubdia Community Clinic 04,Cox's Bazar,Kutubdia,21.818,91.858,Government,
Maheshkhali Community Clinic 04,Cox's Bazar,Maheshkhali,21.548,91.958,Government,
Ramu Community Clinic 04,Cox's Bazar,Ramu,21.458,92.108,Government,
Teknaf Community Clinic 04,Cox's Bazar,Teknaf,20.868,92.308,Government,
Ukhia Community Clinic 04,Cox's Bazar,Ukhia,21.288,92.098,Government,
Pekua Community Clinic 04,Cox's Bazar,Pekua,21.858,91.968,Government,
Begumganj Community Clinic 04,Noakhali,Begumganj,22.948,91.108,Government,
Chatkhil Community Clinic 03,Noakhali,Chatkhil,23.058,90.958,Government,
Companiganj Community Clinic 03,Noakhali,Companiganj,22.758,91.288,Government,
Hatiya Community Clinic 03,Noakhali,Hatiya,22.288,91.108,Government,
Senbagh Community Clinic 03,Noakhali,Senbagh,22.988,91.228,Government,
Subarnachar Community Clinic 03,Noakhali,Subarnachar,22.588,91.158,Government,
Kabirhat Community Clinic 03,Noakhali,Kabirhat,22.838,91.208,Government,
Noakhali Sadar CC 03,Noakhali,Noakhali Sadar,22.868,91.105,Government,
Akhaura Community Clinic 04,Brahmanbaria,Akhaura,23.888,91.218,Government,
Bancharampur Community Clinic 04,Brahmanbaria,Bancharampur,23.788,90.808,Government,
Bijoynagar Community Clinic 04,Brahmanbaria,Bijoynagar,23.958,91.258,Government,
Kasba Community Clinic 04,Brahmanbaria,Kasba,23.738,91.158,Government,
Nabinagar Community Clinic 04,Brahmanbaria,Nabinagar,23.888,90.978,Government,
Nasirnagar Community Clinic 04,Brahmanbaria,Nasirnagar,24.218,91.218,Government,
Sarail Community Clinic 04,Brahmanbaria,Sarail,24.118,91.128,Government,
Barura Community Clinic 03,Cumilla,Barura,23.378,91.058,Government,
Brahmanpara Community Clinic 03,Cumilla,Brahmanpara,23.618,91.118,Government,
Burichang Community Clinic 03,Cumilla,Burichang,23.558,91.128,Government,
Chandina Community Clinic 03,Cumilla,Chandina,23.488,91.018,Government,
Chauddagram Community Clinic 03,Cumilla,Chauddagram,23.218,91.318,Government,
Daudkandi Community Clinic 03,Cumilla,Daudkandi,23.538,90.718,Government,
Debidwar Community Clinic 03,Cumilla,Debidwar,23.608,91.018,Government,
Homna Community Clinic 03,Cumilla,Homna,23.688,90.798,Government,
Laksam Community Clinic 03,Cumilla,Laksam,23.238,91.128,Government,
Muradnagar Community Clinic 03,Cumilla,Muradnagar,23.638,90.938,Government,
Nangalkot Community Clinic 03,Cumilla,Nangalkot,23.138,91.208,Government,
Titas Community Clinic 03,Cumilla,Titas,23.618,90.758,Government,
Monohargonj Community Clinic 03,Cumilla,Monohargonj,23.118,91.108,Government,
Meghna Community Clinic 03,Cumilla,Meghna,23.518,90.658,Government,
Chhagalnaiya CC 03,Feni,Chhagalnaiya,23.038,91.518,Government,
Daganbhuiyan CC 03,Feni,Daganbhuiyan,22.958,91.308,Government,
Parshuram CC 03,Feni,Parshuram,23.218,91.438,Government,
Sonagazi CC 03,Feni,Sonagazi,22.858,91.388,Government,
Fulgazi CC 03,Feni,Fulgazi,23.138,91.438,Government,
Chandpur Sadar CC 03,Chandpur,Chandpur Sadar,23.235,90.645,Government,
Hajiganj CC 03,Chandpur,Hajiganj,23.255,90.855,Government,
Kachua CC 03,Chandpur,Kachua,23.355,90.885,Government,
Matlab Uttar CC 03,Chandpur,Matlab Uttar,23.475,90.685,Government,
Matlab Dakshin CC 03,Chandpur,Matlab Dakshin,23.345,90.705,Government,
Shahrasti CC 03,Chandpur,Shahrasti,23.225,90.945,Government,
Haimchar CC 03,Chandpur,Haimchar,23.065,90.635,Government,
Raipur CC 03,Lakshmipur,Raipur,23.035,90.765,Government,
Ramganj CC 03,Lakshmipur,Ramganj,23.105,90.855,Government,
Ramgati CC 03,Lakshmipur,Ramgati,22.605,90.995,Government,
Komolnagar CC 03,Lakshmipur,Komolnagar,22.755,90.875,Government,
Lakshmipur Sadar CC 03,Lakshmipur,Lakshmipur Sadar,22.945,90.825,Government,
Dighinala CC 03,Khagrachari,Dighinala,23.258,92.058,Government,
Lakshmichhari CC 02,Khagrachari,Lakshmichhari,22.828,91.908,Government,
Mahalchhari CC 02,Khagrachari,Mahalchhari,22.928,92.038,Government,
Manikchhari CC 02,Khagrachari,Manikchhari,22.838,91.838,Government,
Matiranga CC 02,Khagrachari,Matiranga,23.108,91.888,Government,
Panchhari CC 03,Khagrachari,Panchhari,23.278,91.908,Government,
Ramgarh CC 03,Khagrachari,Ramgarh,23.008,91.708,Government,
Baghaichhari CC 05,Rangamati,Baghaichhari,23.178,92.218,Government,
Barkal CC 05,Rangamati,Barkal,22.738,92.358,Government,
Kawkhali CC 05,Rangamati,Kawkhali,22.588,91.958,Government,
Belaichhari CC 05,Rangamati,Belaichhari,22.478,92.388,Government,
Kaptai CC 05,Rangamati,Kaptai,22.488,92.228,Government,
Langadu CC 05,Rangamati,Langadu,22.958,92.158,Government,
Naniarchar CC 05,Rangamati,Naniarchar,22.858,92.128,Government,
Rajasthali CC 05,Rangamati,Rajasthali,22.388,92.218,Government,
Alikadam CC 04,Bandarban,Alikadam,21.658,92.318,Government,
Lama CC 04,Bandarban,Lama,21.788,92.198,Government,
Naikhongchhari CC 04,Bandarban,Naikhongchhari,21.418,92.188,Government,
Rowangchhari CC 04,Bandarban,Rowangchhari,22.168,92.338,Government,
Ruma CC 04,Bandarban,Ruma,22.058,92.418,Government,
Thanchi CC 04,Bandarban,Thanchi,21.788,92.428,Government,
Fatikchhari Satellite Clinic,Chattogram,Fatikchhari,22.685,91.792,Government,
Hathazari Satellite Clinic,Chattogram,Hathazari,22.508,91.808,Government,
Sitakunda Satellite Clinic,Chattogram,Sitakunda,22.615,91.655,Government,
Patiya Satellite Clinic,Chattogram,Patiya,22.298,91.978,Government,
Raozan Satellite Clinic,Chattogram,Raozan,22.535,91.915,Government,
Rangunia Satellite Clinic,Chattogram,Rangunia,22.485,92.032,Government,
Boalkhali Satellite Clinic,Chattogram,Boalkhali,22.378,91.921,Government,
Anowara Satellite Clinic,Chattogram,Anowara,22.215,91.912,Government,
Banskhali Satellite Clinic,Chattogram,Banskhali,22.045,91.952,Government,
Lohagara Satellite Clinic,Chattogram,Lohagara,22.025,92.105,Government,
Mirsharai Satellite Clinic,Chattogram,Mirsharai,22.775,91.575,Government,
Sandwip Satellite Clinic,Chattogram,Sandwip,22.492,91.435,Government,
Satkania Satellite Clinic,Chattogram,Satkania,22.085,92.078,Government,
Chandanaish Satellite Clinic,Chattogram,Chandanaish,22.212,92.045,Government,
Chakaria Satellite Clinic,Cox's Bazar,Chakaria,21.758,92.078,Government,
Teknaf Satellite Clinic,Cox's Bazar,Teknaf,20.865,92.305,Government,
Ukhia Satellite Clinic,Cox's Bazar,Ukhia,21.285,92.095,Government,
Ramu Satellite Clinic,Cox's Bazar,Ramu,21.455,92.105,Government,
Maheshkhali Satellite Clinic,Cox's Bazar,Maheshkhali,21.545,91.955,Government,
Kutubdia Satellite Clinic,Cox's Bazar,Kutubdia,21.815,91.855,Government,
Pekua Satellite Clinic,Cox's Bazar,Pekua,21.855,91.965,Government,
Begumganj Satellite Clinic,Noakhali,Begumganj,22.945,91.105,Government,
Chatkhil Satellite Clinic,Noakhali,Chatkhil,23.055,90.955,Government,
Companiganj Satellite Clinic,Noakhali,Companiganj,22.755,91.285,Government,
Hatiya Satellite Clinic,Noakhali,Hatiya,22.285,91.105,Government,
Senbagh Satellite Clinic,Noakhali,Senbagh,22.985,91.225,Government,
Subarnachar Satellite Clinic,Noakhali,Subarnachar,22.585,91.155,Government,
Kabirhat Satellite Clinic,Noakhali,Kabirhat,22.835,91.205,Government,
Akhaura Satellite Clinic,Brahmanbaria,Akhaura,23.885,91.215,Government,
Bancharampur Satellite Clinic,Brahmanbaria,Bancharampur,23.785,90.805,Government,
Bijoynagar Satellite Clinic,Brahmanbaria,Bijoynagar,23.955,91.255,Government,
Kasba Satellite Clinic,Brahmanbaria,Kasba,23.735,91.155,Government,
Nabinagar Satellite Clinic,Brahmanbaria,Nabinagar,23.885,90.975,Government,
Nasirnagar Satellite Clinic,Brahmanbaria,Nasirnagar,24.215,91.215,Government,
Sarail Satellite Clinic,Brahmanbaria,Sarail,24.115,91.125,Government,
Ashuganj Satellite Clinic,Brahmanbaria,Ashuganj,24.035,90.995,Government,
Barura Satellite Clinic,Cumilla,Barura,23.375,91.055,Government,
Brahmanpara Satellite Clinic,Cumilla,Brahmanpara,23.615,91.115,Government,
Burichang Satellite Clinic,Cumilla,Burichang,23.555,91.125,Government,
Chandina Satellite Clinic,Cumilla,Chandina,23.485,91.015,Government,
Chauddagram Satellite Clinic,Cumilla,Chauddagram,23.215,91.315,Government,
Daudkandi Satellite Clinic,Cumilla,Daudkandi,23.535,90.715,Government,
Debidwar Satellite Clinic,Cumilla,Debidwar,23.605,91.015,Government,
Homna Satellite Clinic,Cumilla,Homna,23.685,90.795,Government,
Laksam Satellite Clinic,Cumilla,Laksam,23.235,91.125,Government,
Muradnagar Satellite Clinic,Cumilla,Muradnagar,23.635,90.935,Government,
Nangalkot Satellite Clinic,Cumilla,Nangalkot,23.135,91.205,Government,
Titas Satellite Clinic,Cumilla,Titas,23.615,90.755,Government,
Monohargonj Satellite Clinic,Cumilla,Monohargonj,23.115,91.105,Government,
Meghna Satellite Clinic,Cumilla,Meghna,23.515,90.655,Government,
Chhagalnaiya Satellite Clinic,Feni,Chhagalnaiya,23.035,91.515,Government,
Daganbhuiyan Satellite Clinic,Feni,Daganbhuiyan,22.955,91.305,Government,
Parshuram Satellite Clinic,Feni,Parshuram,23.215,91.435,Government,
Sonagazi Satellite Clinic,Feni,Sonagazi,22.855,91.385,Government,
Fulgazi Satellite Clinic,Feni,Fulgazi,23.135,91.435,Government,
Haimchar Satellite Clinic,Chandpur,Haimchar,23.065,90.635,Government,
Kachua Satellite Clinic,Chandpur,Kachua,23.355,90.885,Government,
Matlab Dakshin Satellite Clinic,Chandpur,Matlab Dakshin,23.345,90.705,Government,
Matlab Uttar Satellite Clinic,Chandpur,Matlab Uttar,23.475,90.685,Government,
Shahrasti Satellite Clinic,Chandpur,Shahrasti,23.225,90.945,Government,
Raipur Satellite Clinic,Lakshmipur,Raipur,23.035,90.765,Government,
Ramganj Satellite Clinic,Lakshmipur,Ramganj,23.105,90.855,Government,
Ramgati Satellite Clinic,Lakshmipur,Ramgati,22.605,90.995,Government,
Komolnagar Satellite Clinic,Lakshmipur,Komolnagar,22.755,90.875,Government,
Dighinala Satellite Clinic,Khagrachari,Dighinala,23.255,92.055,Government,
Lakshmichhari Satellite Clinic,Khagrachari,Lakshmichhari,22.825,91.905,Government,
Mahalchhari Satellite Clinic,Khagrachari,Mahalchhari,22.925,92.035,Government,
Manikchhari Satellite Clinic,Khagrachari,Manikchhari,22.835,91.835,Government,
Matiranga Satellite Clinic,Khagrachari,Matiranga,23.105,91.885,Government,
Panchhari Satellite Clinic,Khagrachari,Panchhari,23.275,91.905,Government,
Ramgarh Satellite Clinic,Khagrachari,Ramgarh,23.005,91.705,Government,
Baghaichhari Satellite Clinic,Rangamati,Baghaichhari,23.175,92.215,Government,
Barkal Satellite Clinic,Rangamati,Barkal,22.735,92.355,Government,
Kawkhali Satellite Clinic,Rangamati,Kawkhali,22.585,91.955,Government,
Belaichhari Satellite Clinic,Rangamati,Belaichhari,22.475,92.385,Government,
Kaptai Satellite Clinic,Rangamati,Kaptai,22.485,92.225,Government,
Juraichhari Satellite Clinic,Rangamati,Juraichhari,22.705,92.385,Government,
Langadu Satellite Clinic,Rangamati,Langadu,22.955,92.155,Government,
Naniarchar Satellite Clinic,Rangamati,Naniarchar,22.855,92.125,Government,
Rajasthali Satellite Clinic,Rangamati,Rajasthali,22.385,92.215,Government,
Alikadam Satellite Clinic,Bandarban,Alikadam,21.655,92.315,Government,
Lama Satellite Clinic,Bandarban,Lama,21.785,92.195,Government,
Naikhongchhari Satellite Clinic,Bandarban,Naikhongchhari,21.415,92.185,Government,
Rowangchhari Satellite Clinic,Bandarban,Rowangchhari,22.165,92.335,Government,
Ruma Satellite Clinic,Bandarban,Ruma,22.055,92.415,Government,
Thanchi Satellite Clinic,Bandarban,Thanchi,21.785,92.425,Government,
Fatikchhari Community Clinic 06,Chattogram,Fatikchhari,22.695,91.805,Government,
Hathazari Community Clinic 04,Chattogram,Hathazari,22.515,91.815,Government,
Sitakunda Community Clinic 04,Chattogram,Sitakunda,22.625,91.665,Government,
Patiya Community Clinic 04,Chattogram,Patiya,22.308,91.988,Government,
Raozan Community Clinic 04,Chattogram,Raozan,22.545,91.925,Government,
Rangunia Community Clinic 04,Chattogram,Rangunia,22.495,92.042,Government,
Anowara Community Clinic 04,Chattogram,Anowara,22.225,91.922,Government,
Boalkhali Community Clinic 04,Chattogram,Boalkhali,22.388,91.931,Government,
Banskhali Community Clinic 04,Chattogram,Banskhali,22.055,91.962,Government,
Lohagara Community Clinic 05,Chattogram,Lohagara,22.035,92.115,Government,
Mirsharai Community Clinic 04,Chattogram,Mirsharai,22.785,91.585,Government,
Sandwip Community Clinic 04,Chattogram,Sandwip,22.502,91.445,Government,
Satkania Community Clinic 04,Chattogram,Satkania,22.095,92.088,Government,
Chandanaish Community Clinic 03,Chattogram,Chandanaish,22.222,92.055,Government,
Chakaria Community Clinic 05,Cox's Bazar,Chakaria,21.768,92.088,Government,
Teknaf Community Clinic 05,Cox's Bazar,Teknaf,20.875,92.315,Government,
Ukhia Community Clinic 05,Cox's Bazar,Ukhia,21.295,92.105,Government,
Ramu Community Clinic 05,Cox's Bazar,Ramu,21.465,92.115,Government,
Maheshkhali Community Clinic 05,Cox's Bazar,Maheshkhali,21.555,91.965,Government,
Kutubdia Community Clinic 05,Cox's Bazar,Kutubdia,21.825,91.865,Government,
Pekua Community Clinic 05,Cox's Bazar,Pekua,21.865,91.975,Government,
Begumganj Community Clinic 05,Noakhali,Begumganj,22.955,91.115,Government,
Chatkhil Community Clinic 04,Noakhali,Chatkhil,23.065,90.965,Government,
Companiganj Community Clinic 04,Noakhali,Companiganj,22.765,91.295,Government,
Hatiya Community Clinic 04,Noakhali,Hatiya,22.295,91.115,Government,
Senbagh Community Clinic 04,Noakhali,Senbagh,22.995,91.235,Government,
Subarnachar Community Clinic 04,Noakhali,Subarnachar,22.595,91.165,Government,
Kabirhat Community Clinic 04,Noakhali,Kabirhat,22.845,91.215,Government,
Noakhali Sadar CC 04,Noakhali,Noakhali Sadar,22.864,91.102,Government,
Akhaura Community Clinic 05,Brahmanbaria,Akhaura,23.895,91.225,Government,
Bancharampur Community Clinic 05,Brahmanbaria,Bancharampur,23.795,90.815,Government,
Bijoynagar Community Clinic 05,Brahmanbaria,Bijoynagar,23.965,91.265,Government,
Kasba Community Clinic 05,Brahmanbaria,Kasba,23.745,91.165,Government,
Nabinagar Community Clinic 05,Brahmanbaria,Nabinagar,23.895,90.985,Government,
Nasirnagar Community Clinic 05,Brahmanbaria,Nasirnagar,24.225,91.225,Government,
Sarail Community Clinic 05,Brahmanbaria,Sarail,24.125,91.135,Government,
Barura Community Clinic 04,Cumilla,Barura,23.385,91.065,Government,
Brahmanpara Community Clinic 04,Cumilla,Brahmanpara,23.625,91.125,Government,
Burichang Community Clinic 04,Cumilla,Burichang,23.565,91.135,Government,
Chandina Community Clinic 04,Cumilla,Chandina,23.495,91.025,Government,
Chauddagram Community Clinic 04,Cumilla,Chauddagram,23.225,91.325,Government,
Daudkandi Community Clinic 04,Cumilla,Daudkandi,23.545,90.725,Government,
Debidwar Community Clinic 04,Cumilla,Debidwar,23.615,91.025,Government,
Homna Community Clinic 04,Cumilla,Homna,23.695,90.805,Government,
Laksam Community Clinic 04,Cumilla,Laksam,23.245,91.135,Government,
Muradnagar Community Clinic 04,Cumilla,Muradnagar,23.645,90.945,Government,
Nangalkot Community Clinic 04,Cumilla,Nangalkot,23.145,91.215,Government,
Titas Community Clinic 04,Cumilla,Titas,23.625,90.765,Government,
Monohargonj Community Clinic 04,Cumilla,Monohargonj,23.125,91.115,Government,
Meghna Community Clinic 04,Cumilla,Meghna,23.525,90.665,Government,
Chhagalnaiya CC 04,Feni,Chhagalnaiya,23.045,91.525,Government,
Daganbhuiyan CC 04,Feni,Daganbhuiyan,22.965,91.315,Government,
Parshuram CC 04,Feni,Parshuram,23.225,91.445,Government,
Sonagazi CC 04,Feni,Sonagazi,22.865,91.395,Government,
Fulgazi CC 04,Feni,Fulgazi,23.145,91.445,Government,
Chandpur Sadar CC 04,Chandpur,Chandpur Sadar,23.255,90.625,Government,
Hajiganj CC 04,Chandpur,Hajiganj,23.235,90.955,Government,
Kachua CC 04,Chandpur,Kachua,23.365,90.895,Government,
Matlab Uttar CC 04,Chandpur,Matlab Uttar,23.485,90.695,Government,
Matlab Dakshin CC 04,Chandpur,Matlab Dakshin,23.355,90.715,Government,
Shahrasti CC 04,Chandpur,Shahrasti,23.235,90.955,Government,
Haimchar CC 04,Chandpur,Haimchar,23.075,90.645,Government,
Raipur CC 04,Lakshmipur,Raipur,23.045,90.775,Government,
Ramganj CC 04,Lakshmipur,Ramganj,23.115,90.865,Government,
Ramgati CC 04,Lakshmipur,Ramgati,22.615,91.005,Government,
Komolnagar CC 04,Lakshmipur,Komolnagar,22.765,90.885,Government,
Lakshmipur Sadar CC 04,Lakshmipur,Lakshmipur Sadar,22.944,90.8285,Government,
Dighinala CC 04,Khagrachari,Dighinala,23.265,92.065,Government,
Lakshmichhari CC 03,Khagrachari,Lakshmichhari,22.835,91.915,Government,
Mahalchhari CC 03,Khagrachari,Mahalchhari,22.935,92.045,Government,
Manikchhari CC 03,Khagrachari,Manikchhari,22.845,91.845,Government,
Matiranga CC 03,Khagrachari,Matiranga,23.115,91.895,Government,
Panchhari CC 04,Khagrachari,Panchhari,23.285,91.915,Government,
Ramgarh CC 04,Khagrachari,Ramgarh,23.015,91.715,Government,
Baghaichhari CC 06,Rangamati,Baghaichhari,23.185,92.225,Government,
Barkal CC 06,Rangamati,Barkal,22.745,92.365,Government,
Kawkhali CC 06,Rangamati,Kawkhali,22.595,91.965,Government,
Belaichhari CC 06,Rangamati,Belaichhari,22.485,92.395,Government,
Kaptai CC 06,Rangamati,Kaptai,22.495,92.235,Government,
Juraichhari CC 03,Rangamati,Juraichhari,22.715,92.395,Government,
Langadu CC 06,Rangamati,Langadu,22.965,92.165,Government,
Naniarchar CC 06,Rangamati,Naniarchar,22.865,92.135,Government,
Rajasthali CC 06,Rangamati,Rajasthali,22.395,92.225,Government,
Alikadam CC 05,Bandarban,Alikadam,21.665,92.325,Government,
Lama CC 05,Bandarban,Lama,21.795,92.205,Government,
Naikhongchhari CC 05,Bandarban,Naikhongchhari,21.425,92.195,Government,
Rowangchhari CC 05,Bandarban,Rowangchhari,22.175,92.345,Government,
Ruma CC 05,Bandarban,Ruma,22.065,92.425,Government,
Thanchi CC 05,Bandarban,Thanchi,21.795,92.435,Government,
Chattogram Port specialized clinic,Chattogram,Bandar,22.312,91.791,Government,
Halishahar general clinic,Chattogram,Bandar,22.341,91.775,Government,
Panchlaish mother unit,Chattogram,Panchlaish,22.368,91.825,Government,
Hathazari pediatric lab,Chattogram,Hathazari,22.508,91.808,Government,
Patiya cardiac unit,Chattogram,Patiya,22.298,91.978,Government,
Sitakunda burn unit,Chattogram,Sitakunda,22.615,91.655,Government,
Mirsharai orthopedic wing,Chattogram,Mirsharai,22.775,91.575,Government,
Lohagara trauma unit,Chattogram,Lohagara,22.025,92.105,Government,
Raozan pediatric center,Chattogram,Raozan,22.535,91.915,Government,
Anowara surgical wing,Chattogram,Anowara,22.215,91.912,Government,
Banskhali mother care unit,Chattogram,Banskhali,22.045,91.952,Government,
Boalkhali diagnostic center,Chattogram,Boalkhali,22.378,91.921,Government,
Chandanaish specialized lab,Chattogram,Chandanaish,22.212,92.045,Government,
Satkania ent unit,Chattogram,Satkania,22.085,92.078,Government,
Sandwip mother & child clinic,Chattogram,Sandwip,22.492,91.435,Government,
Cox's Bazar general lab,Cox's Bazar,Cox's Bazar Sadar,21.4202,92.0144,Government,
Chakaria diagnostic unit,Cox's Bazar,Chakaria,21.758,92.078,Government,
Teknaf trauma wing,Cox's Bazar,Teknaf,20.865,92.305,Government,
Ukhia burn wing,Cox's Bazar,Ukhia,21.285,92.095,Government,
Ramu mother unit,Cox's Bazar,Ramu,21.455,92.105,Government,
Maheshkhali pediatric wing,Cox's Bazar,Maheshkhali,21.545,91.955,Government,
Kutubdia surgical unit,Cox's Bazar,Kutubdia,21.815,91.855,Government,
Pekua orthopedic lab,Cox's Bazar,Pekua,21.855,91.965,Government,
Noakhali specialized unit,Noakhali,Noakhali Sadar,22.8682,91.1011,Government,
Begumganj cardiac unit,Noakhali,Begumganj,22.945,91.105,Government,
Chatkhil pediatric wing,Noakhali,Chatkhil,23.055,90.955,Government,
Companiganj diagnostic lab,Noakhali,Companiganj,22.755,91.285,Government,
Hatiya mother & baby clinic,Noakhali,Hatiya,22.285,91.105,Government,
Senbagh surgical wing,Noakhali,Senbagh,22.985,91.225,Government,
Subarnachar orthopedic wing,Noakhali,Subarnachar,22.585,91.155,Government,
Kabirhat trauma unit,Noakhali,Kabirhat,22.835,91.205,Government,
Comilla Medical specialized wing,Cumilla,Cumilla Adarsha Sadar,23.4442,91.2055,Government,
Laksam diagnostic wing,Cumilla,Laksam,23.2355,91.1255,Government,
Daudkandi pediatric center,Cumilla,Daudkandi,23.535,90.715,Government,
Barura mother unit,Cumilla,Barura,23.375,91.055,Government,
Chandina surgical wing,Cumilla,Chandina,23.485,91.015,Government,
Muradnagar cardiac unit,Cumilla,Muradnagar,23.635,90.935,Government,
Nangalkot specialized unit,Cumilla,Nangalkot,23.135,91.205,Government,
Titas orthopedic lab,Cumilla,Titas,23.615,90.755,Government,
Monohargonj trauma wing,Cumilla,Monohargonj,23.115,91.105,Government,
Meghna pediatric wing,Cumilla,Meghna,23.515,90.655,Government,
Feni specialized wing,Feni,Feni Sadar,23.014,91.398,Government,
Sonagazi mother & child clinic,Feni,Sonagazi,22.855,91.385,Government,
Parshuram surgical unit,Feni,Parshuram,23.215,91.435,Government,
Fulgazi diagnostic center,Feni,Fulgazi,23.135,91.435,Government,
Daganbhuiyan orthopedic lab,Feni,Daganbhuiyan,22.955,91.305,Government,
Chhagalnaiya cardiac unit,Feni,Chhagalnaiya,23.035,91.515,Government,
Chandpur specialized unit,Chandpur,Chandpur Sadar,23.2325,90.641,Government,
Hajiganj mother care wing,Chandpur,Hajiganj,23.255,90.855,Government,
Kachua pediatric center,Chandpur,Kachua,23.355,90.885,Government,
Matlab Uttar diagnostic wing,Chandpur,Matlab Uttar,23.475,90.685,Government,
Matlab Dakshin specialized lab,Chandpur,Matlab Dakshin,23.345,90.705,Government,
Shahrasti surgical wing,Chandpur,Shahrasti,23.225,90.945,Government,
Haimchar orthopedic wing,Chandpur,Haimchar,23.065,90.635,Government,
Brahmanbaria specialized unit,Brahmanbaria,Brahmanbaria Sadar,23.961,91.112,Government,
Sarail mother care unit,Brahmanbaria,Sarail,24.115,91.125,Government,
Nasirnagar pediatric wing,Brahmanbaria,Nasirnagar,24.215,91.215,Government,
Nabinagar diagnostic unit,Brahmanbaria,Nabinagar,23.885,90.975,Government,
Kasba surgical wing,Brahmanbaria,Kasba,23.735,91.155,Government,
Bijoynagar cardiac unit,Brahmanbaria,Bijoynagar,23.955,91.255,Government,
Bancharampur trauma wing,Brahmanbaria,Bancharampur,23.785,90.805,Government,
Akhaura specialized lab,Brahmanbaria,Akhaura,23.885,91.215,Government,
Lakshmipur specialized wing,Lakshmipur,Lakshmipur Sadar,22.944,90.8285,Government,
Raipur mother care wing,Lakshmipur,Raipur,23.035,90.765,Government,
Ramganj pediatric center,Lakshmipur,Ramganj,23.105,90.855,Government,
Ramgati surgical wing,Lakshmipur,Ramgati,22.605,90.995,Government,
Komolnagar trauma wing,Lakshmipur,Komolnagar,22.755,90.875,Government,
Khagrachari diagnostic wing,Khagrachari,Khagrachari Sadar,23.109,91.981,Government,
Matiranga specialized unit,Khagrachari,Matiranga,23.105,91.885,Government,
Panchhari pediatric unit,Khagrachari,Panchhari,23.275,91.905,Government,
Ramgarh mother care wing,Khagrachari,Ramgarh,23.005,91.705,Government,
Dighinala surgical wing,Khagrachari,Dighinala,23.255,92.055,Government,
Barkal diagnostic unit,Rangamati,Barkal,22.735,92.355,Government,
Baghaichhari cardiac wing,Rangamati,Baghaichhari,23.175,92.215,Government,
Kawkhali mother unit,Rangamati,Kawkhali,22.585,91.955,Government,
Langadu pediatric wing,Rangamati,Langadu,22.955,92.155,Government,
Naniarchar trauma wing,Rangamati,Naniarchar,22.855,92.125,Government,
Rajasthali specialized unit,Rangamati,Rajasthali,22.385,92.215,Government,
Kaptai burn wing,Rangamati,Kaptai,22.485,92.225,Government,
Alikadam mother care unit,Bandarban,Alikadam,21.655,92.315,Government,
Lama diagnostic unit,Bandarban,Lama,21.785,92.195,Government,
Naikhongchhari cardiac unit,Bandarban,Naikhongchhari,21.415,92.185,Government,
Rowangchhari surgical wing,Bandarban,Rowangchhari,22.165,92.335,Government,
Ruma pediatric center,Bandarban,Ruma,22.055,92.415,Government,
Thanchi specialized lab,Bandarban,Thanchi,21.785,92.425,Government,